account_id,customer_id,account_number,account_type,branch_id,ifsc_code,currency,balance,available_balance,opening_date,status,interest_rate,minimum_balance,overdraft_limit,nominee_name,joint_holder,account_manager_id,last_transaction_date,created_at,updated_at
ACC000001,CUST000122,ACCTNO0000000001,salary,BR00010,FNTK000100,INR,572685.52,542820.94,2023-12-25T18:57:26,dormant,2.98,0,0,Chatresh Raghavan,,EMP000086,2025-06-20T16:14:31,2023-12-25T18:57:26,2025-09-18T05:37:25
ACC000002,CUST000918,ACCTNO0000000002,savings,BR00013,FNTK000130,INR,1113224.97,1017053.81,2021-02-15T20:10:20,blocked,3.53,10000,0,Pranav Mallick,,EMP000008,2025-01-31T13:59:16,2021-02-15T20:10:20,2021-05-14T12:37:18
ACC000003,CUST000503,ACCTNO0000000003,current,BR00011,FNTK000110,INR,84755.59,84482.68,2019-04-17T21:09:43,active,0.0,25000,0,Diya Sachdev,,EMP000017,2025-04-21T01:34:24,2019-04-17T21:09:43,2020-05-27T10:39:22
ACC000004,CUST000356,ACCTNO0000000004,savings,BR00015,FNTK000150,INR,106662.21,106237.93,2019-02-08T05:09:20,blocked,3.71,1000,0,Raghav Mahajan,,EMP000084,2025-03-11T02:42:34,2019-02-08T05:09:20,2025-06-27T19:11:48
ACC000005,CUST000466,ACCTNO0000000005,fixed_deposit,BR00006,FNTK000060,INR,1275122.04,1183857.58,2022-01-15T14:44:04,active,7.41,10000,0,Peter Merchant,,EMP000054,2023-08-22T20:59:00,2022-01-15T14:44:04,2022-07-29T04:32:37
ACC000006,CUST000453,ACCTNO0000000006,salary,BR00001,FNTK000010,INR,419413.84,398088.44,2016-04-20T08:11:57,active,4.19,0,0,Ria Lalla,,EMP000063,2025-06-25T05:08:14,2016-04-20T08:11:57,2017-02-09T09:50:08
ACC000007,CUST000494,ACCTNO0000000007,fixed_deposit,BR00010,FNTK000100,INR,1396939.4,1305679.7,2020-06-04T21:15:51,active,8.22,10000,0,Vrishti Pant,,EMP000052,2023-08-19T06:43:18,2020-06-04T21:15:51,2022-05-25T14:06:03
ACC000008,CUST000841,ACCTNO0000000008,savings,BR00001,FNTK000010,INR,1045770.67,958474.69,2020-01-17T02:05:41,active,6.42,0,0,Ikshita Virk,,EMP000023,2022-12-04T01:05:10,2020-01-17T02:05:41,2021-03-25T12:42:05
ACC000009,CUST000006,ACCTNO0000000009,savings,BR00002,FNTK000020,INR,871254.65,863529.43,2023-11-26T17:52:43,active,4.26,10000,0,Onkar Bansal,,EMP000035,2025-07-24T18:21:20,2023-11-26T17:52:43,2026-05-30T05:45:58
ACC000010,CUST000678,ACCTNO0000000010,fixed_deposit,BR00017,FNTK000170,INR,359450.2,355516.42,2020-04-11T06:44:54,active,8.49,10000,0,Nachiket Yogi,,EMP000037,2024-02-05T07:10:32,2020-04-11T06:44:54,2020-08-01T03:21:09
ACC000011,CUST000127,ACCTNO0000000011,savings,BR00006,FNTK000060,INR,1679630.43,1648471.82,2016-05-07T09:29:32,active,5.16,1000,0,Radha Palan,,EMP000059,2017-11-24T21:52:26,2016-05-07T09:29:32,2019-03-14T17:52:45
ACC000012,CUST000926,ACCTNO0000000012,savings,BR00013,FNTK000130,INR,1735054.05,1652284.04,2015-04-15T05:00:36,active,6.92,1000,0,Sarthak Oommen,,EMP000057,2023-06-18T02:51:48,2015-04-15T05:00:36,2024-07-23T14:11:16
ACC000013,CUST000755,ACCTNO0000000013,savings,BR00005,FNTK000050,INR,376374.44,358654.14,2024-03-19T06:02:44,active,5.96,5000,0,Gautam Varghese,,EMP000093,2025-04-01T01:14:00,2024-03-19T06:02:44,2024-11-06T13:25:16
ACC000014,CUST000095,ACCTNO0000000014,savings,BR00009,FNTK000090,INR,168311.44,158846.14,2023-03-21T23:38:48,closed,3.32,10000,0,Aarna Kamdar,,EMP000053,2023-12-29T16:58:32,2023-03-21T23:38:48,2026-01-19T07:53:22
ACC000015,CUST000722,ACCTNO0000000015,current,BR00012,FNTK000120,INR,1275758.29,1209462.06,2019-07-11T14:47:53,dormant,0.0,25000,10000,Advika Balay,,EMP000023,2021-03-01T20:48:37,2019-07-11T14:47:53,2025-01-21T06:12:16
ACC000016,CUST000037,ACCTNO0000000016,savings,BR00002,FNTK000020,INR,1292190.18,1170198.99,2022-09-15T07:44:50,dormant,4.32,10000,0,Zansi Grewal,,EMP000046,2025-09-15T14:51:14,2022-09-15T07:44:50,2025-03-10T13:15:53
ACC000017,CUST000102,ACCTNO0000000017,current,BR00005,FNTK000050,INR,449046.46,411785.27,2017-02-20T20:41:59,active,0.0,10000,10000,Logan Sibal,,EMP000058,2017-07-11T13:47:45,2017-02-20T20:41:59,2022-06-14T15:13:52
ACC000018,CUST000160,ACCTNO0000000018,salary,BR00005,FNTK000050,INR,1526604.37,1424484.82,2015-09-17T11:31:35,dormant,3.18,0,0,Kashish Purohit,,EMP000067,2025-12-24T07:32:01,2015-09-17T11:31:35,2019-07-03T17:30:49
ACC000019,CUST000830,ACCTNO0000000019,recurring_deposit,BR00010,FNTK000100,INR,1298653.42,1182327.99,2022-10-17T20:46:55,dormant,6.83,500,0,Ekantika Cheema,,EMP000069,2026-06-05T05:05:10,2022-10-17T20:46:55,2023-02-02T06:53:59
ACC000020,CUST000538,ACCTNO0000000020,savings,BR00015,FNTK000150,INR,1740195.6,1606695.92,2019-11-09T23:13:51,active,4.56,10000,0,Abhiram Dutt,,EMP000044,2023-02-02T22:33:27,2019-11-09T23:13:51,2025-01-13T04:50:40
ACC000021,CUST000443,ACCTNO0000000021,savings,BR00014,FNTK000140,INR,223838.37,212634.39,2019-09-27T18:31:09,closed,3.91,5000,0,Vaishnavi Natt,,EMP000023,2025-01-16T05:28:51,2019-09-27T18:31:09,2020-05-03T23:20:23
ACC000022,CUST000289,ACCTNO0000000022,recurring_deposit,BR00012,FNTK000120,INR,1204774.18,1148711.1,2024-04-05T13:17:53,active,7.84,500,0,Harish Grover,,EMP000002,2026-01-23T00:51:06,2024-04-05T13:17:53,2024-12-12T17:11:54
ACC000023,CUST000164,ACCTNO0000000023,savings,BR00014,FNTK000140,INR,1917979.6,1778846.85,2020-04-27T13:59:27,active,4.95,5000,0,Damini Gaba,Quincy Bains,EMP000072,2025-05-19T01:33:05,2020-04-27T13:59:27,2023-01-26T04:55:27
ACC000024,CUST000863,ACCTNO0000000024,savings,BR00008,FNTK000080,INR,1719049.81,1646148.45,2015-10-21T06:44:48,active,3.12,1000,0,Tanmayi Saran,,EMP000093,2024-05-21T11:22:24,2015-10-21T06:44:48,2024-04-15T17:03:05
ACC000025,CUST000370,ACCTNO0000000025,savings,BR00014,FNTK000140,INR,496254.47,473909.31,2017-06-12T10:08:20,dormant,3.21,1000,0,Urvashi Kohli,,EMP000071,2018-09-25T18:48:10,2017-06-12T10:08:20,2018-02-04T17:34:59
ACC000026,CUST000671,ACCTNO0000000026,current,BR00007,FNTK000070,INR,1639032.88,1550039.02,2016-12-27T19:31:44,active,0.0,10000,5000,Kashvi Nazareth,,EMP000059,2017-05-08T09:29:59,2016-12-27T19:31:44,2019-03-11T06:12:15
ACC000027,CUST000384,ACCTNO0000000027,current,BR00003,FNTK000030,INR,1539719.52,1539409.19,2017-10-26T15:05:25,active,0.0,25000,25000,Nandini Mital,,EMP000056,2024-01-30T20:46:53,2017-10-26T15:05:25,2025-09-09T14:55:32
ACC000028,CUST000381,ACCTNO0000000028,current,BR00011,FNTK000110,INR,1921821.59,1838865.39,2020-01-13T03:08:55,active,0.0,10000,10000,Vivaan Tripathi,,EMP000004,2022-12-12T13:30:09,2020-01-13T03:08:55,2022-10-16T10:00:31
ACC000029,CUST000009,ACCTNO0000000029,fixed_deposit,BR00003,FNTK000030,INR,276667.44,261260.12,2021-07-31T00:16:07,active,7.1,10000,0,Oviya Sandhu,,EMP000037,2022-03-18T20:58:31,2021-07-31T00:16:07,2026-05-03T05:34:20
ACC000030,CUST000926,ACCTNO0000000030,savings,BR00012,FNTK000120,INR,266308.01,243496.39,2017-09-24T00:35:10,active,6.73,5000,0,Nandini Balakrishnan,,EMP000086,2026-03-31T18:59:55,2017-09-24T00:35:10,2020-07-09T05:50:56
ACC000031,CUST000730,ACCTNO0000000031,salary,BR00003,FNTK000030,INR,192561.39,185056.47,2020-04-30T23:54:53,active,3.92,0,0,Yauvani Ganesan,Rushil Dewan,EMP000048,2024-07-05T19:17:44,2020-04-30T23:54:53,2022-11-04T18:15:09
ACC000032,CUST000266,ACCTNO0000000032,salary,BR00002,FNTK000020,INR,1607662.04,1573819.47,2016-01-09T02:08:48,active,3.83,0,0,Gauri Bhagat,,EMP000050,2026-08-15T00:50:55,2016-01-09T02:08:48,2020-06-24T13:54:41
ACC000033,CUST000385,ACCTNO0000000033,current,BR00002,FNTK000020,INR,603870.1,554869.23,2024-04-21T11:24:01,active,0.0,5000,10000,Dayamai Dhaliwal,,EMP000031,2025-01-14T03:19:00,2024-04-21T11:24:01,2024-09-10T17:04:33
ACC000034,CUST000111,ACCTNO0000000034,salary,BR00010,FNTK000100,INR,1756106.66,1582183.07,2019-11-03T21:42:28,active,3.9,0,0,Tara Randhawa,,EMP000099,2023-07-22T02:06:12,2019-11-03T21:42:28,2021-10-29T12:34:34
ACC000035,CUST000713,ACCTNO0000000035,savings,BR00003,FNTK000030,INR,185057.09,181776.78,2015-05-18T00:37:53,dormant,6.6,5000,0,Triveni Acharya,,EMP000085,2018-03-06T20:18:56,2015-05-18T00:37:53,2021-05-23T02:35:13
ACC000036,CUST000341,ACCTNO0000000036,current,BR00010,FNTK000100,INR,1416267.09,1405655.42,2024-08-31T13:36:19,active,0.0,5000,25000,Sai Gera,,EMP000033,2024-11-08T08:07:20,2024-08-31T13:36:19,2024-12-15T10:20:13
ACC000037,CUST000389,ACCTNO0000000037,salary,BR00014,FNTK000140,INR,649834.98,585381.82,2017-08-14T01:45:19,active,3.61,0,0,Damyanti Buch,,EMP000015,2021-02-01T08:26:25,2017-08-14T01:45:19,2022-10-07T09:25:12
ACC000038,CUST000480,ACCTNO0000000038,salary,BR00017,FNTK000170,INR,523972.24,508779.79,2018-12-20T04:47:58,active,3.45,0,0,Warinder Jani,,EMP000077,2025-06-29T14:41:18,2018-12-20T04:47:58,2024-10-19T08:12:11
ACC000039,CUST000080,ACCTNO0000000039,current,BR00003,FNTK000030,INR,1098260.8,1008822.78,2022-11-08T18:49:05,active,0.0,10000,5000,Gautam Konda,,EMP000017,2023-05-07T22:39:43,2022-11-08T18:49:05,2026-02-13T20:03:20
ACC000040,CUST000136,ACCTNO0000000040,savings,BR00007,FNTK000070,INR,1765702.29,1677858.74,2017-10-24T21:51:02,active,6.98,0,0,Kavya Ahluwalia,Nathaniel Padmanabhan,EMP000038,2023-01-04T01:46:48,2017-10-24T21:51:02,2018-05-26T11:26:56
ACC000041,CUST000455,ACCTNO0000000041,savings,BR00014,FNTK000140,INR,1156791.36,1076049.47,2015-11-12T06:47:29,active,4.44,0,0,Urishilla Ramesh,,EMP000074,2017-09-11T11:02:42,2015-11-12T06:47:29,2025-08-28T15:35:11
ACC000042,CUST000810,ACCTNO0000000042,fixed_deposit,BR00007,FNTK000070,INR,149506.23,137429.02,2017-08-15T10:02:39,active,7.29,10000,0,Urmi Puri,,EMP000090,2021-02-21T00:46:52,2017-08-15T10:02:39,2019-03-23T03:16:48
ACC000043,CUST000086,ACCTNO0000000043,savings,BR00010,FNTK000100,INR,983221.65,980645.53,2022-05-02T09:03:53,active,5.85,10000,0,Xavier Char,,EMP000009,2026-06-14T21:35:42,2022-05-02T09:03:53,2023-01-21T16:48:05
ACC000044,CUST000148,ACCTNO0000000044,savings,BR00017,FNTK000170,INR,1236761.3,1211183.04,2024-04-27T06:10:53,active,4.92,0,0,Kabir Nadkarni,Mugdha Narain,EMP000004,2024-10-18T06:23:06,2024-04-27T06:10:53,2025-05-03T19:22:26
ACC000045,CUST000385,ACCTNO0000000045,salary,BR00008,FNTK000080,INR,1526884.91,1415793.47,2015-05-23T11:00:37,dormant,4.1,0,0,Panini Ramesh,,EMP000056,2015-11-12T07:13:26,2015-05-23T11:00:37,2023-10-12T10:19:42
ACC000046,CUST000274,ACCTNO0000000046,savings,BR00016,FNTK000160,INR,696435.33,658394.77,2023-01-28T23:44:26,blocked,6.0,10000,0,Idika Suresh,,EMP000091,2025-11-08T10:02:44,2023-01-28T23:44:26,2025-01-11T09:05:12
ACC000047,CUST000291,ACCTNO0000000047,savings,BR00001,FNTK000010,INR,236226.15,232334.28,2021-06-02T14:40:48,active,5.65,1000,0,Tristan Gokhale,,EMP000065,2022-01-27T07:29:23,2021-06-02T14:40:48,2022-03-17T23:59:24
ACC000048,CUST000460,ACCTNO0000000048,current,BR00015,FNTK000150,INR,1543381.0,1539762.35,2015-12-07T22:50:50,blocked,0.0,10000,0,Jyoti Pathak,,EMP000098,2025-09-08T12:10:49,2015-12-07T22:50:50,2026-05-07T02:35:03
ACC000049,CUST000616,ACCTNO0000000049,savings,BR00015,FNTK000150,INR,803885.39,725322.47,2016-01-11T11:31:12,dormant,4.38,10000,0,Yachana Agarwal,,EMP000052,2026-03-10T07:50:00,2016-01-11T11:31:12,2022-10-12T17:53:42
ACC000050,CUST000625,ACCTNO0000000050,savings,BR00015,FNTK000150,INR,437181.88,396054.66,2017-04-30T19:42:31,active,4.97,1000,0,Faras Karpe,,EMP000041,2026-03-24T02:26:15,2017-04-30T19:42:31,2017-06-25T03:20:56
ACC000051,CUST000371,ACCTNO0000000051,salary,BR00002,FNTK000020,INR,548696.53,524522.77,2016-02-13T06:05:55,active,2.9,0,0,Xalak Guha,,EMP000039,2019-10-14T06:40:50,2016-02-13T06:05:55,2016-08-21T12:36:14
ACC000052,CUST000588,ACCTNO0000000052,salary,BR00010,FNTK000100,INR,1556632.38,1445382.07,2024-02-04T08:54:52,active,3.89,0,0,Siddharth Mittal,,EMP000071,2024-11-29T17:12:43,2024-02-04T08:54:52,2024-10-27T03:58:00
ACC000053,CUST000321,ACCTNO0000000053,savings,BR00017,FNTK000170,INR,381143.26,375461.1,2015-02-02T08:06:02,active,4.3,10000,0,Girik Nori,,EMP000089,2017-06-29T19:12:38,2015-02-02T08:06:02,2021-06-13T06:14:43
ACC000054,CUST000293,ACCTNO0000000054,current,BR00004,FNTK000040,INR,639566.3,589141.16,2019-09-01T17:41:22,active,0.0,10000,0,Pranit Sandal,,EMP000054,2026-04-26T11:10:52,2019-09-01T17:41:22,2019-11-15T01:45:30
ACC000055,CUST000835,ACCTNO0000000055,recurring_deposit,BR00008,FNTK000080,INR,1723931.74,1625385.86,2023-11-02T07:35:41,blocked,7.09,500,0,Bhavani Mukhopadhyay,,EMP000071,2025-12-01T00:17:33,2023-11-02T07:35:41,2024-08-31T22:34:32
ACC000056,CUST000473,ACCTNO0000000056,savings,BR00018,FNTK000180,INR,1905742.15,1718406.55,2018-04-11T04:57:11,active,4.03,1000,0,Vasana Banerjee,,EMP000033,2022-01-04T01:21:20,2018-04-11T04:57:11,2021-05-16T09:38:14
ACC000057,CUST000423,ACCTNO0000000057,current,BR00016,FNTK000160,INR,875686.99,870759.51,2019-08-27T06:48:21,active,0.0,25000,10000,Oviya Gola,Mitali Varughese,EMP000030,2023-10-31T01:24:43,2019-08-27T06:48:21,2026-03-05T09:53:10
ACC000058,CUST000513,ACCTNO0000000058,savings,BR00012,FNTK000120,INR,914736.87,904698.68,2018-11-17T15:34:49,active,5.3,0,0,Udyati Butala,,EMP000005,2019-12-01T03:45:17,2018-11-17T15:34:49,2021-02-02T21:37:43
ACC000059,CUST000457,ACCTNO0000000059,savings,BR00009,FNTK000090,INR,221816.28,205247.96,2023-09-22T20:52:00,active,3.32,0,0,Harrison Ravel,,EMP000070,2024-03-16T00:06:44,2023-09-22T20:52:00,2025-01-18T22:22:28
ACC000060,CUST000041,ACCTNO0000000060,salary,BR00018,FNTK000180,INR,145383.32,136387.13,2016-03-01T06:48:18,active,2.7,0,0,Naveen Nagar,,EMP000004,2019-07-16T02:58:56,2016-03-01T06:48:18,2022-07-18T18:37:48
ACC000061,CUST000279,ACCTNO0000000061,savings,BR00001,FNTK000010,INR,1499546.3,1466960.27,2017-10-30T21:16:02,active,4.37,10000,0,Yashica Rajagopalan,,EMP000035,2024-04-12T10:20:46,2017-10-30T21:16:02,2023-10-18T15:37:21
ACC000062,CUST000609,ACCTNO0000000062,fixed_deposit,BR00008,FNTK000080,INR,1006544.7,944116.27,2021-10-10T13:20:15,active,8.01,10000,0,Advay Sunder,,EMP000100,2023-09-29T17:17:52,2021-10-10T13:20:15,2026-01-10T11:30:10
ACC000063,CUST000619,ACCTNO0000000063,current,BR00009,FNTK000090,INR,87020.34,83816.98,2015-06-19T15:39:13,closed,0.0,5000,10000,Pahal Bhagat,,EMP000044,2025-02-07T09:32:23,2015-06-19T15:39:13,2021-06-28T09:39:28
ACC000064,CUST000441,ACCTNO0000000064,current,BR00001,FNTK000010,INR,465580.39,458653.8,2015-06-28T02:25:09,dormant,0.0,5000,0,Pavani Kuruvilla,,EMP000053,2026-06-08T20:23:42,2015-06-28T02:25:09,2017-10-30T12:46:58
ACC000065,CUST000035,ACCTNO0000000065,savings,BR00016,FNTK000160,INR,1601725.0,1586844.51,2018-10-02T10:16:35,dormant,5.75,10000,0,Shravya Thakkar,,EMP000084,2026-01-16T18:45:53,2018-10-02T10:16:35,2024-12-07T10:48:06
ACC000066,CUST000393,ACCTNO0000000066,recurring_deposit,BR00017,FNTK000170,INR,781462.44,721426.9,2018-07-14T08:24:38,active,6.74,500,0,Urvashi Nayak,,EMP000008,2026-07-19T23:28:14,2018-07-14T08:24:38,2023-06-23T05:40:34
ACC000067,CUST000571,ACCTNO0000000067,savings,BR00019,FNTK000190,INR,1959680.58,1801667.36,2022-09-03T07:13:49,active,3.12,0,0,Isaac Gola,,EMP000074,2023-01-13T09:30:59,2022-09-03T07:13:49,2024-05-26T14:27:20
ACC000068,CUST000923,ACCTNO0000000068,current,BR00007,FNTK000070,INR,249166.38,234511.99,2015-07-25T23:08:15,blocked,0.0,25000,10000,Leela Buch,,EMP000097,2015-11-22T15:28:29,2015-07-25T23:08:15,2019-08-28T16:16:05
ACC000069,CUST000119,ACCTNO0000000069,savings,BR00016,FNTK000160,INR,381694.78,374555.26,2019-04-15T02:42:25,active,3.14,5000,0,Abhimanyu Nazareth,,EMP000023,2026-03-07T03:47:55,2019-04-15T02:42:25,2023-06-06T05:06:58
ACC000070,CUST000334,ACCTNO0000000070,fixed_deposit,BR00004,FNTK000040,INR,677414.18,630325.83,2024-10-21T15:14:27,active,6.86,10000,0,Rudra Varma,,EMP000033,2025-05-31T01:35:18,2024-10-21T15:14:27,2026-02-09T19:26:45
ACC000071,CUST000679,ACCTNO0000000071,salary,BR00003,FNTK000030,INR,587367.36,586249.69,2020-08-08T05:14:08,active,4.0,0,0,Radhika Bava,,EMP000090,2026-07-17T08:06:00,2020-08-08T05:14:08,2023-08-12T05:08:06
ACC000072,CUST000934,ACCTNO0000000072,salary,BR00001,FNTK000010,INR,337112.14,336007.39,2020-10-31T01:17:19,active,2.72,0,0,Baghyawati Baral,,EMP000096,2021-05-26T17:00:32,2020-10-31T01:17:19,2026-05-07T10:35:14
ACC000073,CUST000141,ACCTNO0000000073,recurring_deposit,BR00010,FNTK000100,INR,922184.08,894252.75,2020-03-16T14:56:43,active,6.64,500,0,Vrishti Sharma,,EMP000041,2025-12-10T03:48:06,2020-03-16T14:56:43,2021-03-16T19:35:15
ACC000074,CUST000531,ACCTNO0000000074,salary,BR00006,FNTK000060,INR,455905.93,429580.22,2024-05-15T13:40:06,active,4.32,0,0,Chandresh Pingle,,EMP000063,2024-10-04T01:59:16,2024-05-15T13:40:06,2024-07-26T07:29:29
ACC000075,CUST000080,ACCTNO0000000075,savings,BR00020,FNTK000200,INR,250899.89,232932.19,2022-11-30T04:12:52,active,5.62,0,0,Pavani Nazareth,,EMP000010,2026-01-19T02:25:53,2022-11-30T04:12:52,2026-01-20T07:06:08
ACC000076,CUST000850,ACCTNO0000000076,savings,BR00003,FNTK000030,INR,1121077.29,1087316.15,2024-08-19T17:34:50,blocked,6.41,5000,0,Arjun Loke,,EMP000091,2026-07-12T19:31:35,2024-08-19T17:34:50,2025-12-27T13:58:54
ACC000077,CUST000269,ACCTNO0000000077,salary,BR00005,FNTK000050,INR,1427266.02,1396890.3,2020-05-01T06:30:00,dormant,4.27,0,0,Chaaya Parikh,,EMP000026,2025-10-10T09:24:16,2020-05-01T06:30:00,2022-02-22T20:52:23
ACC000078,CUST000805,ACCTNO0000000078,current,BR00013,FNTK000130,INR,734420.09,709334.87,2023-01-11T02:38:44,active,0.0,25000,0,Anay Sekhon,,EMP000007,2023-08-14T07:05:12,2023-01-11T02:38:44,2024-10-16T02:24:48
ACC000079,CUST000943,ACCTNO0000000079,fixed_deposit,BR00016,FNTK000160,INR,1901665.23,1729727.37,2022-10-06T15:03:11,active,6.67,10000,0,Chameli Banik,,EMP000017,2026-07-10T03:29:36,2022-10-06T15:03:11,2025-11-11T17:11:23
ACC000080,CUST000606,ACCTNO0000000080,salary,BR00015,FNTK000150,INR,1730609.33,1723649.84,2023-12-05T06:49:47,active,3.85,0,0,Ishanvi Bansal,,EMP000077,2025-02-08T12:19:48,2023-12-05T06:49:47,2024-03-27T15:52:56
ACC000081,CUST000127,ACCTNO0000000081,fixed_deposit,BR00004,FNTK000040,INR,218316.4,199017.09,2023-04-19T02:20:03,closed,7.33,10000,0,Yuvraj Gill,Girindra Date,EMP000052,2024-05-23T13:37:57,2023-04-19T02:20:03,2024-05-18T13:42:44
ACC000082,CUST000186,ACCTNO0000000082,savings,BR00019,FNTK000190,INR,121640.93,115041.62,2016-10-02T11:04:39,active,6.2,1000,0,Wakeeta Sankar,,EMP000099,2021-11-21T20:39:08,2016-10-02T11:04:39,2025-01-29T22:32:34
ACC000083,CUST000112,ACCTNO0000000083,savings,BR00006,FNTK000060,INR,1940286.04,1793052.37,2023-10-13T10:23:03,active,7.0,5000,0,Hemani Shanker,,EMP000038,2026-02-28T16:35:09,2023-10-13T10:23:03,2026-08-26T12:40:19
ACC000084,CUST000605,ACCTNO0000000084,salary,BR00016,FNTK000160,INR,9463.73,9047.63,2022-10-19T23:09:47,active,4.27,0,0,Tara Baria,,EMP000044,2023-10-31T06:54:52,2022-10-19T23:09:47,2023-07-15T01:28:53
ACC000085,CUST000018,ACCTNO0000000085,savings,BR00006,FNTK000060,INR,1101202.79,1074218.0,2016-06-21T18:42:01,active,4.62,0,0,Eta Pradhan,,EMP000075,2017-07-02T02:37:16,2016-06-21T18:42:01,2023-06-07T20:02:49
ACC000086,CUST000337,ACCTNO0000000086,current,BR00012,FNTK000120,INR,1084579.5,1074879.51,2015-05-02T08:19:51,active,0.0,5000,5000,Manan Chaudhuri,,EMP000028,2025-01-17T23:34:27,2015-05-02T08:19:51,2026-05-02T02:24:22
ACC000087,CUST000662,ACCTNO0000000087,recurring_deposit,BR00017,FNTK000170,INR,615224.0,561920.82,2021-12-21T19:49:33,active,6.22,500,0,Yauvani Brar,,EMP000002,2023-07-31T18:07:07,2021-12-21T19:49:33,2025-12-28T11:31:14
ACC000088,CUST000229,ACCTNO0000000088,savings,BR00008,FNTK000080,INR,102819.87,97549.51,2015-05-12T13:50:30,dormant,6.11,10000,0,Chasmum Sami,,EMP000066,2022-06-15T04:42:02,2015-05-12T13:50:30,2022-10-03T08:35:31
ACC000089,CUST000355,ACCTNO0000000089,salary,BR00016,FNTK000160,INR,49266.41,48283.78,2018-10-28T20:02:39,closed,4.09,0,0,Anthony Gour,,EMP000074,2026-05-22T19:12:15,2018-10-28T20:02:39,2026-05-25T08:09:38
ACC000090,CUST000710,ACCTNO0000000090,current,BR00014,FNTK000140,INR,330237.35,313451.65,2019-08-13T22:09:24,active,0.0,25000,10000,Fariq Sant,,EMP000053,2025-06-08T09:26:48,2019-08-13T22:09:24,2021-02-10T17:50:50
ACC000091,CUST000234,ACCTNO0000000091,current,BR00009,FNTK000090,INR,1349663.28,1324299.61,2023-01-29T03:07:26,active,0.0,10000,25000,Rehaan Lal,,EMP000018,2024-11-22T13:27:58,2023-01-29T03:07:26,2025-01-29T15:12:56
ACC000092,CUST000118,ACCTNO0000000092,savings,BR00015,FNTK000150,INR,1004788.09,1004580.67,2016-07-12T01:46:27,active,4.09,1000,0,Yoshita Zacharia,,EMP000045,2016-08-02T18:35:53,2016-07-12T01:46:27,2017-03-19T20:25:15
ACC000093,CUST000953,ACCTNO0000000093,savings,BR00014,FNTK000140,INR,122959.24,122651.46,2017-04-02T13:28:22,active,4.59,1000,0,Chandran Prasad,,EMP000029,2018-03-31T02:53:43,2017-04-02T13:28:22,2020-12-09T03:06:37
ACC000094,CUST000754,ACCTNO0000000094,savings,BR00012,FNTK000120,INR,347801.84,346147.93,2019-05-08T19:07:41,active,3.89,5000,0,Tanveer Sarkar,Quincy Malhotra,EMP000092,2025-10-21T17:32:11,2019-05-08T19:07:41,2019-08-19T08:21:00
ACC000095,CUST000341,ACCTNO0000000095,recurring_deposit,BR00002,FNTK000020,INR,1551231.22,1509726.6,2019-05-22T14:23:22,active,6.45,500,0,Mohini Golla,Anjali Ahluwalia,EMP000066,2022-04-21T17:36:55,2019-05-22T14:23:22,2020-08-20T04:29:53
ACC000096,CUST000234,ACCTNO0000000096,current,BR00004,FNTK000040,INR,970305.52,885417.8,2021-10-19T17:23:02,active,0.0,25000,5000,Sarthak Bahl,,EMP000082,2022-01-04T12:52:41,2021-10-19T17:23:02,2022-04-29T21:09:44
ACC000097,CUST000093,ACCTNO0000000097,salary,BR00014,FNTK000140,INR,798880.89,766963.93,2018-07-28T12:44:27,active,2.92,0,0,Kai Maharaj,,EMP000056,2020-07-13T19:39:27,2018-07-28T12:44:27,2020-06-02T00:50:34
ACC000098,CUST000210,ACCTNO0000000098,recurring_deposit,BR00013,FNTK000130,INR,1887381.24,1728716.81,2024-01-24T15:26:04,active,7.89,500,0,Turvi Nadkarni,,EMP000060,2024-08-28T20:02:06,2024-01-24T15:26:04,2024-12-30T00:40:32
ACC000099,CUST000288,ACCTNO0000000099,current,BR00002,FNTK000020,INR,435597.86,402190.89,2020-09-25T03:51:17,active,0.0,25000,5000,Timothy Kar,,EMP000099,2021-03-09T11:13:48,2020-09-25T03:51:17,2020-10-16T14:46:30
ACC000100,CUST000383,ACCTNO0000000100,current,BR00002,FNTK000020,INR,435042.21,400430.86,2017-06-04T22:18:50,active,0.0,25000,25000,Ekta Kant,Bhavna Sharma,EMP000026,2020-09-04T07:19:52,2017-06-04T22:18:50,2021-05-24T02:50:04
ACC000101,CUST000654,ACCTNO0000000101,fixed_deposit,BR00018,FNTK000180,INR,1268188.92,1253888.5,2017-02-08T04:50:00,active,7.53,10000,0,Falguni Ramachandran,,EMP000047,2023-11-21T03:54:12,2017-02-08T04:50:00,2018-07-05T18:33:43
ACC000102,CUST000261,ACCTNO0000000102,savings,BR00008,FNTK000080,INR,538764.41,508587.58,2024-04-24T13:57:39,active,5.37,0,0,Advik Oza,,EMP000083,2025-11-22T23:21:50,2024-04-24T13:57:39,2024-10-18T03:57:10
ACC000103,CUST000055,ACCTNO0000000103,current,BR00013,FNTK000130,INR,57710.98,53646.93,2021-07-24T07:09:43,active,0.0,25000,10000,Ekaja Pal,,EMP000094,2022-10-14T22:30:17,2021-07-24T07:09:43,2022-05-18T02:56:00
ACC000104,CUST000674,ACCTNO0000000104,savings,BR00006,FNTK000060,INR,927671.3,875264.94,2024-03-05T14:04:51,active,3.12,1000,0,Max Shere,,EMP000019,2026-02-03T02:33:50,2024-03-05T14:04:51,2025-01-07T12:13:15
ACC000105,CUST000994,ACCTNO0000000105,current,BR00020,FNTK000200,INR,158795.84,146158.52,2022-04-17T16:52:17,closed,0.0,25000,5000,Shivansh Walia,,EMP000072,2024-02-09T15:59:13,2022-04-17T16:52:17,2022-08-13T19:33:38
ACC000106,CUST000832,ACCTNO0000000106,savings,BR00003,FNTK000030,INR,1355761.37,1314191.79,2022-12-22T16:55:59,active,3.09,1000,0,Madhavi Kumer,,EMP000077,2025-02-21T15:59:53,2022-12-22T16:55:59,2024-07-25T21:32:41
ACC000107,CUST000521,ACCTNO0000000107,salary,BR00012,FNTK000120,INR,1927903.99,1885370.07,2022-02-26T13:17:53,dormant,3.86,0,0,Bachittar Brar,,EMP000017,2024-12-22T20:48:43,2022-02-26T13:17:53,2022-04-03T20:28:14
ACC000108,CUST000756,ACCTNO0000000108,savings,BR00002,FNTK000020,INR,1279413.99,1203067.83,2023-12-01T01:45:08,active,4.83,10000,0,Hemani Chacko,,EMP000064,2025-09-09T17:11:10,2023-12-01T01:45:08,2025-12-01T19:04:12
ACC000109,CUST000141,ACCTNO0000000109,savings,BR00018,FNTK000180,INR,500760.12,479907.22,2024-08-31T22:17:18,active,5.9,10000,0,Kala Modi,Divya Seth,EMP000094,2024-09-01T16:21:51,2024-08-31T22:17:18,2025-02-27T10:30:31
ACC000110,CUST000329,ACCTNO0000000110,current,BR00005,FNTK000050,INR,768455.97,699538.02,2017-06-30T04:00:02,active,0.0,10000,10000,Ayushman Dugal,,EMP000052,2021-08-11T23:39:40,2017-06-30T04:00:02,2025-01-04T04:57:06
ACC000111,CUST000380,ACCTNO0000000111,savings,BR00009,FNTK000090,INR,1193545.08,1147603.95,2022-01-20T10:25:43,active,6.67,1000,0,Indira Sankar,,EMP000026,2025-01-05T05:13:22,2022-01-20T10:25:43,2024-10-11T20:04:19
ACC000112,CUST000944,ACCTNO0000000112,salary,BR00012,FNTK000120,INR,870959.52,801142.22,2021-03-01T05:10:34,active,3.44,0,0,Arin Mander,,EMP000028,2021-06-06T11:55:19,2021-03-01T05:10:34,2021-08-14T16:02:43
ACC000113,CUST000735,ACCTNO0000000113,savings,BR00015,FNTK000150,INR,1472866.36,1464031.32,2015-04-08T13:22:51,blocked,4.52,1000,0,Wahab Prashad,,EMP000088,2018-02-13T21:18:07,2015-04-08T13:22:51,2021-03-28T02:57:43
ACC000114,CUST000927,ACCTNO0000000114,salary,BR00006,FNTK000060,INR,409775.52,375764.64,2022-11-05T19:46:08,active,3.96,0,0,Kritika Dasgupta,,EMP000065,2024-10-08T00:12:18,2022-11-05T19:46:08,2023-12-26T23:52:07
ACC000115,CUST000983,ACCTNO0000000115,current,BR00001,FNTK000010,INR,1338388.22,1311212.02,2016-02-10T20:00:32,active,0.0,10000,0,Meghana Kamdar,Indrajit Mann,EMP000002,2021-04-03T15:45:04,2016-02-10T20:00:32,2025-06-12T10:23:56
ACC000116,CUST000197,ACCTNO0000000116,current,BR00005,FNTK000050,INR,898671.17,845950.66,2015-05-23T07:53:36,active,0.0,25000,10000,Nathan Rattan,,EMP000058,2024-11-16T06:17:14,2015-05-23T07:53:36,2025-02-07T12:31:29
ACC000117,CUST000970,ACCTNO0000000117,current,BR00012,FNTK000120,INR,730872.76,703837.84,2022-12-24T10:36:39,active,0.0,25000,10000,Indira Kalla,Arya Nagarajan,EMP000056,2026-05-12T08:50:46,2022-12-24T10:36:39,2023-03-24T23:25:55
ACC000118,CUST000906,ACCTNO0000000118,salary,BR00016,FNTK000160,INR,1198940.24,1090643.26,2015-05-25T05:09:36,active,3.33,0,0,Hitesh Nadkarni,,EMP000099,2026-07-28T06:04:26,2015-05-25T05:09:36,2026-08-27T20:15:05
ACC000119,CUST000156,ACCTNO0000000119,savings,BR00016,FNTK000160,INR,85669.24,84081.02,2016-10-29T14:57:42,closed,5.86,0,0,Umang Raval,,EMP000074,2021-12-07T16:08:09,2016-10-29T14:57:42,2021-03-01T18:36:27
ACC000120,CUST000377,ACCTNO0000000120,fixed_deposit,BR00018,FNTK000180,INR,1083728.15,1070960.0,2018-12-23T20:09:53,dormant,7.99,10000,0,Ucchal Mangat,,EMP000092,2021-09-30T09:18:42,2018-12-23T20:09:53,2020-02-03T02:55:45
ACC000121,CUST000837,ACCTNO0000000121,current,BR00003,FNTK000030,INR,879118.9,839833.35,2020-08-23T10:53:44,active,0.0,10000,25000,Naksh Goel,,EMP000039,2024-06-19T13:36:04,2020-08-23T10:53:44,2024-05-29T09:15:54
ACC000122,CUST000213,ACCTNO0000000122,savings,BR00009,FNTK000090,INR,1953352.19,1805974.03,2024-03-07T20:44:23,active,4.06,1000,0,Bhavya Aggarwal,Ucchal Gera,EMP000052,2026-05-06T04:29:58,2024-03-07T20:44:23,2025-07-16T06:37:02
ACC000123,CUST000680,ACCTNO0000000123,current,BR00002,FNTK000020,INR,1495078.36,1367966.35,2021-09-20T21:18:47,active,0.0,5000,0,Leela Sahota,,EMP000074,2025-01-14T08:56:14,2021-09-20T21:18:47,2024-02-09T02:51:12
ACC000124,CUST000284,ACCTNO0000000124,savings,BR00010,FNTK000100,INR,1861026.1,1819065.26,2017-10-24T18:10:12,active,3.93,5000,0,Nirja Gulati,,EMP000052,2023-06-06T03:51:09,2017-10-24T18:10:12,2020-10-27T09:06:34
ACC000125,CUST000729,ACCTNO0000000125,recurring_deposit,BR00013,FNTK000130,INR,1372215.49,1239411.6,2016-09-26T13:40:40,active,6.47,500,0,Udarsh Devi,,EMP000001,2025-08-08T15:40:53,2016-09-26T13:40:40,2026-01-09T16:25:51
ACC000126,CUST000555,ACCTNO0000000126,savings,BR00013,FNTK000130,INR,1247576.57,1176111.21,2020-04-12T09:27:30,active,6.62,10000,0,Nilima Bajaj,,EMP000008,2022-01-30T20:40:04,2020-04-12T09:27:30,2024-05-03T04:38:18
ACC000127,CUST000461,ACCTNO0000000127,savings,BR00019,FNTK000190,INR,1471964.06,1342802.99,2022-10-26T13:56:15,active,5.97,10000,0,Zaid Ganesan,Gavin Prabhakar,EMP000011,2023-08-11T22:18:50,2022-10-26T13:56:15,2023-07-29T04:36:32
ACC000128,CUST000253,ACCTNO0000000128,savings,BR00012,FNTK000120,INR,1400517.52,1337669.18,2019-01-17T06:19:14,active,4.64,10000,0,Lopa Vaidya,,EMP000090,2019-08-23T03:34:59,2019-01-17T06:19:14,2024-06-22T22:21:51
ACC000129,CUST000172,ACCTNO0000000129,current,BR00017,FNTK000170,INR,254020.18,243914.69,2015-09-21T11:54:54,active,0.0,10000,5000,Neel Shankar,,EMP000017,2024-12-21T14:26:56,2015-09-21T11:54:54,2022-10-19T07:55:31
ACC000130,CUST000009,ACCTNO0000000130,salary,BR00008,FNTK000080,INR,200834.36,191106.44,2015-01-08T21:18:58,active,3.13,0,0,Wriddhish Gill,Ryan Naidu,EMP000004,2017-11-13T18:23:53,2015-01-08T21:18:58,2024-12-28T22:00:27
ACC000131,CUST000459,ACCTNO0000000131,savings,BR00001,FNTK000010,INR,211856.04,192123.34,2018-04-14T09:39:25,blocked,6.42,0,0,Chaaya Bhattacharyya,,EMP000060,2019-02-02T13:16:40,2018-04-14T09:39:25,2026-06-23T16:13:44
ACC000132,CUST000468,ACCTNO0000000132,current,BR00003,FNTK000030,INR,772609.99,741530.78,2024-07-05T02:39:51,blocked,0.0,5000,0,Samuel Shenoy,,EMP000052,2026-02-05T14:21:42,2024-07-05T02:39:51,2024-08-30T07:37:42
ACC000133,CUST000168,ACCTNO0000000133,fixed_deposit,BR00019,FNTK000190,INR,198828.88,183372.15,2024-10-16T13:43:30,active,8.36,10000,0,Yash Sawhney,,EMP000057,2024-12-18T20:41:43,2024-10-16T13:43:30,2025-11-10T05:27:47
ACC000134,CUST000300,ACCTNO0000000134,savings,BR00001,FNTK000010,INR,25495.78,24583.06,2016-04-22T05:40:51,active,5.44,10000,0,Peter Shenoy,,EMP000027,2019-01-29T16:29:06,2016-04-22T05:40:51,2025-10-22T15:10:56
ACC000135,CUST000050,ACCTNO0000000135,fixed_deposit,BR00004,FNTK000040,INR,5181.78,4974.59,2021-03-22T00:14:14,closed,6.67,10000,0,Garima Dutta,,EMP000029,2022-12-26T19:13:16,2021-03-22T00:14:14,2022-06-01T12:27:58
ACC000136,CUST000898,ACCTNO0000000136,savings,BR00005,FNTK000050,INR,330570.8,298905.13,2024-10-22T04:02:47,active,6.49,5000,0,Turvi Boase,,EMP000034,2024-11-23T06:50:22,2024-10-22T04:02:47,2026-03-23T06:03:56
ACC000137,CUST000946,ACCTNO0000000137,savings,BR00003,FNTK000030,INR,261834.63,260149.3,2018-08-17T18:17:56,closed,4.88,10000,0,Bachittar Ray,,EMP000072,2021-08-05T07:28:23,2018-08-17T18:17:56,2021-11-27T00:35:20
ACC000138,CUST000932,ACCTNO0000000138,savings,BR00004,FNTK000040,INR,777319.71,704896.31,2024-03-15T01:02:55,active,6.67,0,0,Lekha Bobal,,EMP000024,2025-12-18T23:14:54,2024-03-15T01:02:55,2024-10-05T00:34:24
ACC000139,CUST000601,ACCTNO0000000139,salary,BR00019,FNTK000190,INR,1989354.66,1988686.42,2016-01-06T00:04:39,active,3.24,0,0,Abha Yogi,Arjun Sarna,EMP000041,2024-05-10T03:49:56,2016-01-06T00:04:39,2017-08-07T18:20:25
ACC000140,CUST000512,ACCTNO0000000140,savings,BR00003,FNTK000030,INR,1662924.78,1586769.88,2022-05-06T00:05:10,active,6.6,0,0,Darpan Master,,EMP000017,2024-04-19T15:47:40,2022-05-06T00:05:10,2024-03-24T15:39:27
ACC000141,CUST000812,ACCTNO0000000141,savings,BR00005,FNTK000050,INR,1165810.23,1056173.66,2021-01-28T10:07:46,active,6.15,10000,0,Balveer Patla,,EMP000037,2023-12-23T09:16:22,2021-01-28T10:07:46,2026-03-07T15:49:30
ACC000142,CUST000256,ACCTNO0000000142,savings,BR00019,FNTK000190,INR,1691636.92,1641546.32,2023-08-04T07:26:13,active,5.53,0,0,Yasti Sarraf,,EMP000052,2025-12-01T22:26:08,2023-08-04T07:26:13,2023-10-18T12:00:16
ACC000143,CUST000930,ACCTNO0000000143,recurring_deposit,BR00003,FNTK000030,INR,326972.97,298885.4,2020-11-06T04:10:40,active,6.1,500,0,Jeet Chawla,,EMP000055,2020-11-24T11:03:09,2020-11-06T04:10:40,2025-04-06T05:41:16
ACC000144,CUST000450,ACCTNO0000000144,savings,BR00014,FNTK000140,INR,506345.19,498235.3,2016-10-03T09:04:34,dormant,6.51,0,0,Adweta Choudhury,,EMP000089,2025-04-03T13:20:07,2016-10-03T09:04:34,2018-06-30T11:16:03
ACC000145,CUST000069,ACCTNO0000000145,savings,BR00019,FNTK000190,INR,547077.1,510186.78,2024-05-21T19:59:55,dormant,4.12,1000,0,Jeevika Sachar,,EMP000004,2026-02-08T07:58:34,2024-05-21T19:59:55,2024-06-08T18:47:43
ACC000146,CUST000529,ACCTNO0000000146,current,BR00005,FNTK000050,INR,93594.73,90714.92,2020-08-27T13:38:57,dormant,0.0,25000,25000,Lucky Kibe,,EMP000051,2024-05-01T08:41:49,2020-08-27T13:38:57,2025-09-16T10:31:22
ACC000147,CUST000273,ACCTNO0000000147,current,BR00002,FNTK000020,INR,1147282.21,1088439.43,2024-04-18T02:23:43,active,0.0,10000,5000,Shivansh Lalla,,EMP000036,2024-08-17T12:56:04,2024-04-18T02:23:43,2025-08-04T23:27:00
ACC000148,CUST000402,ACCTNO0000000148,savings,BR00015,FNTK000150,INR,1242494.57,1233786.26,2015-04-10T21:27:25,active,6.99,5000,0,Forum Borah,,EMP000056,2018-04-28T00:59:15,2015-04-10T21:27:25,2020-08-26T16:01:49
ACC000149,CUST000462,ACCTNO0000000149,salary,BR00013,FNTK000130,INR,575309.54,561084.97,2024-01-30T00:15:23,active,3.71,0,0,Vyanjana Konda,,EMP000045,2024-11-28T07:44:41,2024-01-30T00:15:23,2024-04-08T18:06:33
ACC000150,CUST000221,ACCTNO0000000150,savings,BR00013,FNTK000130,INR,41695.18,38040.44,2019-11-11T05:20:31,closed,6.96,10000,0,Hema Merchant,,EMP000049,2024-04-09T22:20:34,2019-11-11T05:20:31,2022-08-01T22:51:23
ACC000151,CUST000868,ACCTNO0000000151,current,BR00015,FNTK000150,INR,1219456.87,1214251.6,2021-08-04T08:20:02,active,0.0,5000,0,Ganga Seshadri,,EMP000050,2024-11-18T13:08:11,2021-08-04T08:20:02,2022-10-04T07:39:50
ACC000152,CUST000514,ACCTNO0000000152,salary,BR00007,FNTK000070,INR,15755.99,14666.37,2022-05-29T09:30:15,active,3.54,0,0,Anvi Banik,,EMP000052,2025-12-02T17:48:32,2022-05-29T09:30:15,2026-07-08T09:18:27
ACC000153,CUST000352,ACCTNO0000000153,current,BR00016,FNTK000160,INR,323228.62,315018.99,2021-04-15T11:25:44,active,0.0,10000,10000,Manbir Vig,Atharv Kant,EMP000009,2024-05-20T03:29:18,2021-04-15T11:25:44,2025-07-08T08:21:23
ACC000154,CUST000927,ACCTNO0000000154,recurring_deposit,BR00009,FNTK000090,INR,644917.64,591989.99,2017-07-05T15:25:39,active,6.41,500,0,Janani Manne,,EMP000096,2024-02-24T17:56:58,2017-07-05T15:25:39,2018-01-31T22:58:54
ACC000155,CUST000409,ACCTNO0000000155,savings,BR00003,FNTK000030,INR,1202405.82,1136588.07,2023-11-21T13:56:17,active,3.43,5000,0,Nathan Mody,,EMP000008,2025-05-01T22:38:23,2023-11-21T13:56:17,2024-07-11T21:45:14
ACC000156,CUST000039,ACCTNO0000000156,savings,BR00003,FNTK000030,INR,402440.11,369778.79,2018-11-15T15:23:31,active,3.48,5000,0,Ria Menon,,EMP000053,2019-01-06T09:31:21,2018-11-15T15:23:31,2021-09-04T00:16:36
ACC000157,CUST000507,ACCTNO0000000157,current,BR00008,FNTK000080,INR,1331124.47,1217902.09,2018-11-29T18:28:20,dormant,0.0,10000,0,Kabir Din,Leena Kurian,EMP000011,2026-06-04T18:00:29,2018-11-29T18:28:20,2020-02-29T02:56:07
ACC000158,CUST000974,ACCTNO0000000158,fixed_deposit,BR00008,FNTK000080,INR,1779320.74,1730485.05,2019-05-24T01:05:17,active,8.09,10000,0,Ayaan Kakar,,EMP000090,2024-11-03T13:17:45,2019-05-24T01:05:17,2026-03-09T18:40:44
ACC000159,CUST000178,ACCTNO0000000159,savings,BR00009,FNTK000090,INR,1028867.46,997452.72,2024-02-27T13:25:39,blocked,6.2,10000,0,Manbir Arora,,EMP000082,2026-02-19T19:22:10,2024-02-27T13:25:39,2026-03-16T21:00:22
ACC000160,CUST000642,ACCTNO0000000160,current,BR00004,FNTK000040,INR,1513868.27,1502963.92,2020-03-02T08:31:40,active,0.0,5000,25000,Januja Trivedi,,EMP000019,2022-02-08T23:51:14,2020-03-02T08:31:40,2020-12-15T10:56:34
ACC000161,CUST000506,ACCTNO0000000161,savings,BR00001,FNTK000010,INR,1004496.5,1000489.98,2024-08-17T01:35:58,active,6.22,0,0,Vansha Garde,,EMP000020,2026-06-17T05:24:35,2024-08-17T01:35:58,2025-04-15T10:04:07
ACC000162,CUST000369,ACCTNO0000000162,savings,BR00011,FNTK000110,INR,1623429.04,1519792.88,2022-11-18T00:02:16,active,4.89,10000,0,Nachiket Thaker,,EMP000100,2026-08-01T23:09:12,2022-11-18T00:02:16,2024-05-09T18:42:09
ACC000163,CUST000338,ACCTNO0000000163,fixed_deposit,BR00018,FNTK000180,INR,1009514.59,923070.47,2020-02-11T06:57:09,active,8.0,10000,0,Kavya Radhakrishnan,,EMP000081,2021-05-19T12:11:22,2020-02-11T06:57:09,2022-10-15T14:47:03
ACC000164,CUST000561,ACCTNO0000000164,savings,BR00004,FNTK000040,INR,409185.21,371033.13,2017-03-07T23:44:37,active,4.86,5000,0,Omkaar Vohra,,EMP000072,2020-05-10T06:30:50,2017-03-07T23:44:37,2026-08-07T13:24:07
ACC000165,CUST000309,ACCTNO0000000165,savings,BR00008,FNTK000080,INR,676136.84,645982.42,2019-03-31T12:18:42,active,5.11,5000,0,Parth Sule,,EMP000061,2020-08-06T00:07:08,2019-03-31T12:18:42,2019-04-22T14:52:12
ACC000166,CUST000346,ACCTNO0000000166,recurring_deposit,BR00013,FNTK000130,INR,870578.78,845209.36,2023-01-16T23:18:03,active,7.06,500,0,Akshay Bhattacharyya,,EMP000064,2024-04-25T19:19:55,2023-01-16T23:18:03,2024-05-29T13:17:32
ACC000167,CUST000897,ACCTNO0000000167,salary,BR00005,FNTK000050,INR,158060.86,143133.84,2022-08-07T23:36:31,dormant,3.45,0,0,Umang More,,EMP000088,2026-03-07T23:47:22,2022-08-07T23:36:31,2026-02-04T05:14:43
ACC000168,CUST000596,ACCTNO0000000168,savings,BR00004,FNTK000040,INR,1210333.6,1134254.17,2024-06-13T10:00:43,blocked,6.0,5000,0,Udarsh Doctor,,EMP000017,2024-11-08T10:22:27,2024-06-13T10:00:43,2024-08-05T23:01:13
ACC000169,CUST000862,ACCTNO0000000169,current,BR00009,FNTK000090,INR,1582801.0,1459321.59,2016-05-25T18:28:49,active,0.0,10000,0,Jagdish Hegde,Wishi Sharaf,EMP000050,2017-10-14T22:28:03,2016-05-25T18:28:49,2021-02-12T05:50:27
ACC000170,CUST000623,ACCTNO0000000170,fixed_deposit,BR00012,FNTK000120,INR,1863433.59,1808989.15,2021-07-01T08:41:37,active,7.12,10000,0,Vedant Jain,,EMP000028,2022-02-01T03:12:57,2021-07-01T08:41:37,2026-07-24T10:58:44
ACC000171,CUST000667,ACCTNO0000000171,salary,BR00012,FNTK000120,INR,1621548.15,1496167.07,2016-08-23T18:39:55,blocked,4.14,0,0,Bachittar Rastogi,,EMP000075,2024-04-25T17:16:04,2016-08-23T18:39:55,2019-06-12T17:43:15
ACC000172,CUST000166,ACCTNO0000000172,current,BR00002,FNTK000020,INR,189008.6,184213.67,2022-12-14T08:12:51,dormant,0.0,5000,10000,Forum Tripathi,,EMP000039,2025-07-03T00:43:06,2022-12-14T08:12:51,2025-07-02T20:47:56
ACC000173,CUST000226,ACCTNO0000000173,current,BR00018,FNTK000180,INR,727991.08,707384.65,2024-03-26T10:55:45,active,0.0,25000,0,Anika Warrior,,EMP000068,2026-05-22T09:54:40,2024-03-26T10:55:45,2024-08-16T20:52:44
ACC000174,CUST000104,ACCTNO0000000174,salary,BR00005,FNTK000050,INR,107374.7,97878.52,2021-11-12T01:56:33,active,3.65,0,0,Daksh Sekhon,,EMP000078,2024-01-13T17:35:19,2021-11-12T01:56:33,2023-09-18T08:45:42
ACC000175,CUST000121,ACCTNO0000000175,current,BR00010,FNTK000100,INR,38269.07,36674.67,2018-09-26T11:42:47,closed,0.0,25000,0,Yash Kunda,,EMP000027,2020-07-23T13:30:54,2018-09-26T11:42:47,2019-09-26T15:00:18
ACC000176,CUST000956,ACCTNO0000000176,savings,BR00015,FNTK000150,INR,1115711.89,1005678.16,2020-06-20T16:30:44,active,4.8,5000,0,Yash Kari,,EMP000040,2024-12-08T22:13:27,2020-06-20T16:30:44,2022-04-30T01:22:06
ACC000177,CUST000568,ACCTNO0000000177,salary,BR00016,FNTK000160,INR,919663.39,851225.56,2020-04-08T02:56:42,active,3.42,0,0,Peter Baria,,EMP000050,2023-10-07T11:01:38,2020-04-08T02:56:42,2023-04-10T15:20:28
ACC000178,CUST000326,ACCTNO0000000178,savings,BR00005,FNTK000050,INR,1925086.53,1763774.72,2022-08-23T17:36:19,active,6.97,10000,0,Arunima Chand,,EMP000016,2026-04-29T04:08:46,2022-08-23T17:36:19,2023-05-31T21:13:47
ACC000179,CUST000667,ACCTNO0000000179,salary,BR00007,FNTK000070,INR,241844.48,238427.64,2017-02-28T12:25:30,active,3.51,0,0,Devansh Deo,,EMP000069,2019-12-20T23:56:09,2017-02-28T12:25:30,2025-05-04T20:45:21
ACC000180,CUST000262,ACCTNO0000000180,current,BR00007,FNTK000070,INR,856190.05,821830.86,2022-06-29T07:49:54,active,0.0,5000,5000,Darsh Johal,,EMP000039,2025-07-24T19:03:16,2022-06-29T07:49:54,2025-10-21T20:17:21
ACC000181,CUST000940,ACCTNO0000000181,savings,BR00002,FNTK000020,INR,1324852.66,1311621.88,2022-05-01T10:46:33,active,4.6,1000,0,Yagnesh Sood,,EMP000005,2024-08-27T03:22:12,2022-05-01T10:46:33,2025-04-30T01:14:54
ACC000182,CUST000272,ACCTNO0000000182,recurring_deposit,BR00009,FNTK000090,INR,505122.87,464995.1,2018-06-11T13:46:31,active,6.68,500,0,Guneet Yadav,,EMP000036,2023-05-13T05:18:39,2018-06-11T13:46:31,2025-11-30T07:11:12
ACC000183,CUST000695,ACCTNO0000000183,recurring_deposit,BR00014,FNTK000140,INR,1315818.75,1230485.82,2023-11-11T11:29:22,active,6.31,500,0,Eiravati Bora,,EMP000016,2023-12-26T16:00:58,2023-11-11T11:29:22,2025-07-07T10:57:10
ACC000184,CUST000466,ACCTNO0000000184,salary,BR00001,FNTK000010,INR,947679.43,881998.59,2016-07-02T23:26:40,active,3.92,0,0,Vanya Dada,,EMP000049,2020-10-18T11:05:00,2016-07-02T23:26:40,2025-07-03T05:41:57
ACC000185,CUST000261,ACCTNO0000000185,savings,BR00018,FNTK000180,INR,1851804.08,1815969.91,2020-10-01T13:45:16,active,5.84,5000,0,Fiyaz Soni,,EMP000034,2022-03-04T04:12:19,2020-10-01T13:45:16,2021-05-17T03:46:54
ACC000186,CUST000181,ACCTNO0000000186,current,BR00014,FNTK000140,INR,421104.7,387139.29,2018-05-11T04:30:48,active,0.0,5000,25000,Harish Kale,,EMP000064,2019-11-12T22:25:53,2018-05-11T04:30:48,2022-07-08T00:38:33
ACC000187,CUST000924,ACCTNO0000000187,savings,BR00019,FNTK000190,INR,981350.87,903784.87,2023-05-18T11:40:12,active,6.15,10000,0,Charita Andra,,EMP000027,2024-09-08T21:03:09,2023-05-18T11:40:12,2023-10-04T04:58:19
ACC000188,CUST000445,ACCTNO0000000188,current,BR00018,FNTK000180,INR,103813.8,93676.25,2016-03-29T10:38:02,closed,0.0,25000,10000,Isaac Savant,,EMP000063,2018-06-16T22:59:36,2016-03-29T10:38:02,2019-07-05T10:03:02
ACC000189,CUST000032,ACCTNO0000000189,savings,BR00001,FNTK000010,INR,238813.17,215723.71,2023-05-03T19:21:54,active,3.3,10000,0,Tanmayi Acharya,,EMP000014,2024-10-04T03:25:48,2023-05-03T19:21:54,2024-08-24T04:30:28
ACC000190,CUST000542,ACCTNO0000000190,current,BR00014,FNTK000140,INR,1500020.61,1495793.57,2019-10-25T20:47:46,active,0.0,5000,25000,Niharika Madan,,EMP000098,2020-06-13T14:18:49,2019-10-25T20:47:46,2022-01-15T11:15:58
ACC000191,CUST000058,ACCTNO0000000191,recurring_deposit,BR00017,FNTK000170,INR,5570.31,5542.88,2016-06-24T18:59:21,active,6.19,500,0,Patrick Narasimhan,,EMP000100,2020-09-25T19:00:24,2016-06-24T18:59:21,2024-04-23T19:19:12
ACC000192,CUST000046,ACCTNO0000000192,salary,BR00011,FNTK000110,INR,1911440.15,1907854.47,2024-09-16T02:59:01,active,3.46,0,0,Yoshita Mander,,EMP000004,2025-07-09T09:10:26,2024-09-16T02:59:01,2025-09-03T21:41:13
ACC000193,CUST000900,ACCTNO0000000193,current,BR00015,FNTK000150,INR,481553.72,442138.9,2022-11-09T11:06:20,active,0.0,25000,0,Aishani Wali,,EMP000051,2023-05-12T00:51:25,2022-11-09T11:06:20,2023-01-18T10:51:34
ACC000194,CUST000027,ACCTNO0000000194,salary,BR00010,FNTK000100,INR,362408.53,334275.52,2022-10-17T08:14:06,dormant,2.85,0,0,Harita Maharaj,,EMP000050,2025-03-17T02:24:43,2022-10-17T08:14:06,2025-03-14T10:39:59
ACC000195,CUST000080,ACCTNO0000000195,savings,BR00016,FNTK000160,INR,1242797.52,1131387.97,2019-07-17T19:34:15,active,6.38,5000,0,Ria Choudhury,,EMP000047,2025-05-05T18:58:28,2019-07-17T19:34:15,2023-04-27T01:29:43
ACC000196,CUST000114,ACCTNO0000000196,current,BR00004,FNTK000040,INR,24154.89,23385.05,2023-04-26T20:57:35,active,0.0,10000,10000,Vinaya Ahuja,,EMP000013,2025-04-20T15:00:37,2023-04-26T20:57:35,2026-03-11T21:21:30
ACC000197,CUST000835,ACCTNO0000000197,current,BR00014,FNTK000140,INR,1677468.74,1510493.9,2018-02-10T10:07:42,active,0.0,25000,25000,Yashodhara Singhal,,EMP000053,2025-04-04T20:07:44,2018-02-10T10:07:42,2019-03-07T20:59:22
ACC000198,CUST000887,ACCTNO0000000198,savings,BR00012,FNTK000120,INR,408928.45,388521.06,2020-11-01T11:12:25,dormant,6.95,10000,0,Nihal Gola,,EMP000076,2023-05-01T20:26:45,2020-11-01T11:12:25,2022-08-23T19:11:56
ACC000199,CUST000830,ACCTNO0000000199,fixed_deposit,BR00016,FNTK000160,INR,554875.25,502220.94,2021-12-27T03:18:30,blocked,7.27,10000,0,Rachana Modi,,EMP000051,2026-03-07T04:44:24,2021-12-27T03:18:30,2025-08-06T09:11:30
ACC000200,CUST000942,ACCTNO0000000200,fixed_deposit,BR00009,FNTK000090,INR,1193110.73,1161535.28,2020-12-18T20:44:36,dormant,7.54,10000,0,Saanvi Oommen,,EMP000050,2024-03-29T01:14:05,2020-12-18T20:44:36,2026-03-26T02:15:25
ACC000201,CUST000804,ACCTNO0000000201,savings,BR00012,FNTK000120,INR,1491717.3,1395290.19,2019-07-06T03:15:21,active,5.51,10000,0,Rishi Chopra,,EMP000036,2023-04-13T14:00:32,2019-07-06T03:15:21,2021-08-29T09:02:01
ACC000202,CUST000655,ACCTNO0000000202,fixed_deposit,BR00012,FNTK000120,INR,513843.63,474860.24,2017-03-16T23:31:29,active,7.49,10000,0,Tanay Mohanty,,EMP000001,2021-11-06T16:22:37,2017-03-16T23:31:29,2026-02-15T08:37:31
ACC000203,CUST000839,ACCTNO0000000203,current,BR00011,FNTK000110,INR,1256893.35,1241500.08,2018-11-11T11:18:06,active,0.0,25000,5000,Ekaja Wali,,EMP000045,2021-03-29T08:05:32,2018-11-11T11:18:06,2023-07-29T13:58:24
ACC000204,CUST000814,ACCTNO0000000204,fixed_deposit,BR00012,FNTK000120,INR,1054704.36,973446.99,2023-03-15T06:55:48,active,6.93,10000,0,Harshil Mital,,EMP000048,2024-11-30T04:38:13,2023-03-15T06:55:48,2025-09-01T19:47:35
ACC000205,CUST000846,ACCTNO0000000205,savings,BR00013,FNTK000130,INR,814756.39,757963.3,2017-01-21T00:47:21,active,5.96,1000,0,Mohammed Naik,Rehaan Randhawa,EMP000036,2017-07-21T07:45:48,2017-01-21T00:47:21,2025-02-17T19:57:14
ACC000206,CUST000382,ACCTNO0000000206,savings,BR00013,FNTK000130,INR,703496.29,648512.67,2019-09-04T18:34:43,active,6.24,0,0,Nakul Dugar,,EMP000004,2022-05-08T00:58:21,2019-09-04T18:34:43,2020-07-21T21:38:29
ACC000207,CUST000065,ACCTNO0000000207,savings,BR00008,FNTK000080,INR,728318.66,718803.13,2017-05-27T02:09:49,active,4.81,10000,0,Zaitra Som,,EMP000027,2020-11-02T20:09:17,2017-05-27T02:09:49,2022-05-11T11:37:40
ACC000208,CUST000360,ACCTNO0000000208,fixed_deposit,BR00013,FNTK000130,INR,540290.97,532930.53,2022-04-07T12:59:55,active,7.99,10000,0,Amruta Karnik,,EMP000018,2026-05-25T12:51:02,2022-04-07T12:59:55,2023-12-09T06:01:22
ACC000209,CUST000545,ACCTNO0000000209,salary,BR00011,FNTK000110,INR,528912.64,507472.39,2023-01-27T16:05:34,active,4.07,0,0,Urmi Mitter,,EMP000098,2025-07-09T18:45:03,2023-01-27T16:05:34,2024-04-12T08:20:36
ACC000210,CUST000581,ACCTNO0000000210,salary,BR00016,FNTK000160,INR,42296.61,39911.97,2016-07-05T17:01:00,active,3.47,0,0,Maanav Mohan,,EMP000088,2026-08-28T03:22:13,2016-07-05T17:01:00,2022-02-02T04:41:56
ACC000211,CUST001000,ACCTNO0000000211,savings,BR00015,FNTK000150,INR,1185838.71,1123674.27,2023-10-23T04:13:22,active,5.54,5000,0,Irya Murty,,EMP000026,2024-10-23T21:08:25,2023-10-23T04:13:22,2023-11-25T22:17:57
ACC000212,CUST000467,ACCTNO0000000212,savings,BR00012,FNTK000120,INR,897138.49,831610.74,2018-08-28T17:35:08,active,6.79,5000,0,Darika Sandal,,EMP000027,2025-12-06T03:58:34,2018-08-28T17:35:08,2021-07-24T09:43:42
ACC000213,CUST000065,ACCTNO0000000213,savings,BR00006,FNTK000060,INR,820378.86,800732.95,2020-11-07T03:48:08,dormant,3.12,1000,0,Omisha Ahluwalia,,EMP000068,2024-11-07T13:13:12,2020-11-07T03:48:08,2023-09-11T05:36:20
ACC000214,CUST000571,ACCTNO0000000214,savings,BR00018,FNTK000180,INR,1273017.85,1232306.75,2023-03-08T02:49:25,active,3.48,0,0,Christopher Rege,,EMP000024,2024-03-13T15:10:59,2023-03-08T02:49:25,2026-03-28T16:51:49
ACC000215,CUST000136,ACCTNO0000000215,savings,BR00016,FNTK000160,INR,254751.98,241039.21,2018-09-19T05:21:33,active,4.46,0,0,Logan Shan,,EMP000067,2021-03-31T19:42:51,2018-09-19T05:21:33,2024-06-07T14:06:53
ACC000216,CUST000858,ACCTNO0000000216,savings,BR00017,FNTK000170,INR,996960.56,941718.4,2018-07-10T21:12:01,active,4.34,1000,0,Anirudh Jain,,EMP000100,2018-08-16T06:11:44,2018-07-10T21:12:01,2022-09-08T00:28:23
ACC000217,CUST000056,ACCTNO0000000217,current,BR00001,FNTK000010,INR,742646.25,729179.84,2021-11-18T05:48:55,dormant,0.0,25000,10000,Aahana Menon,Arjun Nagy,EMP000005,2025-10-02T02:11:49,2021-11-18T05:48:55,2026-05-15T18:44:49
ACC000218,CUST000646,ACCTNO0000000218,savings,BR00009,FNTK000090,INR,1066507.06,1014492.48,2020-02-16T18:38:27,active,3.79,10000,0,Lavanya Nanda,Tanveer Thakur,EMP000033,2024-07-12T17:33:52,2020-02-16T18:38:27,2023-02-12T03:10:13
ACC000219,CUST000377,ACCTNO0000000219,current,BR00001,FNTK000010,INR,587377.83,579623.07,2020-08-03T14:54:09,active,0.0,25000,10000,Anusha Chhabra,,EMP000062,2022-02-28T11:20:23,2020-08-03T14:54:09,2024-12-17T18:56:40
ACC000220,CUST000159,ACCTNO0000000220,savings,BR00017,FNTK000170,INR,1112621.25,1028602.56,2017-01-01T06:19:20,active,5.65,10000,0,Xavier Dyal,,EMP000033,2021-03-08T00:25:55,2017-01-01T06:19:20,2018-05-30T04:29:49
ACC000221,CUST000339,ACCTNO0000000221,savings,BR00009,FNTK000090,INR,1896589.83,1875491.69,2020-07-16T08:16:32,active,5.2,5000,0,Varsha Singhal,,EMP000041,2025-07-16T00:40:17,2020-07-16T08:16:32,2022-05-17T05:28:39
ACC000222,CUST000588,ACCTNO0000000222,savings,BR00012,FNTK000120,INR,187899.99,177297.05,2015-07-29T05:52:43,closed,6.38,10000,0,Madhavi Sur,,EMP000020,2022-10-10T16:45:27,2015-07-29T05:52:43,2026-02-09T12:38:35
ACC000223,CUST000237,ACCTNO0000000223,current,BR00002,FNTK000020,INR,417411.66,413193.0,2021-02-24T22:09:15,active,0.0,5000,25000,Ati Prashad,,EMP000029,2021-05-02T04:41:34,2021-02-24T22:09:15,2026-04-05T07:00:51
ACC000224,CUST000482,ACCTNO0000000224,salary,BR00013,FNTK000130,INR,716432.9,670052.77,2019-03-08T21:25:58,active,4.44,0,0,Harrison Bhalla,,EMP000004,2022-12-05T10:39:17,2019-03-08T21:25:58,2024-04-06T11:01:59
ACC000225,CUST000268,ACCTNO0000000225,current,BR00002,FNTK000020,INR,1612137.54,1580589.71,2021-01-03T19:55:23,active,0.0,10000,25000,Anya Yogi,,EMP000021,2021-03-24T20:25:50,2021-01-03T19:55:23,2022-01-03T19:29:40
ACC000226,CUST000562,ACCTNO0000000226,savings,BR00011,FNTK000110,INR,28025.4,25235.13,2021-01-29T01:50:36,closed,4.17,1000,0,Raksha Mane,,EMP000086,2025-08-08T00:16:24,2021-01-29T01:50:36,2022-04-09T03:20:56
ACC000227,CUST000058,ACCTNO0000000227,current,BR00002,FNTK000020,INR,274472.47,255285.65,2021-07-17T06:12:18,dormant,0.0,25000,0,Urmi Desai,,EMP000005,2026-05-12T16:06:56,2021-07-17T06:12:18,2023-07-25T04:31:13
ACC000228,CUST000891,ACCTNO0000000228,fixed_deposit,BR00010,FNTK000100,INR,601670.23,584150.59,2020-11-23T15:16:10,active,6.94,10000,0,Ekta Sachdev,,EMP000057,2025-01-09T18:19:17,2020-11-23T15:16:10,2025-12-31T18:44:22
ACC000229,CUST000921,ACCTNO0000000229,savings,BR00011,FNTK000110,INR,542519.6,522884.99,2023-12-09T22:34:45,active,4.31,1000,0,Matthew Mistry,,EMP000014,2025-07-14T02:11:14,2023-12-09T22:34:45,2024-04-19T10:24:00
ACC000230,CUST000477,ACCTNO0000000230,current,BR00014,FNTK000140,INR,1743921.07,1732027.12,2018-03-12T21:51:27,active,0.0,25000,5000,Gaurang Sarma,,EMP000013,2022-06-27T03:52:28,2018-03-12T21:51:27,2021-02-11T11:48:02
ACC000231,CUST000242,ACCTNO0000000231,savings,BR00017,FNTK000170,INR,1550270.39,1497775.66,2022-12-12T01:44:33,active,3.32,10000,0,Falak Lad,,EMP000076,2023-02-13T19:01:47,2022-12-12T01:44:33,2023-12-25T14:43:49
ACC000232,CUST000874,ACCTNO0000000232,savings,BR00020,FNTK000200,INR,1458582.35,1360615.91,2024-10-14T02:10:45,active,4.21,10000,0,Anthony Dey,,EMP000059,2025-08-11T05:04:10,2024-10-14T02:10:45,2025-01-02T08:05:36
ACC000233,CUST000351,ACCTNO0000000233,current,BR00019,FNTK000190,INR,1119952.87,1090772.61,2020-01-02T21:59:13,active,0.0,25000,10000,Dipta Patel,,EMP000066,2024-11-14T09:29:48,2020-01-02T21:59:13,2021-03-01T04:03:13
ACC000234,CUST000499,ACCTNO0000000234,current,BR00011,FNTK000110,INR,478467.55,431901.28,2019-12-10T23:38:24,active,0.0,5000,25000,Tanish Gour,,EMP000047,2022-11-22T01:12:39,2019-12-10T23:38:24,2026-08-11T08:03:08
ACC000235,CUST000688,ACCTNO0000000235,savings,BR00017,FNTK000170,INR,1722580.7,1638308.55,2018-07-30T22:41:38,active,6.44,5000,0,Upadhriti Kari,,EMP000092,2019-09-20T14:14:13,2018-07-30T22:41:38,2024-03-24T01:38:22
ACC000236,CUST000199,ACCTNO0000000236,savings,BR00015,FNTK000150,INR,896821.12,863422.19,2020-08-10T21:42:17,active,6.74,5000,0,Janaki Nath,,EMP000074,2022-02-20T21:29:13,2020-08-10T21:42:17,2023-10-04T06:13:45
ACC000237,CUST000647,ACCTNO0000000237,savings,BR00005,FNTK000050,INR,1029114.47,1013834.78,2017-02-23T02:58:13,active,5.95,1000,0,Aashi Kumer,,EMP000032,2025-05-10T10:41:11,2017-02-23T02:58:13,2025-02-21T05:04:48
ACC000238,CUST000937,ACCTNO0000000238,current,BR00011,FNTK000110,INR,587919.96,581612.01,2016-01-22T00:38:07,active,0.0,25000,10000,Logan Dar,,EMP000040,2025-09-27T20:29:39,2016-01-22T00:38:07,2023-02-19T07:12:22
ACC000239,CUST000565,ACCTNO0000000239,current,BR00007,FNTK000070,INR,858479.38,830814.4,2016-10-17T16:41:59,active,0.0,10000,10000,Prisha Randhawa,,EMP000085,2025-02-08T14:52:24,2016-10-17T16:41:59,2018-10-17T06:34:28
ACC000240,CUST000209,ACCTNO0000000240,savings,BR00006,FNTK000060,INR,1803767.58,1763457.57,2018-10-05T05:26:30,active,4.72,5000,0,Chanakya Wadhwa,,EMP000094,2025-06-28T12:11:03,2018-10-05T05:26:30,2018-12-08T22:00:41
ACC000241,CUST000169,ACCTNO0000000241,savings,BR00016,FNTK000160,INR,982147.32,922953.38,2017-08-20T07:05:18,active,3.79,1000,0,Yauvani Prakash,Rajeshri Balay,EMP000037,2023-11-22T20:08:01,2017-08-20T07:05:18,2019-07-24T13:04:33
ACC000242,CUST000517,ACCTNO0000000242,current,BR00002,FNTK000020,INR,1813740.08,1642501.64,2016-10-03T09:07:43,active,0.0,10000,10000,Vyanjana Mandal,,EMP000044,2026-03-18T06:47:20,2016-10-03T09:07:43,2020-11-06T18:53:39
ACC000243,CUST000220,ACCTNO0000000243,salary,BR00012,FNTK000120,INR,1775460.35,1761901.53,2020-09-20T03:32:53,active,4.1,0,0,Ekalinga Borra,,EMP000055,2025-06-20T13:12:24,2020-09-20T03:32:53,2026-05-13T18:18:34
ACC000244,CUST000796,ACCTNO0000000244,savings,BR00002,FNTK000020,INR,835374.86,798659.36,2023-03-25T07:45:55,active,6.13,10000,0,Isaiah Wali,,EMP000001,2024-07-05T17:19:40,2023-03-25T07:45:55,2026-08-24T13:38:33
ACC000245,CUST000716,ACCTNO0000000245,salary,BR00002,FNTK000020,INR,834750.35,775792.19,2023-07-21T22:19:54,active,2.66,0,0,Yochana Chahal,Rayaan Bora,EMP000043,2026-06-13T00:55:56,2023-07-21T22:19:54,2025-07-23T10:57:30
ACC000246,CUST000200,ACCTNO0000000246,current,BR00015,FNTK000150,INR,1443439.63,1383258.44,2016-08-03T22:11:51,dormant,0.0,25000,5000,Aradhana Shroff,,EMP000050,2017-05-18T03:53:45,2016-08-03T22:11:51,2020-09-19T04:49:59
ACC000247,CUST000322,ACCTNO0000000247,fixed_deposit,BR00019,FNTK000190,INR,81733.16,81370.79,2022-02-24T05:49:52,active,8.27,10000,0,Max Narayanan,,EMP000070,2025-02-16T11:09:20,2022-02-24T05:49:52,2022-05-11T04:29:31
ACC000248,CUST000171,ACCTNO0000000248,recurring_deposit,BR00018,FNTK000180,INR,1580215.53,1453308.98,2021-04-29T07:39:41,active,6.16,500,0,Qabil Nori,,EMP000027,2022-10-19T11:15:02,2021-04-29T07:39:41,2021-09-12T02:57:02
ACC000249,CUST000580,ACCTNO0000000249,savings,BR00008,FNTK000080,INR,1372258.87,1332136.06,2015-07-24T22:04:55,active,6.76,1000,0,Rachana Bail,,EMP000064,2025-07-22T02:48:55,2015-07-24T22:04:55,2016-04-14T09:49:16
ACC000250,CUST000339,ACCTNO0000000250,savings,BR00003,FNTK000030,INR,1042332.33,996427.77,2019-01-07T17:18:45,active,5.46,10000,0,Chaaya Ahuja,,EMP000037,2022-11-05T04:26:06,2019-01-07T17:18:45,2023-06-10T11:25:23
ACC000251,CUST000098,ACCTNO0000000251,savings,BR00009,FNTK000090,INR,814319.56,804602.94,2022-09-14T15:17:31,dormant,6.22,10000,0,Anirudh Anand,,EMP000070,2023-09-10T22:42:44,2022-09-14T15:17:31,2023-12-23T01:59:11
ACC000252,CUST000752,ACCTNO0000000252,current,BR00013,FNTK000130,INR,1487001.44,1402980.63,2020-01-01T12:25:53,active,0.0,5000,25000,Ekantika Sane,,EMP000094,2023-07-07T18:03:58,2020-01-01T12:25:53,2022-08-12T04:35:12
ACC000253,CUST000633,ACCTNO0000000253,savings,BR00006,FNTK000060,INR,1533225.28,1496677.09,2022-11-17T14:28:55,active,5.4,1000,0,Aashi Kapoor,,EMP000031,2024-10-04T18:14:07,2022-11-17T14:28:55,2025-05-28T04:03:15
ACC000254,CUST000032,ACCTNO0000000254,salary,BR00018,FNTK000180,INR,1366198.73,1294387.43,2016-07-31T09:53:11,active,4.15,0,0,Tanvi Iyer,,EMP000079,2026-03-21T09:15:29,2016-07-31T09:53:11,2019-06-15T01:54:29
ACC000255,CUST000352,ACCTNO0000000255,savings,BR00009,FNTK000090,INR,1864866.72,1749995.07,2016-07-02T18:03:12,active,5.44,5000,0,Michael Gulati,,EMP000073,2022-03-15T02:49:31,2016-07-02T18:03:12,2020-09-28T23:33:10
ACC000256,CUST000248,ACCTNO0000000256,savings,BR00005,FNTK000050,INR,628795.26,578239.13,2022-06-09T10:22:48,active,4.12,10000,0,Samuel Morar,,EMP000081,2024-01-18T23:06:21,2022-06-09T10:22:48,2025-10-22T03:10:53
ACC000257,CUST000720,ACCTNO0000000257,salary,BR00013,FNTK000130,INR,1877485.43,1740104.0,2024-06-13T21:02:43,dormant,4.41,0,0,Harrison Bal,,EMP000054,2026-08-29T16:12:54,2024-06-13T21:02:43,2024-09-21T02:31:52
ACC000258,CUST000112,ACCTNO0000000258,recurring_deposit,BR00005,FNTK000050,INR,364532.39,349095.85,2024-02-24T14:44:39,active,7.58,500,0,Joshua Zachariah,,EMP000099,2024-09-23T12:11:38,2024-02-24T14:44:39,2025-04-13T06:44:34
ACC000259,CUST000877,ACCTNO0000000259,savings,BR00007,FNTK000070,INR,453112.83,418241.44,2018-02-28T03:22:46,active,5.83,0,0,Ekapad Narang,,EMP000007,2026-07-04T18:34:04,2018-02-28T03:22:46,2021-06-13T21:44:02
ACC000260,CUST000619,ACCTNO0000000260,current,BR00010,FNTK000100,INR,988960.23,959968.28,2023-10-04T02:48:53,active,0.0,10000,10000,Victor Joshi,,EMP000032,2023-12-23T01:17:56,2023-10-04T02:48:53,2024-11-19T13:11:55
ACC000261,CUST000106,ACCTNO0000000261,salary,BR00011,FNTK000110,INR,1372972.16,1328457.59,2021-07-20T13:38:56,active,3.4,0,0,Chavvi Gade,,EMP000086,2024-09-17T20:02:51,2021-07-20T13:38:56,2025-06-19T21:40:48
ACC000262,CUST000184,ACCTNO0000000262,current,BR00011,FNTK000110,INR,1773951.31,1608460.08,2015-01-14T05:29:42,active,0.0,5000,5000,Anika Kaul,,EMP000082,2023-03-09T11:47:57,2015-01-14T05:29:42,2026-02-14T11:51:36
ACC000263,CUST000252,ACCTNO0000000263,savings,BR00008,FNTK000080,INR,1936262.3,1774702.28,2019-06-29T05:42:36,active,3.15,1000,0,Isha Bala,,EMP000033,2023-03-09T20:24:15,2019-06-29T05:42:36,2022-07-06T14:14:47
ACC000264,CUST000258,ACCTNO0000000264,savings,BR00010,FNTK000100,INR,85579.61,78313.26,2019-04-23T07:08:51,active,6.92,1000,0,Ria Dasgupta,,EMP000057,2021-06-08T04:58:21,2019-04-23T07:08:51,2023-03-09T18:29:30
ACC000265,CUST000390,ACCTNO0000000265,salary,BR00011,FNTK000110,INR,101418.35,92116.48,2017-05-03T01:52:37,blocked,3.65,0,0,Atharv Sawhney,,EMP000068,2023-04-01T23:57:52,2017-05-03T01:52:37,2017-09-14T22:19:31
ACC000266,CUST000954,ACCTNO0000000266,salary,BR00011,FNTK000110,INR,470864.87,465173.25,2016-09-21T08:13:28,active,3.59,0,0,Lajita Bawa,Reva Rastogi,EMP000012,2021-03-14T06:13:24,2016-09-21T08:13:28,2019-11-30T15:45:47
ACC000267,CUST000075,ACCTNO0000000267,fixed_deposit,BR00016,FNTK000160,INR,1006401.5,996241.15,2024-07-28T05:08:20,dormant,7.32,10000,0,Samesh Rai,,EMP000024,2026-05-22T16:44:17,2024-07-28T05:08:20,2025-08-12T18:48:49
ACC000268,CUST000031,ACCTNO0000000268,current,BR00007,FNTK000070,INR,266424.86,254381.58,2015-10-23T21:40:45,active,0.0,10000,0,Girik Gill,,EMP000096,2024-05-29T09:23:59,2015-10-23T21:40:45,2026-04-14T03:00:24
ACC000269,CUST000585,ACCTNO0000000269,recurring_deposit,BR00012,FNTK000120,INR,86913.92,79535.81,2023-05-10T09:00:11,active,7.21,500,0,Nicholas Kadakia,,EMP000045,2025-04-22T14:32:16,2023-05-10T09:00:11,2026-02-19T19:35:29
ACC000270,CUST000969,ACCTNO0000000270,salary,BR00014,FNTK000140,INR,1663766.81,1557593.45,2024-11-15T08:21:33,blocked,3.7,0,0,Vrinda Parmar,,EMP000017,2025-11-17T19:14:17,2024-11-15T08:21:33,2024-11-30T01:31:48
ACC000271,CUST000232,ACCTNO0000000271,salary,BR00004,FNTK000040,INR,191365.03,187571.66,2022-04-21T01:06:14,active,2.93,0,0,Ojasvi Halder,,EMP000065,2023-12-13T23:26:53,2022-04-21T01:06:14,2022-09-07T01:41:54
ACC000272,CUST000007,ACCTNO0000000272,savings,BR00012,FNTK000120,INR,1465830.79,1337351.12,2023-03-27T08:19:47,blocked,3.16,10000,0,Gautam Tripathi,Vanya Kumer,EMP000077,2026-06-06T06:00:00,2023-03-27T08:19:47,2023-11-20T05:54:15
ACC000273,CUST000361,ACCTNO0000000273,fixed_deposit,BR00019,FNTK000190,INR,120436.04,113881.6,2016-11-06T15:43:56,closed,7.18,10000,0,Tanmayi Babu,,EMP000059,2018-09-22T14:35:00,2016-11-06T15:43:56,2021-08-28T03:36:21
ACC000274,CUST000396,ACCTNO0000000274,recurring_deposit,BR00008,FNTK000080,INR,87932.44,79866.26,2017-08-21T02:54:54,active,6.25,500,0,Lajita Salvi,,EMP000012,2020-09-10T05:04:46,2017-08-21T02:54:54,2024-09-04T04:26:10
ACC000275,CUST000719,ACCTNO0000000275,savings,BR00013,FNTK000130,INR,444105.86,403534.48,2015-09-26T15:46:54,active,4.66,1000,0,Harish Pant,,EMP000066,2016-02-11T10:06:36,2015-09-26T15:46:54,2022-11-09T05:59:57
ACC000276,CUST000453,ACCTNO0000000276,salary,BR00005,FNTK000050,INR,663513.74,625095.39,2020-07-17T20:14:58,active,4.38,0,0,Dayita Bhattacharyya,,EMP000087,2022-08-08T13:40:07,2020-07-17T20:14:58,2023-12-28T16:50:46
ACC000277,CUST000301,ACCTNO0000000277,current,BR00011,FNTK000110,INR,912115.77,831186.9,2015-12-23T22:31:53,active,0.0,5000,0,Charita Karnik,,EMP000046,2023-05-29T00:31:36,2015-12-23T22:31:53,2025-05-01T15:28:09
ACC000278,CUST000089,ACCTNO0000000278,current,BR00003,FNTK000030,INR,930097.16,908946.88,2015-01-18T00:40:25,active,0.0,10000,5000,Madhavi Sinha,Anvi Naik,EMP000067,2016-08-07T09:44:35,2015-01-18T00:40:25,2021-07-25T08:26:19
ACC000279,CUST000180,ACCTNO0000000279,current,BR00012,FNTK000120,INR,1943818.34,1904832.76,2018-06-12T23:18:30,active,0.0,5000,5000,Lohit Kothari,,EMP000030,2024-11-29T22:57:44,2018-06-12T23:18:30,2024-05-15T04:20:45
ACC000280,CUST000991,ACCTNO0000000280,fixed_deposit,BR00010,FNTK000100,INR,552560.26,537866.36,2021-04-21T16:12:43,active,7.9,10000,0,Aditya Dave,,EMP000054,2024-02-13T13:57:24,2021-04-21T16:12:43,2025-04-30T11:38:21
ACC000281,CUST000162,ACCTNO0000000281,salary,BR00005,FNTK000050,INR,593599.98,585330.31,2024-11-23T10:39:35,blocked,3.91,0,0,Logan Singhal,,EMP000019,2025-06-22T06:06:07,2024-11-23T10:39:35,2025-04-09T15:25:21
ACC000282,CUST000977,ACCTNO0000000282,savings,BR00011,FNTK000110,INR,1258019.68,1225212.49,2023-12-27T20:52:43,active,5.29,5000,0,Darsh Kadakia,,EMP000005,2025-04-14T00:42:40,2023-12-27T20:52:43,2024-04-12T18:49:22
ACC000283,CUST000607,ACCTNO0000000283,fixed_deposit,BR00010,FNTK000100,INR,652757.69,623016.29,2016-02-07T14:40:11,active,6.57,10000,0,Kamya Sachdeva,,EMP000007,2026-06-05T02:00:38,2016-02-07T14:40:11,2019-11-14T01:54:13
ACC000284,CUST000491,ACCTNO0000000284,savings,BR00014,FNTK000140,INR,449316.61,413509.79,2021-03-18T04:25:56,active,3.95,1000,0,Oni Gera,,EMP000091,2024-05-05T11:12:23,2021-03-18T04:25:56,2023-10-14T12:01:41
ACC000285,CUST000853,ACCTNO0000000285,savings,BR00018,FNTK000180,INR,1155277.83,1143691.35,2015-11-25T22:16:08,active,3.48,0,0,Zilmil Doshi,,EMP000034,2019-11-14T12:35:05,2015-11-25T22:16:08,2023-07-28T07:59:10
ACC000286,CUST000246,ACCTNO0000000286,fixed_deposit,BR00015,FNTK000150,INR,200825.32,180958.15,2017-06-30T16:49:58,active,8.43,10000,0,Janya Choudhary,,EMP000008,2019-05-23T09:56:39,2017-06-30T16:49:58,2020-08-16T15:22:54
ACC000287,CUST000033,ACCTNO0000000287,savings,BR00019,FNTK000190,INR,1725354.19,1681331.79,2017-11-19T23:07:04,active,3.37,1000,0,Ayushman Tank,,EMP000070,2024-04-01T14:44:44,2017-11-19T23:07:04,2024-05-12T10:34:06
ACC000288,CUST000980,ACCTNO0000000288,current,BR00020,FNTK000200,INR,83252.16,75712.79,2022-07-24T17:09:45,active,0.0,10000,5000,Damini Raval,,EMP000100,2024-12-15T00:01:57,2022-07-24T17:09:45,2023-07-30T22:58:27
ACC000289,CUST000209,ACCTNO0000000289,savings,BR00019,FNTK000190,INR,1443612.18,1311371.85,2015-12-22T11:04:10,active,4.51,5000,0,Alka Nagi,,EMP000025,2020-03-07T10:23:04,2015-12-22T11:04:10,2017-03-24T00:28:32
ACC000290,CUST000541,ACCTNO0000000290,current,BR00001,FNTK000010,INR,1290730.47,1228663.4,2021-05-24T02:17:56,active,0.0,10000,10000,Atharv Narula,,EMP000006,2024-09-03T10:42:15,2021-05-24T02:17:56,2024-05-16T16:56:12
ACC000291,CUST000443,ACCTNO0000000291,salary,BR00012,FNTK000120,INR,1856152.83,1824233.44,2020-01-14T08:59:52,dormant,4.46,0,0,Upma Banerjee,,EMP000026,2023-03-04T14:25:36,2020-01-14T08:59:52,2024-01-04T13:20:52
ACC000292,CUST000487,ACCTNO0000000292,savings,BR00009,FNTK000090,INR,18379.43,17261.88,2021-07-02T21:25:50,active,6.48,5000,0,Nikita Batra,,EMP000083,2024-03-24T03:33:25,2021-07-02T21:25:50,2025-02-13T11:57:36
ACC000293,CUST000007,ACCTNO0000000293,savings,BR00006,FNTK000060,INR,33197.83,31241.38,2018-02-06T16:43:36,closed,6.04,10000,0,Omkaar Dugar,,EMP000081,2024-08-13T17:33:11,2018-02-06T16:43:36,2019-03-16T16:35:14
ACC000294,CUST000538,ACCTNO0000000294,savings,BR00020,FNTK000200,INR,52779.11,52178.23,2015-05-05T01:44:58,active,6.15,0,0,Alexander Palla,,EMP000001,2025-05-03T12:14:11,2015-05-05T01:44:58,2026-05-22T00:17:50
ACC000295,CUST000767,ACCTNO0000000295,savings,BR00003,FNTK000030,INR,1629163.41,1572742.31,2024-09-22T20:43:24,active,3.2,0,0,George Saini,,EMP000018,2025-10-15T21:49:59,2024-09-22T20:43:24,2026-03-13T00:44:57
ACC000296,CUST000407,ACCTNO0000000296,savings,BR00017,FNTK000170,INR,1858488.08,1758470.24,2015-05-30T21:30:51,active,6.29,5000,0,Isaiah Soni,,EMP000007,2016-11-06T17:58:57,2015-05-30T21:30:51,2020-02-18T09:49:11
ACC000297,CUST000078,ACCTNO0000000297,current,BR00004,FNTK000040,INR,280648.28,255535.34,2021-07-24T15:19:53,active,0.0,25000,10000,Ojasvi Yadav,,EMP000084,2026-08-31T10:58:04,2021-07-24T15:19:53,2024-12-22T05:22:26
ACC000298,CUST000128,ACCTNO0000000298,savings,BR00011,FNTK000110,INR,412537.89,410960.14,2023-05-09T01:54:56,active,4.45,10000,0,Krish Acharya,,EMP000073,2026-04-08T12:08:00,2023-05-09T01:54:56,2023-10-30T04:08:04
ACC000299,CUST000002,ACCTNO0000000299,recurring_deposit,BR00004,FNTK000040,INR,74319.21,74103.2,2017-07-16T16:41:31,dormant,6.74,500,0,Vamakshi Singh,,EMP000094,2025-05-11T07:47:35,2017-07-16T16:41:31,2022-05-05T21:40:30
ACC000300,CUST000786,ACCTNO0000000300,salary,BR00002,FNTK000020,INR,703411.65,667958.94,2017-12-21T14:21:06,dormant,2.71,0,0,Kabir Naidu,,EMP000035,2025-01-18T22:30:50,2017-12-21T14:21:06,2026-01-06T23:52:35
ACC000301,CUST000010,ACCTNO0000000301,savings,BR00016,FNTK000160,INR,1461914.92,1421995.63,2024-05-16T18:35:16,active,4.05,1000,0,Gopal Sridhar,,EMP000037,2026-07-01T03:21:26,2024-05-16T18:35:16,2026-04-17T13:48:54
ACC000302,CUST000963,ACCTNO0000000302,current,BR00007,FNTK000070,INR,1111380.56,1059928.86,2020-08-31T18:20:08,active,0.0,25000,10000,Rohan Dass,,EMP000075,2025-09-08T14:54:49,2020-08-31T18:20:08,2024-08-29T23:53:58
ACC000303,CUST000440,ACCTNO0000000303,salary,BR00003,FNTK000030,INR,1546042.55,1485999.52,2017-06-17T11:37:02,active,2.62,0,0,Yutika Dayal,,EMP000033,2024-09-14T05:23:28,2017-06-17T11:37:02,2019-07-22T07:56:13
ACC000304,CUST000882,ACCTNO0000000304,savings,BR00019,FNTK000190,INR,1137194.58,1088886.1,2016-11-26T13:05:43,dormant,3.84,0,0,Umang Butala,,EMP000005,2020-07-11T09:10:59,2016-11-26T13:05:43,2018-03-15T16:02:23
ACC000305,CUST000076,ACCTNO0000000305,savings,BR00013,FNTK000130,INR,80171.5,76406.4,2024-06-21T21:43:55,active,5.06,1000,0,Netra Mandal,,EMP000062,2026-01-23T18:08:46,2024-06-21T21:43:55,2025-06-17T12:38:34
ACC000306,CUST000276,ACCTNO0000000306,savings,BR00002,FNTK000020,INR,1382196.42,1262740.3,2018-01-10T15:44:32,dormant,5.7,10000,0,Zaid Kara,,EMP000063,2022-05-05T08:29:57,2018-01-10T15:44:32,2026-03-12T14:39:21
ACC000307,CUST000419,ACCTNO0000000307,current,BR00019,FNTK000190,INR,809445.77,744444.67,2024-07-02T14:06:35,active,0.0,5000,10000,Qasim Mitra,,EMP000030,2025-03-16T05:17:56,2024-07-02T14:06:35,2025-01-16T16:56:51
ACC000308,CUST000906,ACCTNO0000000308,savings,BR00011,FNTK000110,INR,1026259.59,1016578.42,2022-06-30T03:33:12,active,3.03,10000,0,Turvi Venkatesh,,EMP000084,2023-09-03T07:14:41,2022-06-30T03:33:12,2025-05-30T06:48:51
ACC000309,CUST001000,ACCTNO0000000309,salary,BR00002,FNTK000020,INR,1672995.56,1558607.13,2021-05-09T23:35:18,dormant,4.43,0,0,Karan Narang,,EMP000064,2025-06-17T02:35:01,2021-05-09T23:35:18,2026-02-20T17:54:11
ACC000310,CUST000649,ACCTNO0000000310,savings,BR00007,FNTK000070,INR,1338965.34,1245480.05,2016-04-05T20:09:11,active,4.28,1000,0,Kavya Dhillon,,EMP000065,2017-07-25T03:22:49,2016-04-05T20:09:11,2017-06-06T18:52:50
ACC000311,CUST000613,ACCTNO0000000311,current,BR00015,FNTK000150,INR,302927.02,277418.18,2015-07-16T17:07:21,active,0.0,25000,10000,Lekha Bava,,EMP000094,2018-09-27T11:54:28,2015-07-16T17:07:21,2022-01-05T06:37:46
ACC000312,CUST000493,ACCTNO0000000312,current,BR00014,FNTK000140,INR,720868.79,662222.75,2022-09-01T14:20:49,blocked,0.0,25000,10000,Qabil Atwal,,EMP000074,2023-02-04T14:16:28,2022-09-01T14:20:49,2024-05-25T18:02:41
ACC000313,CUST000698,ACCTNO0000000313,current,BR00018,FNTK000180,INR,1614140.26,1503639.99,2022-11-02T03:25:19,blocked,0.0,5000,0,Bahadurjit Khanna,,EMP000098,2023-12-30T02:36:39,2022-11-02T03:25:19,2023-10-22T01:30:42
ACC000314,CUST000700,ACCTNO0000000314,salary,BR00004,FNTK000040,INR,532044.93,482056.29,2019-08-21T18:58:50,active,3.93,0,0,Mekhala Naidu,Vasana Sule,EMP000019,2023-10-12T04:16:11,2019-08-21T18:58:50,2026-04-08T16:20:23
ACC000315,CUST000514,ACCTNO0000000315,salary,BR00019,FNTK000190,INR,697615.4,638335.79,2018-04-13T22:59:48,active,4.34,0,0,Raghav Ravi,Tanish Setty,EMP000068,2025-01-31T12:40:26,2018-04-13T22:59:48,2018-11-20T13:24:33
ACC000316,CUST000139,ACCTNO0000000316,current,BR00020,FNTK000200,INR,1789959.58,1725789.75,2022-01-26T19:33:09,blocked,0.0,25000,5000,Ria Dalal,,EMP000098,2024-02-28T07:23:19,2022-01-26T19:33:09,2025-03-20T11:11:50
ACC000317,CUST000899,ACCTNO0000000317,savings,BR00003,FNTK000030,INR,238972.38,217482.68,2018-07-29T17:55:52,closed,4.3,5000,0,Yoshita Nazareth,,EMP000025,2021-02-14T11:21:06,2018-07-29T17:55:52,2022-06-21T21:01:46
ACC000318,CUST000304,ACCTNO0000000318,savings,BR00006,FNTK000060,INR,579721.78,544031.11,2016-07-28T19:52:40,active,4.21,10000,0,Quincy Kumer,,EMP000042,2021-05-27T12:01:30,2016-07-28T19:52:40,2023-08-28T03:58:29
ACC000319,CUST000914,ACCTNO0000000319,recurring_deposit,BR00008,FNTK000080,INR,1923045.49,1796448.06,2018-01-10T05:42:15,active,6.5,500,0,Vinaya Shan,,EMP000091,2020-11-29T04:50:57,2018-01-10T05:42:15,2020-06-23T13:22:07
ACC000320,CUST000279,ACCTNO0000000320,current,BR00003,FNTK000030,INR,1674701.7,1632959.63,2015-01-25T15:27:22,active,0.0,10000,5000,Hema Venkataraman,,EMP000030,2019-10-07T20:36:54,2015-01-25T15:27:22,2021-08-13T11:03:29
ACC000321,CUST000665,ACCTNO0000000321,savings,BR00002,FNTK000020,INR,947207.43,920755.94,2020-10-16T22:09:21,active,3.2,5000,0,Dev Pau,Atharv Date,EMP000032,2025-08-24T23:10:25,2020-10-16T22:09:21,2025-04-06T13:29:28
ACC000322,CUST000390,ACCTNO0000000322,fixed_deposit,BR00012,FNTK000120,INR,1160398.8,1056932.51,2022-07-06T08:47:14,active,6.88,10000,0,Utkarsh Shankar,,EMP000034,2025-03-14T18:37:25,2022-07-06T08:47:14,2025-10-02T22:31:22
ACC000323,CUST000493,ACCTNO0000000323,salary,BR00006,FNTK000060,INR,1825260.87,1695861.77,2015-01-03T19:51:48,active,2.71,0,0,Jai Merchant,,EMP000009,2021-07-10T12:27:11,2015-01-03T19:51:48,2023-10-06T09:52:58
ACC000324,CUST000400,ACCTNO0000000324,savings,BR00003,FNTK000030,INR,1330592.84,1267892.85,2022-06-02T23:18:36,active,6.82,5000,0,Idika Mohanty,,EMP000016,2023-03-27T20:04:52,2022-06-02T23:18:36,2023-05-08T03:18:50
ACC000325,CUST000168,ACCTNO0000000325,current,BR00005,FNTK000050,INR,1612147.39,1534423.93,2021-02-12T19:51:30,active,0.0,25000,0,Rajata Butala,,EMP000056,2023-11-02T11:05:32,2021-02-12T19:51:30,2025-10-24T14:23:17
ACC000326,CUST000178,ACCTNO0000000326,savings,BR00018,FNTK000180,INR,1455419.15,1334682.73,2016-09-06T13:37:09,active,3.24,5000,0,Mitali Vaidya,,EMP000095,2021-11-08T16:01:52,2016-09-06T13:37:09,2019-09-19T08:52:43
ACC000327,CUST000080,ACCTNO0000000327,savings,BR00006,FNTK000060,INR,1300819.71,1244940.26,2016-12-22T16:31:56,dormant,6.64,0,0,Lucky Kapadia,,EMP000015,2021-11-29T21:16:31,2016-12-22T16:31:56,2018-11-07T04:33:44
ACC000328,CUST000741,ACCTNO0000000328,savings,BR00013,FNTK000130,INR,1388267.99,1374563.08,2018-09-06T15:46:26,dormant,5.32,5000,0,Rushil Pandya,,EMP000037,2025-12-14T04:22:00,2018-09-06T15:46:26,2020-02-11T21:13:03
ACC000329,CUST000631,ACCTNO0000000329,savings,BR00001,FNTK000010,INR,1641761.08,1495327.92,2017-01-20T01:01:33,active,4.21,1000,0,Champak Walia,Victor Wali,EMP000007,2025-08-30T18:27:09,2017-01-20T01:01:33,2022-03-16T02:48:26
ACC000330,CUST000117,ACCTNO0000000330,salary,BR00017,FNTK000170,INR,1026979.54,964436.87,2023-07-24T18:05:34,active,3.23,0,0,Kavya Dutt,,EMP000010,2026-07-02T05:37:19,2023-07-24T18:05:34,2025-11-13T10:33:47
ACC000331,CUST000088,ACCTNO0000000331,savings,BR00015,FNTK000150,INR,1324486.56,1309508.64,2017-02-13T09:18:56,active,4.31,1000,0,Noah Kara,,EMP000014,2024-03-15T10:47:07,2017-02-13T09:18:56,2022-06-07T03:39:31
ACC000332,CUST000647,ACCTNO0000000332,recurring_deposit,BR00011,FNTK000110,INR,247946.31,227897.09,2024-10-23T13:50:39,active,6.3,500,0,Panini Jain,,EMP000084,2024-11-12T08:00:47,2024-10-23T13:50:39,2025-01-05T10:41:48
ACC000333,CUST000402,ACCTNO0000000333,savings,BR00012,FNTK000120,INR,436238.88,410179.81,2020-05-09T03:19:24,active,6.51,1000,0,Chandran Rattan,,EMP000031,2022-10-26T13:50:54,2020-05-09T03:19:24,2021-11-28T19:05:08
ACC000334,CUST000291,ACCTNO0000000334,current,BR00009,FNTK000090,INR,37615.28,35337.81,2015-03-18T20:43:32,closed,0.0,25000,25000,Madhavi Vig,,EMP000011,2025-12-03T21:09:12,2015-03-18T20:43:32,2019-05-04T22:11:52
ACC000335,CUST000372,ACCTNO0000000335,recurring_deposit,BR00009,FNTK000090,INR,626612.88,573910.1,2017-05-16T10:26:09,active,7.07,500,0,Vamakshi Sidhu,,EMP000006,2024-12-30T09:09:24,2017-05-16T10:26:09,2025-06-09T07:23:50
ACC000336,CUST000156,ACCTNO0000000336,savings,BR00019,FNTK000190,INR,1303973.79,1271543.22,2017-04-16T11:19:34,active,4.97,1000,0,Laban Mital,,EMP000055,2024-01-05T18:43:52,2017-04-16T11:19:34,2025-04-13T11:53:24
ACC000337,CUST000347,ACCTNO0000000337,savings,BR00003,FNTK000030,INR,258977.42,234108.26,2023-06-29T23:06:16,closed,5.6,10000,0,Falan Krishnamurthy,,EMP000038,2026-06-02T23:09:58,2023-06-29T23:06:16,2023-09-18T08:49:16
ACC000338,CUST000046,ACCTNO0000000338,savings,BR00001,FNTK000010,INR,1709674.71,1656319.62,2015-08-11T10:13:10,dormant,6.26,5000,0,Sathvik Bhavsar,,EMP000092,2023-12-31T02:38:34,2015-08-11T10:13:10,2018-01-26T04:37:50
ACC000339,CUST000644,ACCTNO0000000339,savings,BR00014,FNTK000140,INR,556636.07,520251.84,2017-05-04T19:48:07,active,6.54,5000,0,Nirja Dey,,EMP000086,2026-05-22T14:57:08,2017-05-04T19:48:07,2020-11-13T08:42:45
ACC000340,CUST000126,ACCTNO0000000340,current,BR00008,FNTK000080,INR,1908167.42,1828201.87,2022-05-23T06:42:49,active,0.0,25000,10000,Vasana Dyal,,EMP000029,2023-04-09T12:37:54,2022-05-23T06:42:49,2023-10-31T03:36:56
ACC000341,CUST000893,ACCTNO0000000341,salary,BR00007,FNTK000070,INR,1815671.32,1810269.04,2018-03-31T02:52:24,active,3.75,0,0,Mahika Dutta,,EMP000059,2022-12-01T16:12:24,2018-03-31T02:52:24,2023-10-13T10:14:14
ACC000342,CUST000235,ACCTNO0000000342,savings,BR00008,FNTK000080,INR,365388.01,341721.16,2015-09-04T21:12:16,active,6.66,5000,0,Mahika Hari,,EMP000030,2017-01-08T05:27:38,2015-09-04T21:12:16,2024-07-16T15:57:35
ACC000343,CUST000824,ACCTNO0000000343,current,BR00014,FNTK000140,INR,1642134.2,1589863.78,2019-01-01T21:12:38,active,0.0,5000,5000,Inaya Bobal,,EMP000084,2020-08-17T19:49:01,2019-01-01T21:12:38,2021-09-18T04:49:12
ACC000344,CUST000854,ACCTNO0000000344,savings,BR00016,FNTK000160,INR,18638.91,18607.98,2015-12-21T08:41:19,active,6.99,5000,0,Anya Dey,Jatin Doshi,EMP000062,2022-05-08T06:13:05,2015-12-21T08:41:19,2016-01-28T10:51:11
ACC000345,CUST000805,ACCTNO0000000345,salary,BR00019,FNTK000190,INR,1132684.76,1088444.54,2020-01-23T19:20:13,active,4.08,0,0,Sachi Dhar,,EMP000045,2023-12-10T18:16:40,2020-01-23T19:20:13,2023-04-11T20:28:07
ACC000346,CUST000803,ACCTNO0000000346,current,BR00008,FNTK000080,INR,1538550.41,1468828.54,2022-01-20T06:08:34,active,0.0,5000,0,Falak Apte,,EMP000075,2025-02-06T18:36:20,2022-01-20T06:08:34,2022-09-03T22:23:01
ACC000347,CUST000636,ACCTNO0000000347,current,BR00009,FNTK000090,INR,1482297.59,1444981.13,2024-05-25T18:33:50,dormant,0.0,10000,5000,Deepa Viswanathan,,EMP000075,2025-10-24T18:39:12,2024-05-25T18:33:50,2025-10-30T17:40:16
ACC000348,CUST000857,ACCTNO0000000348,savings,BR00020,FNTK000200,INR,1484992.03,1346489.93,2018-03-19T23:01:25,dormant,4.18,0,0,Urishilla Kata,,EMP000027,2023-10-28T18:58:07,2018-03-19T23:01:25,2024-01-27T21:01:41
ACC000349,CUST000486,ACCTNO0000000349,savings,BR00016,FNTK000160,INR,1193300.67,1110798.54,2016-09-10T06:50:40,blocked,3.43,0,0,Chanchal Dash,,EMP000055,2020-08-05T14:13:54,2016-09-10T06:50:40,2023-07-13T14:55:57
ACC000350,CUST000354,ACCTNO0000000350,salary,BR00011,FNTK000110,INR,1885563.07,1835402.32,2015-03-02T23:55:48,active,3.0,0,0,Mitesh Bobal,,EMP000064,2017-08-03T14:34:08,2015-03-02T23:55:48,2017-07-24T01:41:02
ACC000351,CUST000491,ACCTNO0000000351,savings,BR00002,FNTK000020,INR,1738066.6,1736858.1,2023-04-14T06:29:08,active,3.79,10000,0,Anita Baria,,EMP000087,2024-01-07T05:20:50,2023-04-14T06:29:08,2024-03-15T13:25:10
ACC000352,CUST000786,ACCTNO0000000352,current,BR00003,FNTK000030,INR,183352.17,181277.41,2017-05-19T11:30:57,active,0.0,25000,5000,Aadhya Chowdhury,,EMP000040,2024-12-01T22:24:10,2017-05-19T11:30:57,2022-10-29T20:50:08
ACC000353,CUST000833,ACCTNO0000000353,fixed_deposit,BR00006,FNTK000060,INR,21181.82,19998.26,2017-01-15T16:28:38,closed,7.13,10000,0,Pooja Ganguly,,EMP000032,2025-07-07T10:08:51,2017-01-15T16:28:38,2020-09-27T22:05:19
ACC000354,CUST000305,ACCTNO0000000354,savings,BR00004,FNTK000040,INR,1981074.13,1960800.93,2018-07-03T01:45:21,active,6.99,1000,0,Bishakha Kar,,EMP000021,2020-07-20T00:28:06,2018-07-03T01:45:21,2018-12-17T08:13:15
ACC000355,CUST000978,ACCTNO0000000355,salary,BR00019,FNTK000190,INR,1562939.2,1545531.21,2020-09-08T10:47:29,active,3.85,0,0,Gaurang Patil,Warda Sankaran,EMP000031,2025-03-21T00:22:59,2020-09-08T10:47:29,2021-07-02T05:38:07
ACC000356,CUST000345,ACCTNO0000000356,current,BR00012,FNTK000120,INR,1098811.88,1067524.68,2022-02-07T03:23:15,active,0.0,10000,0,Dakshesh Cheema,,EMP000017,2022-09-05T13:07:36,2022-02-07T03:23:15,2026-05-13T01:43:45
ACC000357,CUST000237,ACCTNO0000000357,savings,BR00015,FNTK000150,INR,1087946.73,984106.69,2019-04-21T00:18:33,active,5.07,0,0,Anya Krishnamurthy,,EMP000009,2022-11-30T05:39:51,2019-04-21T00:18:33,2024-09-12T01:09:00
ACC000358,CUST000385,ACCTNO0000000358,current,BR00010,FNTK000100,INR,1520179.13,1454487.93,2018-04-05T07:30:18,active,0.0,5000,25000,Oni Krishnamurthy,,EMP000002,2020-01-16T14:14:13,2018-04-05T07:30:18,2023-11-30T14:06:12
ACC000359,CUST000805,ACCTNO0000000359,savings,BR00009,FNTK000090,INR,1330261.69,1225576.1,2018-03-12T09:01:57,active,3.82,5000,0,Fiyaz Arya,,EMP000014,2018-07-25T04:15:13,2018-03-12T09:01:57,2021-09-10T10:08:34
ACC000360,CUST000330,ACCTNO0000000360,savings,BR00001,FNTK000010,INR,1687693.67,1530001.61,2015-05-10T07:30:52,blocked,5.52,5000,0,Vedika Kibe,,EMP000016,2019-05-05T21:42:05,2015-05-10T07:30:52,2021-01-27T13:29:26
ACC000361,CUST000650,ACCTNO0000000361,savings,BR00016,FNTK000160,INR,39947.4,38988.02,2022-09-29T14:34:50,closed,6.99,5000,0,Timothy Saraf,,EMP000017,2025-08-19T10:06:15,2022-09-29T14:34:50,2023-09-25T00:57:59
ACC000362,CUST000874,ACCTNO0000000362,current,BR00016,FNTK000160,INR,1315588.52,1233729.03,2022-11-24T18:24:28,active,0.0,5000,0,Hemang Sura,,EMP000098,2025-06-13T16:40:11,2022-11-24T18:24:28,2026-02-15T01:30:23
ACC000363,CUST000773,ACCTNO0000000363,current,BR00015,FNTK000150,INR,1118608.6,1061683.34,2023-06-15T02:44:19,active,0.0,25000,25000,Zilmil Raja,,EMP000048,2023-09-21T20:42:46,2023-06-15T02:44:19,2024-05-18T08:35:01
ACC000364,CUST000451,ACCTNO0000000364,current,BR00020,FNTK000200,INR,1580718.71,1507538.51,2016-04-20T02:01:49,active,0.0,5000,5000,Hritik Chaudhari,,EMP000083,2019-01-13T20:51:17,2016-04-20T02:01:49,2017-01-04T07:43:45
ACC000365,CUST000248,ACCTNO0000000365,savings,BR00019,FNTK000190,INR,725685.87,671470.8,2015-08-30T07:28:26,active,4.37,5000,0,Jacob Khare,,EMP000066,2017-02-05T08:10:56,2015-08-30T07:28:26,2026-08-21T10:44:13
ACC000366,CUST000706,ACCTNO0000000366,salary,BR00018,FNTK000180,INR,561098.7,536159.02,2018-10-19T19:50:51,active,3.87,0,0,Oviya Ramesh,,EMP000075,2024-05-23T01:13:30,2018-10-19T19:50:51,2022-03-24T02:17:54
ACC000367,CUST000297,ACCTNO0000000367,salary,BR00004,FNTK000040,INR,495950.13,463606.05,2015-09-06T20:42:15,active,3.47,0,0,Idika Sarraf,,EMP000043,2026-03-24T06:25:45,2015-09-06T20:42:15,2018-12-17T07:04:15
ACC000368,CUST000481,ACCTNO0000000368,fixed_deposit,BR00008,FNTK000080,INR,1278744.53,1235481.39,2024-03-05T07:10:15,active,7.94,10000,0,Baljiwan Rastogi,Atharv Kalita,EMP000036,2025-06-23T03:14:31,2024-03-05T07:10:15,2024-12-27T08:07:33
ACC000369,CUST000794,ACCTNO0000000369,salary,BR00019,FNTK000190,INR,162300.37,151202.27,2022-08-16T03:17:45,active,2.56,0,0,Arjun Narasimhan,,EMP000067,2023-12-16T22:33:52,2022-08-16T03:17:45,2026-03-24T14:08:54
ACC000370,CUST000448,ACCTNO0000000370,savings,BR00003,FNTK000030,INR,1477763.11,1443438.85,2017-05-21T14:57:20,active,3.79,0,0,Brinda Sachar,,EMP000036,2020-07-19T20:04:21,2017-05-21T14:57:20,2018-04-29T10:28:28
ACC000371,CUST000385,ACCTNO0000000371,current,BR00008,FNTK000080,INR,689736.99,667235.68,2020-12-03T21:40:22,active,0.0,25000,10000,Tanmayi Kulkarni,,EMP000098,2021-03-25T18:51:42,2020-12-03T21:40:22,2024-10-02T13:11:51
ACC000372,CUST000007,ACCTNO0000000372,salary,BR00017,FNTK000170,INR,912065.05,900621.13,2022-01-11T09:49:34,blocked,3.58,0,0,Hemangini Pandey,,EMP000022,2023-03-08T03:47:19,2022-01-11T09:49:34,2022-12-06T06:48:22
ACC000373,CUST000565,ACCTNO0000000373,salary,BR00005,FNTK000050,INR,911063.77,881831.04,2015-08-29T11:14:20,active,2.52,0,0,Aradhana Sehgal,,EMP000099,2026-03-08T00:09:15,2015-08-29T11:14:20,2020-12-08T22:49:55
ACC000374,CUST000130,ACCTNO0000000374,current,BR00004,FNTK000040,INR,88513.55,85752.66,2017-02-14T10:49:03,closed,0.0,5000,10000,Ekta Shanker,,EMP000069,2017-05-22T12:51:24,2017-02-14T10:49:03,2021-11-17T03:11:16
ACC000375,CUST000591,ACCTNO0000000375,savings,BR00003,FNTK000030,INR,823621.14,784236.95,2020-04-14T03:46:50,blocked,4.03,10000,0,Naveen Kadakia,,EMP000056,2021-05-10T21:12:28,2020-04-14T03:46:50,2022-10-09T10:34:03
ACC000376,CUST000097,ACCTNO0000000376,savings,BR00019,FNTK000190,INR,208711.24,199290.31,2023-06-19T18:17:17,closed,4.88,0,0,Nandini Pall,,EMP000003,2023-12-19T05:53:54,2023-06-19T18:17:17,2025-08-07T17:12:44
ACC000377,CUST000167,ACCTNO0000000377,current,BR00015,FNTK000150,INR,318275.2,311163.6,2018-12-05T22:50:58,dormant,0.0,5000,10000,Xalak Chakraborty,,EMP000029,2025-08-12T10:35:58,2018-12-05T22:50:58,2025-05-07T18:40:02
ACC000378,CUST000746,ACCTNO0000000378,savings,BR00017,FNTK000170,INR,1322219.98,1264874.6,2020-03-28T13:59:08,active,5.45,10000,0,Indira Yohannan,,EMP000033,2025-05-07T22:51:29,2020-03-28T13:59:08,2026-01-07T03:29:45
ACC000379,CUST000424,ACCTNO0000000379,savings,BR00008,FNTK000080,INR,1597199.25,1519483.75,2015-12-21T11:28:15,active,3.4,5000,0,Edhitha Mohan,,EMP000080,2026-02-02T10:38:47,2015-12-21T11:28:15,2024-06-24T16:21:49
ACC000380,CUST000200,ACCTNO0000000380,fixed_deposit,BR00019,FNTK000190,INR,813847.18,745552.69,2019-06-11T13:18:12,active,7.43,10000,0,Gautam Ravi,,EMP000068,2020-06-22T03:31:25,2019-06-11T13:18:12,2020-05-03T15:42:21
ACC000381,CUST000563,ACCTNO0000000381,fixed_deposit,BR00014,FNTK000140,INR,195556.62,191015.87,2016-01-03T18:43:58,active,7.08,10000,0,Widisha Grewal,,EMP000011,2020-07-03T00:12:06,2016-01-03T18:43:58,2022-01-31T19:09:34
ACC000382,CUST000662,ACCTNO0000000382,current,BR00006,FNTK000060,INR,1579604.63,1494893.03,2016-08-25T02:22:52,dormant,0.0,25000,0,Samaksh Lanka,,EMP000061,2017-08-13T11:22:34,2016-08-25T02:22:52,2017-01-06T03:43:19
ACC000383,CUST000762,ACCTNO0000000383,savings,BR00005,FNTK000050,INR,399631.86,373819.63,2022-10-31T04:02:25,active,4.53,5000,0,Indali Nazareth,,EMP000038,2022-12-14T04:25:27,2022-10-31T04:02:25,2026-04-15T08:54:23
ACC000384,CUST000257,ACCTNO0000000384,salary,BR00005,FNTK000050,INR,419969.88,391210.44,2020-08-16T07:11:53,dormant,4.25,0,0,Janaki Dutta,,EMP000027,2021-09-03T21:57:01,2020-08-16T07:11:53,2021-03-31T05:25:02
ACC000385,CUST000836,ACCTNO0000000385,salary,BR00001,FNTK000010,INR,227085.29,218911.98,2016-02-17T23:27:11,active,2.56,0,0,Ekantika Babu,Ranveer Mukherjee,EMP000014,2020-05-07T01:00:51,2016-02-17T23:27:11,2022-12-20T23:42:58
ACC000386,CUST000417,ACCTNO0000000386,current,BR00006,FNTK000060,INR,1743575.07,1582361.92,2015-07-25T08:33:42,active,0.0,10000,10000,Pranav Rao,,EMP000083,2022-10-09T22:54:38,2015-07-25T08:33:42,2023-01-04T08:54:51
ACC000387,CUST000073,ACCTNO0000000387,current,BR00005,FNTK000050,INR,168161.44,156658.57,2021-03-21T08:53:18,closed,0.0,5000,25000,Rushil Chander,,EMP000053,2022-02-21T23:44:40,2021-03-21T08:53:18,2023-11-17T19:15:37
ACC000388,CUST000634,ACCTNO0000000388,current,BR00014,FNTK000140,INR,1471770.9,1441173.7,2020-04-17T00:03:45,active,0.0,10000,0,Nidhi Lall,,EMP000043,2022-12-20T09:06:48,2020-04-17T00:03:45,2022-01-28T09:00:42
ACC000389,CUST000915,ACCTNO0000000389,savings,BR00005,FNTK000050,INR,803550.69,781038.14,2020-05-22T02:15:00,dormant,5.5,1000,0,Harini Walia,Mekhala Deol,EMP000014,2022-09-07T01:23:53,2020-05-22T02:15:00,2025-08-05T15:19:20
ACC000390,CUST000148,ACCTNO0000000390,current,BR00007,FNTK000070,INR,370029.98,337969.34,2020-04-16T03:26:46,blocked,0.0,5000,10000,Hemang Memon,,EMP000076,2022-03-31T16:44:01,2020-04-16T03:26:46,2023-04-01T18:15:24
ACC000391,CUST000343,ACCTNO0000000391,current,BR00017,FNTK000170,INR,363504.79,328254.27,2020-09-01T19:14:38,active,0.0,25000,0,Ekiya Kar,,EMP000064,2023-05-12T01:15:53,2020-09-01T19:14:38,2021-01-21T09:16:29
ACC000392,CUST000017,ACCTNO0000000392,fixed_deposit,BR00015,FNTK000150,INR,185179.6,181629.62,2023-08-26T14:04:25,active,7.22,10000,0,Banjeet Korpal,,EMP000038,2024-03-17T21:06:56,2023-08-26T14:04:25,2025-03-04T22:04:23
ACC000393,CUST000197,ACCTNO0000000393,savings,BR00009,FNTK000090,INR,982427.37,912210.75,2023-01-20T08:42:52,active,6.64,10000,0,Anusha Bal,,EMP000034,2026-06-07T07:14:51,2023-01-20T08:42:52,2025-07-20T16:51:49
ACC000394,CUST000679,ACCTNO0000000394,savings,BR00001,FNTK000010,INR,97617.68,91629.15,2019-10-21T05:22:14,active,5.13,0,0,Udarsh Kanda,,EMP000018,2023-02-14T10:53:55,2019-10-21T05:22:14,2022-05-02T23:52:00
ACC000395,CUST000884,ACCTNO0000000395,current,BR00007,FNTK000070,INR,1614392.58,1533162.66,2022-10-13T15:32:12,active,0.0,10000,5000,Upkaar Sarraf,,EMP000072,2024-04-11T21:29:08,2022-10-13T15:32:12,2026-08-16T17:43:49
ACC000396,CUST000174,ACCTNO0000000396,current,BR00005,FNTK000050,INR,1167705.1,1065096.92,2021-06-18T05:42:49,active,0.0,5000,10000,Maanav Arora,Yagnesh Bail,EMP000021,2024-07-12T03:40:02,2021-06-18T05:42:49,2023-08-14T03:43:35
ACC000397,CUST000528,ACCTNO0000000397,salary,BR00002,FNTK000020,INR,1206104.49,1096660.14,2018-05-16T01:07:21,active,3.37,0,0,Reva Sachdeva,,EMP000079,2025-08-21T16:22:02,2018-05-16T01:07:21,2025-04-18T20:41:57
ACC000398,CUST000907,ACCTNO0000000398,savings,BR00019,FNTK000190,INR,71853.28,65697.78,2019-04-21T07:03:08,dormant,6.81,10000,0,Nitara Grewal,,EMP000014,2025-04-24T19:33:27,2019-04-21T07:03:08,2023-05-12T01:05:28
ACC000399,CUST000075,ACCTNO0000000399,savings,BR00012,FNTK000120,INR,435213.24,394247.38,2021-09-15T17:36:25,active,6.3,0,0,Lila Lal,,EMP000089,2024-03-26T22:29:16,2021-09-15T17:36:25,2023-10-21T15:51:52
ACC000400,CUST000248,ACCTNO0000000400,current,BR00005,FNTK000050,INR,1895993.27,1793596.21,2024-01-14T12:52:48,active,0.0,10000,10000,Adya Sankar,,EMP000032,2025-11-08T10:45:05,2024-01-14T12:52:48,2024-06-03T14:20:58
ACC000401,CUST000393,ACCTNO0000000401,salary,BR00009,FNTK000090,INR,1139817.63,1064147.79,2019-07-03T03:18:55,active,4.1,0,0,Janya Keer,,EMP000096,2022-07-08T01:08:04,2019-07-03T03:18:55,2025-07-20T22:17:21
ACC000402,CUST000729,ACCTNO0000000402,current,BR00007,FNTK000070,INR,350734.94,341112.45,2023-08-17T20:21:07,dormant,0.0,5000,25000,Ishanvi Bose,,EMP000037,2026-07-10T19:53:05,2023-08-17T20:21:07,2026-06-06T04:14:18
ACC000403,CUST000172,ACCTNO0000000403,salary,BR00005,FNTK000050,INR,1058167.27,1042295.45,2016-10-23T14:00:56,active,4.36,0,0,Ekanta Koshy,,EMP000004,2019-07-23T11:56:09,2016-10-23T14:00:56,2020-06-09T20:13:33
ACC000404,CUST000731,ACCTNO0000000404,current,BR00015,FNTK000150,INR,781051.16,734864.09,2017-03-14T16:50:27,active,0.0,10000,10000,Gopal Tripathi,,EMP000099,2021-11-28T12:12:21,2017-03-14T16:50:27,2017-11-20T22:56:03
ACC000405,CUST000760,ACCTNO0000000405,savings,BR00006,FNTK000060,INR,203101.74,194011.54,2020-09-21T01:06:15,blocked,3.93,5000,0,Dipta Cheema,Ijaya Kapur,EMP000016,2020-11-09T11:18:26,2020-09-21T01:06:15,2023-09-14T03:01:44
ACC000406,CUST000721,ACCTNO0000000406,savings,BR00010,FNTK000100,INR,76684.24,74223.99,2017-03-26T14:27:25,active,4.35,1000,0,Amruta Bera,,EMP000068,2019-07-12T10:02:27,2017-03-26T14:27:25,2024-10-04T06:58:32
ACC000407,CUST000140,ACCTNO0000000407,salary,BR00009,FNTK000090,INR,963038.34,884315.77,2023-05-06T00:59:52,blocked,3.75,0,0,Raksha Tank,,EMP000034,2024-04-07T04:12:00,2023-05-06T00:59:52,2026-07-17T05:54:23
ACC000408,CUST000121,ACCTNO0000000408,savings,BR00005,FNTK000050,INR,1463086.48,1421454.58,2022-10-09T11:56:12,active,5.08,1000,0,Dhruv Garg,,EMP000054,2026-01-17T05:47:48,2022-10-09T11:56:12,2025-12-11T15:36:42
ACC000409,CUST000470,ACCTNO0000000409,current,BR00005,FNTK000050,INR,86923.32,81528.47,2020-11-11T23:15:57,active,0.0,5000,25000,Saumya Bhandari,,EMP000022,2021-06-10T08:15:22,2020-11-11T23:15:57,2023-01-20T20:51:04
ACC000410,CUST000520,ACCTNO0000000410,savings,BR00019,FNTK000190,INR,1913262.42,1849451.86,2019-04-12T00:39:23,active,4.53,10000,0,Vansha Divan,,EMP000044,2021-02-12T21:44:20,2019-04-12T00:39:23,2023-07-03T06:39:40
ACC000411,CUST000294,ACCTNO0000000411,savings,BR00001,FNTK000010,INR,223686.01,209282.79,2023-02-08T06:18:52,blocked,3.02,1000,0,Irya Bhattacharyya,,EMP000025,2023-05-21T00:04:59,2023-02-08T06:18:52,2025-06-21T03:44:20
ACC000412,CUST000728,ACCTNO0000000412,current,BR00020,FNTK000200,INR,112961.79,104033.21,2024-09-01T13:40:43,active,0.0,10000,5000,Zayyan Bala,,EMP000030,2024-11-22T11:24:55,2024-09-01T13:40:43,2024-12-11T16:23:14
ACC000413,CUST000150,ACCTNO0000000413,current,BR00017,FNTK000170,INR,222623.04,207927.37,2019-09-06T18:24:00,closed,0.0,5000,5000,Raagini Deol,,EMP000059,2025-05-18T21:24:46,2019-09-06T18:24:00,2022-11-09T00:06:59
ACC000414,CUST000054,ACCTNO0000000414,current,BR00018,FNTK000180,INR,320020.81,310938.04,2015-06-16T12:45:31,dormant,0.0,25000,0,Tanveer Seth,,EMP000061,2018-01-08T05:14:01,2015-06-16T12:45:31,2018-05-25T09:46:20
ACC000415,CUST000653,ACCTNO0000000415,savings,BR00004,FNTK000040,INR,1742822.04,1659593.0,2023-02-15T15:14:51,active,6.38,0,0,Daksha Narayanan,,EMP000045,2023-11-22T05:40:29,2023-02-15T15:14:51,2024-03-02T17:05:50
ACC000416,CUST000467,ACCTNO0000000416,current,BR00002,FNTK000020,INR,841715.34,768604.36,2020-07-02T05:17:52,active,0.0,25000,5000,Yashoda Ray,Divya Ahuja,EMP000042,2025-10-12T14:39:18,2020-07-02T05:17:52,2025-10-22T09:58:23
ACC000417,CUST000182,ACCTNO0000000417,current,BR00015,FNTK000150,INR,923186.83,903759.27,2020-12-19T16:03:05,active,0.0,5000,0,Ishita Dar,,EMP000026,2021-01-31T10:06:58,2020-12-19T16:03:05,2025-08-26T22:33:03
ACC000418,CUST000705,ACCTNO0000000418,current,BR00010,FNTK000100,INR,1772548.9,1761729.08,2022-05-20T11:07:48,active,0.0,5000,25000,Devansh Wagle,,EMP000022,2024-10-05T09:16:19,2022-05-20T11:07:48,2023-06-02T18:30:50
ACC000419,CUST000225,ACCTNO0000000419,fixed_deposit,BR00018,FNTK000180,INR,133110.55,125432.69,2015-10-20T12:58:41,closed,7.8,10000,0,Neel Hayer,,EMP000063,2021-04-28T04:10:32,2015-10-20T12:58:41,2021-08-06T10:08:06
ACC000420,CUST000169,ACCTNO0000000420,current,BR00004,FNTK000040,INR,694089.57,645757.39,2015-01-31T08:39:12,active,0.0,25000,0,Praneel Golla,,EMP000057,2018-01-28T20:01:25,2015-01-31T08:39:12,2019-04-22T01:08:48
ACC000421,CUST000677,ACCTNO0000000421,savings,BR00017,FNTK000170,INR,891180.75,840316.48,2021-09-10T04:01:23,active,4.36,1000,0,Warda Dar,,EMP000016,2024-02-22T01:17:24,2021-09-10T04:01:23,2022-11-01T12:39:05
ACC000422,CUST000264,ACCTNO0000000422,savings,BR00011,FNTK000110,INR,1532038.77,1518756.69,2018-11-05T02:23:49,dormant,5.73,5000,0,Gaurav Chandra,,EMP000052,2020-02-02T10:35:10,2018-11-05T02:23:49,2019-09-30T13:43:30
ACC000423,CUST000266,ACCTNO0000000423,current,BR00007,FNTK000070,INR,1213500.54,1196306.95,2018-04-16T14:44:25,active,0.0,10000,10000,Lila Reddy,,EMP000092,2024-09-08T11:37:21,2018-04-16T14:44:25,2025-10-31T08:19:30
ACC000424,CUST000845,ACCTNO0000000424,savings,BR00018,FNTK000180,INR,1116266.41,1079654.62,2015-07-28T05:42:41,active,5.78,10000,0,Urvi Devi,,EMP000095,2021-09-10T14:12:22,2015-07-28T05:42:41,2024-08-20T13:17:09
ACC000425,CUST000374,ACCTNO0000000425,savings,BR00014,FNTK000140,INR,109202.78,103281.04,2016-04-13T08:55:55,active,3.6,0,0,Qadim Char,,EMP000012,2024-11-09T03:24:47,2016-04-13T08:55:55,2023-11-24T15:46:16
ACC000426,CUST000070,ACCTNO0000000426,current,BR00011,FNTK000110,INR,1232021.57,1135508.24,2022-08-28T07:20:43,active,0.0,25000,25000,Isha Goel,Zayyan Tata,EMP000021,2023-11-04T07:30:45,2022-08-28T07:20:43,2025-02-06T12:33:49
ACC000427,CUST000244,ACCTNO0000000427,savings,BR00020,FNTK000200,INR,715966.35,681710.01,2022-05-03T03:15:16,dormant,3.59,5000,0,Qarin Lad,,EMP000032,2026-01-24T15:09:02,2022-05-03T03:15:16,2022-06-17T11:09:38
ACC000428,CUST000658,ACCTNO0000000428,savings,BR00007,FNTK000070,INR,1260249.69,1183245.7,2015-09-02T01:29:24,active,3.27,10000,0,Sai Karan,,EMP000058,2022-01-07T11:31:56,2015-09-02T01:29:24,2022-05-15T17:56:28
ACC000429,CUST000138,ACCTNO0000000429,salary,BR00019,FNTK000190,INR,1799870.13,1645002.42,2022-05-09T00:50:17,active,2.6,0,0,Finn Nori,,EMP000100,2024-03-24T08:10:22,2022-05-09T00:50:17,2023-09-15T03:22:48
ACC000430,CUST000422,ACCTNO0000000430,current,BR00012,FNTK000120,INR,244441.54,229515.75,2020-10-27T21:54:43,active,0.0,10000,25000,Girindra Viswanathan,,EMP000010,2022-02-19T07:17:41,2020-10-27T21:54:43,2022-12-11T01:13:53
ACC000431,CUST000891,ACCTNO0000000431,savings,BR00019,FNTK000190,INR,1322866.14,1236737.82,2020-10-22T11:16:07,active,5.35,10000,0,Anmol Bhat,,EMP000019,2023-05-27T20:50:33,2020-10-22T11:16:07,2022-05-09T18:29:08
ACC000432,CUST000571,ACCTNO0000000432,savings,BR00001,FNTK000010,INR,1160667.62,1146212.86,2015-05-03T13:00:09,active,4.33,0,0,Kashvi Chandran,,EMP000069,2018-12-16T04:35:54,2015-05-03T13:00:09,2022-04-07T04:40:01
ACC000433,CUST000993,ACCTNO0000000433,current,BR00009,FNTK000090,INR,408358.34,370510.66,2018-07-01T04:15:00,active,0.0,5000,5000,Aarav Wadhwa,,EMP000052,2021-05-17T11:31:40,2018-07-01T04:15:00,2024-01-23T19:37:01
ACC000434,CUST000464,ACCTNO0000000434,savings,BR00018,FNTK000180,INR,1467229.86,1359677.16,2020-07-01T03:41:29,active,6.56,10000,0,Aayush Narain,,EMP000057,2026-08-16T12:16:19,2020-07-01T03:41:29,2024-04-01T21:15:09
ACC000435,CUST000094,ACCTNO0000000435,salary,BR00014,FNTK000140,INR,1602536.28,1449330.06,2023-06-24T13:06:13,active,3.5,0,0,Damini Bala,,EMP000013,2024-08-29T09:33:47,2023-06-24T13:06:13,2024-06-30T18:32:17
ACC000436,CUST000331,ACCTNO0000000436,savings,BR00003,FNTK000030,INR,1467845.01,1428150.35,2015-11-13T04:01:55,active,5.64,5000,0,Ekaraj Gera,,EMP000037,2019-03-21T03:06:41,2015-11-13T04:01:55,2022-06-17T03:05:53
ACC000437,CUST000783,ACCTNO0000000437,current,BR00015,FNTK000150,INR,1009949.25,953055.07,2021-06-29T00:49:33,active,0.0,5000,0,Wishi Gopal,,EMP000062,2025-08-28T18:25:13,2021-06-29T00:49:33,2024-01-20T08:47:56
ACC000438,CUST000598,ACCTNO0000000438,salary,BR00017,FNTK000170,INR,1944471.29,1835022.2,2019-05-04T07:23:21,active,2.74,0,0,Hemani Chatterjee,,EMP000098,2023-12-04T14:05:25,2019-05-04T07:23:21,2025-07-02T01:02:23
ACC000439,CUST000870,ACCTNO0000000439,current,BR00008,FNTK000080,INR,1016749.98,978903.22,2017-11-24T10:55:51,active,0.0,10000,10000,Kavya Goel,,EMP000094,2026-06-16T16:36:32,2017-11-24T10:55:51,2026-05-31T21:19:21
ACC000440,CUST000453,ACCTNO0000000440,current,BR00003,FNTK000030,INR,1154608.04,1112233.1,2019-05-24T15:22:59,active,0.0,25000,5000,Peter Tripathi,,EMP000029,2024-04-17T23:05:12,2019-05-24T15:22:59,2024-05-15T21:23:01
ACC000441,CUST000186,ACCTNO0000000441,salary,BR00019,FNTK000190,INR,245345.94,240082.79,2017-09-16T07:52:16,active,2.53,0,0,Sai Balasubramanian,,EMP000016,2021-04-23T07:12:01,2017-09-16T07:52:16,2020-01-25T15:13:15
ACC000442,CUST000620,ACCTNO0000000442,current,BR00012,FNTK000120,INR,535670.79,504597.04,2019-08-25T00:16:30,active,0.0,25000,25000,Jai Muni,Hritik Palla,EMP000086,2021-11-28T04:36:03,2019-08-25T00:16:30,2020-08-02T04:59:31
ACC000443,CUST000989,ACCTNO0000000443,salary,BR00010,FNTK000100,INR,781175.55,727715.86,2021-06-18T10:23:50,active,3.6,0,0,Zarna Ganesh,,EMP000074,2022-03-08T00:35:17,2021-06-18T10:23:50,2022-04-21T04:16:54
ACC000444,CUST000978,ACCTNO0000000444,savings,BR00013,FNTK000130,INR,883141.52,838238.2,2020-04-10T23:57:10,dormant,6.15,5000,0,Widisha Hans,,EMP000058,2023-09-04T04:43:25,2020-04-10T23:57:10,2023-06-12T03:17:48
ACC000445,CUST000953,ACCTNO0000000445,salary,BR00009,FNTK000090,INR,801741.42,760103.62,2021-07-19T11:30:35,active,3.29,0,0,Geetika Sha,,EMP000017,2021-08-14T15:23:56,2021-07-19T11:30:35,2025-10-20T08:11:56
ACC000446,CUST000505,ACCTNO0000000446,current,BR00011,FNTK000110,INR,885685.91,875098.76,2017-05-17T22:20:25,blocked,0.0,25000,5000,Sara Dada,Hamsini Koshy,EMP000047,2018-06-07T07:53:20,2017-05-17T22:20:25,2022-04-08T12:09:02
ACC000447,CUST000849,ACCTNO0000000447,current,BR00018,FNTK000180,INR,290360.6,275879.71,2023-06-04T11:50:34,active,0.0,25000,5000,Lohit Khatri,,EMP000039,2026-07-28T15:58:43,2023-06-04T11:50:34,2024-08-06T01:10:09
ACC000448,CUST000828,ACCTNO0000000448,savings,BR00014,FNTK000140,INR,1386221.59,1371030.15,2016-04-23T11:48:57,active,3.68,5000,0,Raghav Raval,,EMP000060,2020-04-05T01:57:18,2016-04-23T11:48:57,2025-04-06T02:26:19
ACC000449,CUST000638,ACCTNO0000000449,savings,BR00016,FNTK000160,INR,759807.09,694440.33,2015-08-04T14:59:46,active,4.66,0,0,Ishita Bhargava,,EMP000026,2025-07-12T10:41:28,2015-08-04T14:59:46,2016-03-24T03:55:12
ACC000450,CUST000265,ACCTNO0000000450,savings,BR00007,FNTK000070,INR,498107.56,452728.07,2016-06-29T01:46:08,dormant,5.79,5000,0,Hardik Venkatesh,,EMP000031,2020-08-09T15:45:05,2016-06-29T01:46:08,2016-10-30T05:16:23
ACC000451,CUST000434,ACCTNO0000000451,fixed_deposit,BR00017,FNTK000170,INR,1603933.02,1485698.31,2016-11-27T04:21:44,active,6.54,10000,0,Ekani Vyas,,EMP000065,2025-12-14T12:42:25,2016-11-27T04:21:44,2022-05-29T14:46:18
ACC000452,CUST000544,ACCTNO0000000452,savings,BR00012,FNTK000120,INR,1393362.58,1275411.61,2021-04-27T14:40:15,active,4.57,1000,0,Sai Mandal,,EMP000036,2022-12-17T19:09:19,2021-04-27T14:40:15,2024-10-28T20:41:55
ACC000453,CUST000753,ACCTNO0000000453,current,BR00017,FNTK000170,INR,212253.4,195509.17,2020-11-22T17:11:28,closed,0.0,10000,0,Krishna Sem,,EMP000074,2025-07-16T17:20:40,2020-11-22T17:11:28,2022-08-05T05:18:32
ACC000454,CUST000224,ACCTNO0000000454,current,BR00012,FNTK000120,INR,502033.4,500471.04,2016-07-06T23:29:27,active,0.0,25000,25000,Brinda Sandhu,,EMP000056,2020-09-21T12:50:25,2016-07-06T23:29:27,2019-12-22T10:48:43
ACC000455,CUST000404,ACCTNO0000000455,salary,BR00018,FNTK000180,INR,710802.45,670810.08,2024-10-13T23:14:00,active,3.0,0,0,Radhika Purohit,,EMP000069,2025-01-31T09:10:28,2024-10-13T23:14:00,2025-06-24T23:20:31
ACC000456,CUST000432,ACCTNO0000000456,fixed_deposit,BR00020,FNTK000200,INR,1388076.19,1334597.48,2015-10-13T06:37:59,active,7.67,10000,0,Vritti Bajwa,,EMP000095,2023-02-18T15:44:48,2015-10-13T06:37:59,2017-12-22T06:56:56
ACC000457,CUST000358,ACCTNO0000000457,savings,BR00006,FNTK000060,INR,847601.2,813011.54,2020-03-19T15:24:13,active,4.57,10000,0,Hemang Nagy,,EMP000069,2022-08-18T20:47:27,2020-03-19T15:24:13,2021-05-20T11:48:29
ACC000458,CUST000408,ACCTNO0000000458,savings,BR00015,FNTK000150,INR,1932542.17,1776245.76,2016-12-27T12:45:52,blocked,4.93,10000,0,Lopa Mohan,,EMP000078,2017-10-25T14:15:27,2016-12-27T12:45:52,2018-07-12T14:31:11
ACC000459,CUST000103,ACCTNO0000000459,salary,BR00020,FNTK000200,INR,1626380.43,1587185.01,2023-05-31T10:12:18,active,3.86,0,0,Bhavna Bhakta,,EMP000041,2026-06-23T08:51:37,2023-05-31T10:12:18,2026-07-25T20:21:56
ACC000460,CUST000108,ACCTNO0000000460,current,BR00015,FNTK000150,INR,1082352.85,991310.25,2015-02-26T02:24:29,active,0.0,5000,5000,Raghav Chakraborty,,EMP000047,2025-12-27T22:02:39,2015-02-26T02:24:29,2016-06-07T13:44:42
ACC000461,CUST000666,ACCTNO0000000461,current,BR00006,FNTK000060,INR,1598106.7,1570341.17,2020-12-26T06:36:54,active,0.0,25000,10000,Oscar Murthy,,EMP000024,2022-04-07T21:02:01,2020-12-26T06:36:54,2021-04-16T00:58:09
ACC000462,CUST000282,ACCTNO0000000462,savings,BR00008,FNTK000080,INR,1264707.18,1214324.48,2021-12-10T10:29:18,active,6.94,1000,0,Ayaan Batta,,EMP000067,2023-04-08T01:15:19,2021-12-10T10:29:18,2024-05-23T01:30:40
ACC000463,CUST000014,ACCTNO0000000463,savings,BR00018,FNTK000180,INR,484961.79,440895.43,2017-03-07T18:33:25,active,4.11,5000,0,Lekha Guha,,EMP000083,2025-08-05T14:07:39,2017-03-07T18:33:25,2022-07-10T03:33:13
ACC000464,CUST000122,ACCTNO0000000464,savings,BR00009,FNTK000090,INR,135763.8,134324.28,2023-12-19T23:49:07,blocked,3.25,5000,0,Charles Saraf,,EMP000068,2025-03-26T04:23:02,2023-12-19T23:49:07,2024-10-09T13:36:18
ACC000465,CUST000280,ACCTNO0000000465,salary,BR00001,FNTK000010,INR,560039.69,546596.88,2023-04-20T10:49:59,active,3.99,0,0,Yashoda Prabhakar,,EMP000032,2024-01-31T10:26:34,2023-04-20T10:49:59,2025-06-29T05:44:41
ACC000466,CUST000385,ACCTNO0000000466,savings,BR00009,FNTK000090,INR,58642.55,54360.65,2024-08-11T19:44:41,active,4.21,10000,0,Tanish Chaudhary,,EMP000012,2024-08-30T12:02:29,2024-08-11T19:44:41,2026-07-17T13:01:05
ACC000467,CUST000122,ACCTNO0000000467,current,BR00008,FNTK000080,INR,1125592.87,1089312.58,2016-08-20T17:16:51,active,0.0,25000,5000,Quincy Kant,,EMP000017,2024-12-15T00:45:09,2016-08-20T17:16:51,2024-09-17T11:55:47
ACC000468,CUST000201,ACCTNO0000000468,current,BR00015,FNTK000150,INR,692863.61,651141.92,2022-06-03T05:39:52,active,0.0,10000,25000,Elijah Jani,,EMP000046,2024-06-11T09:20:35,2022-06-03T05:39:52,2026-06-13T08:53:26
ACC000469,CUST000314,ACCTNO0000000469,savings,BR00004,FNTK000040,INR,576201.1,528936.73,2024-06-25T15:56:21,active,4.56,0,0,Samuel Aurora,,EMP000044,2025-07-14T11:07:14,2024-06-25T15:56:21,2025-05-29T00:05:38
ACC000470,CUST000179,ACCTNO0000000470,salary,BR00006,FNTK000060,INR,1214432.94,1149177.98,2017-03-03T11:40:34,active,2.6,0,0,Lakshmi Jha,,EMP000009,2023-01-19T21:01:17,2017-03-03T11:40:34,2018-03-04T06:52:35
ACC000471,CUST000908,ACCTNO0000000471,fixed_deposit,BR00008,FNTK000080,INR,1662707.95,1602283.09,2019-05-02T13:08:03,active,7.64,10000,0,Bina Agrawal,,EMP000061,2024-08-05T20:59:41,2019-05-02T13:08:03,2026-08-08T22:32:36
ACC000472,CUST000873,ACCTNO0000000472,salary,BR00010,FNTK000100,INR,151273.96,148435.4,2020-08-16T01:02:35,closed,3.45,0,0,Ganga Goel,,EMP000073,2021-03-21T02:59:06,2020-08-16T01:02:35,2021-09-28T21:39:44
ACC000473,CUST000228,ACCTNO0000000473,current,BR00004,FNTK000040,INR,902594.84,874493.08,2015-09-27T16:27:05,active,0.0,5000,0,Vedant Prabhu,,EMP000057,2021-08-20T14:46:01,2015-09-27T16:27:05,2025-12-08T13:33:54
ACC000474,CUST000256,ACCTNO0000000474,savings,BR00003,FNTK000030,INR,926609.25,921877.52,2021-03-03T07:32:29,active,6.21,5000,0,Chaitanya Dugal,Yatin Kuruvilla,EMP000095,2021-12-06T14:31:55,2021-03-03T07:32:29,2024-10-02T15:04:26
ACC000475,CUST000413,ACCTNO0000000475,fixed_deposit,BR00013,FNTK000130,INR,76856.9,75753.04,2018-01-06T13:12:49,active,7.94,10000,0,Dayita Jayaraman,,EMP000012,2018-10-18T12:04:39,2018-01-06T13:12:49,2018-01-30T12:09:16
ACC000476,CUST000029,ACCTNO0000000476,salary,BR00007,FNTK000070,INR,787748.07,739876.3,2018-03-24T01:40:25,dormant,3.08,0,0,Nimrat Anne,,EMP000021,2024-08-05T08:25:24,2018-03-24T01:40:25,2024-11-04T15:47:30
ACC000477,CUST000525,ACCTNO0000000477,current,BR00001,FNTK000010,INR,303234.82,292061.85,2016-07-31T06:57:18,dormant,0.0,10000,25000,Odika Purohit,,EMP000022,2024-02-03T06:46:02,2016-07-31T06:57:18,2023-05-09T05:03:31
ACC000478,CUST000039,ACCTNO0000000478,salary,BR00002,FNTK000020,INR,923631.15,909516.08,2017-09-03T20:56:19,active,3.51,0,0,Ranveer Sura,,EMP000058,2023-02-10T20:17:13,2017-09-03T20:56:19,2025-11-18T10:12:11
ACC000479,CUST000253,ACCTNO0000000479,savings,BR00012,FNTK000120,INR,1081273.64,996723.16,2018-09-18T11:09:02,active,3.06,1000,0,Advaith Rana,,EMP000008,2024-05-17T09:59:41,2018-09-18T11:09:02,2022-04-24T15:59:22
ACC000480,CUST000674,ACCTNO0000000480,savings,BR00016,FNTK000160,INR,193616.62,192296.68,2020-10-26T18:37:03,closed,6.54,10000,0,Saumya Dave,,EMP000048,2025-07-06T07:35:19,2020-10-26T18:37:03,2024-05-02T12:08:19
ACC000481,CUST000470,ACCTNO0000000481,savings,BR00008,FNTK000080,INR,1311902.81,1218665.21,2020-04-04T11:17:24,active,6.21,10000,0,Ekavir Contractor,,EMP000029,2021-10-27T13:11:38,2020-04-04T11:17:24,2026-04-24T18:18:42
ACC000482,CUST000978,ACCTNO0000000482,savings,BR00003,FNTK000030,INR,1876857.54,1751893.51,2022-01-10T23:18:06,active,5.99,5000,0,Nathan Suresh,,EMP000043,2023-01-22T04:14:09,2022-01-10T23:18:06,2025-12-27T08:26:05
ACC000483,CUST000654,ACCTNO0000000483,savings,BR00016,FNTK000160,INR,220909.44,207563.93,2016-02-27T10:39:47,active,5.7,5000,0,Qadim Yadav,,EMP000073,2022-04-19T04:32:58,2016-02-27T10:39:47,2026-01-08T21:58:46
ACC000484,CUST000572,ACCTNO0000000484,savings,BR00008,FNTK000080,INR,1571282.12,1524982.58,2015-03-20T08:06:00,dormant,4.79,0,0,Oliver Kunda,,EMP000024,2024-11-25T06:32:39,2015-03-20T08:06:00,2021-12-08T18:51:32
ACC000485,CUST000489,ACCTNO0000000485,salary,BR00019,FNTK000190,INR,176551.4,161716.77,2017-05-17T21:21:44,active,4.44,0,0,Bhavani Yadav,,EMP000012,2021-11-23T01:19:10,2017-05-17T21:21:44,2023-02-19T07:51:07
ACC000486,CUST000745,ACCTNO0000000486,savings,BR00005,FNTK000050,INR,906865.13,837023.11,2021-04-07T07:49:33,blocked,4.59,1000,0,Bhavani Lal,Jagdish Rana,EMP000009,2023-09-08T23:35:35,2021-04-07T07:49:33,2022-06-28T11:24:52
ACC000487,CUST000411,ACCTNO0000000487,fixed_deposit,BR00016,FNTK000160,INR,377922.11,341877.35,2015-12-23T18:44:25,active,6.65,10000,0,Gabriel Tank,,EMP000020,2019-01-08T15:53:11,2015-12-23T18:44:25,2026-01-08T00:14:48
ACC000488,CUST000404,ACCTNO0000000488,current,BR00005,FNTK000050,INR,1280364.73,1192198.46,2018-05-29T17:17:56,active,0.0,10000,5000,Joshua Vasa,,EMP000022,2023-07-29T17:00:39,2018-05-29T17:17:56,2023-11-01T19:08:47
ACC000489,CUST000060,ACCTNO0000000489,savings,BR00018,FNTK000180,INR,1796562.14,1663670.42,2020-03-14T00:09:43,active,4.84,10000,0,Upasna Srinivas,,EMP000083,2025-11-17T05:07:32,2020-03-14T00:09:43,2025-03-26T04:37:06
ACC000490,CUST000299,ACCTNO0000000490,salary,BR00015,FNTK000150,INR,1842295.6,1757273.11,2015-12-05T05:58:03,active,2.92,0,0,Isaac Karnik,,EMP000038,2024-05-30T20:29:19,2015-12-05T05:58:03,2022-10-12T14:57:27
ACC000491,CUST000436,ACCTNO0000000491,current,BR00010,FNTK000100,INR,1016501.93,945697.31,2015-11-09T12:53:49,active,0.0,10000,25000,Lipika Gour,,EMP000049,2026-03-11T19:44:20,2015-11-09T12:53:49,2021-02-08T03:48:34
ACC000492,CUST000550,ACCTNO0000000492,current,BR00010,FNTK000100,INR,1936316.3,1783417.33,2015-01-31T06:49:58,active,0.0,25000,25000,Ekansh Khurana,,EMP000088,2021-02-20T06:33:58,2015-01-31T06:49:58,2015-05-13T04:34:22
ACC000493,CUST000101,ACCTNO0000000493,current,BR00014,FNTK000140,INR,1576388.05,1444786.03,2018-01-28T06:00:30,active,0.0,10000,25000,Kamala Sarma,,EMP000049,2024-07-18T11:50:57,2018-01-28T06:00:30,2020-07-25T14:14:13
ACC000494,CUST000654,ACCTNO0000000494,savings,BR00006,FNTK000060,INR,898612.17,852588.99,2017-06-06T00:56:09,blocked,5.53,5000,0,Riya Barman,,EMP000053,2026-08-15T07:53:56,2017-06-06T00:56:09,2020-03-31T07:59:31
ACC000495,CUST000197,ACCTNO0000000495,current,BR00008,FNTK000080,INR,361903.11,334880.36,2019-08-08T17:11:16,active,0.0,10000,10000,Shivansh Nadkarni,,EMP000056,2023-02-21T18:22:59,2019-08-08T17:11:16,2022-12-26T12:08:34
ACC000496,CUST000292,ACCTNO0000000496,savings,BR00002,FNTK000020,INR,182998.92,182638.79,2020-01-28T08:04:46,active,6.48,10000,0,Akshay Dua,,EMP000065,2024-09-28T16:50:30,2020-01-28T08:04:46,2023-05-11T22:46:45
ACC000497,CUST000049,ACCTNO0000000497,salary,BR00020,FNTK000200,INR,1911457.8,1905144.08,2023-11-17T05:06:27,active,3.04,0,0,Zashil Gill,,EMP000033,2023-12-16T17:42:54,2023-11-17T05:06:27,2024-12-03T01:33:04
ACC000498,CUST000448,ACCTNO0000000498,current,BR00014,FNTK000140,INR,1042682.23,1003225.38,2021-02-16T08:52:58,dormant,0.0,5000,10000,Turvi Iyer,,EMP000012,2023-01-30T13:12:58,2021-02-16T08:52:58,2023-09-05T11:48:44
ACC000499,CUST000282,ACCTNO0000000499,savings,BR00008,FNTK000080,INR,1391111.09,1372863.47,2024-03-10T21:17:09,blocked,5.18,1000,0,Mahika Rai,,EMP000016,2025-11-14T13:31:12,2024-03-10T21:17:09,2026-08-27T19:14:06
ACC000500,CUST000388,ACCTNO0000000500,salary,BR00005,FNTK000050,INR,1171233.98,1129702.18,2022-02-27T22:25:28,active,4.08,0,0,Bishakha Tiwari,,EMP000064,2024-04-07T12:26:41,2022-02-27T22:25:28,2022-03-07T06:17:14
ACC000501,CUST000102,ACCTNO0000000501,savings,BR00001,FNTK000010,INR,1860829.4,1689033.7,2017-09-07T05:44:39,active,3.86,1000,0,Umang Gour,,EMP000047,2020-10-02T02:02:31,2017-09-07T05:44:39,2018-03-19T08:38:21
ACC000502,CUST000004,ACCTNO0000000502,savings,BR00007,FNTK000070,INR,727624.85,660188.3,2024-11-12T14:57:06,active,3.78,0,0,Gautami Sarna,,EMP000051,2026-03-22T12:28:11,2024-11-12T14:57:06,2026-06-25T19:46:29
ACC000503,CUST000650,ACCTNO0000000503,current,BR00006,FNTK000060,INR,1189325.91,1079854.35,2019-12-14T18:18:19,active,0.0,5000,25000,Ridhi Boase,Bhavna Dyal,EMP000032,2020-12-28T09:41:27,2019-12-14T18:18:19,2024-08-16T06:24:28
ACC000504,CUST000313,ACCTNO0000000504,current,BR00006,FNTK000060,INR,1668318.98,1605327.45,2018-03-09T19:51:57,active,0.0,5000,0,Eesha Bhandari,,EMP000032,2019-01-07T07:39:12,2018-03-09T19:51:57,2023-10-29T23:11:19
ACC000505,CUST000465,ACCTNO0000000505,salary,BR00019,FNTK000190,INR,797705.95,773574.38,2020-06-12T15:42:08,active,2.53,0,0,Dhruv Rout,,EMP000089,2021-05-05T11:53:49,2020-06-12T15:42:08,2026-01-11T06:24:46
ACC000506,CUST000086,ACCTNO0000000506,current,BR00011,FNTK000110,INR,112865.44,111092.27,2016-05-07T00:32:47,closed,0.0,10000,5000,Omkaar Nagy,,EMP000023,2021-05-08T00:51:55,2016-05-07T00:32:47,2021-08-08T12:09:39
ACC000507,CUST000180,ACCTNO0000000507,current,BR00016,FNTK000160,INR,1821599.46,1660157.02,2018-09-21T01:40:04,active,0.0,25000,0,Balvan Dhar,,EMP000093,2022-11-30T04:28:16,2018-09-21T01:40:04,2021-04-23T22:43:45
ACC000508,CUST000444,ACCTNO0000000508,savings,BR00018,FNTK000180,INR,1795818.53,1697442.88,2022-11-30T15:04:19,active,3.53,0,0,Vivaan Ahuja,,EMP000024,2023-01-21T04:03:54,2022-11-30T15:04:19,2026-07-03T08:57:07
ACC000509,CUST000081,ACCTNO0000000509,savings,BR00018,FNTK000180,INR,1722095.13,1710572.94,2019-01-15T05:57:31,active,3.81,0,0,Aarush Bhardwaj,,EMP000073,2024-06-30T08:36:05,2019-01-15T05:57:31,2020-01-04T12:48:27
ACC000510,CUST000506,ACCTNO0000000510,savings,BR00001,FNTK000010,INR,1335470.61,1205263.18,2016-12-04T17:57:06,active,6.44,10000,0,Jagdish Kapur,,EMP000028,2019-12-15T11:32:50,2016-12-04T17:57:06,2021-06-10T06:09:01
ACC000511,CUST000555,ACCTNO0000000511,current,BR00012,FNTK000120,INR,1478654.21,1358425.17,2017-05-12T16:10:52,active,0.0,25000,25000,Ethan Bahri,,EMP000047,2019-11-15T13:14:33,2017-05-12T16:10:52,2018-02-03T10:31:31
ACC000512,CUST000438,ACCTNO0000000512,fixed_deposit,BR00015,FNTK000150,INR,206469.05,197466.99,2016-11-25T02:22:59,active,7.95,10000,0,Libni Mandal,,EMP000096,2020-07-23T17:11:07,2016-11-25T02:22:59,2019-10-01T16:37:05
ACC000513,CUST000935,ACCTNO0000000513,fixed_deposit,BR00003,FNTK000030,INR,212012.76,199310.89,2015-06-15T02:45:06,active,7.51,10000,0,Shivani Khanna,,EMP000056,2023-06-02T21:54:48,2015-06-15T02:45:06,2024-08-03T00:37:17
ACC000514,CUST000997,ACCTNO0000000514,savings,BR00011,FNTK000110,INR,640397.41,588448.5,2015-02-13T20:45:45,active,4.59,1000,0,Zashil Pai,,EMP000022,2022-06-23T03:32:19,2015-02-13T20:45:45,2022-08-24T23:44:02
ACC000515,CUST000397,ACCTNO0000000515,savings,BR00010,FNTK000100,INR,1229583.45,1116912.95,2017-11-29T06:44:18,active,5.74,0,0,Varenya Dua,,EMP000044,2021-06-18T04:40:56,2017-11-29T06:44:18,2018-04-22T04:00:16
ACC000516,CUST000536,ACCTNO0000000516,savings,BR00017,FNTK000170,INR,156129.76,144904.22,2021-02-21T06:18:37,active,3.3,1000,0,Jagvi Kapur,,EMP000004,2024-12-12T03:47:38,2021-02-21T06:18:37,2023-11-19T18:36:42
ACC000517,CUST000819,ACCTNO0000000517,salary,BR00006,FNTK000060,INR,1003601.18,958213.17,2019-06-01T05:09:09,active,3.33,0,0,Bhavini Ghosh,,EMP000008,2021-05-24T03:23:39,2019-06-01T05:09:09,2026-01-23T18:37:35
ACC000518,CUST000548,ACCTNO0000000518,current,BR00001,FNTK000010,INR,996971.53,953018.3,2022-09-10T03:41:20,active,0.0,25000,5000,Aarini Dyal,,EMP000084,2024-08-08T10:29:24,2022-09-10T03:41:20,2024-05-12T04:43:54
ACC000519,CUST000367,ACCTNO0000000519,savings,BR00008,FNTK000080,INR,1867859.03,1741205.24,2015-09-08T15:33:59,active,5.87,5000,0,Ansh Sankaran,Maanas Basak,EMP000064,2018-06-20T02:36:33,2015-09-08T15:33:59,2023-03-16T07:23:43
ACC000520,CUST000482,ACCTNO0000000520,savings,BR00005,FNTK000050,INR,1859764.87,1775796.1,2022-07-13T18:51:01,active,5.26,1000,0,Nirja Karan,,EMP000089,2024-11-09T17:50:17,2022-07-13T18:51:01,2026-05-23T23:09:12
ACC000521,CUST000240,ACCTNO0000000521,savings,BR00003,FNTK000030,INR,1502812.97,1476726.7,2016-11-01T17:11:11,active,4.02,0,0,Jeremiah Pandit,,EMP000026,2023-05-11T18:44:01,2016-11-01T17:11:11,2025-12-03T21:25:09
ACC000522,CUST000781,ACCTNO0000000522,savings,BR00010,FNTK000100,INR,63793.06,57678.22,2015-09-03T16:40:15,blocked,4.26,5000,0,Nidra Sama,Triveni Sethi,EMP000061,2026-07-12T07:37:13,2015-09-03T16:40:15,2020-04-27T02:00:16
ACC000523,CUST000130,ACCTNO0000000523,fixed_deposit,BR00015,FNTK000150,INR,1440840.3,1303819.82,2016-04-27T10:30:02,active,7.29,10000,0,Lipika Sheth,,EMP000057,2025-12-18T00:56:40,2016-04-27T10:30:02,2023-09-25T08:23:02
ACC000524,CUST000100,ACCTNO0000000524,fixed_deposit,BR00003,FNTK000030,INR,1265203.01,1159372.27,2018-04-28T04:41:20,active,8.41,10000,0,Geetika Nanda,,EMP000008,2022-02-17T13:23:17,2018-04-28T04:41:20,2024-08-07T22:32:38
ACC000525,CUST000311,ACCTNO0000000525,current,BR00008,FNTK000080,INR,1377361.49,1314334.63,2020-01-25T05:34:33,active,0.0,25000,0,Kiaan Wagle,,EMP000016,2020-11-30T07:05:11,2020-01-25T05:34:33,2026-06-21T22:04:08
ACC000526,CUST000192,ACCTNO0000000526,fixed_deposit,BR00016,FNTK000160,INR,1400415.0,1371808.49,2020-09-14T06:49:08,active,7.3,10000,0,Yatan Kalla,,EMP000010,2025-09-04T04:10:05,2020-09-14T06:49:08,2023-08-01T10:22:58
ACC000527,CUST000852,ACCTNO0000000527,savings,BR00019,FNTK000190,INR,967878.49,885926.14,2015-06-30T02:55:10,active,3.38,0,0,Robert Patla,,EMP000043,2016-10-08T18:51:15,2015-06-30T02:55:10,2023-09-18T10:35:49
ACC000528,CUST000641,ACCTNO0000000528,fixed_deposit,BR00005,FNTK000050,INR,266583.28,257665.55,2015-09-07T07:25:11,active,7.61,10000,0,Nilima Prasad,,EMP000045,2019-08-06T11:56:59,2015-09-07T07:25:11,2020-11-16T14:04:44
ACC000529,CUST000864,ACCTNO0000000529,current,BR00011,FNTK000110,INR,1317665.9,1299487.08,2022-06-29T17:21:51,blocked,0.0,10000,5000,Tanay Ramaswamy,Upma Chopra,EMP000046,2025-03-13T21:18:00,2022-06-29T17:21:51,2024-12-29T05:40:57
ACC000530,CUST000605,ACCTNO0000000530,current,BR00016,FNTK000160,INR,1138956.2,1114336.55,2019-07-22T21:12:21,active,0.0,25000,10000,Charita Sachar,,EMP000064,2021-01-15T12:10:34,2019-07-22T21:12:21,2023-06-16T15:22:49
ACC000531,CUST000685,ACCTNO0000000531,recurring_deposit,BR00011,FNTK000110,INR,430313.16,417429.04,2018-03-27T16:51:38,active,7.78,500,0,Ryan Kalla,,EMP000021,2024-03-10T14:42:43,2018-03-27T16:51:38,2025-11-25T10:51:01
ACC000532,CUST000707,ACCTNO0000000532,savings,BR00007,FNTK000070,INR,1335296.63,1297089.44,2019-02-16T22:50:21,blocked,6.2,10000,0,Naksh Rajagopalan,,EMP000050,2021-07-25T02:06:05,2019-02-16T22:50:21,2023-09-02T03:32:55
ACC000533,CUST000929,ACCTNO0000000533,savings,BR00008,FNTK000080,INR,1171486.78,1091719.67,2022-09-27T17:28:31,active,6.04,1000,0,Pranit Savant,,EMP000045,2023-04-19T00:41:26,2022-09-27T17:28:31,2025-10-04T20:23:46
ACC000534,CUST000178,ACCTNO0000000534,savings,BR00013,FNTK000130,INR,1326411.75,1215791.88,2024-05-28T08:00:52,active,6.88,10000,0,Samuel Raju,,EMP000043,2025-05-14T00:29:53,2024-05-28T08:00:52,2025-05-27T21:18:24
ACC000535,CUST000155,ACCTNO0000000535,fixed_deposit,BR00002,FNTK000020,INR,1265229.75,1246516.96,2021-08-23T01:00:06,blocked,7.32,10000,0,Anjali Dugal,,EMP000035,2022-02-22T15:51:55,2021-08-23T01:00:06,2022-08-20T14:06:23
ACC000536,CUST000711,ACCTNO0000000536,savings,BR00007,FNTK000070,INR,799723.38,740178.05,2016-07-24T20:04:49,blocked,5.76,5000,0,Rudra Dora,,EMP000054,2020-03-01T19:04:26,2016-07-24T20:04:49,2023-05-22T12:08:03
ACC000537,CUST000521,ACCTNO0000000537,savings,BR00007,FNTK000070,INR,372075.3,342121.69,2024-06-20T14:55:04,blocked,4.84,10000,0,Edhitha Sidhu,,EMP000035,2026-01-06T18:35:57,2024-06-20T14:55:04,2026-01-05T15:08:24
ACC000538,CUST000084,ACCTNO0000000538,salary,BR00010,FNTK000100,INR,406771.54,404087.47,2020-03-19T10:01:07,active,2.67,0,0,Kalpit Sur,,EMP000044,2022-06-21T04:07:26,2020-03-19T10:01:07,2025-02-10T13:31:14
ACC000539,CUST000921,ACCTNO0000000539,savings,BR00006,FNTK000060,INR,192463.5,187946.56,2020-08-27T18:30:40,closed,3.32,10000,0,Balendra Chatterjee,,EMP000092,2023-03-15T14:38:27,2020-08-27T18:30:40,2022-03-08T20:49:51
ACC000540,CUST000247,ACCTNO0000000540,fixed_deposit,BR00004,FNTK000040,INR,482897.71,478031.62,2021-06-10T07:45:57,dormant,6.65,10000,0,Frederick Bail,,EMP000016,2024-11-28T12:47:19,2021-06-10T07:45:57,2023-10-06T20:22:42
ACC000541,CUST000549,ACCTNO0000000541,salary,BR00013,FNTK000130,INR,1804150.91,1675744.69,2017-12-14T22:41:57,active,3.67,0,0,Chatresh Narula,,EMP000057,2020-11-27T05:17:08,2017-12-14T22:41:57,2022-04-06T04:32:25
ACC000542,CUST000777,ACCTNO0000000542,savings,BR00019,FNTK000190,INR,755567.81,741361.79,2018-08-25T06:47:21,active,4.44,10000,0,Dhriti Parikh,,EMP000008,2022-08-08T02:39:14,2018-08-25T06:47:21,2021-05-03T07:44:59
ACC000543,CUST000618,ACCTNO0000000543,salary,BR00008,FNTK000080,INR,1593874.98,1571023.94,2016-04-12T20:42:55,active,3.46,0,0,Matthew Kala,,EMP000088,2020-04-09T16:02:34,2016-04-12T20:42:55,2017-02-09T13:52:15
ACC000544,CUST000415,ACCTNO0000000544,savings,BR00007,FNTK000070,INR,520890.71,520767.89,2024-06-27T11:00:57,active,3.1,1000,0,Dominic Patil,,EMP000018,2025-07-22T08:45:09,2024-06-27T11:00:57,2026-03-17T19:56:30
ACC000545,CUST000787,ACCTNO0000000545,recurring_deposit,BR00018,FNTK000180,INR,1485701.49,1432209.15,2019-01-22T16:23:37,blocked,7.65,500,0,Sanya Soman,,EMP000022,2021-09-07T06:41:34,2019-01-22T16:23:37,2020-10-22T10:09:12
ACC000546,CUST000021,ACCTNO0000000546,salary,BR00014,FNTK000140,INR,276274.85,249013.33,2016-03-17T05:59:47,closed,3.34,0,0,Parth Mann,,EMP000050,2018-02-25T01:29:19,2016-03-17T05:59:47,2016-08-28T19:43:08
ACC000547,CUST000005,ACCTNO0000000547,savings,BR00010,FNTK000100,INR,1500153.11,1441217.48,2022-01-11T15:53:05,blocked,6.52,1000,0,Harrison Dutta,,EMP000009,2026-06-11T17:50:20,2022-01-11T15:53:05,2026-03-17T09:47:58
ACC000548,CUST000297,ACCTNO0000000548,current,BR00014,FNTK000140,INR,682949.08,619948.84,2015-08-18T17:58:28,active,0.0,10000,10000,Nihal Sagar,,EMP000045,2025-07-08T20:57:13,2015-08-18T17:58:28,2015-10-13T14:28:09
ACC000549,CUST000241,ACCTNO0000000549,savings,BR00007,FNTK000070,INR,277586.29,252087.12,2020-06-01T14:23:49,blocked,3.18,0,0,Nimrat Dutt,,EMP000098,2020-11-12T08:14:01,2020-06-01T14:23:49,2022-01-04T08:30:04
ACC000550,CUST000300,ACCTNO0000000550,fixed_deposit,BR00020,FNTK000200,INR,1857428.18,1772197.03,2024-06-28T19:20:04,active,8.08,10000,0,Avni Krish,,EMP000066,2025-06-16T04:22:51,2024-06-28T19:20:04,2025-01-22T10:41:57
ACC000551,CUST000784,ACCTNO0000000551,savings,BR00009,FNTK000090,INR,1778242.56,1733347.78,2024-06-05T13:56:10,active,5.47,10000,0,Manan Saxena,,EMP000048,2024-08-01T13:42:01,2024-06-05T13:56:10,2026-05-24T10:01:30
ACC000552,CUST000972,ACCTNO0000000552,current,BR00006,FNTK000060,INR,1753315.33,1583668.1,2022-09-13T17:20:46,dormant,0.0,25000,0,Balveer Deshmukh,,EMP000037,2023-01-23T10:04:24,2022-09-13T17:20:46,2023-11-19T23:48:03
ACC000553,CUST000749,ACCTNO0000000553,salary,BR00016,FNTK000160,INR,27680.96,25529.7,2021-09-03T09:32:35,active,3.48,0,0,Urvashi Raghavan,,EMP000069,2025-04-10T01:00:02,2021-09-03T09:32:35,2022-04-01T19:50:09
ACC000554,CUST000447,ACCTNO0000000554,salary,BR00011,FNTK000110,INR,339314.39,330487.72,2021-04-07T00:03:40,active,3.92,0,0,Onkar Bahri,,EMP000059,2024-01-07T14:32:12,2021-04-07T00:03:40,2025-04-07T21:54:59
ACC000555,CUST000627,ACCTNO0000000555,current,BR00017,FNTK000170,INR,1535652.27,1408260.16,2023-05-02T08:56:24,active,0.0,25000,5000,Ridhi Gopal,Anmol Swamy,EMP000041,2025-06-15T09:44:45,2023-05-02T08:56:24,2025-05-13T16:52:07
ACC000556,CUST000552,ACCTNO0000000556,current,BR00014,FNTK000140,INR,782955.61,705902.53,2024-02-05T03:37:01,active,0.0,5000,10000,Harinakshi Chada,,EMP000013,2024-04-07T20:23:28,2024-02-05T03:37:01,2025-08-31T07:52:59
ACC000557,CUST000602,ACCTNO0000000557,current,BR00009,FNTK000090,INR,636335.74,624710.39,2024-02-10T09:22:18,active,0.0,5000,5000,Ekapad Goel,,EMP000031,2025-07-24T02:46:41,2024-02-10T09:22:18,2025-12-15T01:02:24
ACC000558,CUST000580,ACCTNO0000000558,salary,BR00018,FNTK000180,INR,711129.33,685007.66,2024-01-11T21:32:07,blocked,3.74,0,0,Charita Ramesh,,EMP000055,2024-02-04T07:41:48,2024-01-11T21:32:07,2026-08-27T23:56:08
ACC000559,CUST000412,ACCTNO0000000559,savings,BR00016,FNTK000160,INR,44011.32,41047.83,2022-12-18T01:39:39,active,3.33,10000,0,Indrajit Hegde,,EMP000008,2023-05-04T17:00:24,2022-12-18T01:39:39,2025-02-02T10:14:59
ACC000560,CUST000640,ACCTNO0000000560,savings,BR00010,FNTK000100,INR,628494.94,623144.96,2017-04-29T21:48:26,active,5.11,10000,0,Brinda Chacko,,EMP000017,2022-01-17T18:07:51,2017-04-29T21:48:26,2023-03-15T02:35:53
ACC000561,CUST000676,ACCTNO0000000561,current,BR00011,FNTK000110,INR,1275574.91,1199713.88,2020-12-08T20:35:53,active,0.0,25000,5000,Warda Babu,,EMP000036,2026-05-23T02:17:37,2020-12-08T20:35:53,2023-01-06T11:23:09
ACC000562,CUST000498,ACCTNO0000000562,current,BR00014,FNTK000140,INR,1646798.93,1633813.6,2020-08-17T20:12:37,active,0.0,5000,10000,Omkaar Patla,,EMP000042,2024-07-13T02:53:43,2020-08-17T20:12:37,2022-07-13T06:15:02
ACC000563,CUST000707,ACCTNO0000000563,current,BR00012,FNTK000120,INR,1602832.94,1559142.99,2024-07-12T12:45:44,blocked,0.0,25000,5000,Rehaan Varghese,,EMP000022,2025-04-03T10:40:26,2024-07-12T12:45:44,2025-12-08T15:45:44
ACC000564,CUST000794,ACCTNO0000000564,fixed_deposit,BR00019,FNTK000190,INR,844424.3,831395.0,2019-12-10T17:31:22,active,6.6,10000,0,Zinal Bajwa,,EMP000042,2026-07-07T22:00:47,2019-12-10T17:31:22,2021-05-21T13:59:37
ACC000565,CUST000456,ACCTNO0000000565,fixed_deposit,BR00019,FNTK000190,INR,1246119.48,1206948.02,2017-12-24T09:08:01,blocked,8.2,10000,0,Eiravati Ganesan,,EMP000021,2021-07-15T05:17:11,2017-12-24T09:08:01,2024-09-27T18:59:03
ACC000566,CUST000470,ACCTNO0000000566,current,BR00005,FNTK000050,INR,1242707.16,1125920.09,2024-12-12T19:48:32,active,0.0,25000,5000,William Mohan,,EMP000044,2025-07-09T22:09:10,2024-12-12T19:48:32,2025-01-11T09:03:52
ACC000567,CUST000966,ACCTNO0000000567,savings,BR00003,FNTK000030,INR,684977.33,680959.58,2019-06-18T10:18:10,active,4.13,0,0,Saumya Sant,,EMP000095,2022-03-08T06:11:48,2019-06-18T10:18:10,2023-06-17T00:03:11
ACC000568,CUST000702,ACCTNO0000000568,fixed_deposit,BR00007,FNTK000070,INR,688010.36,665699.21,2024-03-30T07:23:05,active,7.72,10000,0,Banjeet Mahajan,,EMP000091,2025-04-19T00:44:07,2024-03-30T07:23:05,2025-08-30T16:58:24
ACC000569,CUST000564,ACCTNO0000000569,savings,BR00014,FNTK000140,INR,266027.78,259319.55,2016-03-12T23:20:29,active,3.09,5000,0,Faris Natarajan,Kalpit Anne,EMP000046,2018-08-04T11:36:43,2016-03-12T23:20:29,2016-07-30T07:09:15
ACC000570,CUST000577,ACCTNO0000000570,savings,BR00017,FNTK000170,INR,161696.89,155209.91,2019-06-26T02:11:54,active,5.1,10000,0,Chasmum Rai,,EMP000019,2023-12-01T15:36:33,2019-06-26T02:11:54,2021-01-03T23:01:19
ACC000571,CUST000809,ACCTNO0000000571,current,BR00017,FNTK000170,INR,456561.31,412780.13,2018-03-17T21:09:06,blocked,0.0,25000,0,Upma Rai,,EMP000079,2018-10-08T19:14:26,2018-03-17T21:09:06,2022-04-20T04:21:42
ACC000572,CUST000522,ACCTNO0000000572,savings,BR00007,FNTK000070,INR,1984766.0,1981871.36,2021-07-17T18:30:39,blocked,5.95,0,0,Balendra Madan,,EMP000008,2025-11-01T12:28:00,2021-07-17T18:30:39,2024-09-20T19:57:02
ACC000573,CUST000531,ACCTNO0000000573,savings,BR00014,FNTK000140,INR,839858.77,760426.74,2020-02-16T14:20:07,active,3.72,1000,0,Gautami Peri,Niharika Oommen,EMP000078,2021-10-27T12:59:47,2020-02-16T14:20:07,2020-11-13T09:35:29
ACC000574,CUST000214,ACCTNO0000000574,savings,BR00003,FNTK000030,INR,1462322.48,1320684.13,2024-03-11T05:29:03,blocked,3.96,0,0,Hiral Lal,,EMP000093,2025-12-13T02:31:48,2024-03-11T05:29:03,2026-04-24T21:16:34
ACC000575,CUST000321,ACCTNO0000000575,fixed_deposit,BR00014,FNTK000140,INR,487934.52,455831.75,2022-09-27T18:29:55,dormant,8.41,10000,0,Vrinda Manda,,EMP000046,2024-03-22T07:01:18,2022-09-27T18:29:55,2024-01-04T22:23:27
ACC000576,CUST000102,ACCTNO0000000576,savings,BR00017,FNTK000170,INR,1799531.14,1639521.64,2018-07-16T15:16:57,blocked,4.32,5000,0,Fiyaz Sengupta,,EMP000033,2020-04-04T08:39:09,2018-07-16T15:16:57,2021-08-02T14:42:44
ACC000577,CUST000610,ACCTNO0000000577,salary,BR00005,FNTK000050,INR,1803485.26,1691997.17,2016-11-01T08:02:02,active,2.91,0,0,Eiravati Upadhyay,,EMP000027,2020-10-31T19:38:06,2016-11-01T08:02:02,2017-09-03T18:36:35
ACC000578,CUST000626,ACCTNO0000000578,current,BR00007,FNTK000070,INR,1383839.23,1335792.49,2017-04-20T16:31:27,active,0.0,5000,0,Arin Dave,,EMP000087,2018-06-28T14:46:47,2017-04-20T16:31:27,2022-08-07T04:49:46
ACC000579,CUST000627,ACCTNO0000000579,recurring_deposit,BR00001,FNTK000010,INR,1493550.51,1413572.38,2020-09-21T01:48:48,active,6.29,500,0,Xavier Borde,,EMP000056,2021-11-25T17:39:51,2020-09-21T01:48:48,2024-04-26T00:07:27
ACC000580,CUST000562,ACCTNO0000000580,savings,BR00004,FNTK000040,INR,1266322.82,1234202.55,2016-10-21T10:18:06,active,4.19,5000,0,Kashvi Bhattacharyya,,EMP000062,2024-03-28T17:23:55,2016-10-21T10:18:06,2019-06-25T03:39:40
ACC000581,CUST000533,ACCTNO0000000581,savings,BR00008,FNTK000080,INR,168746.12,164270.31,2022-02-23T04:42:45,closed,4.02,5000,0,Warjas Chahal,,EMP000090,2026-01-02T12:27:05,2022-02-23T04:42:45,2024-04-07T14:00:15
ACC000582,CUST000056,ACCTNO0000000582,savings,BR00016,FNTK000160,INR,1137903.27,1128598.26,2015-11-30T13:21:23,active,4.38,10000,0,Aditya Arya,,EMP000021,2019-10-22T19:52:39,2015-11-30T13:21:23,2022-01-22T03:03:02
ACC000583,CUST000995,ACCTNO0000000583,current,BR00018,FNTK000180,INR,325812.02,299119.44,2022-11-11T08:53:51,active,0.0,5000,10000,Ekavir Dugal,,EMP000099,2025-03-29T06:34:44,2022-11-11T08:53:51,2025-06-04T10:55:53
ACC000584,CUST000670,ACCTNO0000000584,fixed_deposit,BR00012,FNTK000120,INR,1662001.16,1653973.45,2020-02-09T02:29:47,active,7.27,10000,0,Ganga Cherian,,EMP000080,2025-01-22T11:42:05,2020-02-09T02:29:47,2020-09-04T22:45:23
ACC000585,CUST000204,ACCTNO0000000585,salary,BR00013,FNTK000130,INR,627134.62,605612.07,2019-09-13T20:37:12,active,3.09,0,0,Daksh Dewan,,EMP000033,2026-03-25T06:13:55,2019-09-13T20:37:12,2022-06-08T12:09:20
ACC000586,CUST000500,ACCTNO0000000586,savings,BR00012,FNTK000120,INR,515655.07,472849.25,2015-02-06T16:37:30,dormant,6.49,0,0,Finn Grewal,,EMP000095,2024-01-21T02:59:02,2015-02-06T16:37:30,2021-06-29T02:13:00
ACC000587,CUST000128,ACCTNO0000000587,current,BR00003,FNTK000030,INR,1782253.01,1693515.78,2019-05-08T12:40:33,active,0.0,10000,25000,Gavin Aggarwal,,EMP000077,2025-03-13T11:54:12,2019-05-08T12:40:33,2022-04-19T12:45:54
ACC000588,CUST000481,ACCTNO0000000588,salary,BR00002,FNTK000020,INR,751501.06,732609.1,2020-02-15T23:19:13,active,3.73,0,0,Viraj Kade,,EMP000055,2024-04-17T15:16:10,2020-02-15T23:19:13,2021-05-06T01:01:16
ACC000589,CUST000347,ACCTNO0000000589,salary,BR00017,FNTK000170,INR,222871.12,216133.25,2015-10-04T06:30:33,closed,2.61,0,0,Fariq Ram,,EMP000086,2017-01-22T23:29:52,2015-10-04T06:30:33,2023-08-10T11:22:21
ACC000590,CUST000923,ACCTNO0000000590,current,BR00014,FNTK000140,INR,543350.18,491345.75,2023-06-05T14:33:12,active,0.0,5000,5000,Reyansh Soni,,EMP000013,2024-05-14T18:54:38,2023-06-05T14:33:12,2026-04-01T12:11:52
ACC000591,CUST000946,ACCTNO0000000591,savings,BR00003,FNTK000030,INR,1603981.13,1505391.02,2024-12-29T00:15:00,active,4.07,1000,0,Warhi Grewal,,EMP000023,2026-01-11T21:25:17,2024-12-29T00:15:00,2025-09-23T05:18:44
ACC000592,CUST000617,ACCTNO0000000592,savings,BR00018,FNTK000180,INR,1738538.84,1695847.83,2023-07-22T12:37:38,active,4.96,1000,0,Bhavna Bhat,,EMP000044,2023-12-09T19:37:08,2023-07-22T12:37:38,2025-01-24T02:06:24
ACC000593,CUST000106,ACCTNO0000000593,current,BR00003,FNTK000030,INR,1872685.43,1750497.6,2021-08-28T05:08:49,active,0.0,25000,25000,Qasim Tripathi,,EMP000042,2024-10-04T15:01:44,2021-08-28T05:08:49,2025-03-12T07:23:54
ACC000594,CUST000758,ACCTNO0000000594,current,BR00019,FNTK000190,INR,1123759.11,1111564.81,2022-03-03T06:57:02,active,0.0,10000,0,Fariq Goda,,EMP000054,2024-03-14T18:50:15,2022-03-03T06:57:02,2025-06-20T19:02:45
ACC000595,CUST000014,ACCTNO0000000595,savings,BR00014,FNTK000140,INR,630599.22,574890.01,2020-10-23T20:19:18,active,6.63,5000,0,Adya Dhawan,,EMP000076,2023-08-28T05:39:40,2020-10-23T20:19:18,2024-05-06T05:16:51
ACC000596,CUST000134,ACCTNO0000000596,recurring_deposit,BR00003,FNTK000030,INR,1812645.29,1723963.4,2019-06-09T13:10:51,active,6.75,500,0,Jatin Borra,,EMP000009,2024-06-26T08:41:04,2019-06-09T13:10:51,2020-07-13T06:42:37
ACC000597,CUST000512,ACCTNO0000000597,savings,BR00010,FNTK000100,INR,1692872.83,1618055.13,2022-04-23T19:02:20,active,6.04,10000,0,Rachit Nagy,,EMP000075,2026-06-12T00:05:41,2022-04-23T19:02:20,2024-11-23T19:47:12
ACC000598,CUST000304,ACCTNO0000000598,current,BR00014,FNTK000140,INR,1222870.9,1191018.27,2023-08-20T07:04:41,active,0.0,25000,0,Nicholas Rana,,EMP000029,2023-11-19T02:26:36,2023-08-20T07:04:41,2025-02-10T02:59:05
ACC000599,CUST000287,ACCTNO0000000599,savings,BR00006,FNTK000060,INR,777973.66,714213.35,2019-06-03T18:44:16,active,4.39,1000,0,Nitara Toor,,EMP000011,2023-01-04T18:04:41,2019-06-03T18:44:16,2021-07-20T20:52:20
ACC000600,CUST000138,ACCTNO0000000600,savings,BR00013,FNTK000130,INR,965871.02,925923.57,2017-01-18T18:28:09,active,5.87,1000,0,Tejas Sandhu,Hemani Khosla,EMP000063,2023-09-10T23:03:22,2017-01-18T18:28:09,2020-07-08T03:15:10
ACC000601,CUST000121,ACCTNO0000000601,recurring_deposit,BR00017,FNTK000170,INR,1141550.78,1125826.9,2016-07-16T04:52:40,dormant,6.49,500,0,Zayan Manda,,EMP000084,2016-10-29T17:00:46,2016-07-16T04:52:40,2025-06-16T06:05:14
ACC000602,CUST000464,ACCTNO0000000602,savings,BR00005,FNTK000050,INR,840122.38,770709.52,2021-08-09T20:28:13,active,3.05,0,0,Dhruv Bhatia,,EMP000054,2025-08-10T11:45:32,2021-08-09T20:28:13,2023-05-12T03:17:19
ACC000603,CUST000550,ACCTNO0000000603,current,BR00010,FNTK000100,INR,789269.85,723460.63,2022-09-26T20:47:09,active,0.0,10000,10000,Wakeeta Padmanabhan,,EMP000001,2026-02-19T11:19:59,2022-09-26T20:47:09,2024-01-02T17:51:39
ACC000604,CUST000932,ACCTNO0000000604,fixed_deposit,BR00006,FNTK000060,INR,442005.07,418524.6,2015-08-08T13:29:50,dormant,6.54,10000,0,Qushi Buch,,EMP000040,2024-07-06T02:23:43,2015-08-08T13:29:50,2018-07-25T11:21:54
ACC000605,CUST000475,ACCTNO0000000605,salary,BR00011,FNTK000110,INR,414037.42,377905.4,2021-06-25T01:27:19,active,3.95,0,0,Advik Chakrabarti,,EMP000053,2022-03-03T07:04:54,2021-06-25T01:27:19,2022-06-20T06:15:41
ACC000606,CUST000240,ACCTNO0000000606,current,BR00018,FNTK000180,INR,1930856.82,1738409.46,2017-07-28T19:34:15,active,0.0,5000,25000,Janaki Bhatti,,EMP000087,2023-03-07T08:26:23,2017-07-28T19:34:15,2026-03-05T08:29:46
ACC000607,CUST000017,ACCTNO0000000607,current,BR00011,FNTK000110,INR,157537.02,144932.02,2017-05-12T02:27:56,active,0.0,25000,0,Eiravati Seshadri,,EMP000013,2020-02-22T13:09:53,2017-05-12T02:27:56,2025-11-28T15:10:17
ACC000608,CUST000679,ACCTNO0000000608,salary,BR00007,FNTK000070,INR,1619078.55,1560394.7,2015-07-06T12:54:33,active,3.35,0,0,Varsha Prabhakar,,EMP000051,2026-08-02T06:52:20,2015-07-06T12:54:33,2026-01-01T10:22:57
ACC000609,CUST000075,ACCTNO0000000609,savings,BR00011,FNTK000110,INR,317572.44,304282.43,2016-04-02T13:39:03,active,4.12,1000,0,Charita Suresh,Ranveer Kari,EMP000026,2024-08-11T14:55:39,2016-04-02T13:39:03,2026-08-25T21:03:27
ACC000610,CUST000869,ACCTNO0000000610,savings,BR00016,FNTK000160,INR,1665205.94,1558837.08,2019-09-24T22:11:45,active,4.38,0,0,Brijesh Pandit,,EMP000086,2026-01-17T01:33:57,2019-09-24T22:11:45,2020-08-24T09:35:46
ACC000611,CUST000968,ACCTNO0000000611,current,BR00015,FNTK000150,INR,702326.06,699014.88,2019-04-09T05:54:59,active,0.0,25000,10000,Udyati Shenoy,,EMP000013,2024-03-21T14:31:14,2019-04-09T05:54:59,2024-08-21T19:29:20
ACC000612,CUST000741,ACCTNO0000000612,savings,BR00017,FNTK000170,INR,738307.2,698052.83,2019-03-31T11:50:31,dormant,3.25,0,0,Neha Sheth,,EMP000017,2025-03-17T10:50:58,2019-03-31T11:50:31,2026-07-18T14:10:11
ACC000613,CUST000795,ACCTNO0000000613,salary,BR00020,FNTK000200,INR,1698430.52,1578200.31,2019-10-31T22:55:41,active,3.58,0,0,Sneha Dua,Lekha Saini,EMP000046,2021-03-11T23:25:20,2019-10-31T22:55:41,2026-08-19T08:43:27
ACC000614,CUST000040,ACCTNO0000000614,salary,BR00006,FNTK000060,INR,152303.54,150922.5,2019-01-18T14:59:48,closed,4.31,0,0,Liam Nadig,Manthan Ratta,EMP000016,2021-05-26T19:05:55,2019-01-18T14:59:48,2024-01-16T16:26:43
ACC000615,CUST000879,ACCTNO0000000615,current,BR00013,FNTK000130,INR,201275.93,195758.6,2019-07-25T19:51:17,active,0.0,25000,25000,Akshay Saraf,,EMP000057,2023-01-31T20:46:55,2019-07-25T19:51:17,2022-07-05T23:44:21
ACC000616,CUST000275,ACCTNO0000000616,savings,BR00013,FNTK000130,INR,1406573.46,1281180.37,2017-10-31T17:46:50,blocked,5.27,1000,0,Matthew Gour,,EMP000035,2018-03-27T23:52:22,2017-10-31T17:46:50,2020-01-23T23:55:05
ACC000617,CUST000537,ACCTNO0000000617,current,BR00007,FNTK000070,INR,1562924.72,1511489.33,2019-06-26T13:59:24,active,0.0,25000,10000,Girish Babu,,EMP000041,2023-05-19T14:18:56,2019-06-26T13:59:24,2023-07-27T16:37:05
ACC000618,CUST000907,ACCTNO0000000618,salary,BR00008,FNTK000080,INR,23047.27,22859.57,2021-09-20T23:46:42,closed,3.57,0,0,Urmi Doctor,,EMP000081,2024-08-12T03:16:26,2021-09-20T23:46:42,2021-11-11T02:48:34
ACC000619,CUST000085,ACCTNO0000000619,salary,BR00019,FNTK000190,INR,212110.16,208945.8,2015-07-31T00:49:12,closed,3.89,0,0,Geetika Hora,,EMP000093,2022-05-22T06:45:28,2015-07-31T00:49:12,2023-02-15T11:14:26
ACC000620,CUST000012,ACCTNO0000000620,current,BR00012,FNTK000120,INR,1401507.8,1395800.0,2018-07-18T06:01:00,active,0.0,25000,5000,Widisha Ramanathan,,EMP000002,2026-05-27T00:46:21,2018-07-18T06:01:00,2019-07-16T19:49:59
ACC000621,CUST000129,ACCTNO0000000621,current,BR00014,FNTK000140,INR,932857.33,875287.12,2017-08-16T09:05:00,active,0.0,25000,10000,Chavvi Mall,,EMP000053,2018-03-17T17:53:14,2017-08-16T09:05:00,2026-08-29T05:26:00
ACC000622,CUST000686,ACCTNO0000000622,current,BR00005,FNTK000050,INR,6430.54,5806.18,2022-06-16T18:08:03,active,0.0,5000,5000,Ranveer Sur,,EMP000092,2023-05-16T05:23:32,2022-06-16T18:08:03,2024-10-19T01:15:56
ACC000623,CUST000936,ACCTNO0000000623,fixed_deposit,BR00019,FNTK000190,INR,324307.18,311912.34,2016-02-19T09:45:03,active,7.29,10000,0,Rachita Saran,,EMP000029,2023-09-02T08:06:58,2016-02-19T09:45:03,2018-12-03T19:03:50
ACC000624,CUST000343,ACCTNO0000000624,fixed_deposit,BR00009,FNTK000090,INR,454854.94,432261.71,2022-07-20T15:59:42,active,8.47,10000,0,Vinaya Bhasin,,EMP000054,2024-08-09T00:01:45,2022-07-20T15:59:42,2022-07-22T03:50:05
ACC000625,CUST000742,ACCTNO0000000625,current,BR00011,FNTK000110,INR,817207.42,775561.19,2015-01-16T14:22:21,active,0.0,10000,10000,Hitesh Bhavsar,,EMP000025,2025-01-23T05:26:45,2015-01-16T14:22:21,2021-12-26T01:28:01
ACC000626,CUST000723,ACCTNO0000000626,current,BR00007,FNTK000070,INR,1639214.39,1573815.74,2019-06-08T13:25:42,active,0.0,10000,0,Vansha Mann,,EMP000093,2024-07-06T08:24:10,2019-06-08T13:25:42,2019-06-26T01:47:51
ACC000627,CUST000934,ACCTNO0000000627,current,BR00018,FNTK000180,INR,1975589.48,1907195.05,2020-10-24T08:52:45,active,0.0,10000,25000,Wahab Venkataraman,,EMP000031,2026-06-09T06:40:47,2020-10-24T08:52:45,2021-03-28T22:59:02
ACC000628,CUST000599,ACCTNO0000000628,salary,BR00004,FNTK000040,INR,857510.05,776744.04,2023-07-21T03:11:06,active,2.82,0,0,Tarak Saha,,EMP000013,2024-02-18T07:56:36,2023-07-21T03:11:06,2026-01-22T08:24:30
ACC000629,CUST000320,ACCTNO0000000629,salary,BR00009,FNTK000090,INR,255559.78,255162.1,2022-02-20T03:16:56,active,4.05,0,0,Agastya Morar,,EMP000088,2022-06-01T14:59:07,2022-02-20T03:16:56,2024-12-04T12:16:21
ACC000630,CUST000463,ACCTNO0000000630,current,BR00011,FNTK000110,INR,778349.72,747869.27,2016-07-17T02:45:33,active,0.0,10000,25000,Hamsini Mukhopadhyay,,EMP000002,2017-03-28T04:01:06,2016-07-17T02:45:33,2016-12-23T00:50:20
ACC000631,CUST000011,ACCTNO0000000631,savings,BR00017,FNTK000170,INR,901489.38,856997.99,2015-12-12T11:00:52,active,4.28,0,0,Jairaj Dayal,,EMP000098,2019-11-21T18:25:22,2015-12-12T11:00:52,2021-03-15T16:56:09
ACC000632,CUST000323,ACCTNO0000000632,salary,BR00008,FNTK000080,INR,1506474.95,1479400.77,2021-11-02T05:24:56,active,3.77,0,0,Harita Prakash,Kala Solanki,EMP000078,2024-03-09T15:25:11,2021-11-02T05:24:56,2022-09-23T07:31:49
ACC000633,CUST000665,ACCTNO0000000633,savings,BR00017,FNTK000170,INR,1000643.57,922496.82,2020-05-29T17:09:55,active,3.44,10000,0,Andrew Sekhon,,EMP000045,2022-11-28T11:57:45,2020-05-29T17:09:55,2021-06-24T17:25:07
ACC000634,CUST000367,ACCTNO0000000634,fixed_deposit,BR00006,FNTK000060,INR,1312944.65,1228714.25,2019-04-22T19:51:25,active,6.64,10000,0,Omisha Koshy,Eta Kaur,EMP000075,2024-11-20T14:50:02,2019-04-22T19:51:25,2019-08-30T20:23:23
ACC000635,CUST000636,ACCTNO0000000635,savings,BR00006,FNTK000060,INR,1155646.98,1116566.64,2020-02-09T13:46:58,active,4.13,0,0,Vamakshi Mand,,EMP000041,2024-11-29T02:08:12,2020-02-09T13:46:58,2023-12-03T22:55:47
ACC000636,CUST000933,ACCTNO0000000636,current,BR00005,FNTK000050,INR,1374401.78,1270895.93,2015-08-14T21:06:59,active,0.0,25000,25000,Garima Hayer,,EMP000060,2022-03-29T05:10:13,2015-08-14T21:06:59,2022-12-09T02:04:42
ACC000637,CUST000648,ACCTNO0000000637,savings,BR00003,FNTK000030,INR,1793064.13,1774101.35,2017-10-24T06:06:17,active,6.12,5000,0,Ekanta Karnik,,EMP000003,2021-06-05T09:18:35,2017-10-24T06:06:17,2025-10-25T02:56:32
ACC000638,CUST000401,ACCTNO0000000638,current,BR00007,FNTK000070,INR,1341551.06,1210259.79,2019-11-17T22:15:32,active,0.0,10000,0,Zaid Suresh,,EMP000053,2021-11-28T21:50:23,2019-11-17T22:15:32,2021-04-01T09:15:01
ACC000639,CUST000847,ACCTNO0000000639,current,BR00015,FNTK000150,INR,1256382.05,1219399.69,2018-06-24T21:30:30,active,0.0,25000,5000,Anirudh Munshi,,EMP000049,2020-07-16T20:52:13,2018-06-24T21:30:30,2022-10-25T18:54:25
ACC000640,CUST000857,ACCTNO0000000640,savings,BR00018,FNTK000180,INR,1867142.65,1695336.56,2017-01-30T14:51:29,active,4.3,5000,0,Leena Divan,,EMP000014,2018-05-28T07:11:42,2017-01-30T14:51:29,2025-01-28T12:01:01
ACC000641,CUST000712,ACCTNO0000000641,current,BR00015,FNTK000150,INR,817923.47,776478.71,2022-06-12T20:35:24,active,0.0,10000,5000,Finn Wadhwa,,EMP000086,2024-10-27T17:47:38,2022-06-12T20:35:24,2024-10-18T09:41:10
ACC000642,CUST000937,ACCTNO0000000642,current,BR00017,FNTK000170,INR,1844125.39,1838615.77,2018-11-15T16:26:19,dormant,0.0,5000,25000,Turvi Lata,,EMP000057,2021-03-02T23:22:57,2018-11-15T16:26:19,2019-02-27T18:06:55
ACC000643,CUST000153,ACCTNO0000000643,savings,BR00001,FNTK000010,INR,1359471.53,1251966.45,2018-02-27T21:32:08,active,3.05,1000,0,Shivani Ramachandran,,EMP000068,2026-05-13T00:36:30,2018-02-27T21:32:08,2020-01-17T03:53:35
ACC000644,CUST000602,ACCTNO0000000644,current,BR00006,FNTK000060,INR,957494.09,897938.44,2019-07-13T15:48:21,active,0.0,25000,10000,Anya Dhar,,EMP000060,2020-01-28T22:45:20,2019-07-13T15:48:21,2021-02-20T22:14:01
ACC000645,CUST000728,ACCTNO0000000645,fixed_deposit,BR00009,FNTK000090,INR,958483.5,929538.59,2022-01-17T19:02:51,active,6.69,10000,0,Daniel Som,,EMP000041,2023-12-29T21:32:11,2022-01-17T19:02:51,2025-11-23T23:54:43
ACC000646,CUST000694,ACCTNO0000000646,savings,BR00010,FNTK000100,INR,1945260.96,1882608.54,2022-07-18T04:57:45,active,6.8,5000,0,Udant Aggarwal,,EMP000019,2026-03-09T01:31:59,2022-07-18T04:57:45,2023-12-02T04:27:15
ACC000647,CUST000737,ACCTNO0000000647,savings,BR00017,FNTK000170,INR,1414392.31,1324620.88,2024-10-03T06:18:40,active,3.42,0,0,Ishani Subramanian,,EMP000015,2025-06-04T16:15:56,2024-10-03T06:18:40,2026-04-27T18:51:57
ACC000648,CUST000846,ACCTNO0000000648,savings,BR00015,FNTK000150,INR,153762.55,144964.64,2018-12-13T23:40:19,blocked,5.94,5000,0,Anjali Nagarajan,,EMP000005,2024-06-21T09:19:16,2018-12-13T23:40:19,2022-01-31T03:49:23
ACC000649,CUST000073,ACCTNO0000000649,savings,BR00018,FNTK000180,INR,1941110.2,1786262.72,2024-01-20T02:10:49,active,5.94,0,0,Dipta Yadav,,EMP000075,2025-01-01T00:52:36,2024-01-20T02:10:49,2025-02-25T16:59:41
ACC000650,CUST000798,ACCTNO0000000650,savings,BR00014,FNTK000140,INR,646876.17,585527.77,2018-01-07T19:21:24,active,6.69,10000,0,Raghav Dara,,EMP000096,2023-11-15T23:39:06,2018-01-07T19:21:24,2024-06-06T07:10:46
ACC000651,CUST000161,ACCTNO0000000651,savings,BR00020,FNTK000200,INR,489175.49,487784.7,2018-07-07T13:45:49,active,4.44,1000,0,Darsh Hayer,,EMP000042,2022-05-12T02:34:09,2018-07-07T13:45:49,2018-12-21T02:12:39
ACC000652,CUST000479,ACCTNO0000000652,savings,BR00005,FNTK000050,INR,1707927.56,1605866.68,2020-09-26T13:22:33,active,5.14,10000,0,Yuvraj Puri,Advay Misra,EMP000082,2022-06-17T19:05:19,2020-09-26T13:22:33,2022-02-24T21:14:58
ACC000653,CUST000301,ACCTNO0000000653,recurring_deposit,BR00013,FNTK000130,INR,139196.18,126809.14,2017-06-22T03:14:48,closed,7.05,500,0,Samarth Dhawan,,EMP000099,2020-03-16T17:16:50,2017-06-22T03:14:48,2026-03-03T22:12:30
ACC000654,CUST000258,ACCTNO0000000654,fixed_deposit,BR00009,FNTK000090,INR,1917580.92,1818135.47,2022-11-15T01:47:14,active,7.95,10000,0,Aryan Balakrishnan,,EMP000028,2025-07-24T18:39:00,2022-11-15T01:47:14,2024-11-13T06:01:27
ACC000655,CUST000684,ACCTNO0000000655,savings,BR00015,FNTK000150,INR,941819.71,918471.93,2020-11-10T21:54:38,active,5.78,5000,0,Farhan Pillay,,EMP000013,2025-09-19T07:39:54,2020-11-10T21:54:38,2022-06-21T18:26:27
ACC000656,CUST000317,ACCTNO0000000656,fixed_deposit,BR00019,FNTK000190,INR,365917.67,364140.13,2017-08-21T05:48:45,dormant,6.68,10000,0,Manbir Sekhon,,EMP000023,2021-06-06T10:05:07,2017-08-21T05:48:45,2020-01-05T01:15:01
ACC000657,CUST000635,ACCTNO0000000657,current,BR00019,FNTK000190,INR,700292.53,647820.02,2021-08-31T07:07:22,active,0.0,5000,0,Naksh Sawhney,,EMP000047,2024-01-01T08:53:37,2021-08-31T07:07:22,2024-07-28T00:03:32
ACC000658,CUST000265,ACCTNO0000000658,savings,BR00017,FNTK000170,INR,637276.89,630127.73,2024-03-04T04:48:46,active,6.67,1000,0,Hritik Mahal,Anya Hora,EMP000099,2024-03-09T19:02:14,2024-03-04T04:48:46,2024-05-22T16:25:04
ACC000659,CUST000969,ACCTNO0000000659,fixed_deposit,BR00006,FNTK000060,INR,65700.25,62448.65,2018-10-27T23:25:43,active,7.36,10000,0,Bhavani Gaba,,EMP000086,2021-05-25T15:11:33,2018-10-27T23:25:43,2026-03-26T07:45:03
ACC000660,CUST000731,ACCTNO0000000660,current,BR00018,FNTK000180,INR,1631315.27,1623358.18,2022-08-08T04:14:37,active,0.0,25000,10000,Ekantika Badal,,EMP000055,2026-02-14T22:11:25,2022-08-08T04:14:37,2025-12-22T09:05:54
ACC000661,CUST000473,ACCTNO0000000661,current,BR00012,FNTK000120,INR,393424.41,356430.03,2017-05-15T11:11:44,active,0.0,5000,25000,Charles Narain,,EMP000070,2024-04-22T08:12:22,2017-05-15T11:11:44,2026-06-29T14:06:58
ACC000662,CUST000500,ACCTNO0000000662,savings,BR00002,FNTK000020,INR,879316.63,851637.72,2018-07-30T22:14:35,active,5.1,5000,0,Jyoti Dhar,,EMP000069,2020-01-25T03:10:55,2018-07-30T22:14:35,2020-05-16T04:07:26
ACC000663,CUST000269,ACCTNO0000000663,savings,BR00020,FNTK000200,INR,362415.77,354856.66,2021-02-24T06:52:43,active,5.56,10000,0,Keya Bal,,EMP000086,2022-12-19T12:14:16,2021-02-24T06:52:43,2024-06-29T01:59:05
ACC000664,CUST000005,ACCTNO0000000664,savings,BR00010,FNTK000100,INR,1703860.26,1599489.43,2019-02-25T16:53:24,active,3.41,0,0,Ekiya Randhawa,,EMP000051,2020-06-12T17:23:21,2019-02-25T16:53:24,2023-07-12T02:39:23
ACC000665,CUST000415,ACCTNO0000000665,salary,BR00013,FNTK000130,INR,1401997.46,1305483.45,2018-07-13T06:21:54,active,2.6,0,0,Eta Banerjee,,EMP000037,2025-03-10T14:50:07,2018-07-13T06:21:54,2026-01-25T19:58:40
ACC000666,CUST000790,ACCTNO0000000666,current,BR00008,FNTK000080,INR,203352.15,188184.66,2016-05-16T16:14:31,active,0.0,25000,5000,Ekiya Baral,,EMP000088,2016-12-17T11:36:31,2016-05-16T16:14:31,2020-04-07T00:07:44
ACC000667,CUST000114,ACCTNO0000000667,fixed_deposit,BR00008,FNTK000080,INR,782496.46,764389.76,2016-08-31T11:05:11,active,7.36,10000,0,Kevin Taneja,,EMP000019,2025-08-01T11:43:00,2016-08-31T11:05:11,2021-04-30T19:03:11
ACC000668,CUST000526,ACCTNO0000000668,savings,BR00018,FNTK000180,INR,1501510.19,1446804.31,2016-03-25T16:40:32,active,4.81,5000,0,Ekansh Dey,,EMP000049,2018-10-27T19:51:43,2016-03-25T16:40:32,2019-01-01T13:19:58
ACC000669,CUST000038,ACCTNO0000000669,fixed_deposit,BR00017,FNTK000170,INR,1271371.15,1183926.08,2016-10-08T19:19:03,active,7.35,10000,0,Harsh Virk,Wahab Chanda,EMP000094,2023-10-28T20:46:41,2016-10-08T19:19:03,2017-07-07T17:12:12
ACC000670,CUST000298,ACCTNO0000000670,salary,BR00001,FNTK000010,INR,1732610.13,1610668.03,2018-02-08T23:39:13,dormant,3.68,0,0,Ishanvi Nigam,,EMP000057,2022-07-25T01:03:39,2018-02-08T23:39:13,2023-10-25T17:06:31
ACC000671,CUST000604,ACCTNO0000000671,savings,BR00005,FNTK000050,INR,1783503.89,1765940.77,2016-10-20T08:45:07,dormant,4.11,10000,0,Nitara Oza,,EMP000054,2023-06-02T15:59:00,2016-10-20T08:45:07,2025-03-02T02:25:23
ACC000672,CUST000209,ACCTNO0000000672,current,BR00005,FNTK000050,INR,1697498.13,1682081.05,2023-01-03T10:40:17,active,0.0,5000,25000,Waida Rattan,,EMP000023,2025-11-29T21:44:47,2023-01-03T10:40:17,2024-03-03T18:53:00
ACC000673,CUST000377,ACCTNO0000000673,savings,BR00009,FNTK000090,INR,693743.73,683139.01,2023-12-06T04:35:47,active,3.06,1000,0,Omaja Randhawa,Gaurav Johal,EMP000009,2026-08-29T21:00:19,2023-12-06T04:35:47,2023-12-29T23:27:25
ACC000674,CUST000611,ACCTNO0000000674,current,BR00008,FNTK000080,INR,57716.66,55761.35,2023-10-11T03:07:46,dormant,0.0,10000,0,Nathan D’Alia,,EMP000082,2023-11-27T09:41:30,2023-10-11T03:07:46,2025-08-02T08:26:00
ACC000675,CUST000430,ACCTNO0000000675,savings,BR00008,FNTK000080,INR,471800.01,455620.01,2024-03-14T23:06:20,active,6.1,5000,0,Utkarsh Khatri,,EMP000011,2025-04-14T15:55:16,2024-03-14T23:06:20,2026-02-19T21:46:40
ACC000676,CUST000595,ACCTNO0000000676,current,BR00006,FNTK000060,INR,1625497.18,1554447.8,2019-05-07T10:06:10,active,0.0,25000,5000,Arjun Ben,,EMP000098,2024-04-09T06:42:41,2019-05-07T10:06:10,2020-11-09T17:49:41
ACC000677,CUST000017,ACCTNO0000000677,savings,BR00006,FNTK000060,INR,713075.83,645159.54,2018-01-22T21:02:05,dormant,5.35,0,0,Varenya Basak,,EMP000046,2020-06-02T16:14:32,2018-01-22T21:02:05,2019-12-11T12:14:45
ACC000678,CUST000169,ACCTNO0000000678,salary,BR00006,FNTK000060,INR,7170.86,6752.84,2024-04-25T07:34:06,blocked,3.36,0,0,Theodore Kaul,,EMP000006,2025-09-16T05:44:44,2024-04-25T07:34:06,2024-07-22T22:23:33
ACC000679,CUST000230,ACCTNO0000000679,current,BR00020,FNTK000200,INR,1502172.95,1361472.72,2017-04-24T06:33:21,active,0.0,10000,10000,Laksh Tella,,EMP000032,2020-03-07T22:43:16,2017-04-24T06:33:21,2023-07-12T15:11:14
ACC000680,CUST000938,ACCTNO0000000680,savings,BR00005,FNTK000050,INR,1202706.4,1177248.37,2023-04-11T00:51:48,dormant,3.96,5000,0,Ekantika Ram,,EMP000037,2024-07-13T08:54:14,2023-04-11T00:51:48,2023-06-23T11:19:29
ACC000681,CUST000156,ACCTNO0000000681,salary,BR00013,FNTK000130,INR,144549.39,135222.78,2018-12-12T09:39:18,closed,2.92,0,0,Anirudh Uppal,,EMP000035,2020-04-04T23:33:32,2018-12-12T09:39:18,2026-02-12T10:33:22
ACC000682,CUST000542,ACCTNO0000000682,salary,BR00008,FNTK000080,INR,38315.4,38259.23,2023-12-04T09:50:12,dormant,3.55,0,0,Waida Bajwa,,EMP000013,2025-02-22T23:57:02,2023-12-04T09:50:12,2026-04-17T02:19:30
ACC000683,CUST000228,ACCTNO0000000683,savings,BR00001,FNTK000010,INR,1030684.67,961907.07,2017-03-06T14:57:22,active,3.23,0,0,Ekansh Baria,,EMP000086,2025-11-15T20:17:44,2017-03-06T14:57:22,2025-08-11T00:49:49
ACC000684,CUST000111,ACCTNO0000000684,current,BR00005,FNTK000050,INR,244657.7,242487.72,2015-06-22T07:39:41,active,0.0,10000,25000,Balendra Joshi,,EMP000014,2016-06-25T03:09:11,2015-06-22T07:39:41,2025-12-03T09:04:37
ACC000685,CUST000188,ACCTNO0000000685,savings,BR00008,FNTK000080,INR,1149051.85,1099412.82,2019-05-17T21:49:17,active,5.77,10000,0,Vyanjana Amble,,EMP000063,2021-07-07T01:22:58,2019-05-17T21:49:17,2026-08-22T12:52:53
ACC000686,CUST000415,ACCTNO0000000686,salary,BR00017,FNTK000170,INR,713089.58,690242.27,2019-05-11T23:19:40,active,3.51,0,0,Faris Pillai,,EMP000068,2022-09-23T16:46:20,2019-05-11T23:19:40,2022-02-28T20:38:52
ACC000687,CUST000554,ACCTNO0000000687,current,BR00009,FNTK000090,INR,594605.08,570754.01,2018-07-17T03:13:34,active,0.0,10000,25000,Mekhala Kala,,EMP000001,2022-04-21T21:10:29,2018-07-17T03:13:34,2019-09-09T21:03:03
ACC000688,CUST000673,ACCTNO0000000688,savings,BR00016,FNTK000160,INR,1703146.66,1577678.66,2015-12-27T17:11:16,active,3.59,5000,0,Abhimanyu Manda,,EMP000070,2016-01-06T11:38:17,2015-12-27T17:11:16,2019-04-09T17:33:32
ACC000689,CUST000205,ACCTNO0000000689,savings,BR00005,FNTK000050,INR,711824.77,696913.25,2023-07-11T13:04:34,active,5.71,1000,0,Kavya Vaidya,,EMP000037,2023-07-18T22:03:44,2023-07-11T13:04:34,2024-10-29T02:39:30
ACC000690,CUST000198,ACCTNO0000000690,savings,BR00005,FNTK000050,INR,804307.61,755721.3,2021-03-18T03:04:36,active,6.1,0,0,Nathaniel Jaggi,,EMP000057,2024-05-21T10:49:59,2021-03-18T03:04:36,2022-05-03T11:26:04
ACC000691,CUST000629,ACCTNO0000000691,current,BR00002,FNTK000020,INR,1894825.1,1746465.68,2024-07-15T16:30:13,active,0.0,10000,0,Gaurika Hayre,,EMP000052,2026-07-15T14:54:48,2024-07-15T16:30:13,2024-10-31T15:33:33
ACC000692,CUST000514,ACCTNO0000000692,current,BR00008,FNTK000080,INR,500744.55,475080.63,2024-06-01T04:15:14,active,0.0,5000,10000,Abha Ramaswamy,,EMP000066,2025-05-24T12:40:20,2024-06-01T04:15:14,2025-05-09T06:24:41
ACC000693,CUST000009,ACCTNO0000000693,savings,BR00005,FNTK000050,INR,179824.68,175158.18,2021-02-01T21:20:57,closed,6.53,1000,0,Bhavika Seth,,EMP000067,2026-08-25T03:06:42,2021-02-01T21:20:57,2025-08-29T05:15:59
ACC000694,CUST000507,ACCTNO0000000694,recurring_deposit,BR00008,FNTK000080,INR,1673446.59,1554678.7,2024-07-04T14:21:08,active,7.73,500,0,Sanaya Vala,Samarth Goyal,EMP000033,2026-08-02T23:27:01,2024-07-04T14:21:08,2025-10-20T17:55:53
ACC000695,CUST000879,ACCTNO0000000695,current,BR00015,FNTK000150,INR,1345564.68,1326217.32,2023-04-30T07:12:01,active,0.0,5000,0,Benjamin Ram,,EMP000076,2025-12-12T03:48:03,2023-04-30T07:12:01,2023-07-01T04:57:35
ACC000696,CUST000096,ACCTNO0000000696,current,BR00012,FNTK000120,INR,1208293.52,1186892.3,2024-02-01T05:15:30,active,0.0,5000,25000,Samesh Iyengar,,EMP000044,2026-07-13T09:28:30,2024-02-01T05:15:30,2026-02-14T17:55:04
ACC000697,CUST000184,ACCTNO0000000697,fixed_deposit,BR00002,FNTK000020,INR,197243.66,190602.93,2021-07-19T23:18:55,active,8.05,10000,0,Tanish Mitter,,EMP000044,2025-07-19T15:38:32,2021-07-19T23:18:55,2023-04-19T17:30:39
ACC000698,CUST000692,ACCTNO0000000698,fixed_deposit,BR00002,FNTK000020,INR,202176.3,192449.37,2024-11-16T10:57:54,active,7.99,10000,0,Ubika Bhagat,,EMP000015,2026-05-18T15:18:58,2024-11-16T10:57:54,2026-04-24T07:13:13
ACC000699,CUST000598,ACCTNO0000000699,current,BR00007,FNTK000070,INR,1287276.23,1162628.89,2022-04-21T16:02:02,blocked,0.0,25000,5000,Zayyan Kalla,,EMP000088,2026-07-31T23:59:00,2022-04-21T16:02:02,2026-08-11T12:45:15
ACC000700,CUST000538,ACCTNO0000000700,current,BR00019,FNTK000190,INR,1444845.1,1385345.46,2016-02-29T17:45:15,active,0.0,25000,25000,Dayita Arora,,EMP000060,2019-03-30T16:07:18,2016-02-29T17:45:15,2020-02-07T20:20:06
ACC000701,CUST000441,ACCTNO0000000701,savings,BR00018,FNTK000180,INR,64099.14,63195.42,2016-03-11T20:40:53,active,4.76,0,0,Pratyush Nath,,EMP000092,2023-05-02T00:52:41,2016-03-11T20:40:53,2023-11-02T10:15:30
ACC000702,CUST000464,ACCTNO0000000702,fixed_deposit,BR00016,FNTK000160,INR,776219.91,752486.13,2017-06-22T09:39:22,active,7.6,10000,0,Xalak Rama,Tanvi Raman,EMP000019,2019-06-23T13:38:13,2017-06-22T09:39:22,2020-04-20T10:06:39
ACC000703,CUST000970,ACCTNO0000000703,salary,BR00006,FNTK000060,INR,1017782.37,942288.84,2024-02-01T08:01:41,dormant,4.41,0,0,Vyanjana Srinivasan,,EMP000080,2025-10-21T10:42:51,2024-02-01T08:01:41,2024-03-12T11:09:08
ACC000704,CUST000035,ACCTNO0000000704,current,BR00011,FNTK000110,INR,1998792.46,1973941.04,2020-11-30T09:01:27,active,0.0,25000,5000,Yuvraj Brahmbhatt,,EMP000030,2021-06-10T02:34:47,2020-11-30T09:01:27,2023-04-13T09:41:07
ACC000705,CUST000798,ACCTNO0000000705,savings,BR00012,FNTK000120,INR,1059224.6,1013199.75,2018-06-16T15:39:06,blocked,6.88,0,0,Aadi Balasubramanian,Advay Mahal,EMP000016,2022-02-27T19:03:03,2018-06-16T15:39:06,2024-11-06T02:18:34
ACC000706,CUST000913,ACCTNO0000000706,current,BR00004,FNTK000040,INR,1845882.87,1711314.94,2024-04-24T15:39:45,active,0.0,25000,10000,Chavvi Saxena,Nathaniel Chatterjee,EMP000008,2025-06-20T18:26:19,2024-04-24T15:39:45,2024-06-19T21:38:27
ACC000707,CUST000866,ACCTNO0000000707,salary,BR00004,FNTK000040,INR,297994.36,269712.2,2015-10-08T11:07:36,active,3.35,0,0,Jhalak Kale,,EMP000006,2023-05-01T16:41:27,2015-10-08T11:07:36,2026-02-05T21:22:10
ACC000708,CUST000904,ACCTNO0000000708,current,BR00018,FNTK000180,INR,343623.88,326556.17,2023-12-01T08:41:17,active,0.0,25000,10000,Pallavi Pradhan,,EMP000040,2024-07-27T09:19:58,2023-12-01T08:41:17,2025-11-04T18:36:29
ACC000709,CUST000229,ACCTNO0000000709,fixed_deposit,BR00016,FNTK000160,INR,1989829.86,1905406.0,2019-05-27T00:40:31,active,7.98,10000,0,Ati Sahni,,EMP000048,2020-05-18T00:47:34,2019-05-27T00:40:31,2026-03-07T02:29:13
ACC000710,CUST000524,ACCTNO0000000710,fixed_deposit,BR00014,FNTK000140,INR,1382410.35,1300553.06,2023-03-05T08:29:25,blocked,8.15,10000,0,Chameli Banerjee,,EMP000036,2025-01-25T04:32:40,2023-03-05T08:29:25,2026-04-16T15:54:48
ACC000711,CUST000793,ACCTNO0000000711,fixed_deposit,BR00008,FNTK000080,INR,1674267.45,1666691.33,2022-11-07T07:11:56,active,7.47,10000,0,Chasmum Dhar,Tanmayi Jayaraman,EMP000008,2026-06-03T10:18:37,2022-11-07T07:11:56,2025-10-31T00:50:22
ACC000712,CUST000775,ACCTNO0000000712,savings,BR00019,FNTK000190,INR,194267.82,175912.3,2017-06-06T19:05:38,closed,4.72,5000,0,Azaan Soni,,EMP000059,2019-06-24T18:17:44,2017-06-06T19:05:38,2022-12-09T21:31:23
ACC000713,CUST000680,ACCTNO0000000713,savings,BR00008,FNTK000080,INR,586056.78,568512.59,2016-10-25T17:54:15,active,4.03,10000,0,Akshay Chowdhury,,EMP000021,2022-10-10T18:39:31,2016-10-25T17:54:15,2023-03-26T11:17:49
ACC000714,CUST000251,ACCTNO0000000714,recurring_deposit,BR00004,FNTK000040,INR,242274.59,227956.37,2019-12-29T20:26:53,active,6.79,500,0,Wahab Shah,,EMP000046,2021-04-01T14:44:05,2019-12-29T20:26:53,2024-01-30T01:58:28
ACC000715,CUST000613,ACCTNO0000000715,salary,BR00015,FNTK000150,INR,1981225.27,1897152.61,2016-11-17T14:49:55,active,3.91,0,0,Anamika Bajaj,,EMP000014,2024-05-07T22:58:20,2016-11-17T14:49:55,2024-03-12T09:16:25
ACC000716,CUST000189,ACCTNO0000000716,savings,BR00010,FNTK000100,INR,262003.78,240478.8,2015-02-27T14:31:54,closed,5.79,10000,0,Dev Dua,,EMP000093,2025-06-29T09:55:52,2015-02-27T14:31:54,2015-07-23T17:15:54
ACC000717,CUST000143,ACCTNO0000000717,current,BR00014,FNTK000140,INR,223866.26,211819.01,2024-04-26T15:35:52,active,0.0,25000,5000,Dhruv Rao,,EMP000022,2026-03-08T16:27:07,2024-04-26T15:35:52,2024-06-19T11:16:43
ACC000718,CUST000783,ACCTNO0000000718,savings,BR00008,FNTK000080,INR,792533.45,758815.41,2019-03-13T03:52:52,active,4.27,0,0,Ayushman Barad,,EMP000054,2021-07-07T10:32:56,2019-03-13T03:52:52,2023-04-20T05:06:30
ACC000719,CUST000135,ACCTNO0000000719,savings,BR00017,FNTK000170,INR,1615728.77,1479615.77,2019-10-24T00:11:27,active,5.61,10000,0,Rachana Shroff,,EMP000056,2025-02-01T09:10:16,2019-10-24T00:11:27,2019-12-29T15:03:36
ACC000720,CUST000508,ACCTNO0000000720,savings,BR00006,FNTK000060,INR,70464.96,66186.83,2020-06-13T02:29:29,blocked,3.26,5000,0,Parth Arya,,EMP000090,2025-10-03T06:49:43,2020-06-13T02:29:29,2024-06-16T06:31:46
ACC000721,CUST000199,ACCTNO0000000721,savings,BR00014,FNTK000140,INR,1631074.53,1530580.44,2017-08-19T10:50:57,blocked,4.74,0,0,Dev Mand,,EMP000037,2017-09-14T21:20:36,2017-08-19T10:50:57,2023-02-24T17:13:39
ACC000722,CUST000237,ACCTNO0000000722,savings,BR00004,FNTK000040,INR,1254792.59,1216095.55,2019-09-22T16:02:10,active,4.65,1000,0,Varenya Jain,,EMP000029,2022-07-29T06:58:33,2019-09-22T16:02:10,2021-08-17T13:36:04
ACC000723,CUST000319,ACCTNO0000000723,salary,BR00003,FNTK000030,INR,223624.22,211690.78,2023-07-08T11:45:46,closed,3.83,0,0,Arjun Magar,,EMP000009,2024-07-14T22:40:48,2023-07-08T11:45:46,2025-09-22T04:26:29
ACC000724,CUST000331,ACCTNO0000000724,savings,BR00013,FNTK000130,INR,232373.35,227162.76,2018-10-26T01:41:52,active,4.77,1000,0,Wahab Sem,,EMP000084,2023-08-01T05:06:37,2018-10-26T01:41:52,2022-02-02T18:09:26
ACC000725,CUST000040,ACCTNO0000000725,savings,BR00011,FNTK000110,INR,818115.02,746050.75,2021-05-02T07:52:13,active,4.76,1000,0,Chaitanya Saran,,EMP000045,2024-06-10T13:48:36,2021-05-02T07:52:13,2025-07-26T17:00:27
ACC000726,CUST000376,ACCTNO0000000726,savings,BR00013,FNTK000130,INR,10835.37,10327.84,2017-08-30T01:57:08,closed,6.56,5000,0,Vincent Batta,,EMP000012,2019-10-26T09:55:26,2017-08-30T01:57:08,2020-11-28T14:44:37
ACC000727,CUST000316,ACCTNO0000000727,savings,BR00011,FNTK000110,INR,1315042.76,1257353.99,2024-11-28T18:30:14,active,5.39,10000,0,Januja Chakrabarti,,EMP000032,2025-07-30T09:12:21,2024-11-28T18:30:14,2025-10-29T10:47:36
ACC000728,CUST000226,ACCTNO0000000728,savings,BR00003,FNTK000030,INR,1332696.58,1248230.87,2018-03-08T12:19:48,active,4.93,5000,0,Tanmayi Sodhi,,EMP000076,2025-08-09T10:47:51,2018-03-08T12:19:48,2024-08-10T02:48:10
ACC000729,CUST000226,ACCTNO0000000729,savings,BR00017,FNTK000170,INR,142386.59,131714.2,2016-04-14T11:46:03,closed,4.34,1000,0,Kashvi Prabhu,Ekani Palan,EMP000023,2024-01-06T16:13:23,2016-04-14T11:46:03,2019-08-27T02:35:42
ACC000730,CUST000915,ACCTNO0000000730,savings,BR00020,FNTK000200,INR,1338075.83,1337217.41,2020-09-07T20:05:51,blocked,4.69,0,0,Owen Ratti,,EMP000026,2022-12-22T02:35:25,2020-09-07T20:05:51,2024-03-26T00:41:24
ACC000731,CUST000122,ACCTNO0000000731,salary,BR00005,FNTK000050,INR,153890.26,152943.96,2021-05-29T18:37:17,active,4.11,0,0,Unni Palan,,EMP000043,2023-07-10T02:18:35,2021-05-29T18:37:17,2022-09-11T10:33:11
ACC000732,CUST000417,ACCTNO0000000732,salary,BR00015,FNTK000150,INR,1805895.25,1632371.49,2019-06-15T05:01:19,active,3.85,0,0,Manbir Talwar,Jagvi Sankaran,EMP000001,2020-05-13T07:15:42,2019-06-15T05:01:19,2021-09-30T08:38:57
ACC000733,CUST000772,ACCTNO0000000733,current,BR00020,FNTK000200,INR,899388.8,859669.1,2024-11-30T18:12:42,active,0.0,25000,10000,Zehaan Devan,Jagrati Shukla,EMP000072,2026-03-12T15:21:19,2024-11-30T18:12:42,2026-04-26T01:44:16
ACC000734,CUST000818,ACCTNO0000000734,savings,BR00013,FNTK000130,INR,1618994.67,1540526.28,2020-02-20T19:35:03,active,4.95,0,0,Nitesh Basak,,EMP000032,2020-03-17T13:25:51,2020-02-20T19:35:03,2026-05-01T02:23:17
ACC000735,CUST000190,ACCTNO0000000735,savings,BR00017,FNTK000170,INR,659400.92,596217.16,2020-07-03T23:16:53,blocked,3.48,0,0,Yashawini Dhillon,Nathaniel Dewan,EMP000028,2022-11-29T00:55:48,2020-07-03T23:16:53,2026-07-26T07:33:14
ACC000736,CUST000618,ACCTNO0000000736,salary,BR00004,FNTK000040,INR,1105732.38,1071994.07,2015-07-27T02:43:47,active,4.29,0,0,Meghana Bumb,,EMP000091,2019-05-02T13:44:52,2015-07-27T02:43:47,2021-05-16T17:14:26
ACC000737,CUST000790,ACCTNO0000000737,recurring_deposit,BR00019,FNTK000190,INR,1620812.28,1554407.43,2022-05-09T01:57:00,active,7.27,500,0,Isaac Thaker,,EMP000100,2024-05-11T00:56:49,2022-05-09T01:57:00,2022-12-07T20:43:33
ACC000738,CUST000251,ACCTNO0000000738,savings,BR00005,FNTK000050,INR,838949.27,835660.75,2024-09-01T21:18:09,active,3.3,5000,0,Zinal Chawla,,EMP000038,2026-08-06T09:06:10,2024-09-01T21:18:09,2025-08-02T00:08:59
ACC000739,CUST000867,ACCTNO0000000739,recurring_deposit,BR00004,FNTK000040,INR,288801.22,264225.17,2019-05-24T21:19:19,dormant,7.37,500,0,Aachal Gala,,EMP000073,2023-11-06T22:08:15,2019-05-24T21:19:19,2021-01-04T15:37:56
ACC000740,CUST000257,ACCTNO0000000740,savings,BR00018,FNTK000180,INR,1245678.57,1218699.83,2022-10-10T22:19:16,active,4.05,5000,0,Gaurika Suresh,,EMP000093,2024-02-21T15:14:56,2022-10-10T22:19:16,2025-04-28T03:53:06
ACC000741,CUST000436,ACCTNO0000000741,savings,BR00008,FNTK000080,INR,1974.78,1792.91,2015-01-28T23:04:08,active,6.37,1000,0,Eshana Prakash,,EMP000048,2022-03-05T16:21:01,2015-01-28T23:04:08,2021-02-05T08:08:58
ACC000742,CUST000988,ACCTNO0000000742,current,BR00016,FNTK000160,INR,787578.8,775814.01,2017-01-15T13:11:57,blocked,0.0,10000,0,Maya Kanda,,EMP000037,2022-12-01T13:33:04,2017-01-15T13:11:57,2018-01-06T20:24:51
ACC000743,CUST000436,ACCTNO0000000743,savings,BR00004,FNTK000040,INR,588496.46,553065.18,2024-09-10T16:10:11,blocked,4.41,10000,0,Nikita Cherian,,EMP000019,2026-07-22T19:14:53,2024-09-10T16:10:11,2026-03-27T02:33:30
ACC000744,CUST000050,ACCTNO0000000744,salary,BR00005,FNTK000050,INR,380060.52,371275.93,2020-06-29T19:34:26,active,4.19,0,0,Sudiksha Dugal,Aadi Thaman,EMP000019,2022-10-20T10:53:38,2020-06-29T19:34:26,2025-03-12T15:13:19
ACC000745,CUST000833,ACCTNO0000000745,fixed_deposit,BR00014,FNTK000140,INR,1834539.57,1669199.36,2016-08-07T06:02:48,active,6.94,10000,0,Warhi Dhawan,,EMP000047,2022-10-11T02:18:18,2016-08-07T06:02:48,2024-12-08T01:15:10
ACC000746,CUST000650,ACCTNO0000000746,savings,BR00017,FNTK000170,INR,1375658.58,1265616.57,2017-01-06T18:26:36,active,3.98,0,0,Damini Khurana,,EMP000005,2025-10-30T23:51:36,2017-01-06T18:26:36,2020-09-30T03:02:30
ACC000747,CUST000687,ACCTNO0000000747,savings,BR00016,FNTK000160,INR,1350982.49,1285454.19,2019-10-02T05:19:01,active,4.41,1000,0,Chavvi Kadakia,,EMP000066,2020-10-24T12:49:33,2019-10-02T05:19:01,2024-10-06T18:27:23
ACC000748,CUST000695,ACCTNO0000000748,savings,BR00007,FNTK000070,INR,764876.52,701986.84,2021-07-08T08:06:04,active,5.66,5000,0,Rayaan Bajwa,,EMP000019,2025-06-01T19:08:43,2021-07-08T08:06:04,2025-03-22T16:07:32
ACC000749,CUST000087,ACCTNO0000000749,current,BR00006,FNTK000060,INR,491013.79,464990.59,2022-01-18T11:35:27,active,0.0,25000,5000,Azaan Merchant,,EMP000016,2026-07-30T15:57:07,2022-01-18T11:35:27,2023-10-20T01:38:56
ACC000750,CUST000278,ACCTNO0000000750,current,BR00016,FNTK000160,INR,1273213.65,1252209.15,2020-11-09T22:47:07,active,0.0,10000,0,Sarthak Grewal,,EMP000018,2025-03-25T15:34:41,2020-11-09T22:47:07,2021-01-04T02:09:57
ACC000751,CUST000510,ACCTNO0000000751,savings,BR00019,FNTK000190,INR,840989.55,781800.75,2016-05-16T05:44:32,active,6.47,0,0,Ekalinga Kulkarni,Jagat Sami,EMP000096,2022-12-13T07:55:57,2016-05-16T05:44:32,2026-02-03T17:52:21
ACC000752,CUST000599,ACCTNO0000000752,savings,BR00010,FNTK000100,INR,555868.33,538998.69,2021-03-16T12:06:21,active,5.49,1000,0,Neha Anne,Hemal Rama,EMP000028,2022-10-16T06:05:37,2021-03-16T12:06:21,2023-03-26T23:31:47
ACC000753,CUST000398,ACCTNO0000000753,salary,BR00014,FNTK000140,INR,862367.3,859463.89,2023-12-29T12:46:07,active,4.21,0,0,Sathvik Modi,,EMP000055,2025-10-15T03:08:29,2023-12-29T12:46:07,2026-01-23T01:17:58
ACC000754,CUST000322,ACCTNO0000000754,recurring_deposit,BR00005,FNTK000050,INR,1291976.32,1259826.24,2023-03-15T11:32:28,active,7.42,500,0,Vanya Barman,Azad Tata,EMP000085,2023-06-19T01:03:31,2023-03-15T11:32:28,2024-06-16T04:12:26
ACC000755,CUST000701,ACCTNO0000000755,savings,BR00018,FNTK000180,INR,1483616.85,1360983.6,2019-04-05T10:50:24,active,3.07,1000,0,Indali Balasubramanian,Urvashi Rajagopal,EMP000070,2023-01-23T02:59:59,2019-04-05T10:50:24,2023-03-31T21:16:33
ACC000756,CUST000492,ACCTNO0000000756,salary,BR00007,FNTK000070,INR,1288700.29,1271493.8,2020-11-18T16:18:17,dormant,3.99,0,0,Pahal Panchal,,EMP000018,2023-08-23T20:57:38,2020-11-18T16:18:17,2022-09-07T13:01:37
ACC000757,CUST000646,ACCTNO0000000757,current,BR00012,FNTK000120,INR,79103.31,78194.2,2017-03-16T18:03:30,closed,0.0,5000,25000,Avi Rai,,EMP000099,2020-04-17T07:02:53,2017-03-16T18:03:30,2024-12-18T03:55:02
ACC000758,CUST000296,ACCTNO0000000758,current,BR00004,FNTK000040,INR,333886.74,322480.14,2020-10-07T22:49:30,active,0.0,5000,10000,Vinaya Chadha,,EMP000013,2023-03-03T00:20:11,2020-10-07T22:49:30,2025-03-31T04:57:17
ACC000759,CUST000939,ACCTNO0000000759,savings,BR00008,FNTK000080,INR,56881.31,54506.15,2018-11-13T05:35:52,closed,4.58,10000,0,Zayyan Chanda,,EMP000063,2023-06-24T05:32:33,2018-11-13T05:35:52,2025-12-11T17:48:57
ACC000760,CUST000227,ACCTNO0000000760,current,BR00010,FNTK000100,INR,1596747.61,1510861.97,2015-04-09T06:25:56,active,0.0,25000,5000,Yatan Chandra,,EMP000065,2025-05-17T14:55:21,2015-04-09T06:25:56,2020-07-24T05:03:37
ACC000761,CUST000676,ACCTNO0000000761,savings,BR00006,FNTK000060,INR,1365256.45,1300573.95,2021-07-09T20:38:14,active,3.97,1000,0,Ladli Nazareth,,EMP000007,2022-10-19T13:21:47,2021-07-09T20:38:14,2024-03-21T11:12:25
ACC000762,CUST000546,ACCTNO0000000762,savings,BR00010,FNTK000100,INR,1188184.81,1118261.25,2022-02-20T20:10:47,active,6.95,10000,0,Upasna Banerjee,,EMP000068,2022-09-20T21:08:23,2022-02-20T20:10:47,2026-07-24T20:34:48
ACC000763,CUST000223,ACCTNO0000000763,recurring_deposit,BR00014,FNTK000140,INR,430890.91,419958.87,2022-05-24T00:03:45,active,6.16,500,0,Dayita Seth,,EMP000074,2025-02-28T12:11:00,2022-05-24T00:03:45,2024-11-11T19:00:18
ACC000764,CUST000160,ACCTNO0000000764,salary,BR00003,FNTK000030,INR,270135.67,246222.34,2024-12-18T21:08:37,active,3.62,0,0,Nirja Chandran,,EMP000023,2025-06-15T06:14:54,2024-12-18T21:08:37,2026-04-24T04:51:50
ACC000765,CUST000002,ACCTNO0000000765,savings,BR00016,FNTK000160,INR,923949.44,876589.24,2016-06-26T23:44:06,active,4.69,5000,0,Kabir Bala,,EMP000026,2025-01-30T01:52:07,2016-06-26T23:44:06,2026-05-31T04:34:53
ACC000766,CUST000814,ACCTNO0000000766,savings,BR00019,FNTK000190,INR,1361143.03,1236720.21,2019-12-20T19:06:07,dormant,4.91,10000,0,Ekapad Thakkar,,EMP000020,2021-02-12T16:16:28,2019-12-20T19:06:07,2020-02-21T22:39:51
ACC000767,CUST000917,ACCTNO0000000767,savings,BR00004,FNTK000040,INR,1577988.57,1537332.47,2017-02-05T07:34:29,active,3.71,0,0,Ubika Maharaj,,EMP000086,2024-03-06T14:20:20,2017-02-05T07:34:29,2018-01-29T21:43:24
ACC000768,CUST000174,ACCTNO0000000768,savings,BR00011,FNTK000110,INR,653492.42,595179.99,2020-06-22T16:00:38,active,6.47,10000,0,Chanakya Kulkarni,,EMP000098,2020-11-02T11:16:42,2020-06-22T16:00:38,2025-04-13T06:06:57
ACC000769,CUST000344,ACCTNO0000000769,current,BR00001,FNTK000010,INR,1034725.2,1005046.45,2015-03-29T02:50:38,active,0.0,25000,10000,Zansi Swaminathan,,EMP000062,2018-05-11T16:20:58,2015-03-29T02:50:38,2019-11-18T20:13:43
ACC000770,CUST000375,ACCTNO0000000770,savings,BR00005,FNTK000050,INR,852842.92,820362.97,2019-12-26T15:03:22,active,6.26,10000,0,Siya Memon,,EMP000006,2022-12-03T12:48:58,2019-12-26T15:03:22,2020-12-17T19:37:09
ACC000771,CUST000635,ACCTNO0000000771,current,BR00006,FNTK000060,INR,680477.6,656833.38,2017-08-22T22:18:05,active,0.0,25000,10000,Balveer Mannan,,EMP000031,2023-03-20T05:35:49,2017-08-22T22:18:05,2021-08-03T14:41:43
ACC000772,CUST000987,ACCTNO0000000772,fixed_deposit,BR00016,FNTK000160,INR,1362892.65,1287153.63,2022-08-12T15:22:33,active,7.0,10000,0,Pooja Choudhary,,EMP000017,2024-04-06T09:09:52,2022-08-12T15:22:33,2026-01-05T02:26:50
ACC000773,CUST000217,ACCTNO0000000773,salary,BR00007,FNTK000070,INR,645341.71,623762.5,2023-03-15T16:55:47,active,2.52,0,0,Faraj Issac,,EMP000076,2025-01-23T11:57:52,2023-03-15T16:55:47,2025-10-01T15:10:02
ACC000774,CUST000577,ACCTNO0000000774,savings,BR00006,FNTK000060,INR,1259096.34,1242407.19,2023-02-14T08:31:26,active,3.12,0,0,Vedika Krish,,EMP000011,2025-12-06T04:36:05,2023-02-14T08:31:26,2025-07-28T19:03:47
ACC000775,CUST000493,ACCTNO0000000775,current,BR00014,FNTK000140,INR,792142.68,760793.45,2019-06-30T16:25:33,active,0.0,10000,25000,Lila Goda,,EMP000035,2023-07-14T02:43:46,2019-06-30T16:25:33,2020-10-13T13:37:47
ACC000776,CUST000472,ACCTNO0000000776,salary,BR00006,FNTK000060,INR,918926.94,853667.59,2016-07-13T21:02:54,blocked,2.96,0,0,Caleb Mittal,,EMP000065,2020-09-13T03:05:42,2016-07-13T21:02:54,2017-05-23T03:54:25
ACC000777,CUST000850,ACCTNO0000000777,savings,BR00019,FNTK000190,INR,1861168.14,1744233.72,2018-05-10T12:24:56,active,3.58,10000,0,Udant Oak,,EMP000069,2022-02-22T14:30:13,2018-05-10T12:24:56,2024-07-18T05:41:54
ACC000778,CUST000657,ACCTNO0000000778,salary,BR00001,FNTK000010,INR,640351.86,606704.49,2018-07-09T12:13:32,active,3.62,0,0,Veer Saxena,Harrison Gala,EMP000008,2024-02-22T17:51:08,2018-07-09T12:13:32,2022-10-07T12:42:06
ACC000779,CUST000664,ACCTNO0000000779,savings,BR00009,FNTK000090,INR,1683863.45,1674987.35,2020-01-23T19:36:47,active,4.66,10000,0,Kevin Bajwa,,EMP000010,2021-08-15T15:57:00,2020-01-23T19:36:47,2025-11-05T01:59:46
ACC000780,CUST000993,ACCTNO0000000780,savings,BR00008,FNTK000080,INR,1343656.94,1223710.93,2018-06-25T09:35:26,active,5.29,10000,0,Watika Peri,,EMP000057,2021-04-27T07:28:53,2018-06-25T09:35:26,2021-11-01T22:51:59
ACC000781,CUST000888,ACCTNO0000000781,current,BR00003,FNTK000030,INR,1168221.73,1124944.63,2024-11-13T13:56:00,active,0.0,5000,10000,Ansh Vohra,,EMP000052,2025-05-01T16:22:49,2024-11-13T13:56:00,2024-11-26T09:41:59
ACC000782,CUST000019,ACCTNO0000000782,savings,BR00004,FNTK000040,INR,1422301.87,1392795.11,2021-08-20T19:12:42,active,3.22,1000,0,Hitesh Sahota,,EMP000050,2023-11-03T09:54:58,2021-08-20T19:12:42,2022-02-12T07:08:36
ACC000783,CUST000922,ACCTNO0000000783,savings,BR00017,FNTK000170,INR,1679355.29,1529572.62,2015-12-11T16:43:58,active,3.82,5000,0,Bahadurjit Mallick,,EMP000098,2019-04-08T22:35:06,2015-12-11T16:43:58,2024-01-19T01:30:58
ACC000784,CUST000802,ACCTNO0000000784,salary,BR00012,FNTK000120,INR,181305.61,180054.78,2019-03-11T16:44:53,closed,3.47,0,0,Pahal Bhavsar,,EMP000021,2025-09-13T18:43:28,2019-03-11T16:44:53,2026-01-04T20:16:31
ACC000785,CUST000526,ACCTNO0000000785,current,BR00016,FNTK000160,INR,886926.84,860050.57,2024-04-04T01:50:48,active,0.0,10000,10000,Gagan Lall,,EMP000067,2024-05-31T10:48:43,2024-04-04T01:50:48,2026-04-10T17:25:42
ACC000786,CUST000030,ACCTNO0000000786,savings,BR00020,FNTK000200,INR,1221878.31,1213379.91,2024-12-31T13:23:01,active,4.3,10000,0,Vaishnavi Rattan,,EMP000024,2026-01-07T00:45:41,2024-12-31T13:23:01,2025-01-07T21:50:02
ACC000787,CUST000671,ACCTNO0000000787,savings,BR00004,FNTK000040,INR,1552084.73,1429802.93,2019-03-17T14:07:53,active,3.51,1000,0,Laksh Dara,,EMP000025,2023-03-19T19:50:00,2019-03-17T14:07:53,2026-02-21T20:35:08
ACC000788,CUST000820,ACCTNO0000000788,savings,BR00018,FNTK000180,INR,869683.11,856142.7,2016-02-04T18:51:42,active,4.15,1000,0,Neel Chadha,,EMP000062,2017-07-08T05:00:03,2016-02-04T18:51:42,2018-05-26T04:18:24
ACC000789,CUST000620,ACCTNO0000000789,salary,BR00012,FNTK000120,INR,79773.83,72300.01,2023-12-15T07:39:24,closed,3.68,0,0,Ronith Sehgal,,EMP000097,2024-04-25T07:41:47,2023-12-15T07:39:24,2025-12-18T23:26:16
ACC000790,CUST000217,ACCTNO0000000790,savings,BR00006,FNTK000060,INR,167392.5,153250.15,2021-03-15T11:13:13,closed,5.77,5000,0,Adya Sridhar,,EMP000017,2025-11-08T07:14:57,2021-03-15T11:13:13,2023-12-14T12:02:14
ACC000791,CUST000931,ACCTNO0000000791,current,BR00005,FNTK000050,INR,16455.36,16073.23,2022-06-09T12:53:18,active,0.0,5000,5000,Qasim Sachdev,,EMP000029,2025-10-30T05:18:08,2022-06-09T12:53:18,2023-06-10T10:21:47
ACC000792,CUST000696,ACCTNO0000000792,savings,BR00007,FNTK000070,INR,216701.58,202632.23,2022-06-19T18:44:08,active,6.62,10000,0,Balveer Kata,,EMP000039,2024-07-11T07:22:57,2022-06-19T18:44:08,2026-06-24T00:33:24
ACC000793,CUST000334,ACCTNO0000000793,savings,BR00009,FNTK000090,INR,539504.44,522018.46,2020-04-09T01:08:46,active,4.28,10000,0,Manan Mital,,EMP000020,2024-09-10T09:15:04,2020-04-09T01:08:46,2022-05-11T10:43:03
ACC000794,CUST000260,ACCTNO0000000794,savings,BR00002,FNTK000020,INR,1453318.9,1384480.32,2017-02-02T16:44:22,active,3.2,5000,0,Mahika Apte,,EMP000041,2023-12-13T14:32:34,2017-02-02T16:44:22,2022-05-17T01:42:59
ACC000795,CUST000823,ACCTNO0000000795,salary,BR00011,FNTK000110,INR,224152.19,213907.01,2015-06-08T20:02:14,closed,3.8,0,0,Darpan Uppal,,EMP000002,2017-04-15T08:15:17,2015-06-08T20:02:14,2015-06-18T04:59:11
ACC000796,CUST000559,ACCTNO0000000796,current,BR00009,FNTK000090,INR,1193136.1,1104085.04,2022-02-25T16:36:32,active,0.0,10000,25000,Isaiah Vohra,Aditya Mitter,EMP000028,2025-12-14T00:48:00,2022-02-25T16:36:32,2025-10-13T14:46:46
ACC000797,CUST000029,ACCTNO0000000797,savings,BR00008,FNTK000080,INR,1527959.77,1518184.28,2020-01-12T06:34:51,dormant,3.94,10000,0,Ekaja Kohli,,EMP000057,2022-05-20T08:04:38,2020-01-12T06:34:51,2026-05-11T00:50:12
ACC000798,CUST000853,ACCTNO0000000798,current,BR00005,FNTK000050,INR,173147.13,158537.27,2018-05-19T06:15:33,closed,0.0,10000,25000,Tanay Gulati,,EMP000022,2022-08-25T21:59:22,2018-05-19T06:15:33,2019-05-09T19:46:22
ACC000799,CUST000363,ACCTNO0000000799,current,BR00010,FNTK000100,INR,441061.06,406073.27,2015-01-04T05:19:50,active,0.0,5000,25000,Vanya Srinivas,,EMP000041,2015-11-12T15:26:26,2015-01-04T05:19:50,2020-07-04T02:18:49
ACC000800,CUST000746,ACCTNO0000000800,recurring_deposit,BR00001,FNTK000010,INR,17841.98,16508.29,2019-12-06T16:58:37,active,6.26,500,0,Hardik Gera,,EMP000080,2023-12-31T10:13:18,2019-12-06T16:58:37,2025-05-22T01:49:17
ACC000801,CUST000546,ACCTNO0000000801,current,BR00019,FNTK000190,INR,717251.61,680443.12,2016-04-17T11:11:30,active,0.0,10000,5000,Ekavir Dhingra,,EMP000053,2022-09-20T02:19:13,2016-04-17T11:11:30,2016-07-26T08:25:41
ACC000802,CUST000585,ACCTNO0000000802,current,BR00018,FNTK000180,INR,251831.75,228993.98,2020-05-24T06:57:11,dormant,0.0,25000,10000,Yashvi Dhillon,,EMP000093,2022-05-14T14:38:01,2020-05-24T06:57:11,2023-09-14T10:58:29
ACC000803,CUST000124,ACCTNO0000000803,savings,BR00010,FNTK000100,INR,1050325.55,998435.81,2022-07-04T15:32:47,active,5.38,5000,0,Vanya Varghese,,EMP000084,2026-03-20T09:29:12,2022-07-04T15:32:47,2024-01-18T07:36:03
ACC000804,CUST000108,ACCTNO0000000804,current,BR00009,FNTK000090,INR,1918787.59,1910747.07,2024-02-08T17:47:47,active,0.0,10000,25000,Nitesh Koshy,Janaki Kar,EMP000056,2025-02-20T11:23:45,2024-02-08T17:47:47,2026-07-04T15:23:49
ACC000805,CUST000560,ACCTNO0000000805,savings,BR00009,FNTK000090,INR,958694.17,885546.11,2019-04-09T12:00:39,active,5.56,10000,0,Niharika Bhasin,Brijesh Nagi,EMP000029,2023-08-03T12:35:59,2019-04-09T12:00:39,2021-08-08T07:13:58
ACC000806,CUST000382,ACCTNO0000000806,current,BR00020,FNTK000200,INR,1571972.44,1427568.45,2021-07-10T21:53:47,active,0.0,5000,25000,Ayaan Hans,,EMP000064,2026-07-26T03:23:52,2021-07-10T21:53:47,2026-02-06T00:07:46
ACC000807,CUST000392,ACCTNO0000000807,salary,BR00002,FNTK000020,INR,1627951.45,1569223.18,2018-03-10T10:58:45,active,2.56,0,0,Mahika Sengupta,Joshua Srinivas,EMP000076,2018-04-17T15:46:54,2018-03-10T10:58:45,2020-11-27T16:43:43
ACC000808,CUST000136,ACCTNO0000000808,savings,BR00018,FNTK000180,INR,760188.3,711864.69,2022-06-15T13:41:14,active,3.13,1000,0,Nakul Khurana,,EMP000009,2024-11-19T14:26:26,2022-06-15T13:41:14,2023-05-29T17:22:49
ACC000809,CUST000277,ACCTNO0000000809,savings,BR00016,FNTK000160,INR,260113.23,236784.94,2019-12-10T19:01:25,blocked,3.54,10000,0,Widisha Borde,,EMP000032,2020-05-30T16:19:35,2019-12-10T19:01:25,2026-07-13T22:33:04
ACC000810,CUST000201,ACCTNO0000000810,recurring_deposit,BR00007,FNTK000070,INR,404755.6,399768.3,2019-01-11T02:02:39,active,6.74,500,0,Azaan Sahni,,EMP000041,2026-01-05T08:05:20,2019-01-11T02:02:39,2024-01-03T14:34:08
ACC000811,CUST000400,ACCTNO0000000811,current,BR00004,FNTK000040,INR,1010019.43,969054.17,2021-09-26T08:33:22,active,0.0,5000,0,Frado Dhingra,,EMP000072,2025-11-22T23:48:53,2021-09-26T08:33:22,2024-07-02T18:27:27
ACC000812,CUST000888,ACCTNO0000000812,current,BR00016,FNTK000160,INR,1557643.68,1555187.55,2024-05-23T04:45:42,active,0.0,5000,25000,Kala Mall,,EMP000055,2025-06-11T18:07:48,2024-05-23T04:45:42,2024-08-04T20:02:25
ACC000813,CUST000481,ACCTNO0000000813,current,BR00017,FNTK000170,INR,1291421.76,1255873.45,2018-09-25T21:04:57,active,0.0,25000,25000,Avni Shetty,,EMP000053,2018-12-19T11:08:49,2018-09-25T21:04:57,2023-07-30T09:07:34
ACC000814,CUST000119,ACCTNO0000000814,current,BR00011,FNTK000110,INR,1625566.82,1621678.81,2023-06-26T03:10:35,active,0.0,25000,0,Chavvi Wason,,EMP000038,2024-08-30T02:56:28,2023-06-26T03:10:35,2025-01-11T06:37:02
ACC000815,CUST000063,ACCTNO0000000815,current,BR00020,FNTK000200,INR,814466.45,805891.38,2017-05-23T00:18:56,active,0.0,25000,0,Darika Singhal,,EMP000003,2024-11-25T01:06:06,2017-05-23T00:18:56,2021-04-29T09:40:31
ACC000816,CUST000025,ACCTNO0000000816,salary,BR00005,FNTK000050,INR,809522.9,764888.97,2017-07-05T22:30:47,active,2.82,0,0,Libni Devan,,EMP000031,2017-10-11T11:49:03,2017-07-05T22:30:47,2023-03-03T10:24:00
ACC000817,CUST000030,ACCTNO0000000817,current,BR00003,FNTK000030,INR,1004751.63,950375.76,2020-12-22T11:01:34,active,0.0,10000,10000,Geetika Chand,,EMP000071,2024-09-26T15:23:24,2020-12-22T11:01:34,2022-05-17T19:46:45
ACC000818,CUST000977,ACCTNO0000000818,savings,BR00019,FNTK000190,INR,1433355.6,1402756.94,2024-06-02T01:10:11,active,6.39,0,0,Hema Walia,,EMP000005,2026-07-28T02:59:22,2024-06-02T01:10:11,2026-07-20T00:52:44
ACC000819,CUST000383,ACCTNO0000000819,savings,BR00001,FNTK000010,INR,1381674.49,1293878.24,2020-05-13T23:20:41,active,5.97,1000,0,Zayan Loyal,,EMP000081,2024-06-04T15:21:26,2020-05-13T23:20:41,2021-07-28T22:47:56
ACC000820,CUST000319,ACCTNO0000000820,savings,BR00001,FNTK000010,INR,1538846.99,1438698.94,2021-04-24T01:15:22,active,6.19,0,0,Bhavya Varghese,,EMP000053,2026-06-19T20:37:35,2021-04-24T01:15:22,2024-11-04T16:18:39
ACC000821,CUST000466,ACCTNO0000000821,savings,BR00018,FNTK000180,INR,635144.14,587021.3,2017-03-09T10:04:28,active,4.8,0,0,Dhriti Naik,Rayaan Pall,EMP000024,2025-05-30T19:35:08,2017-03-09T10:04:28,2026-01-16T21:30:16
ACC000822,CUST000454,ACCTNO0000000822,fixed_deposit,BR00018,FNTK000180,INR,1756067.19,1715836.93,2024-09-06T15:38:32,active,6.72,10000,0,Rehaan Nayak,,EMP000093,2025-11-26T02:32:30,2024-09-06T15:38:32,2025-01-17T04:46:18
ACC000823,CUST000348,ACCTNO0000000823,savings,BR00014,FNTK000140,INR,490254.33,474982.41,2016-10-04T15:50:49,active,5.27,10000,0,Arya Lalla,,EMP000068,2023-02-02T01:22:19,2016-10-04T15:50:49,2025-10-15T06:48:18
ACC000824,CUST000821,ACCTNO0000000824,savings,BR00014,FNTK000140,INR,1955577.3,1912234.61,2019-06-09T13:56:43,active,6.05,1000,0,Raghav Dewan,,EMP000055,2023-03-17T01:48:27,2019-06-09T13:56:43,2020-10-24T12:49:55
ACC000825,CUST000991,ACCTNO0000000825,savings,BR00013,FNTK000130,INR,101396.51,96071.2,2020-09-18T15:47:51,active,4.49,10000,0,Ranveer Pathak,,EMP000073,2023-09-28T20:41:00,2020-09-18T15:47:51,2024-07-14T08:23:05
ACC000826,CUST000691,ACCTNO0000000826,salary,BR00001,FNTK000010,INR,581221.33,541608.27,2020-07-25T19:16:52,active,3.99,0,0,Samarth Shere,,EMP000057,2024-08-29T10:22:58,2020-07-25T19:16:52,2026-03-04T01:23:35
ACC000827,CUST000335,ACCTNO0000000827,savings,BR00018,FNTK000180,INR,53650.65,51778.17,2019-12-30T18:21:51,closed,5.95,0,0,Jacob Manne,,EMP000004,2025-05-04T11:03:27,2019-12-30T18:21:51,2024-08-05T06:53:45
ACC000828,CUST000324,ACCTNO0000000828,fixed_deposit,BR00007,FNTK000070,INR,900632.61,841426.13,2023-12-29T14:19:21,dormant,7.51,10000,0,Samesh Nazareth,,EMP000061,2024-08-17T00:39:21,2023-12-29T14:19:21,2024-03-10T18:39:52
ACC000829,CUST000324,ACCTNO0000000829,current,BR00003,FNTK000030,INR,1586977.0,1486973.42,2016-12-10T06:00:07,active,0.0,5000,25000,Watika Prasad,,EMP000098,2022-02-04T20:55:32,2016-12-10T06:00:07,2021-02-07T17:35:29
ACC000830,CUST000531,ACCTNO0000000830,savings,BR00004,FNTK000040,INR,856244.47,777982.91,2023-11-24T18:57:25,active,5.54,0,0,Manya Sule,,EMP000056,2024-04-11T13:30:49,2023-11-24T18:57:25,2024-11-17T13:41:23
ACC000831,CUST000053,ACCTNO0000000831,current,BR00012,FNTK000120,INR,1330494.48,1203437.42,2019-09-08T20:25:53,active,0.0,10000,0,Tripti Yogi,,EMP000040,2022-07-17T21:10:04,2019-09-08T20:25:53,2024-05-19T20:13:39
ACC000832,CUST000605,ACCTNO0000000832,savings,BR00016,FNTK000160,INR,39036.92,35223.42,2024-06-02T18:19:34,closed,6.5,1000,0,Madhav Kumar,,EMP000088,2024-07-30T10:55:18,2024-06-02T18:19:34,2026-01-20T22:48:10
ACC000833,CUST000684,ACCTNO0000000833,savings,BR00012,FNTK000120,INR,877004.06,854123.2,2019-02-12T17:04:42,dormant,6.41,5000,0,Zayyan Dash,,EMP000065,2019-06-19T05:23:33,2019-02-12T17:04:42,2024-11-18T09:28:44
ACC000834,CUST000614,ACCTNO0000000834,savings,BR00016,FNTK000160,INR,807496.4,738060.16,2018-08-05T03:19:07,active,3.66,1000,0,Maya Aggarwal,,EMP000099,2022-12-06T14:43:00,2018-08-05T03:19:07,2026-05-21T23:55:45
ACC000835,CUST000344,ACCTNO0000000835,salary,BR00008,FNTK000080,INR,1459099.24,1364181.66,2023-11-30T21:12:19,active,4.06,0,0,Ranbir Kumar,,EMP000083,2024-09-11T16:23:37,2023-11-30T21:12:19,2025-01-08T18:22:20
ACC000836,CUST000760,ACCTNO0000000836,savings,BR00020,FNTK000200,INR,1407672.79,1271863.05,2021-12-03T20:00:01,active,3.16,10000,0,Suhani Malhotra,Rushil Lata,EMP000046,2023-09-22T14:54:07,2021-12-03T20:00:01,2026-08-04T19:28:48
ACC000837,CUST000961,ACCTNO0000000837,savings,BR00006,FNTK000060,INR,996672.26,980941.67,2024-05-11T10:23:44,active,3.42,10000,0,Prisha Suri,Vamakshi Sarkar,EMP000074,2025-12-17T06:34:30,2024-05-11T10:23:44,2024-10-28T12:27:36
ACC000838,CUST000760,ACCTNO0000000838,salary,BR00015,FNTK000150,INR,1003923.55,924689.56,2024-11-10T04:41:59,active,3.5,0,0,Dhriti Dar,Pratyush Das,EMP000076,2025-12-04T09:36:14,2024-11-10T04:41:59,2025-02-08T01:37:13
ACC000839,CUST000845,ACCTNO0000000839,fixed_deposit,BR00004,FNTK000040,INR,273309.15,252069.7,2024-01-27T20:04:38,closed,6.54,10000,0,Chatura Barman,,EMP000070,2025-04-28T15:20:06,2024-01-27T20:04:38,2025-09-08T17:21:26
ACC000840,CUST000349,ACCTNO0000000840,current,BR00004,FNTK000040,INR,732844.62,687483.16,2024-05-07T13:45:01,active,0.0,5000,10000,Arunima Chokshi,,EMP000053,2025-12-26T17:39:05,2024-05-07T13:45:01,2024-12-31T23:19:43
ACC000841,CUST000268,ACCTNO0000000841,savings,BR00004,FNTK000040,INR,441976.67,403402.3,2017-08-19T19:35:30,active,4.61,5000,0,Joshua Char,,EMP000051,2020-07-24T22:12:07,2017-08-19T19:35:30,2020-05-21T05:00:28
ACC000842,CUST000475,ACCTNO0000000842,salary,BR00016,FNTK000160,INR,106396.6,104181.21,2024-12-07T20:54:10,closed,3.78,0,0,Samarth Baral,,EMP000063,2025-07-13T10:18:22,2024-12-07T20:54:10,2025-09-16T11:44:38
ACC000843,CUST000914,ACCTNO0000000843,savings,BR00008,FNTK000080,INR,248268.64,239629.61,2024-08-06T00:03:36,active,3.36,10000,0,Advaith Choudhury,,EMP000064,2024-10-18T01:14:10,2024-08-06T00:03:36,2026-07-31T13:23:43
ACC000844,CUST000244,ACCTNO0000000844,savings,BR00003,FNTK000030,INR,1876267.33,1738372.14,2017-12-07T19:31:18,blocked,6.63,10000,0,Aradhana Mane,,EMP000012,2025-01-13T09:37:20,2017-12-07T19:31:18,2023-08-07T19:22:37
ACC000845,CUST000144,ACCTNO0000000845,savings,BR00009,FNTK000090,INR,374783.57,347946.4,2016-10-13T03:14:21,active,4.38,5000,0,Wridesh Kashyap,,EMP000095,2019-03-23T09:43:16,2016-10-13T03:14:21,2023-10-30T04:25:58
ACC000846,CUST000543,ACCTNO0000000846,salary,BR00019,FNTK000190,INR,513902.84,503530.3,2021-04-12T13:45:04,active,2.73,0,0,Amara Pandya,,EMP000094,2025-03-20T18:37:02,2021-04-12T13:45:04,2026-01-09T07:14:39
ACC000847,CUST000495,ACCTNO0000000847,savings,BR00020,FNTK000200,INR,278723.58,256128.87,2023-04-03T08:16:57,active,5.19,10000,0,Max Bajaj,,EMP000032,2025-10-12T10:45:35,2023-04-03T08:16:57,2024-12-02T13:41:55
ACC000848,CUST000574,ACCTNO0000000848,fixed_deposit,BR00016,FNTK000160,INR,1798919.06,1739575.85,2020-04-25T13:10:18,active,6.5,10000,0,Thomas Garg,,EMP000037,2025-12-05T18:34:03,2020-04-25T13:10:18,2026-01-24T09:57:16
ACC000849,CUST000783,ACCTNO0000000849,savings,BR00014,FNTK000140,INR,1593515.1,1544720.25,2019-08-07T08:11:41,active,3.76,0,0,Samar Badal,,EMP000020,2022-05-14T18:57:46,2019-08-07T08:11:41,2022-08-08T18:19:01
ACC000850,CUST000784,ACCTNO0000000850,savings,BR00014,FNTK000140,INR,1634693.02,1588900.76,2018-05-11T22:55:44,active,6.32,1000,0,Gavin Madan,,EMP000033,2026-05-06T20:57:37,2018-05-11T22:55:44,2019-05-28T17:36:04
ACC000851,CUST000844,ACCTNO0000000851,fixed_deposit,BR00019,FNTK000190,INR,1686507.04,1630348.59,2016-03-25T20:11:41,active,7.05,10000,0,Jeet Chandran,,EMP000081,2022-05-23T09:41:35,2016-03-25T20:11:41,2018-08-21T05:47:29
ACC000852,CUST000311,ACCTNO0000000852,fixed_deposit,BR00018,FNTK000180,INR,809906.63,769680.01,2021-04-04T08:58:24,active,6.62,10000,0,Niharika Kant,,EMP000083,2025-09-23T07:55:37,2021-04-04T08:58:24,2022-09-20T12:29:03
ACC000853,CUST000338,ACCTNO0000000853,current,BR00007,FNTK000070,INR,306837.51,282459.95,2023-01-04T12:43:51,active,0.0,5000,0,Tripti Gandhi,,EMP000024,2025-10-20T11:37:36,2023-01-04T12:43:51,2025-08-22T00:44:46
ACC000854,CUST000028,ACCTNO0000000854,savings,BR00016,FNTK000160,INR,303740.87,278176.74,2016-10-16T10:29:30,active,3.99,1000,0,Thomas Mammen,,EMP000053,2018-12-04T11:38:57,2016-10-16T10:29:30,2024-06-05T08:10:25
ACC000855,CUST000411,ACCTNO0000000855,savings,BR00020,FNTK000200,INR,871662.56,813761.77,2022-06-20T15:23:38,active,5.03,5000,0,Aarush Khare,,EMP000016,2024-12-08T15:00:08,2022-06-20T15:23:38,2025-03-02T09:27:34
ACC000856,CUST000362,ACCTNO0000000856,salary,BR00015,FNTK000150,INR,1939062.87,1891083.3,2024-02-22T11:07:38,dormant,3.67,0,0,Radhika Raju,,EMP000074,2025-05-17T05:32:30,2024-02-22T11:07:38,2025-04-14T13:01:19
ACC000857,CUST000534,ACCTNO0000000857,current,BR00012,FNTK000120,INR,837077.82,806709.16,2016-03-29T03:10:52,active,0.0,5000,25000,Tanay Kata,,EMP000094,2023-02-07T01:35:00,2016-03-29T03:10:52,2023-03-13T18:13:17
ACC000858,CUST000513,ACCTNO0000000858,current,BR00013,FNTK000130,INR,677409.87,653641.94,2015-01-29T10:33:45,active,0.0,25000,25000,Finn Rege,,EMP000027,2018-04-03T17:05:44,2015-01-29T10:33:45,2015-08-14T17:15:13
ACC000859,CUST000734,ACCTNO0000000859,savings,BR00020,FNTK000200,INR,967326.83,872027.13,2018-07-06T11:35:13,active,3.97,0,0,Saanvi Doctor,Lajita Bajaj,EMP000027,2023-03-25T11:55:51,2018-07-06T11:35:13,2024-04-19T23:56:12
ACC000860,CUST000675,ACCTNO0000000860,current,BR00004,FNTK000040,INR,654823.59,622874.15,2016-09-24T14:52:25,active,0.0,25000,0,Samesh Swamy,,EMP000036,2025-12-05T11:39:51,2016-09-24T14:52:25,2016-12-04T00:44:42
ACC000861,CUST000057,ACCTNO0000000861,savings,BR00020,FNTK000200,INR,1737430.14,1602272.24,2024-02-24T10:26:11,active,5.11,0,0,Hema Nagy,,EMP000079,2025-09-14T00:12:42,2024-02-24T10:26:11,2024-12-21T17:19:11
ACC000862,CUST000157,ACCTNO0000000862,savings,BR00004,FNTK000040,INR,1092913.17,1022909.84,2019-02-06T07:59:36,active,3.98,10000,0,Xalak Tripathi,,EMP000041,2024-01-12T17:09:58,2019-02-06T07:59:36,2025-12-07T14:52:09
ACC000863,CUST000423,ACCTNO0000000863,savings,BR00006,FNTK000060,INR,1000216.13,923767.66,2022-04-02T23:30:15,active,4.52,0,0,Riya Jha,Maanas Brahmbhatt,EMP000051,2022-07-29T15:33:11,2022-04-02T23:30:15,2023-06-15T12:18:06
ACC000864,CUST000782,ACCTNO0000000864,savings,BR00016,FNTK000160,INR,93281.79,89104.58,2017-12-20T20:38:15,closed,5.42,1000,0,Om Raval,,EMP000044,2019-10-02T20:23:27,2017-12-20T20:38:15,2020-06-17T15:53:54
ACC000865,CUST000175,ACCTNO0000000865,fixed_deposit,BR00008,FNTK000080,INR,1886101.85,1761119.46,2016-09-09T00:35:57,blocked,8.41,10000,0,Tejas Murthy,,EMP000008,2025-09-11T09:24:19,2016-09-09T00:35:57,2021-08-10T08:54:52
ACC000866,CUST000952,ACCTNO0000000866,savings,BR00001,FNTK000010,INR,1847226.36,1735410.76,2023-03-03T00:51:21,active,5.84,10000,0,Nidhi Mahal,,EMP000009,2023-04-29T18:39:48,2023-03-03T00:51:21,2025-07-26T16:38:49
ACC000867,CUST000767,ACCTNO0000000867,recurring_deposit,BR00014,FNTK000140,INR,368279.0,351005.79,2021-01-07T13:10:05,active,6.84,500,0,Bina Kashyap,,EMP000069,2022-11-04T17:45:57,2021-01-07T13:10:05,2024-07-31T13:15:41
ACC000868,CUST000064,ACCTNO0000000868,current,BR00004,FNTK000040,INR,1867389.78,1734975.16,2024-06-24T00:41:30,dormant,0.0,25000,25000,Upasna Bajwa,,EMP000061,2025-04-24T10:47:12,2024-06-24T00:41:30,2024-09-15T18:51:31
ACC000869,CUST000165,ACCTNO0000000869,current,BR00019,FNTK000190,INR,226328.39,204100.46,2016-05-29T05:37:41,closed,0.0,10000,0,Dhruv Sethi,,EMP000020,2016-11-07T19:48:08,2016-05-29T05:37:41,2017-04-17T15:45:03
ACC000870,CUST000533,ACCTNO0000000870,savings,BR00002,FNTK000020,INR,796210.24,754996.47,2021-08-27T12:49:30,dormant,5.53,1000,0,Lopa Pai,,EMP000037,2025-11-04T11:38:22,2021-08-27T12:49:30,2024-01-31T07:00:55
ACC000871,CUST000553,ACCTNO0000000871,current,BR00018,FNTK000180,INR,1058785.41,1042174.83,2022-08-21T06:25:49,active,0.0,25000,5000,Lakshmi Bahri,Rajata Sehgal,EMP000022,2024-08-07T17:18:18,2022-08-21T06:25:49,2023-08-11T02:15:03
ACC000872,CUST000171,ACCTNO0000000872,current,BR00007,FNTK000070,INR,1194128.1,1095364.24,2017-12-17T21:23:29,blocked,0.0,5000,25000,Gaurav Sarkar,,EMP000023,2023-07-17T20:23:10,2017-12-17T21:23:29,2022-04-26T03:16:36
ACC000873,CUST000702,ACCTNO0000000873,savings,BR00012,FNTK000120,INR,981159.26,911657.97,2019-03-27T02:56:47,active,5.56,5000,0,Ijaya Karnik,,EMP000052,2025-12-06T12:36:55,2019-03-27T02:56:47,2021-11-18T06:07:09
ACC000874,CUST000873,ACCTNO0000000874,savings,BR00019,FNTK000190,INR,114861.06,105370.09,2024-04-16T05:04:58,active,6.93,0,0,Jeevika Lad,,EMP000028,2025-12-28T06:04:57,2024-04-16T05:04:58,2026-01-14T19:39:52
ACC000875,CUST000850,ACCTNO0000000875,recurring_deposit,BR00012,FNTK000120,INR,956342.76,895086.69,2019-02-13T20:47:17,dormant,7.28,500,0,Nakul Ganguly,,EMP000003,2021-07-03T05:44:40,2019-02-13T20:47:17,2026-03-12T11:49:43
ACC000876,CUST000840,ACCTNO0000000876,fixed_deposit,BR00002,FNTK000020,INR,990747.07,893020.87,2024-03-07T08:18:23,active,7.98,10000,0,Zansi Wali,,EMP000005,2026-08-26T23:41:19,2024-03-07T08:18:23,2024-05-30T13:27:46
ACC000877,CUST000455,ACCTNO0000000877,salary,BR00003,FNTK000030,INR,189979.62,186058.44,2017-06-18T19:42:42,active,4.03,0,0,Balhaar Raj,,EMP000091,2025-12-22T17:27:16,2017-06-18T19:42:42,2017-07-03T12:22:01
ACC000878,CUST000574,ACCTNO0000000878,savings,BR00019,FNTK000190,INR,1348292.56,1270162.3,2016-11-14T11:05:20,active,3.07,5000,0,Chanakya Karnik,Nathan Chanda,EMP000040,2023-10-10T10:16:26,2016-11-14T11:05:20,2017-05-26T01:17:19
ACC000879,CUST000614,ACCTNO0000000879,savings,BR00001,FNTK000010,INR,654424.77,644556.53,2018-05-27T02:41:54,active,4.74,1000,0,Zashil Buch,,EMP000050,2018-11-12T14:52:43,2018-05-27T02:41:54,2024-03-29T05:28:58
ACC000880,CUST000314,ACCTNO0000000880,current,BR00013,FNTK000130,INR,570746.93,536422.66,2021-08-06T07:43:45,active,0.0,25000,5000,Sneha Dixit,,EMP000049,2022-05-26T21:29:09,2021-08-06T07:43:45,2024-02-02T03:05:18
ACC000881,CUST000233,ACCTNO0000000881,savings,BR00003,FNTK000030,INR,211702.16,200595.39,2017-08-28T08:47:43,active,5.76,1000,0,Lucky Sarin,,EMP000075,2022-09-05T01:46:43,2017-08-28T08:47:43,2023-01-15T15:06:46
ACC000882,CUST000919,ACCTNO0000000882,current,BR00020,FNTK000200,INR,1527195.44,1476168.43,2015-10-15T02:01:07,active,0.0,10000,10000,Quincy Karnik,Devika Ganesan,EMP000010,2025-12-17T00:44:21,2015-10-15T02:01:07,2015-12-26T06:06:46
ACC000883,CUST000600,ACCTNO0000000883,savings,BR00008,FNTK000080,INR,1544992.9,1489015.9,2020-08-29T10:00:02,dormant,3.63,10000,0,Vincent Chanda,,EMP000029,2023-10-06T19:34:43,2020-08-29T10:00:02,2025-09-30T15:37:59
ACC000884,CUST000918,ACCTNO0000000884,savings,BR00009,FNTK000090,INR,723660.8,659213.55,2022-05-09T14:05:23,active,5.61,1000,0,Patrick Mani,Pallavi Ganesh,EMP000091,2023-12-07T14:21:39,2022-05-09T14:05:23,2025-07-21T22:26:50
ACC000885,CUST000333,ACCTNO0000000885,current,BR00014,FNTK000140,INR,659801.48,595253.24,2021-10-01T22:55:25,active,0.0,10000,10000,Anay Hayre,,EMP000025,2024-11-13T02:39:02,2021-10-01T22:55:25,2025-07-17T20:32:30
ACC000886,CUST000737,ACCTNO0000000886,savings,BR00003,FNTK000030,INR,734416.79,697576.66,2020-02-14T10:28:06,active,3.77,0,0,Ekalinga Chaudhuri,,EMP000064,2025-12-04T04:10:22,2020-02-14T10:28:06,2025-06-06T06:37:29
ACC000887,CUST000462,ACCTNO0000000887,fixed_deposit,BR00012,FNTK000120,INR,1391255.42,1274837.21,2023-05-23T15:32:08,dormant,8.47,10000,0,Praneel Walla,,EMP000060,2025-08-12T12:56:04,2023-05-23T15:32:08,2026-01-17T16:35:23
ACC000888,CUST000411,ACCTNO0000000888,salary,BR00004,FNTK000040,INR,1189551.86,1118302.96,2023-12-01T16:34:39,dormant,3.96,0,0,Turvi Pillay,,EMP000013,2025-12-12T05:30:27,2023-12-01T16:34:39,2024-05-14T04:26:07
ACC000889,CUST000625,ACCTNO0000000889,savings,BR00009,FNTK000090,INR,77417.48,70573.85,2016-08-04T17:04:19,closed,4.17,0,0,Michael Walla,,EMP000040,2022-10-16T03:35:42,2016-08-04T17:04:19,2021-10-15T02:42:00
ACC000890,CUST000656,ACCTNO0000000890,recurring_deposit,BR00007,FNTK000070,INR,1830656.03,1728810.98,2016-04-07T01:49:07,active,7.85,500,0,Yatan Anand,,EMP000092,2020-10-01T15:16:42,2016-04-07T01:49:07,2017-11-02T06:43:09
ACC000891,CUST000069,ACCTNO0000000891,current,BR00010,FNTK000100,INR,1198251.33,1186831.56,2021-12-21T19:48:18,blocked,0.0,10000,10000,Onveer Magar,,EMP000070,2024-12-19T02:09:40,2021-12-21T19:48:18,2026-01-07T10:03:55
ACC000892,CUST000845,ACCTNO0000000892,salary,BR00004,FNTK000040,INR,14879.52,14358.04,2019-04-29T08:01:42,active,4.09,0,0,Xiti Thaman,,EMP000052,2020-01-31T21:21:01,2019-04-29T08:01:42,2023-04-02T04:26:29
ACC000893,CUST000503,ACCTNO0000000893,savings,BR00005,FNTK000050,INR,207057.46,195709.36,2015-08-17T11:40:45,active,5.13,0,0,Meera Deshmukh,,EMP000086,2024-07-06T05:45:52,2015-08-17T11:40:45,2026-05-15T06:38:21
ACC000894,CUST000625,ACCTNO0000000894,salary,BR00008,FNTK000080,INR,59226.9,59018.48,2017-10-05T16:50:04,active,3.44,0,0,Chanakya Singh,,EMP000055,2022-03-06T08:29:17,2017-10-05T16:50:04,2017-12-20T14:31:27
ACC000895,CUST000860,ACCTNO0000000895,savings,BR00013,FNTK000130,INR,1712296.72,1664831.57,2020-05-24T23:09:24,active,5.84,5000,0,Kevin Khurana,,EMP000071,2021-08-29T12:01:42,2020-05-24T23:09:24,2022-11-14T18:49:28
ACC000896,CUST000546,ACCTNO0000000896,savings,BR00006,FNTK000060,INR,543198.0,505334.76,2019-10-07T20:26:49,active,5.64,1000,0,Arya Shere,,EMP000009,2020-10-21T05:13:44,2019-10-07T20:26:49,2021-12-03T09:12:11
ACC000897,CUST000162,ACCTNO0000000897,fixed_deposit,BR00014,FNTK000140,INR,1321167.7,1208140.99,2019-12-18T04:43:45,active,8.32,10000,0,Suhani Gill,,EMP000017,2021-11-28T03:07:17,2019-12-18T04:43:45,2020-06-29T05:06:59
ACC000898,CUST000519,ACCTNO0000000898,current,BR00003,FNTK000030,INR,1485975.77,1400194.73,2019-12-31T22:26:29,blocked,0.0,5000,10000,Yuvraj Edwin,,EMP000029,2024-05-29T22:03:08,2019-12-31T22:26:29,2025-01-30T14:32:03
ACC000899,CUST000750,ACCTNO0000000899,salary,BR00008,FNTK000080,INR,1226763.24,1138323.14,2020-09-30T21:15:56,active,3.88,0,0,Ekalinga Purohit,,EMP000019,2021-04-19T16:23:54,2020-09-30T21:15:56,2024-12-17T13:31:29
ACC000900,CUST000272,ACCTNO0000000900,savings,BR00014,FNTK000140,INR,198000.49,193091.33,2018-03-16T05:02:34,active,4.08,1000,0,Aadi Mani,,EMP000002,2021-11-11T15:12:44,2018-03-16T05:02:34,2018-06-29T00:20:13
ACC000901,CUST000808,ACCTNO0000000901,salary,BR00007,FNTK000070,INR,206800.33,195959.96,2019-11-25T12:34:29,active,4.5,0,0,Vrishti Rana,,EMP000029,2025-05-11T17:10:39,2019-11-25T12:34:29,2025-08-20T11:50:55
ACC000902,CUST000271,ACCTNO0000000902,savings,BR00001,FNTK000010,INR,1513828.56,1505726.41,2019-02-13T08:29:54,active,5.17,0,0,Unnati Venkatesh,,EMP000006,2024-07-21T13:53:09,2019-02-13T08:29:54,2023-03-26T15:09:08
ACC000903,CUST000397,ACCTNO0000000903,current,BR00002,FNTK000020,INR,1497906.86,1364814.22,2020-06-19T01:14:53,active,0.0,10000,5000,Nidhi Krishnamurthy,,EMP000036,2021-05-15T20:48:13,2020-06-19T01:14:53,2026-05-19T21:27:19
ACC000904,CUST000814,ACCTNO0000000904,current,BR00010,FNTK000100,INR,584874.12,575388.26,2019-09-26T08:36:06,active,0.0,25000,5000,Ojas Thakur,,EMP000090,2021-08-18T20:58:11,2019-09-26T08:36:06,2022-11-22T09:16:15
ACC000905,CUST000884,ACCTNO0000000905,recurring_deposit,BR00020,FNTK000200,INR,497594.47,471610.86,2022-12-23T00:09:33,dormant,6.19,500,0,Jonathan Bansal,,EMP000099,2024-07-04T15:17:07,2022-12-23T00:09:33,2023-08-22T17:05:07
ACC000906,CUST000474,ACCTNO0000000906,salary,BR00016,FNTK000160,INR,153006.37,149900.63,2019-02-09T03:06:53,active,3.14,0,0,Ethan Pillai,,EMP000001,2025-11-14T14:44:54,2019-02-09T03:06:53,2023-11-25T21:23:19
ACC000907,CUST000322,ACCTNO0000000907,savings,BR00018,FNTK000180,INR,1244650.34,1191416.43,2016-12-19T03:50:51,active,4.79,5000,0,Jack Sachar,,EMP000095,2023-01-24T14:36:50,2016-12-19T03:50:51,2019-11-05T05:37:12
ACC000908,CUST000659,ACCTNO0000000908,current,BR00016,FNTK000160,INR,1199931.22,1190535.84,2021-01-10T14:18:24,active,0.0,5000,5000,Keya Mistry,,EMP000068,2023-04-19T19:54:32,2021-01-10T14:18:24,2024-10-30T02:31:27
ACC000909,CUST000110,ACCTNO0000000909,salary,BR00007,FNTK000070,INR,99254.57,96683.98,2023-08-06T23:44:44,active,3.71,0,0,Arjun Murty,,EMP000023,2024-10-27T09:54:49,2023-08-06T23:44:44,2023-12-04T13:11:58
ACC000910,CUST000974,ACCTNO0000000910,savings,BR00002,FNTK000020,INR,1724362.23,1692030.08,2016-07-15T15:14:31,active,5.88,5000,0,Rushil Babu,,EMP000082,2023-01-09T12:17:34,2016-07-15T15:14:31,2019-07-23T14:13:39
ACC000911,CUST000187,ACCTNO0000000911,salary,BR00018,FNTK000180,INR,1021044.98,1020727.83,2015-06-11T02:55:42,active,3.99,0,0,Radhika Din,Logan Mittal,EMP000065,2018-11-13T11:31:42,2015-06-11T02:55:42,2016-12-15T08:01:52
ACC000912,CUST000615,ACCTNO0000000912,salary,BR00019,FNTK000190,INR,920699.88,859218.96,2017-01-01T16:08:46,active,2.78,0,0,Yash Dhar,,EMP000100,2019-09-24T01:29:25,2017-01-01T16:08:46,2020-07-27T11:59:51
ACC000913,CUST000454,ACCTNO0000000913,savings,BR00005,FNTK000050,INR,977230.99,913341.21,2020-08-08T08:18:24,active,6.3,10000,0,Utkarsh Sarna,,EMP000028,2025-01-07T03:27:04,2020-08-08T08:18:24,2023-07-13T05:20:32
ACC000914,CUST000155,ACCTNO0000000914,fixed_deposit,BR00015,FNTK000150,INR,854990.46,829281.23,2017-02-05T01:47:53,blocked,8.42,10000,0,Vidhi Rastogi,,EMP000025,2021-11-06T09:19:45,2017-02-05T01:47:53,2020-01-25T04:29:46
ACC000915,CUST000297,ACCTNO0000000915,current,BR00016,FNTK000160,INR,407092.49,375849.08,2018-03-18T02:23:20,active,0.0,5000,25000,Udyati Prabhu,,EMP000024,2025-12-07T18:49:52,2018-03-18T02:23:20,2024-11-18T00:26:23
ACC000916,CUST000768,ACCTNO0000000916,savings,BR00006,FNTK000060,INR,1218403.06,1100788.92,2017-07-27T15:52:42,blocked,5.38,0,0,Ubika De,,EMP000034,2019-06-23T04:35:12,2017-07-27T15:52:42,2023-11-10T08:59:59
ACC000917,CUST000660,ACCTNO0000000917,current,BR00011,FNTK000110,INR,688047.05,687797.63,2019-11-22T09:22:45,active,0.0,5000,5000,Charan Korpal,,EMP000043,2021-10-25T05:56:19,2019-11-22T09:22:45,2025-05-05T21:32:28
ACC000918,CUST000025,ACCTNO0000000918,salary,BR00018,FNTK000180,INR,728272.13,691253.8,2024-10-10T22:10:18,active,3.72,0,0,Harrison Merchant,,EMP000078,2025-04-02T16:56:22,2024-10-10T22:10:18,2025-08-14T00:36:39
ACC000919,CUST000074,ACCTNO0000000919,savings,BR00012,FNTK000120,INR,921204.15,870890.88,2023-04-24T19:51:48,dormant,3.89,1000,0,Chatresh Palla,,EMP000013,2025-02-08T19:26:08,2023-04-24T19:51:48,2026-03-17T17:57:05
ACC000920,CUST000403,ACCTNO0000000920,salary,BR00008,FNTK000080,INR,297176.21,276986.64,2024-12-01T14:33:53,active,2.7,0,0,Libni Sant,,EMP000010,2025-06-05T12:55:38,2024-12-01T14:33:53,2026-04-24T19:53:11
ACC000921,CUST000198,ACCTNO0000000921,savings,BR00002,FNTK000020,INR,379509.09,348318.0,2023-02-02T04:22:01,active,4.04,5000,0,Chaitaly Pant,,EMP000036,2025-04-28T03:53:13,2023-02-02T04:22:01,2026-08-18T02:13:11
ACC000922,CUST000714,ACCTNO0000000922,salary,BR00005,FNTK000050,INR,341061.24,335016.81,2016-10-05T16:06:11,active,2.75,0,0,Banjeet Srinivas,,EMP000022,2017-05-01T02:05:43,2016-10-05T16:06:11,2026-04-02T04:43:32
ACC000923,CUST000657,ACCTNO0000000923,current,BR00016,FNTK000160,INR,1723710.21,1561549.5,2020-06-22T07:27:26,active,0.0,25000,10000,Indira Narula,,EMP000014,2022-08-03T12:49:26,2020-06-22T07:27:26,2024-07-22T17:42:11
ACC000924,CUST000925,ACCTNO0000000924,savings,BR00007,FNTK000070,INR,1917991.4,1818203.09,2021-01-04T01:41:13,active,3.68,10000,0,Dayita Toor,,EMP000015,2024-08-14T04:07:34,2021-01-04T01:41:13,2025-09-20T22:57:05
ACC000925,CUST000831,ACCTNO0000000925,savings,BR00020,FNTK000200,INR,1234541.89,1136906.94,2015-12-03T01:42:18,active,3.27,0,0,Advay Chaudhuri,,EMP000030,2017-03-10T01:53:41,2015-12-03T01:42:18,2023-07-24T22:11:56
ACC000926,CUST000823,ACCTNO0000000926,salary,BR00008,FNTK000080,INR,1118223.89,1066820.51,2024-04-06T04:26:33,active,2.89,0,0,Anamika Bhasin,,EMP000084,2026-02-15T01:59:58,2024-04-06T04:26:33,2025-03-31T12:17:59
ACC000927,CUST000458,ACCTNO0000000927,current,BR00009,FNTK000090,INR,131788.16,126185.36,2018-07-21T20:14:04,active,0.0,10000,25000,Yashodhara Kamdar,,EMP000047,2021-03-20T19:06:51,2018-07-21T20:14:04,2021-03-06T14:06:11
ACC000928,CUST000630,ACCTNO0000000928,savings,BR00008,FNTK000080,INR,641746.06,636497.73,2015-04-05T19:07:36,blocked,4.29,0,0,Arjun Sen,,EMP000067,2017-06-22T15:16:55,2015-04-05T19:07:36,2018-09-27T07:02:11
ACC000929,CUST000331,ACCTNO0000000929,fixed_deposit,BR00017,FNTK000170,INR,1337600.83,1207510.26,2016-09-20T07:45:57,active,7.61,10000,0,Gaurika Sharma,,EMP000084,2020-09-03T01:06:27,2016-09-20T07:45:57,2025-07-10T19:08:33
ACC000930,CUST000035,ACCTNO0000000930,recurring_deposit,BR00018,FNTK000180,INR,1458455.41,1353495.11,2017-04-26T19:45:41,active,6.96,500,0,Eta Mane,,EMP000098,2020-02-22T03:01:36,2017-04-26T19:45:41,2023-02-11T07:22:53
ACC000931,CUST000352,ACCTNO0000000931,current,BR00012,FNTK000120,INR,149600.33,141015.79,2018-09-23T22:45:38,active,0.0,10000,10000,Charan Varughese,,EMP000031,2020-07-27T04:05:35,2018-09-23T22:45:38,2025-01-19T22:30:52
ACC000932,CUST000699,ACCTNO0000000932,savings,BR00016,FNTK000160,INR,838024.56,759321.81,2021-06-27T11:23:46,dormant,6.56,10000,0,Raksha Sura,,EMP000028,2023-06-21T03:45:53,2021-06-27T11:23:46,2022-04-04T23:49:12
ACC000933,CUST000658,ACCTNO0000000933,savings,BR00004,FNTK000040,INR,1396954.05,1395446.53,2016-03-05T07:09:11,dormant,5.36,10000,0,Yoshita Bansal,,EMP000029,2016-08-11T03:11:48,2016-03-05T07:09:11,2026-04-19T07:31:30
ACC000934,CUST000020,ACCTNO0000000934,savings,BR00002,FNTK000020,INR,512011.65,472605.48,2016-12-09T22:10:14,active,4.97,1000,0,Mitesh Purohit,Ria Loke,EMP000060,2017-01-31T06:02:39,2016-12-09T22:10:14,2020-08-06T07:46:39
ACC000935,CUST000612,ACCTNO0000000935,current,BR00018,FNTK000180,INR,831266.48,796412.3,2018-08-05T09:32:26,active,0.0,5000,0,Lucky Hegde,,EMP000037,2026-06-01T07:32:42,2018-08-05T09:32:26,2021-10-01T06:25:31
ACC000936,CUST000798,ACCTNO0000000936,current,BR00009,FNTK000090,INR,785351.77,742060.5,2017-06-13T01:00:19,active,0.0,5000,10000,Leena Majumdar,,EMP000056,2022-01-15T20:45:49,2017-06-13T01:00:19,2025-08-01T08:38:29
ACC000937,CUST000490,ACCTNO0000000937,savings,BR00011,FNTK000110,INR,1535542.14,1510125.54,2020-06-19T06:58:35,active,5.3,0,0,Thomas Barman,,EMP000043,2026-07-24T09:24:50,2020-06-19T06:58:35,2022-04-30T05:07:01
ACC000938,CUST000304,ACCTNO0000000938,savings,BR00015,FNTK000150,INR,258771.23,258424.78,2022-07-04T06:08:46,blocked,6.63,0,0,Chavvi Arora,,EMP000005,2025-02-23T13:33:16,2022-07-04T06:08:46,2023-12-23T02:26:20
ACC000939,CUST000604,ACCTNO0000000939,current,BR00011,FNTK000110,INR,630983.86,568590.54,2015-05-22T00:22:45,dormant,0.0,5000,0,Robert Sahota,,EMP000097,2022-06-09T01:55:42,2015-05-22T00:22:45,2024-07-26T00:24:23
ACC000940,CUST000609,ACCTNO0000000940,fixed_deposit,BR00014,FNTK000140,INR,83303.8,77694.47,2019-06-23T13:25:12,closed,7.91,10000,0,Omisha Doshi,,EMP000096,2025-05-28T03:11:07,2019-06-23T13:25:12,2025-08-05T06:33:16
ACC000941,CUST000296,ACCTNO0000000941,current,BR00006,FNTK000060,INR,595903.31,538316.18,2022-08-11T04:38:50,active,0.0,10000,10000,Aadhya Kade,,EMP000082,2024-02-23T20:41:25,2022-08-11T04:38:50,2026-06-15T19:04:20
ACC000942,CUST000385,ACCTNO0000000942,savings,BR00009,FNTK000090,INR,842555.33,759110.32,2021-04-17T12:03:22,blocked,6.15,5000,0,Dominic Gade,Alka Subramanian,EMP000094,2024-08-22T05:54:15,2021-04-17T12:03:22,2025-07-14T00:32:06
ACC000943,CUST000011,ACCTNO0000000943,salary,BR00001,FNTK000010,INR,70870.06,64290.16,2019-02-17T07:10:42,active,4.27,0,0,Theodore Sidhu,,EMP000011,2021-09-16T09:00:36,2019-02-17T07:10:42,2026-07-23T00:14:34
ACC000944,CUST000867,ACCTNO0000000944,savings,BR00016,FNTK000160,INR,775197.08,699158.37,2024-03-02T06:16:21,active,3.29,0,0,Wakeeta Comar,,EMP000035,2026-01-04T12:20:48,2024-03-02T06:16:21,2025-09-11T11:49:53
ACC000945,CUST000143,ACCTNO0000000945,savings,BR00010,FNTK000100,INR,80400.58,72661.3,2015-11-01T14:57:53,active,4.17,0,0,Tripti Oommen,,EMP000046,2020-02-13T23:53:47,2015-11-01T14:57:53,2026-06-09T11:44:27
ACC000946,CUST000240,ACCTNO0000000946,current,BR00018,FNTK000180,INR,1466275.68,1438376.66,2018-08-04T11:01:20,active,0.0,10000,10000,Upasna Kuruvilla,,EMP000053,2018-10-02T06:17:51,2018-08-04T11:01:20,2020-12-27T18:29:25
ACC000947,CUST000812,ACCTNO0000000947,recurring_deposit,BR00013,FNTK000130,INR,1719424.99,1620557.87,2017-06-01T03:58:05,active,6.63,500,0,Eta Vyas,,EMP000011,2020-09-08T19:08:21,2017-06-01T03:58:05,2026-06-09T14:38:27
ACC000948,CUST000616,ACCTNO0000000948,savings,BR00017,FNTK000170,INR,178353.8,162517.86,2020-08-21T06:11:39,active,5.67,0,0,Zinal Mallick,,EMP000050,2023-08-22T16:37:17,2020-08-21T06:11:39,2022-02-21T19:31:41
ACC000949,CUST000733,ACCTNO0000000949,current,BR00019,FNTK000190,INR,257065.82,239839.87,2024-06-22T06:53:45,active,0.0,25000,0,Upkaar Bains,,EMP000014,2025-11-29T15:50:34,2024-06-22T06:53:45,2024-07-25T17:45:10
ACC000950,CUST000066,ACCTNO0000000950,savings,BR00014,FNTK000140,INR,520878.37,504406.25,2016-03-14T22:19:46,dormant,4.92,10000,0,Vasudha Magar,,EMP000099,2022-10-16T09:35:22,2016-03-14T22:19:46,2019-05-31T09:57:48
ACC000951,CUST000286,ACCTNO0000000951,salary,BR00008,FNTK000080,INR,1251686.92,1223760.97,2016-09-22T20:11:34,dormant,2.81,0,0,Yashodhara Mital,,EMP000075,2024-07-12T06:35:59,2016-09-22T20:11:34,2023-07-26T18:51:44
ACC000952,CUST000570,ACCTNO0000000952,current,BR00017,FNTK000170,INR,208284.0,192745.59,2020-03-24T10:16:57,active,0.0,10000,10000,Nidhi Behl,,EMP000076,2023-10-18T12:31:52,2020-03-24T10:16:57,2022-08-20T05:35:01
ACC000953,CUST000675,ACCTNO0000000953,savings,BR00010,FNTK000100,INR,75388.57,68482.96,2023-08-05T10:25:55,closed,5.66,1000,0,Aarini Chhabra,,EMP000066,2023-11-17T23:57:02,2023-08-05T10:25:55,2023-12-20T03:59:30
ACC000954,CUST000697,ACCTNO0000000954,fixed_deposit,BR00009,FNTK000090,INR,1269103.06,1261707.51,2022-07-21T12:02:30,dormant,7.87,10000,0,Udant Kanda,,EMP000064,2026-07-10T16:50:49,2022-07-21T12:02:30,2025-08-01T03:32:27
ACC000955,CUST000877,ACCTNO0000000955,current,BR00011,FNTK000110,INR,1498850.7,1495723.05,2024-11-02T06:50:02,active,0.0,10000,0,Ucchal Dua,,EMP000035,2026-08-12T09:36:04,2024-11-02T06:50:02,2025-06-22T18:53:06
ACC000956,CUST000372,ACCTNO0000000956,recurring_deposit,BR00001,FNTK000010,INR,1984910.53,1962892.0,2024-10-14T12:08:19,blocked,7.15,500,0,Yashasvi Patil,,EMP000044,2026-08-06T07:00:02,2024-10-14T12:08:19,2026-05-28T09:22:08
ACC000957,CUST000837,ACCTNO0000000957,fixed_deposit,BR00019,FNTK000190,INR,476908.78,436594.11,2021-11-22T16:24:31,active,8.0,10000,0,Mugdha Saini,,EMP000065,2026-02-05T12:26:02,2021-11-22T16:24:31,2026-08-29T00:12:42
ACC000958,CUST000945,ACCTNO0000000958,savings,BR00016,FNTK000160,INR,119189.16,112253.09,2019-02-24T13:44:24,closed,4.02,10000,0,Chandani Bumb,,EMP000027,2023-01-01T06:17:53,2019-02-24T13:44:24,2023-09-01T17:43:51
ACC000959,CUST000016,ACCTNO0000000959,savings,BR00004,FNTK000040,INR,227472.14,224173.86,2017-07-08T17:41:20,active,4.82,5000,0,Nicholas Srivastava,,EMP000069,2025-02-10T08:45:02,2017-07-08T17:41:20,2022-09-25T22:54:26
ACC000960,CUST000502,ACCTNO0000000960,savings,BR00013,FNTK000130,INR,1391457.96,1357165.41,2022-05-11T15:38:00,dormant,5.77,10000,0,Dipta Bhandari,Nidra Sankaran,EMP000016,2023-12-22T02:40:19,2022-05-11T15:38:00,2025-06-17T23:40:10
ACC000961,CUST000029,ACCTNO0000000961,savings,BR00020,FNTK000200,INR,1155847.31,1064604.12,2017-02-23T01:15:46,dormant,4.79,5000,0,Oeshi Solanki,,EMP000064,2017-05-30T08:06:29,2017-02-23T01:15:46,2026-03-07T05:51:57
ACC000962,CUST000869,ACCTNO0000000962,salary,BR00004,FNTK000040,INR,637117.77,575072.56,2022-08-12T15:59:09,active,3.25,0,0,Gauri Prabhakar,,EMP000094,2025-12-16T00:55:46,2022-08-12T15:59:09,2023-07-08T20:41:18
ACC000963,CUST000127,ACCTNO0000000963,salary,BR00010,FNTK000100,INR,969873.44,955880.23,2022-01-26T21:09:42,active,4.07,0,0,Darika Keer,,EMP000062,2023-01-06T16:39:43,2022-01-26T21:09:42,2024-05-19T23:57:59
ACC000964,CUST000305,ACCTNO0000000964,savings,BR00012,FNTK000120,INR,269538.4,269431.18,2022-12-18T11:42:36,dormant,6.0,0,0,Vyanjana Randhawa,,EMP000047,2024-07-12T23:25:31,2022-12-18T11:42:36,2024-02-29T17:06:58
ACC000965,CUST000008,ACCTNO0000000965,savings,BR00011,FNTK000110,INR,919290.44,839513.08,2024-02-27T10:15:37,active,4.56,5000,0,Nidra Sani,,EMP000063,2025-04-03T17:44:45,2024-02-27T10:15:37,2025-04-17T09:05:12
ACC000966,CUST000211,ACCTNO0000000966,fixed_deposit,BR00011,FNTK000110,INR,679897.94,660148.18,2021-01-26T22:14:51,active,7.81,10000,0,Bhavini Kohli,,EMP000097,2024-07-23T18:05:51,2021-01-26T22:14:51,2022-11-11T23:52:58
ACC000967,CUST000584,ACCTNO0000000967,savings,BR00011,FNTK000110,INR,7444.94,6720.09,2019-08-14T23:05:07,active,5.26,1000,0,Gayathri Dutta,,EMP000028,2026-04-04T09:58:18,2019-08-14T23:05:07,2019-09-14T14:37:34
ACC000968,CUST000004,ACCTNO0000000968,current,BR00005,FNTK000050,INR,1058304.61,1002722.74,2022-12-31T09:43:30,active,0.0,5000,10000,Krisha Butala,,EMP000072,2025-02-11T23:44:57,2022-12-31T09:43:30,2023-04-03T21:49:01
ACC000969,CUST000638,ACCTNO0000000969,fixed_deposit,BR00006,FNTK000060,INR,1684576.53,1639999.45,2019-08-22T12:19:31,active,7.79,10000,0,Fitan Butala,,EMP000052,2019-11-01T12:12:07,2019-08-22T12:19:31,2021-08-20T20:56:48
ACC000970,CUST000031,ACCTNO0000000970,savings,BR00006,FNTK000060,INR,1575918.27,1540912.1,2024-03-11T08:17:55,active,4.74,0,0,Mason Zachariah,,EMP000034,2026-06-29T16:39:07,2024-03-11T08:17:55,2024-12-04T06:47:44
ACC000971,CUST000342,ACCTNO0000000971,current,BR00002,FNTK000020,INR,1385467.87,1254767.39,2019-11-09T20:30:23,dormant,0.0,5000,25000,Waida Chanda,,EMP000051,2020-09-23T15:41:54,2019-11-09T20:30:23,2023-07-15T03:00:51
ACC000972,CUST000719,ACCTNO0000000972,savings,BR00016,FNTK000160,INR,283435.13,258100.87,2022-12-12T01:13:25,active,6.98,5000,0,Charan Agate,,EMP000009,2025-06-10T00:30:27,2022-12-12T01:13:25,2023-06-03T13:33:45
ACC000973,CUST000489,ACCTNO0000000973,savings,BR00016,FNTK000160,INR,6512.06,6383.65,2022-04-15T12:44:48,closed,4.37,5000,0,Peter Bali,,EMP000005,2023-02-17T10:48:44,2022-04-15T12:44:48,2025-08-03T14:49:20
ACC000974,CUST000888,ACCTNO0000000974,current,BR00020,FNTK000200,INR,147407.36,140178.87,2023-02-08T10:40:56,active,0.0,25000,5000,Bishakha Peri,Gagan Baria,EMP000086,2023-04-21T00:42:29,2023-02-08T10:40:56,2023-03-13T06:38:38
ACC000975,CUST000739,ACCTNO0000000975,current,BR00005,FNTK000050,INR,1169546.53,1076976.96,2020-03-28T01:29:00,active,0.0,25000,25000,Dayita Narayanan,,EMP000023,2023-11-30T20:21:17,2020-03-28T01:29:00,2025-02-14T02:17:56
ACC000976,CUST000732,ACCTNO0000000976,fixed_deposit,BR00004,FNTK000040,INR,1250800.4,1194789.65,2019-09-28T19:59:00,active,6.68,10000,0,Balvan Butala,,EMP000074,2025-03-05T05:32:20,2019-09-28T19:59:00,2022-09-27T21:10:15
ACC000977,CUST000025,ACCTNO0000000977,fixed_deposit,BR00006,FNTK000060,INR,1293274.17,1237968.99,2017-01-03T02:59:28,active,7.1,10000,0,Aadi Handa,,EMP000006,2021-03-19T15:39:07,2017-01-03T02:59:28,2018-03-02T17:26:00
ACC000978,CUST000131,ACCTNO0000000978,recurring_deposit,BR00020,FNTK000200,INR,924564.05,915843.56,2024-05-31T01:45:44,active,6.53,500,0,Mahika Swaminathan,,EMP000076,2025-11-24T00:53:35,2024-05-31T01:45:44,2024-10-27T00:44:02
ACC000979,CUST000119,ACCTNO0000000979,recurring_deposit,BR00008,FNTK000080,INR,1619536.4,1548743.62,2015-06-20T20:17:32,active,7.81,500,0,Amara Manne,,EMP000048,2025-09-21T03:02:03,2015-06-20T20:17:32,2022-01-05T17:37:10
ACC000980,CUST000634,ACCTNO0000000980,recurring_deposit,BR00007,FNTK000070,INR,507989.1,486346.64,2024-11-10T21:49:00,active,7.85,500,0,Bhavani Devi,,EMP000072,2026-04-19T17:07:18,2024-11-10T21:49:00,2025-04-21T07:38:28
ACC000981,CUST000366,ACCTNO0000000981,salary,BR00017,FNTK000170,INR,1773229.72,1684729.43,2019-11-19T07:21:58,active,3.27,0,0,Turvi Lad,,EMP000062,2021-12-08T01:35:09,2019-11-19T07:21:58,2022-06-28T13:00:02
ACC000982,CUST000057,ACCTNO0000000982,current,BR00001,FNTK000010,INR,1471547.93,1444514.75,2020-07-09T09:29:18,active,0.0,5000,5000,Yutika Char,,EMP000061,2021-09-06T22:14:11,2020-07-09T09:29:18,2026-05-03T20:09:12
ACC000983,CUST000643,ACCTNO0000000983,salary,BR00003,FNTK000030,INR,61304.59,57632.64,2024-10-15T18:03:09,closed,3.22,0,0,Udarsh Mander,,EMP000043,2025-07-16T13:08:07,2024-10-15T18:03:09,2025-03-18T10:34:31
ACC000984,CUST000870,ACCTNO0000000984,savings,BR00010,FNTK000100,INR,1724520.5,1668572.5,2017-06-24T06:50:59,active,5.81,5000,0,Maya Nigam,,EMP000060,2019-12-03T11:29:47,2017-06-24T06:50:59,2024-03-11T02:08:17
ACC000985,CUST000204,ACCTNO0000000985,recurring_deposit,BR00008,FNTK000080,INR,1178572.87,1147199.47,2023-04-17T16:46:06,active,7.76,500,0,Urvashi Sethi,,EMP000035,2025-10-27T05:49:37,2023-04-17T16:46:06,2023-08-18T19:43:36
ACC000986,CUST000596,ACCTNO0000000986,salary,BR00017,FNTK000170,INR,884886.68,839544.46,2022-06-03T10:51:18,blocked,3.01,0,0,Yashodhara Mohan,,EMP000050,2026-05-01T13:43:11,2022-06-03T10:51:18,2025-01-16T06:29:37
ACC000987,CUST000344,ACCTNO0000000987,savings,BR00006,FNTK000060,INR,1412869.92,1355904.18,2022-07-16T09:53:02,active,6.46,10000,0,Nandini Sahota,,EMP000049,2023-11-15T09:51:50,2022-07-16T09:53:02,2023-04-26T03:14:05
ACC000988,CUST000563,ACCTNO0000000988,salary,BR00003,FNTK000030,INR,972153.91,939656.79,2020-05-22T04:13:24,active,2.6,0,0,Dayamai Narain,Wridesh Shenoy,EMP000003,2022-08-19T23:59:01,2020-05-22T04:13:24,2021-01-17T22:31:15
ACC000989,CUST000723,ACCTNO0000000989,salary,BR00005,FNTK000050,INR,1133557.66,1087664.65,2016-09-27T13:46:35,active,4.11,0,0,Mohammed Bansal,,EMP000089,2020-12-19T15:51:38,2016-09-27T13:46:35,2024-07-03T11:43:03
ACC000990,CUST000519,ACCTNO0000000990,savings,BR00004,FNTK000040,INR,878416.5,816146.04,2022-03-09T06:53:48,blocked,4.58,5000,0,Daniel Dalal,,EMP000041,2022-06-10T09:11:22,2022-03-09T06:53:48,2022-11-09T13:39:39
ACC000991,CUST000592,ACCTNO0000000991,current,BR00004,FNTK000040,INR,181933.56,176826.25,2016-01-28T02:10:55,active,0.0,25000,10000,Hritik Sen,,EMP000057,2019-11-27T17:36:30,2016-01-28T02:10:55,2017-08-19T10:49:27
ACC000992,CUST000569,ACCTNO0000000992,salary,BR00003,FNTK000030,INR,1447798.87,1445931.35,2015-10-15T19:57:45,active,3.89,0,0,Manthan Borah,,EMP000025,2017-05-11T05:05:02,2015-10-15T19:57:45,2023-06-18T07:39:39
ACC000993,CUST000282,ACCTNO0000000993,savings,BR00004,FNTK000040,INR,2043.52,1983.37,2023-07-02T19:59:54,closed,5.8,1000,0,Gaurangi Nagarajan,,EMP000057,2024-05-28T21:18:55,2023-07-02T19:59:54,2025-06-05T18:26:21
ACC000994,CUST000898,ACCTNO0000000994,savings,BR00001,FNTK000010,INR,166854.75,151799.56,2023-03-09T06:58:34,dormant,6.52,0,0,Vasatika Saran,,EMP000022,2024-12-11T00:00:09,2023-03-09T06:58:34,2023-11-07T09:08:59
ACC000995,CUST000947,ACCTNO0000000995,savings,BR00006,FNTK000060,INR,1838759.06,1829435.98,2024-05-20T13:05:24,dormant,5.71,1000,0,Jason Mittal,,EMP000001,2026-02-25T16:01:35,2024-05-20T13:05:24,2024-09-17T16:44:23
ACC000996,CUST000914,ACCTNO0000000996,savings,BR00002,FNTK000020,INR,1853811.62,1700143.77,2019-08-05T05:57:05,active,5.6,10000,0,Urvashi Bandi,,EMP000035,2021-09-18T13:50:25,2019-08-05T05:57:05,2022-06-30T21:56:45
ACC000997,CUST000911,ACCTNO0000000997,current,BR00018,FNTK000180,INR,176086.21,171001.2,2019-09-16T15:30:30,active,0.0,10000,0,Naksh Raman,,EMP000005,2022-04-14T12:22:15,2019-09-16T15:30:30,2022-08-04T18:19:56
ACC000998,CUST000896,ACCTNO0000000998,savings,BR00019,FNTK000190,INR,1415463.27,1407498.19,2019-02-15T08:47:17,blocked,5.44,0,0,Hemani Bhatti,,EMP000081,2022-08-01T03:29:15,2019-02-15T08:47:17,2019-08-14T22:23:17
ACC000999,CUST000964,ACCTNO0000000999,salary,BR00007,FNTK000070,INR,1200850.69,1176694.08,2021-11-29T06:04:59,active,3.91,0,0,Azad Krishnan,,EMP000097,2026-02-12T06:49:20,2021-11-29T06:04:59,2026-01-13T06:32:36
ACC001000,CUST000963,ACCTNO0000001000,current,BR00011,FNTK000110,INR,1826407.79,1712444.32,2020-07-26T23:40:34,active,0.0,10000,10000,Rachit Tank,,EMP000002,2022-11-23T07:14:06,2020-07-26T23:40:34,2022-01-03T11:44:32
ACC001001,CUST000373,ACCTNO0000001001,savings,BR00009,FNTK000090,INR,773580.04,747504.58,2019-06-10T10:02:37,active,5.77,0,0,Mitali Naik,,EMP000015,2026-01-28T21:55:54,2019-06-10T10:02:37,2025-08-22T01:24:30
ACC001002,CUST000945,ACCTNO0000001002,salary,BR00017,FNTK000170,INR,1759619.94,1611699.28,2019-05-22T05:45:38,active,4.05,0,0,Kiaan Narain,,EMP000015,2021-12-09T15:31:56,2019-05-22T05:45:38,2024-03-01T13:23:32
ACC001003,CUST000493,ACCTNO0000001003,current,BR00018,FNTK000180,INR,741342.54,668769.65,2021-07-05T21:44:43,dormant,0.0,5000,0,Divya Gour,,EMP000086,2024-04-27T04:06:09,2021-07-05T21:44:43,2024-07-10T02:55:03
ACC001004,CUST000713,ACCTNO0000001004,fixed_deposit,BR00018,FNTK000180,INR,808972.05,758930.37,2017-11-24T20:28:18,active,8.41,10000,0,Nitesh Krishna,,EMP000034,2022-07-04T17:49:44,2017-11-24T20:28:18,2022-10-29T22:29:13
ACC001005,CUST000900,ACCTNO0000001005,savings,BR00009,FNTK000090,INR,1248638.24,1219389.31,2019-09-30T14:28:07,active,5.99,1000,0,Girik Sur,,EMP000081,2019-11-27T22:58:45,2019-09-30T14:28:07,2024-04-03T08:43:40
ACC001006,CUST000719,ACCTNO0000001006,current,BR00004,FNTK000040,INR,660170.28,609160.94,2015-09-29T02:08:49,active,0.0,5000,25000,Manbir Basak,,EMP000023,2022-09-24T03:13:11,2015-09-29T02:08:49,2024-06-01T04:09:55
ACC001007,CUST000137,ACCTNO0000001007,savings,BR00009,FNTK000090,INR,586628.39,531647.73,2022-07-23T10:38:22,active,5.9,0,0,Wriddhish Varghese,,EMP000015,2023-10-24T10:03:55,2022-07-23T10:38:22,2023-03-13T06:06:32
ACC001008,CUST000381,ACCTNO0000001008,fixed_deposit,BR00018,FNTK000180,INR,1951942.83,1772090.07,2022-07-29T21:44:09,blocked,7.81,10000,0,Arunima Jain,Omisha Barad,EMP000069,2022-11-27T18:39:51,2022-07-29T21:44:09,2026-05-30T14:34:19
ACC001009,CUST000873,ACCTNO0000001009,savings,BR00008,FNTK000080,INR,316781.33,303982.36,2024-10-23T23:53:30,active,5.6,10000,0,Jalsa Oza,,EMP000053,2026-05-19T14:16:16,2024-10-23T23:53:30,2025-01-13T08:59:37
ACC001010,CUST000613,ACCTNO0000001010,current,BR00011,FNTK000110,INR,1569022.01,1418044.23,2017-01-24T23:13:54,active,0.0,10000,25000,Geetika Agate,,EMP000011,2024-11-04T15:02:27,2017-01-24T23:13:54,2022-12-26T12:21:39
ACC001011,CUST000102,ACCTNO0000001011,salary,BR00001,FNTK000010,INR,1761155.4,1743389.27,2024-02-19T02:00:55,active,4.33,0,0,Vasudha Thaker,,EMP000023,2026-04-16T12:45:26,2024-02-19T02:00:55,2025-05-05T04:22:44
ACC001012,CUST000831,ACCTNO0000001012,recurring_deposit,BR00014,FNTK000140,INR,205740.97,204115.14,2022-06-07T04:27:51,active,6.96,500,0,Siddharth Divan,Yashasvi Mahal,EMP000055,2024-07-04T10:18:05,2022-06-07T04:27:51,2022-12-28T00:57:35
ACC001013,CUST000596,ACCTNO0000001013,current,BR00008,FNTK000080,INR,1108701.27,1031024.87,2017-09-16T23:48:55,active,0.0,5000,0,Ronith Saran,,EMP000002,2020-04-12T13:16:00,2017-09-16T23:48:55,2019-08-06T03:17:28
ACC001014,CUST000523,ACCTNO0000001014,savings,BR00018,FNTK000180,INR,1246208.42,1149259.38,2018-01-03T00:15:28,active,4.69,5000,0,Suhani Mannan,,EMP000036,2018-12-06T22:44:18,2018-01-03T00:15:28,2019-09-30T10:05:34
ACC001015,CUST000910,ACCTNO0000001015,savings,BR00015,FNTK000150,INR,1617226.24,1557073.52,2020-11-15T13:45:15,dormant,6.09,5000,0,Chaitanya Mane,,EMP000069,2025-06-18T17:45:09,2020-11-15T13:45:15,2021-02-14T11:17:09
ACC001016,CUST000043,ACCTNO0000001016,savings,BR00005,FNTK000050,INR,1511907.25,1369913.17,2017-10-23T08:13:53,active,3.86,5000,0,Andrew Reddy,Urvi Sahni,EMP000002,2018-06-18T08:12:25,2017-10-23T08:13:53,2020-05-04T11:14:41
ACC001017,CUST000288,ACCTNO0000001017,savings,BR00006,FNTK000060,INR,1699805.16,1651816.86,2015-08-28T03:16:36,dormant,5.94,0,0,Vihaan Murty,,EMP000031,2023-06-11T01:18:48,2015-08-28T03:16:36,2016-09-18T01:27:47
ACC001018,CUST000532,ACCTNO0000001018,savings,BR00020,FNTK000200,INR,1770571.63,1612213.28,2020-09-25T08:41:14,active,3.49,5000,0,Shivani Lanka,,EMP000049,2021-05-22T05:55:50,2020-09-25T08:41:14,2024-06-09T16:51:10
ACC001019,CUST000242,ACCTNO0000001019,salary,BR00012,FNTK000120,INR,811738.85,774535.85,2024-09-27T15:26:39,active,3.29,0,0,Balvan Karnik,,EMP000025,2025-07-24T06:32:20,2024-09-27T15:26:39,2026-07-24T10:13:09
ACC001020,CUST000811,ACCTNO0000001020,recurring_deposit,BR00013,FNTK000130,INR,487316.89,463605.62,2021-02-13T09:04:57,active,6.38,500,0,Megha Lanka,,EMP000008,2026-05-21T00:20:48,2021-02-13T09:04:57,2022-05-19T17:35:24
ACC001021,CUST000446,ACCTNO0000001021,savings,BR00001,FNTK000010,INR,1610144.44,1511476.45,2021-02-12T09:28:25,blocked,4.07,0,0,Veer Baria,,EMP000072,2025-01-21T03:42:48,2021-02-12T09:28:25,2022-11-09T03:30:30
ACC001022,CUST000621,ACCTNO0000001022,salary,BR00004,FNTK000040,INR,996035.47,977830.32,2024-07-04T13:06:45,blocked,3.57,0,0,Shivani Khare,,EMP000037,2025-01-02T17:00:33,2024-07-04T13:06:45,2024-09-29T10:13:24
ACC001023,CUST000670,ACCTNO0000001023,recurring_deposit,BR00018,FNTK000180,INR,779325.08,724216.91,2022-06-08T12:47:26,active,6.57,500,0,Aarnav Sani,,EMP000031,2026-01-21T12:36:19,2022-06-08T12:47:26,2025-06-17T19:34:06
ACC001024,CUST000848,ACCTNO0000001024,salary,BR00001,FNTK000010,INR,1909311.03,1771201.63,2018-12-09T02:36:14,dormant,2.62,0,0,Faqid Mahal,,EMP000041,2026-01-20T03:39:43,2018-12-09T02:36:14,2024-06-19T22:05:19
ACC001025,CUST000635,ACCTNO0000001025,salary,BR00016,FNTK000160,INR,1218440.71,1204743.5,2024-01-30T04:25:48,active,3.27,0,0,Amol Thaker,,EMP000088,2025-02-13T17:48:09,2024-01-30T04:25:48,2026-01-29T18:52:48
ACC001026,CUST000808,ACCTNO0000001026,savings,BR00020,FNTK000200,INR,937619.62,935512.54,2019-11-04T14:47:59,dormant,5.54,5000,0,Charan Taneja,,EMP000096,2024-07-23T05:38:37,2019-11-04T14:47:59,2021-11-27T06:57:20
ACC001027,CUST000731,ACCTNO0000001027,savings,BR00019,FNTK000190,INR,1313158.83,1184942.11,2017-02-24T23:17:41,active,6.4,10000,0,Bhavna D’Alia,,EMP000048,2019-01-31T17:54:00,2017-02-24T23:17:41,2020-05-08T14:44:29
ACC001028,CUST000822,ACCTNO0000001028,savings,BR00002,FNTK000020,INR,276339.68,273496.3,2015-10-24T19:14:41,closed,3.47,5000,0,Lopa Narasimhan,,EMP000042,2024-03-01T09:51:01,2015-10-24T19:14:41,2021-05-26T10:17:19
ACC001029,CUST000482,ACCTNO0000001029,savings,BR00006,FNTK000060,INR,1083878.51,1028027.87,2024-03-22T14:11:09,active,3.1,0,0,Sai Atwal,,EMP000022,2026-05-10T10:44:46,2024-03-22T14:11:09,2025-08-10T05:48:37
ACC001030,CUST000067,ACCTNO0000001030,salary,BR00006,FNTK000060,INR,629467.55,567348.4,2020-11-10T11:44:25,active,3.89,0,0,Fariq Narasimhan,,EMP000047,2021-06-25T04:29:16,2020-11-10T11:44:25,2023-07-31T11:03:28
ACC001031,CUST000251,ACCTNO0000001031,salary,BR00006,FNTK000060,INR,377060.87,348890.35,2016-12-28T10:11:44,blocked,2.66,0,0,Varsha Bail,,EMP000071,2025-09-02T08:29:47,2016-12-28T10:11:44,2025-01-20T15:43:06
ACC001032,CUST000253,ACCTNO0000001032,current,BR00004,FNTK000040,INR,215866.17,198775.27,2020-11-17T00:38:32,closed,0.0,5000,0,Kai Kuruvilla,,EMP000082,2023-02-25T06:59:46,2020-11-17T00:38:32,2021-08-16T18:58:55
ACC001033,CUST000881,ACCTNO0000001033,current,BR00001,FNTK000010,INR,212638.76,211953.5,2016-07-29T07:44:14,active,0.0,10000,0,Brinda Kurian,,EMP000081,2017-04-14T12:40:33,2016-07-29T07:44:14,2021-04-02T04:06:21
ACC001034,CUST000955,ACCTNO0000001034,salary,BR00020,FNTK000200,INR,855641.25,848299.81,2020-08-20T03:11:26,active,2.93,0,0,Neel Sandhu,,EMP000020,2024-08-28T03:20:50,2020-08-20T03:11:26,2024-02-06T03:40:33
ACC001035,CUST000822,ACCTNO0000001035,salary,BR00019,FNTK000190,INR,1123510.8,1040958.42,2021-07-05T20:30:00,active,2.95,0,0,Nihal Pathak,,EMP000079,2023-03-28T18:06:37,2021-07-05T20:30:00,2021-11-13T11:23:52
ACC001036,CUST000646,ACCTNO0000001036,current,BR00020,FNTK000200,INR,1702288.26,1540304.82,2021-04-15T19:36:08,active,0.0,5000,0,Bhavya More,,EMP000026,2024-10-15T04:51:22,2021-04-15T19:36:08,2021-09-03T18:24:07
ACC001037,CUST000796,ACCTNO0000001037,savings,BR00020,FNTK000200,INR,954886.12,940115.77,2017-02-03T21:44:34,active,5.46,1000,0,Faraj Dugal,,EMP000041,2026-03-14T12:53:15,2017-02-03T21:44:34,2018-04-11T21:05:47
ACC001038,CUST000165,ACCTNO0000001038,current,BR00007,FNTK000070,INR,592150.07,558437.74,2021-08-16T11:14:30,blocked,0.0,25000,5000,Aarush Khatri,,EMP000045,2023-04-14T04:25:23,2021-08-16T11:14:30,2022-05-04T13:34:31
ACC001039,CUST000540,ACCTNO0000001039,current,BR00009,FNTK000090,INR,1938876.67,1817276.65,2020-05-12T01:41:49,blocked,0.0,25000,25000,Anamika Gola,,EMP000016,2023-06-29T21:41:19,2020-05-12T01:41:49,2020-08-18T15:28:43
ACC001040,CUST000463,ACCTNO0000001040,salary,BR00013,FNTK000130,INR,1832293.68,1777552.14,2016-11-07T10:48:44,active,4.08,0,0,Siya Nazareth,,EMP000014,2025-12-09T07:01:51,2016-11-07T10:48:44,2024-06-20T15:34:38
ACC001041,CUST000998,ACCTNO0000001041,current,BR00002,FNTK000020,INR,483507.63,441380.95,2021-12-27T22:36:21,active,0.0,5000,0,Xiti Warrior,,EMP000027,2024-01-14T16:43:00,2021-12-27T22:36:21,2023-11-17T17:30:20
ACC001042,CUST000494,ACCTNO0000001042,current,BR00013,FNTK000130,INR,1324522.29,1192608.79,2019-01-27T01:30:43,active,0.0,5000,5000,Yasti Das,,EMP000079,2025-04-01T13:02:31,2019-01-27T01:30:43,2025-02-21T11:22:05
ACC001043,CUST000654,ACCTNO0000001043,current,BR00010,FNTK000100,INR,53380.37,49351.0,2019-05-26T07:09:29,active,0.0,5000,25000,Arunima Chacko,,EMP000055,2023-10-12T15:35:38,2019-05-26T07:09:29,2021-12-23T08:19:07
ACC001044,CUST000431,ACCTNO0000001044,current,BR00006,FNTK000060,INR,95220.51,90117.73,2017-08-07T15:56:55,dormant,0.0,10000,25000,George Pandit,,EMP000078,2024-09-19T21:57:47,2017-08-07T15:56:55,2024-11-09T14:12:52
ACC001045,CUST000581,ACCTNO0000001045,savings,BR00016,FNTK000160,INR,1941974.95,1785360.89,2021-01-26T20:15:37,active,3.23,1000,0,Lipika Gulati,,EMP000068,2022-04-29T06:49:03,2021-01-26T20:15:37,2022-10-14T02:21:12
ACC001046,CUST000850,ACCTNO0000001046,savings,BR00020,FNTK000200,INR,68789.72,67394.27,2024-08-07T01:36:26,blocked,5.32,10000,0,Andrew Chadha,,EMP000060,2025-08-30T10:00:23,2024-08-07T01:36:26,2024-09-15T04:40:53
ACC001047,CUST000479,ACCTNO0000001047,current,BR00013,FNTK000130,INR,1392482.63,1272535.38,2016-09-08T21:03:01,active,0.0,25000,0,Nicholas Dhingra,,EMP000085,2023-09-25T13:32:07,2016-09-08T21:03:01,2019-11-21T19:49:20
ACC001048,CUST000263,ACCTNO0000001048,savings,BR00018,FNTK000180,INR,1758718.88,1749473.99,2017-12-16T08:55:14,active,4.55,0,0,Naveen Vig,Varenya Panchal,EMP000100,2024-09-29T08:16:28,2017-12-16T08:55:14,2026-07-15T08:28:18
ACC001049,CUST000136,ACCTNO0000001049,current,BR00010,FNTK000100,INR,1180106.97,1147879.68,2017-09-18T21:38:03,active,0.0,10000,5000,Harini Ramachandran,,EMP000070,2022-03-31T09:05:32,2017-09-18T21:38:03,2024-02-20T04:28:52
ACC001050,CUST000521,ACCTNO0000001050,savings,BR00020,FNTK000200,INR,1355230.53,1237889.85,2022-03-09T00:24:47,blocked,5.53,0,0,Hemang Vala,,EMP000079,2026-01-24T19:38:15,2022-03-09T00:24:47,2025-12-13T22:52:37
ACC001051,CUST000180,ACCTNO0000001051,savings,BR00009,FNTK000090,INR,1062345.11,1015470.69,2024-06-26T20:46:06,active,3.02,0,0,Simon Ganesh,,EMP000045,2025-08-02T09:32:45,2024-06-26T20:46:06,2025-07-31T17:46:15
ACC001052,CUST000400,ACCTNO0000001052,fixed_deposit,BR00009,FNTK000090,INR,172054.54,170288.93,2024-05-16T16:08:55,closed,7.57,10000,0,Veda Bhavsar,,EMP000054,2025-09-23T03:57:12,2024-05-16T16:08:55,2025-12-23T13:11:44
ACC001053,CUST000411,ACCTNO0000001053,fixed_deposit,BR00006,FNTK000060,INR,779910.57,709715.41,2017-04-21T22:51:03,active,6.64,10000,0,Warda Shankar,,EMP000089,2017-10-22T14:01:33,2017-04-21T22:51:03,2024-06-28T09:17:35
ACC001054,CUST000652,ACCTNO0000001054,salary,BR00011,FNTK000110,INR,595289.01,590639.8,2022-01-22T20:34:04,active,3.71,0,0,Ekanta Pillay,,EMP000082,2024-08-23T09:32:41,2022-01-22T20:34:04,2023-12-15T08:37:25
ACC001055,CUST000752,ACCTNO0000001055,current,BR00007,FNTK000070,INR,1684518.92,1591050.28,2024-06-15T12:15:56,active,0.0,5000,5000,Benjamin Bansal,,EMP000083,2025-11-17T00:38:52,2024-06-15T12:15:56,2025-06-25T05:15:08
ACC001056,CUST000030,ACCTNO0000001056,savings,BR00003,FNTK000030,INR,56017.7,52284.87,2023-12-12T17:35:13,active,6.82,10000,0,Raghav Aggarwal,,EMP000082,2024-05-13T15:21:03,2023-12-12T17:35:13,2024-12-11T16:35:38
ACC001057,CUST000469,ACCTNO0000001057,current,BR00004,FNTK000040,INR,1638912.19,1612809.47,2016-04-28T14:20:51,active,0.0,10000,10000,Anay Pradhan,,EMP000018,2020-12-01T22:39:37,2016-04-28T14:20:51,2024-07-01T03:47:21
ACC001058,CUST000027,ACCTNO0000001058,current,BR00004,FNTK000040,INR,396804.61,376836.63,2019-04-16T01:36:55,active,0.0,5000,5000,Ojasvi Amble,,EMP000093,2026-02-25T22:49:20,2019-04-16T01:36:55,2019-08-15T07:08:05
ACC001059,CUST000054,ACCTNO0000001059,savings,BR00002,FNTK000020,INR,875053.78,833740.47,2023-02-15T15:47:15,blocked,6.3,10000,0,Ubika Chada,,EMP000057,2025-05-04T18:37:05,2023-02-15T15:47:15,2024-04-16T16:15:39
ACC001060,CUST000956,ACCTNO0000001060,salary,BR00011,FNTK000110,INR,1527947.1,1442720.95,2015-03-26T05:07:22,active,3.09,0,0,Gopal Verma,,EMP000018,2017-03-21T06:11:32,2015-03-26T05:07:22,2025-06-08T20:30:15
ACC001061,CUST000219,ACCTNO0000001061,current,BR00005,FNTK000050,INR,692459.85,645102.21,2020-05-21T08:31:15,active,0.0,10000,10000,Laban Solanki,,EMP000039,2021-08-29T10:08:27,2020-05-21T08:31:15,2022-08-16T15:49:39
ACC001062,CUST000901,ACCTNO0000001062,savings,BR00006,FNTK000060,INR,357301.94,342029.2,2021-11-02T07:45:37,dormant,3.22,10000,0,Harini Dar,,EMP000018,2025-05-30T06:59:02,2021-11-02T07:45:37,2025-11-08T07:58:52
ACC001063,CUST000526,ACCTNO0000001063,current,BR00009,FNTK000090,INR,632295.34,575655.18,2015-05-26T20:14:14,active,0.0,5000,5000,Edhitha Korpal,,EMP000030,2024-11-16T12:45:12,2015-05-26T20:14:14,2022-04-29T19:31:59
ACC001064,CUST000243,ACCTNO0000001064,current,BR00007,FNTK000070,INR,291543.27,286712.87,2019-01-10T03:46:40,active,0.0,25000,25000,Pavani Memon,,EMP000046,2024-07-12T00:04:05,2019-01-10T03:46:40,2026-07-09T20:46:41
ACC001065,CUST000887,ACCTNO0000001065,savings,BR00014,FNTK000140,INR,1126429.98,1124510.14,2022-03-02T16:00:47,active,3.24,1000,0,Hredhaan Bhakta,,EMP000048,2026-05-25T12:44:11,2022-03-02T16:00:47,2024-06-14T10:37:51
ACC001066,CUST000992,ACCTNO0000001066,current,BR00003,FNTK000030,INR,983771.98,954852.36,2020-04-23T16:06:57,active,0.0,5000,5000,Laksh Kuruvilla,,EMP000062,2022-04-13T21:27:17,2020-04-23T16:06:57,2025-08-23T08:54:54
ACC001067,CUST000799,ACCTNO0000001067,savings,BR00005,FNTK000050,INR,1459490.54,1433500.31,2015-07-15T10:51:08,active,4.65,0,0,Michael Mand,,EMP000050,2026-05-14T17:58:30,2015-07-15T10:51:08,2016-02-26T11:34:41
ACC001068,CUST000294,ACCTNO0000001068,current,BR00019,FNTK000190,INR,1571796.82,1557190.82,2019-11-05T07:58:07,active,0.0,25000,0,Nisha Borde,Falan Tara,EMP000077,2020-09-30T20:12:39,2019-11-05T07:58:07,2023-07-02T07:56:39
ACC001069,CUST000743,ACCTNO0000001069,savings,BR00010,FNTK000100,INR,682937.94,678532.44,2020-06-30T12:27:23,dormant,3.99,5000,0,Charita Ray,Atharv Mane,EMP000061,2024-11-28T18:29:06,2020-06-30T12:27:23,2022-10-13T13:05:41
ACC001070,CUST000004,ACCTNO0000001070,fixed_deposit,BR00006,FNTK000060,INR,1457085.8,1428584.4,2023-05-09T10:34:31,active,6.51,10000,0,Qasim Chander,,EMP000024,2026-05-22T17:31:55,2023-05-09T10:34:31,2023-11-28T05:13:25
ACC001071,CUST000406,ACCTNO0000001071,savings,BR00007,FNTK000070,INR,1376171.66,1246329.7,2024-09-15T15:41:02,active,6.09,10000,0,Harish Patil,,EMP000014,2025-08-01T09:41:56,2024-09-15T15:41:02,2025-07-20T21:15:34
ACC001072,CUST000674,ACCTNO0000001072,savings,BR00015,FNTK000150,INR,91698.0,83070.3,2021-10-20T15:59:22,dormant,5.13,0,0,Girish Lalla,,EMP000097,2022-05-12T20:48:52,2021-10-20T15:59:22,2022-10-22T02:35:50
ACC001073,CUST000228,ACCTNO0000001073,salary,BR00005,FNTK000050,INR,1858.74,1739.33,2019-04-21T00:22:04,active,4.4,0,0,Eesha Dasgupta,,EMP000023,2020-07-22T21:18:05,2019-04-21T00:22:04,2023-03-15T03:49:37
ACC001074,CUST000255,ACCTNO0000001074,recurring_deposit,BR00019,FNTK000190,INR,490776.15,473420.33,2019-05-18T09:41:10,blocked,7.53,500,0,Simon Brar,,EMP000018,2023-01-16T15:32:07,2019-05-18T09:41:10,2025-02-08T12:42:41
ACC001075,CUST000636,ACCTNO0000001075,current,BR00016,FNTK000160,INR,572473.63,553691.41,2020-06-10T16:04:49,active,0.0,5000,10000,Chandran Malhotra,Fariq Mishra,EMP000053,2020-07-26T21:09:09,2020-06-10T16:04:49,2021-10-11T08:02:15
ACC001076,CUST000374,ACCTNO0000001076,current,BR00018,FNTK000180,INR,1435512.21,1369117.57,2020-12-29T11:15:42,active,0.0,5000,25000,Harish Raval,,EMP000077,2026-06-07T18:03:57,2020-12-29T11:15:42,2025-10-07T05:58:25
ACC001077,CUST000272,ACCTNO0000001077,current,BR00003,FNTK000030,INR,524357.2,507216.26,2018-03-09T19:26:11,active,0.0,5000,10000,Devika Salvi,,EMP000068,2024-06-17T22:27:15,2018-03-09T19:26:11,2024-11-10T07:24:49
ACC001078,CUST000715,ACCTNO0000001078,salary,BR00004,FNTK000040,INR,99467.72,93493.35,2018-11-20T07:32:56,active,4.38,0,0,Gauri Luthra,,EMP000003,2026-08-18T11:39:40,2018-11-20T07:32:56,2024-06-28T08:20:00
ACC001079,CUST000206,ACCTNO0000001079,savings,BR00009,FNTK000090,INR,137395.37,127707.79,2017-04-12T00:27:35,closed,6.1,10000,0,Laksh Biswas,,EMP000100,2019-10-02T23:58:38,2017-04-12T00:27:35,2022-07-15T14:11:17
ACC001080,CUST000182,ACCTNO0000001080,savings,BR00010,FNTK000100,INR,1389524.47,1372593.79,2022-04-17T03:33:19,active,3.22,10000,0,Aayush Chhabra,,EMP000061,2026-02-26T23:28:54,2022-04-17T03:33:19,2023-05-24T10:11:16
ACC001081,CUST000078,ACCTNO0000001081,savings,BR00016,FNTK000160,INR,1827454.5,1672182.96,2021-09-10T03:46:14,active,6.47,5000,0,Brijesh Singh,,EMP000066,2023-06-27T23:43:39,2021-09-10T03:46:14,2024-03-17T05:38:31
ACC001082,CUST000486,ACCTNO0000001082,savings,BR00003,FNTK000030,INR,1259359.89,1136167.19,2021-12-23T02:21:51,dormant,5.39,10000,0,Nidra Chhabra,,EMP000038,2024-06-15T23:11:26,2021-12-23T02:21:51,2023-06-15T21:27:49
ACC001083,CUST000071,ACCTNO0000001083,current,BR00009,FNTK000090,INR,136725.85,124846.21,2024-09-11T08:24:30,active,0.0,5000,5000,Nathan Kota,,EMP000055,2025-06-14T11:19:55,2024-09-11T08:24:30,2025-10-09T07:27:00
ACC001084,CUST000081,ACCTNO0000001084,savings,BR00019,FNTK000190,INR,569087.36,516244.12,2015-11-09T15:10:09,active,4.37,1000,0,Gaurika Ganguly,,EMP000073,2025-08-08T23:34:58,2015-11-09T15:10:09,2025-07-08T06:57:32
ACC001085,CUST000324,ACCTNO0000001085,savings,BR00012,FNTK000120,INR,461046.58,456078.24,2023-12-30T19:06:38,dormant,4.4,5000,0,Hemang Badal,,EMP000019,2024-12-11T03:27:02,2023-12-30T19:06:38,2025-03-20T08:35:21
ACC001086,CUST000839,ACCTNO0000001086,savings,BR00017,FNTK000170,INR,1386635.81,1355044.43,2015-12-14T04:30:46,active,4.66,10000,0,Tejas Date,,EMP000010,2020-01-09T09:31:40,2015-12-14T04:30:46,2026-01-02T01:04:09
ACC001087,CUST000346,ACCTNO0000001087,savings,BR00018,FNTK000180,INR,1866249.13,1819502.96,2019-01-22T22:04:02,active,5.62,5000,0,Yashodhara Khare,,EMP000042,2024-04-30T06:12:04,2019-01-22T22:04:02,2019-03-27T18:22:15
ACC001088,CUST000302,ACCTNO0000001088,salary,BR00006,FNTK000060,INR,312093.59,283172.63,2017-02-06T11:27:11,active,2.7,0,0,Abdul Virk,Raghav Tailor,EMP000051,2022-05-08T20:21:21,2017-02-06T11:27:11,2019-09-10T03:27:58
ACC001089,CUST000335,ACCTNO0000001089,savings,BR00016,FNTK000160,INR,515774.91,514468.83,2016-05-04T04:50:38,active,5.02,5000,0,Daniel Sani,,EMP000060,2024-02-04T00:10:34,2016-05-04T04:50:38,2017-03-22T09:10:42
ACC001090,CUST000142,ACCTNO0000001090,current,BR00012,FNTK000120,INR,60025.1,59706.98,2015-06-25T14:19:49,active,0.0,10000,0,Lipika Hans,,EMP000017,2022-01-10T20:20:18,2015-06-25T14:19:49,2019-03-06T22:22:32
ACC001091,CUST000033,ACCTNO0000001091,savings,BR00011,FNTK000110,INR,260873.81,246604.12,2019-05-06T19:38:05,active,3.01,1000,0,Hemangini Deshpande,,EMP000078,2023-10-24T19:02:31,2019-05-06T19:38:05,2019-10-17T04:02:27
ACC001092,CUST000687,ACCTNO0000001092,savings,BR00017,FNTK000170,INR,882417.29,838186.8,2023-03-10T11:12:33,active,5.65,1000,0,Nisha Mani,,EMP000084,2023-12-31T21:10:12,2023-03-10T11:12:33,2025-10-29T02:17:18
ACC001093,CUST000083,ACCTNO0000001093,current,BR00004,FNTK000040,INR,1135767.61,1114274.42,2018-04-27T17:01:12,active,0.0,10000,10000,Zaid Dash,,EMP000035,2019-03-28T02:26:35,2018-04-27T17:01:12,2025-09-09T09:55:44
ACC001094,CUST000317,ACCTNO0000001094,current,BR00015,FNTK000150,INR,1831098.92,1826172.16,2018-10-27T04:28:39,active,0.0,25000,5000,Aadhya Tank,,EMP000052,2025-09-12T08:04:52,2018-10-27T04:28:39,2020-01-26T07:13:54
ACC001095,CUST000922,ACCTNO0000001095,salary,BR00012,FNTK000120,INR,1606544.39,1462704.02,2022-02-19T02:53:31,active,3.71,0,0,Ishwar Ravi,,EMP000022,2026-03-26T15:03:19,2022-02-19T02:53:31,2024-07-20T15:57:15
ACC001096,CUST000677,ACCTNO0000001096,savings,BR00011,FNTK000110,INR,722234.54,703064.59,2023-05-29T10:10:01,dormant,3.77,0,0,Zehaan Dave,,EMP000083,2025-04-21T05:09:35,2023-05-29T10:10:01,2025-11-06T07:21:31
ACC001097,CUST000212,ACCTNO0000001097,fixed_deposit,BR00016,FNTK000160,INR,1285881.1,1199658.64,2018-08-17T13:20:45,active,7.27,10000,0,Jagdish Kothari,Banjeet Kashyap,EMP000055,2024-12-31T23:39:06,2018-08-17T13:20:45,2019-06-07T23:45:47
ACC001098,CUST000270,ACCTNO0000001098,fixed_deposit,BR00001,FNTK000010,INR,293570.88,287751.46,2015-11-11T08:09:52,active,8.07,10000,0,Chakradhar Bora,,EMP000068,2023-01-28T22:05:25,2015-11-11T08:09:52,2021-02-04T06:32:01
ACC001099,CUST000283,ACCTNO0000001099,current,BR00015,FNTK000150,INR,1348892.26,1221610.94,2021-01-25T22:17:53,dormant,0.0,25000,0,Kiaan Kamdar,,EMP000082,2022-02-19T00:36:23,2021-01-25T22:17:53,2023-11-03T11:50:41
ACC001100,CUST000788,ACCTNO0000001100,savings,BR00020,FNTK000200,INR,394629.3,382797.39,2015-11-28T20:39:00,blocked,4.32,10000,0,Isaiah Agate,,EMP000064,2022-06-05T05:08:16,2015-11-28T20:39:00,2026-01-31T05:08:53
ACC001101,CUST000307,ACCTNO0000001101,savings,BR00016,FNTK000160,INR,1418126.03,1317011.44,2022-12-15T23:07:12,active,6.37,1000,0,Indrajit Atwal,,EMP000024,2023-09-20T00:11:59,2022-12-15T23:07:12,2024-08-20T22:04:19
ACC001102,CUST000362,ACCTNO0000001102,fixed_deposit,BR00003,FNTK000030,INR,641346.05,582131.27,2023-02-04T01:52:29,active,8.26,10000,0,Hredhaan Om,,EMP000034,2026-04-29T03:47:01,2023-02-04T01:52:29,2026-06-20T06:49:43
ACC001103,CUST000818,ACCTNO0000001103,savings,BR00020,FNTK000200,INR,657091.47,604052.05,2015-06-13T08:17:02,active,3.39,10000,0,Sanya Dhawan,,EMP000039,2019-09-20T14:24:36,2015-06-13T08:17:02,2026-07-30T00:38:12
ACC001104,CUST000394,ACCTNO0000001104,current,BR00013,FNTK000130,INR,1420299.34,1371975.01,2016-12-15T20:17:01,dormant,0.0,25000,10000,Jatin Pillay,,EMP000074,2023-07-01T04:48:49,2016-12-15T20:17:01,2019-12-13T07:04:54
ACC001105,CUST000259,ACCTNO0000001105,current,BR00019,FNTK000190,INR,22621.31,22503.35,2024-05-28T09:01:55,active,0.0,10000,5000,Nirja Radhakrishnan,,EMP000058,2024-09-21T01:11:51,2024-05-28T09:01:55,2025-11-30T10:58:50
ACC001106,CUST000201,ACCTNO0000001106,current,BR00015,FNTK000150,INR,679541.16,615582.21,2022-01-16T16:27:24,blocked,0.0,25000,0,Sachi Jaggi,,EMP000020,2025-01-06T18:38:11,2022-01-16T16:27:24,2022-10-19T04:24:42
ACC001107,CUST000316,ACCTNO0000001107,current,BR00018,FNTK000180,INR,183845.91,173450.57,2015-07-09T15:09:23,active,0.0,5000,5000,Samuel Ramachandran,,EMP000062,2021-07-24T07:43:18,2015-07-09T15:09:23,2025-05-15T17:39:35
ACC001108,CUST000370,ACCTNO0000001108,savings,BR00003,FNTK000030,INR,864972.02,832037.4,2021-05-08T12:19:07,active,6.22,10000,0,Raghav Kibe,,EMP000088,2024-07-21T01:33:17,2021-05-08T12:19:07,2021-06-07T04:37:28
ACC001109,CUST000355,ACCTNO0000001109,recurring_deposit,BR00008,FNTK000080,INR,1432902.28,1328602.86,2015-12-06T05:22:50,active,6.0,500,0,Vrinda Mahal,Chandran Krishnan,EMP000024,2022-08-08T08:10:44,2015-12-06T05:22:50,2022-04-04T23:54:54
ACC001110,CUST000045,ACCTNO0000001110,savings,BR00013,FNTK000130,INR,746582.63,699006.91,2020-03-04T14:22:19,active,4.83,10000,0,Rachita Sheth,,EMP000018,2025-03-05T07:03:47,2020-03-04T14:22:19,2025-08-22T23:17:16
ACC001111,CUST000733,ACCTNO0000001111,current,BR00014,FNTK000140,INR,101268.71,96404.29,2016-06-03T09:42:33,closed,0.0,5000,0,Darsh Bhasin,,EMP000093,2019-01-03T05:18:43,2016-06-03T09:42:33,2020-07-11T19:24:24
ACC001112,CUST000517,ACCTNO0000001112,savings,BR00006,FNTK000060,INR,1523906.16,1389387.78,2020-01-20T06:31:22,active,5.81,10000,0,Bimala Jani,,EMP000054,2020-11-18T17:53:42,2020-01-20T06:31:22,2023-03-31T00:00:29
ACC001113,CUST000852,ACCTNO0000001113,recurring_deposit,BR00001,FNTK000010,INR,439846.03,410023.49,2022-11-16T02:06:03,active,7.55,500,0,Indrajit Mani,,EMP000022,2025-03-08T21:01:58,2022-11-16T02:06:03,2025-05-30T13:54:50
ACC001114,CUST000015,ACCTNO0000001114,savings,BR00014,FNTK000140,INR,1269890.5,1161814.29,2023-12-27T00:41:29,active,3.81,0,0,Bhanumati Mammen,,EMP000084,2025-08-04T23:16:11,2023-12-27T00:41:29,2024-06-17T03:11:14
ACC001115,CUST000687,ACCTNO0000001115,savings,BR00004,FNTK000040,INR,863661.43,811609.21,2016-11-24T04:00:41,active,3.22,0,0,Pooja Atwal,,EMP000059,2017-11-17T13:48:00,2016-11-24T04:00:41,2022-07-17T00:49:45
ACC001116,CUST000721,ACCTNO0000001116,current,BR00019,FNTK000190,INR,1317269.78,1269819.8,2017-01-13T07:45:23,active,0.0,10000,25000,Dhruv Sha,,EMP000056,2020-06-26T01:18:37,2017-01-13T07:45:23,2018-10-20T23:48:18
ACC001117,CUST000696,ACCTNO0000001117,current,BR00020,FNTK000200,INR,9683.84,9090.46,2022-01-06T14:49:14,closed,0.0,10000,0,Chavvi Kapur,,EMP000035,2025-08-04T02:32:21,2022-01-06T14:49:14,2022-08-09T16:43:15
ACC001118,CUST000103,ACCTNO0000001118,fixed_deposit,BR00017,FNTK000170,INR,445785.97,431054.15,2023-09-12T22:22:43,active,7.48,10000,0,Sai Majumdar,,EMP000092,2025-09-10T15:22:01,2023-09-12T22:22:43,2025-08-15T14:02:15
ACC001119,CUST000108,ACCTNO0000001119,salary,BR00007,FNTK000070,INR,306261.29,289578.3,2023-08-03T09:00:11,active,3.74,0,0,Madhavi Madan,,EMP000095,2025-04-02T20:57:20,2023-08-03T09:00:11,2025-11-15T23:02:51
ACC001120,CUST000689,ACCTNO0000001120,current,BR00006,FNTK000060,INR,276179.02,274489.15,2022-08-09T12:12:50,closed,0.0,10000,5000,Varsha Kannan,Kiaan Badal,EMP000100,2026-08-16T13:43:14,2022-08-09T12:12:50,2022-10-04T01:14:44
ACC001121,CUST000054,ACCTNO0000001121,current,BR00011,FNTK000110,INR,981372.61,941176.53,2020-07-09T01:58:41,active,0.0,10000,10000,Vedika Rajagopalan,Yashodhara Dhillon,EMP000025,2022-05-11T10:08:02,2020-07-09T01:58:41,2023-10-17T03:08:24
ACC001122,CUST000939,ACCTNO0000001122,current,BR00013,FNTK000130,INR,1671403.41,1578820.66,2016-06-29T20:57:20,active,0.0,5000,0,Amrita Prabhakar,,EMP000069,2019-03-17T05:31:05,2016-06-29T20:57:20,2025-08-04T10:40:44
ACC001123,CUST000201,ACCTNO0000001123,savings,BR00004,FNTK000040,INR,1876711.54,1809283.65,2021-11-26T00:34:11,active,4.8,5000,0,Hardik Magar,,EMP000042,2022-05-18T19:30:21,2021-11-26T00:34:11,2024-04-09T11:07:53
ACC001124,CUST000438,ACCTNO0000001124,current,BR00019,FNTK000190,INR,234019.8,220173.16,2018-09-08T00:05:51,active,0.0,25000,5000,Netra Bahri,,EMP000069,2019-06-01T13:15:28,2018-09-08T00:05:51,2025-06-17T01:01:51
ACC001125,CUST000270,ACCTNO0000001125,savings,BR00003,FNTK000030,INR,216885.11,210577.28,2016-01-25T19:40:20,blocked,4.52,5000,0,Hredhaan Khurana,,EMP000003,2016-07-07T10:46:22,2016-01-25T19:40:20,2020-10-04T09:12:50
ACC001126,CUST000421,ACCTNO0000001126,fixed_deposit,BR00010,FNTK000100,INR,870095.64,807572.49,2020-03-03T03:27:20,active,7.02,10000,0,Zayyan Konda,,EMP000088,2024-10-25T12:50:52,2020-03-03T03:27:20,2020-09-20T19:30:24
ACC001127,CUST000726,ACCTNO0000001127,savings,BR00016,FNTK000160,INR,1816031.19,1736075.82,2018-10-16T01:13:44,active,6.55,5000,0,Watika Wadhwa,,EMP000091,2024-02-11T21:12:15,2018-10-16T01:13:44,2019-05-29T17:59:58
ACC001128,CUST000194,ACCTNO0000001128,current,BR00001,FNTK000010,INR,1203138.18,1157855.78,2022-05-20T21:00:20,active,0.0,25000,25000,Manthan Bahri,,EMP000007,2025-12-24T07:14:22,2022-05-20T21:00:20,2023-01-01T11:33:27
ACC001129,CUST000050,ACCTNO0000001129,fixed_deposit,BR00014,FNTK000140,INR,1721668.81,1703846.07,2020-03-30T17:07:59,dormant,7.35,10000,0,Oni Om,,EMP000013,2021-02-13T04:25:52,2020-03-30T17:07:59,2024-04-20T09:55:14
ACC001130,CUST000120,ACCTNO0000001130,salary,BR00001,FNTK000010,INR,326384.48,307102.61,2019-09-26T08:00:05,active,4.23,0,0,Vasana Hari,Ikbal Mohan,EMP000004,2022-08-24T18:42:32,2019-09-26T08:00:05,2026-01-12T14:41:20
ACC001131,CUST000317,ACCTNO0000001131,current,BR00001,FNTK000010,INR,84039.17,77777.79,2024-06-06T17:49:45,closed,0.0,5000,25000,Zayan Magar,,EMP000088,2025-10-20T09:59:13,2024-06-06T17:49:45,2026-06-28T20:43:08
ACC001132,CUST000977,ACCTNO0000001132,savings,BR00003,FNTK000030,INR,17615.95,16498.22,2015-07-28T01:10:04,closed,5.99,1000,0,Neelima Parikh,,EMP000053,2017-02-20T23:29:04,2015-07-28T01:10:04,2023-03-07T14:51:08
ACC001133,CUST000633,ACCTNO0000001133,savings,BR00010,FNTK000100,INR,1546578.33,1486381.3,2022-05-28T06:17:46,active,5.53,1000,0,Lajita Sodhi,,EMP000034,2023-04-05T15:08:24,2022-05-28T06:17:46,2024-09-14T14:48:05
ACC001134,CUST000410,ACCTNO0000001134,current,BR00012,FNTK000120,INR,366393.68,332512.65,2023-08-11T12:22:59,dormant,0.0,5000,0,Yash Nair,Gayathri Parikh,EMP000018,2025-04-29T08:31:58,2023-08-11T12:22:59,2024-08-06T13:05:06
ACC001135,CUST000318,ACCTNO0000001135,savings,BR00016,FNTK000160,INR,132920.01,128897.3,2017-04-11T23:34:32,closed,4.89,1000,0,Wridesh Walia,,EMP000074,2022-06-26T01:14:09,2017-04-11T23:34:32,2020-02-03T21:29:08
ACC001136,CUST000727,ACCTNO0000001136,savings,BR00009,FNTK000090,INR,531519.1,491977.69,2021-02-17T12:16:29,active,6.15,5000,0,Waida Kari,Amol Bose,EMP000067,2026-07-10T00:04:34,2021-02-17T12:16:29,2021-03-02T12:13:41
ACC001137,CUST000312,ACCTNO0000001137,savings,BR00009,FNTK000090,INR,816745.7,798669.22,2020-10-06T16:06:44,active,5.69,10000,0,Laksh Kashyap,,EMP000014,2022-07-23T08:36:46,2020-10-06T16:06:44,2026-01-22T21:52:26
ACC001138,CUST000532,ACCTNO0000001138,current,BR00007,FNTK000070,INR,318402.83,301545.07,2021-04-08T05:33:25,blocked,0.0,5000,0,Caleb Jayaraman,,EMP000028,2026-06-15T19:03:48,2021-04-08T05:33:25,2025-06-24T01:18:44
ACC001139,CUST000168,ACCTNO0000001139,savings,BR00008,FNTK000080,INR,303558.67,277671.41,2017-11-02T16:16:10,active,3.94,5000,0,Nitara Warrior,,EMP000013,2021-04-26T11:57:25,2017-11-02T16:16:10,2023-10-13T23:48:14
ACC001140,CUST000443,ACCTNO0000001140,salary,BR00011,FNTK000110,INR,1771696.07,1761622.26,2024-10-19T18:59:52,active,2.83,0,0,Harshil Sastry,Timothy Kala,EMP000026,2025-04-10T18:15:24,2024-10-19T18:59:52,2025-08-06T02:52:15
ACC001141,CUST000114,ACCTNO0000001141,savings,BR00017,FNTK000170,INR,1543737.59,1396202.45,2019-05-29T13:07:53,active,6.57,5000,0,Kamala Chatterjee,,EMP000022,2024-08-15T09:12:25,2019-05-29T13:07:53,2021-11-23T15:24:54
ACC001142,CUST000702,ACCTNO0000001142,savings,BR00006,FNTK000060,INR,1039264.19,973303.57,2024-03-15T23:48:32,blocked,4.39,1000,0,Aahana Apte,,EMP000024,2026-08-28T14:46:59,2024-03-15T23:48:32,2025-01-04T00:28:35
ACC001143,CUST000121,ACCTNO0000001143,fixed_deposit,BR00006,FNTK000060,INR,1534643.62,1477867.41,2015-05-25T18:27:28,active,7.22,10000,0,Jai Mand,,EMP000060,2019-02-05T19:11:40,2015-05-25T18:27:28,2021-11-14T07:06:47
ACC001144,CUST000230,ACCTNO0000001144,savings,BR00005,FNTK000050,INR,1653013.53,1556818.91,2020-12-27T15:01:20,active,6.02,1000,0,Shaurya Chander,,EMP000086,2021-09-10T13:12:27,2020-12-27T15:01:20,2024-06-19T15:00:25
ACC001145,CUST000780,ACCTNO0000001145,recurring_deposit,BR00012,FNTK000120,INR,127500.72,117274.73,2015-05-05T19:35:05,active,6.27,500,0,Warjas Dani,,EMP000096,2015-10-04T18:37:32,2015-05-05T19:35:05,2018-12-31T22:47:37
ACC001146,CUST000470,ACCTNO0000001146,salary,BR00015,FNTK000150,INR,1874422.61,1776352.7,2019-11-10T15:25:40,dormant,3.17,0,0,Zashil Yadav,,EMP000090,2024-06-29T08:09:29,2019-11-10T15:25:40,2024-03-11T01:21:38
ACC001147,CUST000149,ACCTNO0000001147,current,BR00015,FNTK000150,INR,476557.64,475966.7,2023-04-18T13:16:06,active,0.0,5000,25000,Chaitanya Soni,Oliver Ahuja,EMP000004,2026-03-25T21:19:33,2023-04-18T13:16:06,2024-09-16T11:52:46
ACC001148,CUST000115,ACCTNO0000001148,savings,BR00005,FNTK000050,INR,1596188.62,1541074.92,2024-12-03T15:37:45,active,6.11,0,0,Tarak Sabharwal,,EMP000079,2025-10-02T20:12:36,2024-12-03T15:37:45,2026-08-17T20:19:14
ACC001149,CUST000757,ACCTNO0000001149,salary,BR00016,FNTK000160,INR,1690075.53,1654938.91,2021-03-10T08:53:57,active,3.28,0,0,Harish Chakrabarti,,EMP000043,2022-02-26T20:23:56,2021-03-10T08:53:57,2022-07-15T21:55:52
ACC001150,CUST000291,ACCTNO0000001150,current,BR00018,FNTK000180,INR,310617.68,309521.3,2017-08-19T04:37:07,blocked,0.0,5000,5000,Arunima Acharya,,EMP000099,2024-07-27T11:12:33,2017-08-19T04:37:07,2021-12-29T08:19:12
ACC001151,CUST000504,ACCTNO0000001151,current,BR00013,FNTK000130,INR,1142410.23,1042109.34,2017-03-28T04:16:53,dormant,0.0,25000,0,Ikshita Parikh,,EMP000072,2023-08-21T01:42:47,2017-03-28T04:16:53,2017-12-28T20:25:00
ACC001152,CUST000047,ACCTNO0000001152,fixed_deposit,BR00009,FNTK000090,INR,1214373.21,1134208.69,2018-06-11T18:46:25,active,6.57,10000,0,Nitesh Bala,,EMP000068,2020-02-22T04:04:14,2018-06-11T18:46:25,2022-11-09T07:48:50
ACC001153,CUST000286,ACCTNO0000001153,salary,BR00019,FNTK000190,INR,762267.62,725396.48,2016-03-14T17:06:56,active,3.96,0,0,Ansh Maharaj,Orinder Dugar,EMP000089,2019-05-11T15:00:44,2016-03-14T17:06:56,2024-06-12T19:19:38
ACC001154,CUST000529,ACCTNO0000001154,current,BR00007,FNTK000070,INR,494705.53,476598.18,2016-10-19T11:32:24,active,0.0,5000,10000,Chakradev Gola,,EMP000043,2023-11-12T05:50:51,2016-10-19T11:32:24,2019-10-19T09:28:07
ACC001155,CUST000378,ACCTNO0000001155,savings,BR00003,FNTK000030,INR,1230866.99,1125033.51,2024-11-20T21:20:30,active,4.28,10000,0,Shaurya Hora,,EMP000070,2026-03-13T03:33:33,2024-11-20T21:20:30,2026-02-16T06:42:06
ACC001156,CUST000103,ACCTNO0000001156,current,BR00017,FNTK000170,INR,1525399.05,1515633.64,2024-04-30T19:27:35,dormant,0.0,25000,0,Chakrika Sharma,,EMP000012,2024-05-06T10:37:46,2024-04-30T19:27:35,2026-04-16T00:02:08
ACC001157,CUST000565,ACCTNO0000001157,savings,BR00001,FNTK000010,INR,1408276.87,1301879.69,2017-12-19T19:22:12,active,6.89,1000,0,Shivani Kara,,EMP000065,2023-08-24T07:25:12,2017-12-19T19:22:12,2026-07-27T10:13:31
ACC001158,CUST000364,ACCTNO0000001158,savings,BR00016,FNTK000160,INR,1604634.4,1465726.14,2019-08-18T02:51:11,dormant,3.45,1000,0,Azad Dalal,,EMP000056,2026-05-08T10:38:08,2019-08-18T02:51:11,2025-09-13T07:20:30
ACC001159,CUST000900,ACCTNO0000001159,salary,BR00018,FNTK000180,INR,63724.17,62330.77,2022-02-02T03:30:41,closed,2.95,0,0,Jeevika Mistry,,EMP000092,2022-09-26T00:44:32,2022-02-02T03:30:41,2026-05-18T23:01:28
ACC001160,CUST000045,ACCTNO0000001160,savings,BR00002,FNTK000020,INR,1398364.87,1366361.76,2023-09-20T10:05:16,active,6.93,5000,0,Mitesh Bhatnagar,,EMP000063,2025-02-13T04:52:41,2023-09-20T10:05:16,2025-04-26T04:56:23
ACC001161,CUST000981,ACCTNO0000001161,current,BR00018,FNTK000180,INR,1112871.33,1086078.09,2018-01-02T05:00:00,dormant,0.0,5000,0,Urvi Radhakrishnan,Onveer Prasad,EMP000068,2026-01-16T08:54:02,2018-01-02T05:00:00,2022-10-03T13:17:07
ACC001162,CUST000361,ACCTNO0000001162,current,BR00013,FNTK000130,INR,250470.02,234359.92,2018-11-20T05:08:35,active,0.0,5000,25000,Parth Salvi,,EMP000001,2020-09-25T01:00:33,2018-11-20T05:08:35,2019-05-17T02:53:45
ACC001163,CUST000026,ACCTNO0000001163,savings,BR00004,FNTK000040,INR,978642.56,924598.99,2017-04-06T00:07:32,active,6.0,0,0,Frado Dugar,,EMP000091,2021-06-03T06:17:27,2017-04-06T00:07:32,2019-08-27T09:23:11
ACC001164,CUST000123,ACCTNO0000001164,current,BR00003,FNTK000030,INR,206487.63,196845.95,2024-04-06T01:20:20,active,0.0,25000,5000,Elijah Dube,Ikbal Saran,EMP000028,2024-05-13T19:32:03,2024-04-06T01:20:20,2025-05-17T14:41:21
ACC001165,CUST000543,ACCTNO0000001165,savings,BR00003,FNTK000030,INR,1753757.45,1675405.66,2022-09-19T02:57:53,active,5.27,1000,0,Ojas Lata,Sneha Dugar,EMP000045,2023-09-04T00:46:15,2022-09-19T02:57:53,2023-02-16T14:18:40
ACC001166,CUST000876,ACCTNO0000001166,fixed_deposit,BR00006,FNTK000060,INR,924770.47,902366.75,2016-03-07T12:15:43,active,6.63,10000,0,Saumya Sandal,,EMP000082,2019-01-27T05:09:12,2016-03-07T12:15:43,2018-11-02T11:44:23
ACC001167,CUST000666,ACCTNO0000001167,savings,BR00002,FNTK000020,INR,1325346.36,1216220.92,2016-04-12T00:54:32,active,6.4,1000,0,Sai Mallick,,EMP000072,2017-10-29T07:42:30,2016-04-12T00:54:32,2026-06-07T03:19:56
ACC001168,CUST000734,ACCTNO0000001168,savings,BR00003,FNTK000030,INR,1236100.09,1219450.58,2019-09-19T18:19:28,active,3.94,10000,0,Abha Kala,,EMP000060,2023-12-06T16:53:26,2019-09-19T18:19:28,2020-12-06T12:10:37
ACC001169,CUST000217,ACCTNO0000001169,fixed_deposit,BR00019,FNTK000190,INR,735278.27,732037.49,2019-10-21T09:19:02,active,6.51,10000,0,Rohan Ravi,,EMP000027,2025-09-02T19:32:55,2019-10-21T09:19:02,2025-08-19T05:18:34
ACC001170,CUST000259,ACCTNO0000001170,fixed_deposit,BR00012,FNTK000120,INR,1921576.23,1734649.6,2019-02-06T09:10:17,active,8.41,10000,0,Keya Wason,,EMP000054,2020-03-22T15:17:41,2019-02-06T09:10:17,2021-11-13T13:07:24
ACC001171,CUST000205,ACCTNO0000001171,recurring_deposit,BR00004,FNTK000040,INR,544575.74,516549.13,2024-10-20T07:57:14,active,6.07,500,0,Gavin D’Alia,,EMP000086,2024-12-17T06:56:18,2024-10-20T07:57:14,2026-07-11T13:58:57
ACC001172,CUST000589,ACCTNO0000001172,salary,BR00005,FNTK000050,INR,442677.84,399707.91,2018-07-09T21:09:40,active,3.29,0,0,Chatura Karpe,,EMP000076,2025-08-15T20:12:50,2018-07-09T21:09:40,2026-06-28T15:33:52
ACC001173,CUST000835,ACCTNO0000001173,salary,BR00003,FNTK000030,INR,955517.7,920901.71,2015-01-01T17:58:27,active,2.9,0,0,Varenya Rana,,EMP000088,2022-02-21T02:20:34,2015-01-01T17:58:27,2022-01-22T16:20:54
ACC001174,CUST000074,ACCTNO0000001174,savings,BR00008,FNTK000080,INR,1590918.73,1536976.31,2015-11-06T23:47:50,active,5.07,1000,0,Chatresh Vasa,,EMP000062,2020-07-30T02:46:00,2015-11-06T23:47:50,2019-04-06T13:19:26
ACC001175,CUST000400,ACCTNO0000001175,savings,BR00001,FNTK000010,INR,1405141.62,1376393.53,2020-06-11T22:28:14,active,4.19,0,0,Vincent Date,,EMP000088,2023-08-27T20:05:01,2020-06-11T22:28:14,2024-08-06T13:01:13
ACC001176,CUST000077,ACCTNO0000001176,savings,BR00004,FNTK000040,INR,1043835.03,967425.26,2020-04-10T18:29:50,active,4.45,10000,0,Chandresh Trivedi,,EMP000003,2022-03-11T06:49:14,2020-04-10T18:29:50,2025-03-10T03:23:58
ACC001177,CUST000281,ACCTNO0000001177,savings,BR00010,FNTK000100,INR,1024188.13,961560.06,2021-04-19T03:30:25,active,5.97,5000,0,Wyatt Yohannan,,EMP000008,2022-02-16T15:05:39,2021-04-19T03:30:25,2025-07-26T19:40:36
ACC001178,CUST000425,ACCTNO0000001178,savings,BR00001,FNTK000010,INR,428004.16,389266.46,2015-05-13T02:00:18,active,6.91,1000,0,Harinakshi Vohra,,EMP000067,2024-09-04T10:10:27,2015-05-13T02:00:18,2025-08-21T04:52:46
ACC001179,CUST000681,ACCTNO0000001179,savings,BR00002,FNTK000020,INR,1533617.61,1450255.9,2016-11-27T12:14:54,active,4.37,10000,0,Aashi Lal,,EMP000096,2019-08-28T03:19:51,2016-11-27T12:14:54,2023-07-17T03:48:09
ACC001180,CUST000096,ACCTNO0000001180,salary,BR00009,FNTK000090,INR,1604826.96,1508736.61,2021-01-10T15:57:04,active,4.27,0,0,Laban Gokhale,,EMP000085,2022-04-07T07:18:38,2021-01-10T15:57:04,2026-06-13T21:57:06
ACC001181,CUST000443,ACCTNO0000001181,fixed_deposit,BR00020,FNTK000200,INR,1983292.07,1918610.62,2019-10-30T07:28:22,active,7.19,10000,0,Prisha Swaminathan,,EMP000096,2025-03-29T17:14:53,2019-10-30T07:28:22,2024-07-29T06:18:41
ACC001182,CUST000936,ACCTNO0000001182,salary,BR00001,FNTK000010,INR,20316.01,18806.72,2017-10-20T05:01:33,active,4.44,0,0,Logan Kannan,,EMP000063,2019-03-03T09:06:59,2017-10-20T05:01:33,2018-04-23T20:30:27
ACC001183,CUST000333,ACCTNO0000001183,salary,BR00016,FNTK000160,INR,454964.88,426602.13,2020-10-09T16:57:10,active,3.09,0,0,Zarna Divan,,EMP000019,2024-10-05T21:16:19,2020-10-09T16:57:10,2021-10-01T23:47:46
ACC001184,CUST000494,ACCTNO0000001184,current,BR00003,FNTK000030,INR,680860.37,671575.37,2022-06-13T15:19:38,active,0.0,10000,10000,Ekbal Sami,,EMP000046,2022-07-07T10:42:22,2022-06-13T15:19:38,2026-07-09T14:01:05
ACC001185,CUST000105,ACCTNO0000001185,current,BR00001,FNTK000010,INR,1243993.81,1241513.64,2017-06-20T21:56:23,active,0.0,25000,10000,Ekanta Sharma,,EMP000026,2022-10-31T02:18:42,2017-06-20T21:56:23,2024-09-11T01:34:12
ACC001186,CUST000529,ACCTNO0000001186,fixed_deposit,BR00019,FNTK000190,INR,1378975.7,1276132.55,2022-08-22T11:26:10,active,7.33,10000,0,Anya Nazareth,Bachittar Apte,EMP000079,2022-09-30T00:13:19,2022-08-22T11:26:10,2025-01-16T22:32:09
ACC001187,CUST000729,ACCTNO0000001187,current,BR00004,FNTK000040,INR,1291729.92,1196673.64,2020-07-02T13:08:33,active,0.0,5000,25000,Arjun Balasubramanian,,EMP000057,2020-11-07T13:36:11,2020-07-02T13:08:33,2021-10-14T06:43:06
ACC001188,CUST000951,ACCTNO0000001188,salary,BR00016,FNTK000160,INR,591203.29,535585.76,2022-06-25T03:21:54,active,3.36,0,0,Ekantika Gala,,EMP000047,2023-03-15T21:57:25,2022-06-25T03:21:54,2023-11-28T12:24:49
ACC001189,CUST000032,ACCTNO0000001189,savings,BR00003,FNTK000030,INR,509956.98,481914.79,2016-05-13T17:25:59,blocked,3.75,1000,0,Fitan Gupta,,EMP000004,2026-03-01T20:25:36,2016-05-13T17:25:59,2022-04-05T08:31:41
ACC001190,CUST000274,ACCTNO0000001190,savings,BR00004,FNTK000040,INR,1359539.88,1276386.04,2021-04-17T22:51:41,active,6.91,5000,0,Guneet Sarna,,EMP000005,2024-04-12T10:58:12,2021-04-17T22:51:41,2025-12-19T18:28:12
ACC001191,CUST000758,ACCTNO0000001191,savings,BR00007,FNTK000070,INR,383977.16,353692.37,2016-12-06T22:58:53,active,6.39,10000,0,Dakshesh Bal,,EMP000080,2018-09-09T23:35:50,2016-12-06T22:58:53,2017-05-19T09:09:11
ACC001192,CUST000120,ACCTNO0000001192,salary,BR00019,FNTK000190,INR,49090.31,46259.2,2024-03-29T04:47:02,closed,3.82,0,0,Ira Munshi,,EMP000014,2024-10-27T10:16:12,2024-03-29T04:47:02,2024-07-01T19:33:18
ACC001193,CUST000797,ACCTNO0000001193,salary,BR00014,FNTK000140,INR,115939.09,114046.01,2019-11-06T06:07:33,closed,4.5,0,0,Ishwar Thaman,,EMP000060,2024-07-26T14:12:20,2019-11-06T06:07:33,2022-11-15T01:46:49
ACC001194,CUST000651,ACCTNO0000001194,savings,BR00002,FNTK000020,INR,1843780.55,1796704.94,2015-10-24T15:08:39,active,3.31,5000,0,Brinda Lal,,EMP000040,2020-01-11T11:44:50,2015-10-24T15:08:39,2025-07-27T19:28:02
ACC001195,CUST000561,ACCTNO0000001195,current,BR00019,FNTK000190,INR,1761856.95,1741444.76,2022-12-21T04:50:25,active,0.0,5000,25000,Frederick Divan,,EMP000019,2025-03-09T11:53:57,2022-12-21T04:50:25,2024-06-08T03:11:16
ACC001196,CUST000495,ACCTNO0000001196,current,BR00005,FNTK000050,INR,484450.33,451620.79,2016-10-27T07:12:07,dormant,0.0,10000,10000,Bhavna Swaminathan,,EMP000032,2019-12-24T22:30:10,2016-10-27T07:12:07,2026-01-13T02:11:37
ACC001197,CUST000475,ACCTNO0000001197,salary,BR00004,FNTK000040,INR,235641.56,232368.5,2024-08-08T04:17:03,active,3.63,0,0,Matthew Gill,,EMP000005,2026-04-05T05:00:24,2024-08-08T04:17:03,2025-05-06T04:03:06
ACC001198,CUST000054,ACCTNO0000001198,savings,BR00014,FNTK000140,INR,393549.65,373438.72,2015-09-23T08:45:39,blocked,6.56,5000,0,Yachana Basak,,EMP000070,2019-07-22T08:14:35,2015-09-23T08:45:39,2016-08-18T04:55:09
ACC001199,CUST000495,ACCTNO0000001199,savings,BR00014,FNTK000140,INR,209206.92,201619.96,2019-12-04T22:44:07,blocked,4.86,0,0,Ladli Singh,,EMP000019,2025-11-05T12:11:16,2019-12-04T22:44:07,2025-10-13T10:45:16
ACC001200,CUST000838,ACCTNO0000001200,fixed_deposit,BR00011,FNTK000110,INR,1471564.73,1326277.43,2017-02-03T09:56:19,active,7.48,10000,0,Yashica Saran,,EMP000059,2017-09-08T22:05:05,2017-02-03T09:56:19,2023-02-12T01:34:29
ACC001201,CUST000685,ACCTNO0000001201,recurring_deposit,BR00009,FNTK000090,INR,697025.26,629030.37,2020-03-19T17:52:01,active,6.87,500,0,Atharv Basu,,EMP000015,2022-11-06T00:48:03,2020-03-19T17:52:01,2022-04-26T20:56:48
ACC001202,CUST000439,ACCTNO0000001202,current,BR00010,FNTK000100,INR,1106847.5,1023356.13,2023-01-04T14:25:01,dormant,0.0,5000,10000,Aarnav Lal,,EMP000048,2024-10-07T09:49:44,2023-01-04T14:25:01,2025-02-12T01:59:36
ACC001203,CUST000778,ACCTNO0000001203,savings,BR00006,FNTK000060,INR,1126829.16,1097178.0,2022-11-09T18:50:30,active,3.91,1000,0,Krishna Pai,,EMP000028,2023-07-27T19:56:03,2022-11-09T18:50:30,2023-12-25T15:02:22
ACC001204,CUST000935,ACCTNO0000001204,fixed_deposit,BR00020,FNTK000200,INR,389403.77,353533.7,2015-09-24T12:16:04,active,7.83,10000,0,Gaurang Pathak,Mason Ravel,EMP000053,2022-08-18T04:45:53,2015-09-24T12:16:04,2021-03-12T00:50:14
ACC001205,CUST000726,ACCTNO0000001205,current,BR00010,FNTK000100,INR,205568.38,188941.87,2019-07-09T03:06:12,closed,0.0,5000,25000,Jason Keer,,EMP000084,2021-06-24T19:35:31,2019-07-09T03:06:12,2020-10-18T03:15:43
ACC001206,CUST000775,ACCTNO0000001206,fixed_deposit,BR00018,FNTK000180,INR,775454.0,704565.84,2022-07-21T15:47:25,dormant,7.77,10000,0,Manthan Luthra,,EMP000046,2025-12-31T11:49:09,2022-07-21T15:47:25,2025-08-14T15:45:39
ACC001207,CUST000609,ACCTNO0000001207,current,BR00009,FNTK000090,INR,324484.19,298073.95,2023-01-04T09:28:49,active,0.0,5000,5000,Ekanta Pingle,,EMP000031,2024-11-20T03:25:44,2023-01-04T09:28:49,2024-01-28T07:18:09
ACC001208,CUST000158,ACCTNO0000001208,salary,BR00003,FNTK000030,INR,1068225.56,984674.81,2019-03-30T14:47:52,active,2.65,0,0,Jasmit Mukherjee,,EMP000025,2021-09-08T01:10:16,2019-03-30T14:47:52,2019-11-18T20:29:21
ACC001209,CUST000838,ACCTNO0000001209,savings,BR00018,FNTK000180,INR,1609585.68,1471626.32,2023-03-12T05:24:26,blocked,3.5,0,0,Keya Barman,,EMP000037,2025-02-25T18:39:46,2023-03-12T05:24:26,2024-10-25T06:09:15
ACC001210,CUST000265,ACCTNO0000001210,fixed_deposit,BR00015,FNTK000150,INR,417895.71,398617.25,2022-07-29T14:08:17,active,8.27,10000,0,Upma Bera,,EMP000094,2024-01-14T16:17:14,2022-07-29T14:08:17,2023-11-26T07:40:39
ACC001211,CUST000971,ACCTNO0000001211,savings,BR00014,FNTK000140,INR,1588035.54,1567521.53,2020-07-03T22:09:08,dormant,4.81,5000,0,Sarthak Khosla,,EMP000025,2021-01-19T10:04:30,2020-07-03T22:09:08,2026-01-19T07:52:33
ACC001212,CUST000850,ACCTNO0000001212,savings,BR00013,FNTK000130,INR,1186944.67,1116015.65,2024-01-30T20:49:47,active,4.89,5000,0,Triveni Pant,,EMP000002,2026-05-27T04:12:42,2024-01-30T20:49:47,2026-04-21T19:52:05
ACC001213,CUST000395,ACCTNO0000001213,fixed_deposit,BR00004,FNTK000040,INR,396745.12,368902.07,2024-05-03T05:48:01,active,7.84,10000,0,Qasim Dass,,EMP000095,2024-10-11T21:01:56,2024-05-03T05:48:01,2026-01-21T18:24:53
ACC001214,CUST000343,ACCTNO0000001214,savings,BR00009,FNTK000090,INR,1780074.7,1761751.36,2023-10-31T11:09:49,active,5.03,0,0,Darsh Loyal,,EMP000097,2024-05-20T04:40:09,2023-10-31T11:09:49,2025-01-10T10:51:01
ACC001215,CUST000335,ACCTNO0000001215,savings,BR00015,FNTK000150,INR,865028.37,796278.12,2018-02-20T23:02:55,active,5.77,1000,0,Jason Ramanathan,Jeet Wadhwa,EMP000070,2025-12-03T20:06:28,2018-02-20T23:02:55,2021-11-03T15:28:42
ACC001216,CUST000674,ACCTNO0000001216,salary,BR00019,FNTK000190,INR,156384.92,143798.23,2018-06-06T19:18:27,active,2.69,0,0,Advika Kuruvilla,Urvi Tara,EMP000058,2026-03-06T20:50:58,2018-06-06T19:18:27,2019-07-27T04:26:12
ACC001217,CUST000205,ACCTNO0000001217,salary,BR00001,FNTK000010,INR,1040195.98,967957.37,2018-06-05T14:19:06,active,2.51,0,0,Zaitra Hari,,EMP000100,2026-01-24T21:28:24,2018-06-05T14:19:06,2023-11-21T19:21:33
ACC001218,CUST000042,ACCTNO0000001218,current,BR00003,FNTK000030,INR,246091.1,231370.94,2019-09-19T08:41:56,active,0.0,25000,25000,Raghav Wadhwa,,EMP000075,2021-04-15T21:26:58,2019-09-19T08:41:56,2025-11-19T23:03:50
ACC001219,CUST000513,ACCTNO0000001219,current,BR00007,FNTK000070,INR,1624533.21,1604679.71,2021-12-04T18:27:20,active,0.0,25000,25000,Mugdha Loyal,,EMP000090,2023-04-20T02:42:39,2021-12-04T18:27:20,2026-01-27T00:18:34
ACC001220,CUST000645,ACCTNO0000001220,salary,BR00012,FNTK000120,INR,1116531.52,1043438.38,2016-10-03T16:00:16,dormant,2.92,0,0,Mohammed Bhatti,,EMP000047,2025-04-30T12:01:29,2016-10-03T16:00:16,2025-11-09T14:22:52
ACC001221,CUST000121,ACCTNO0000001221,savings,BR00003,FNTK000030,INR,119257.58,112198.59,2016-07-03T03:05:09,closed,5.61,1000,0,Mugdha Merchant,,EMP000040,2017-09-27T16:26:51,2016-07-03T03:05:09,2024-07-23T17:36:01
ACC001222,CUST000044,ACCTNO0000001222,salary,BR00016,FNTK000160,INR,309081.01,287747.35,2015-03-24T21:18:23,active,4.49,0,0,Damyanti Reddy,,EMP000053,2019-06-30T18:33:27,2015-03-24T21:18:23,2024-04-03T21:04:51
ACC001223,CUST000606,ACCTNO0000001223,current,BR00014,FNTK000140,INR,1177382.01,1116249.05,2015-07-08T03:59:21,active,0.0,5000,0,Nathan Bail,,EMP000066,2019-08-28T06:30:20,2015-07-08T03:59:21,2023-01-27T12:18:01
ACC001224,CUST001000,ACCTNO0000001224,current,BR00019,FNTK000190,INR,1812357.62,1671590.45,2024-03-09T17:36:56,active,0.0,10000,0,Oni De,,EMP000020,2024-12-20T07:31:59,2024-03-09T17:36:56,2026-02-03T17:41:55
ACC001225,CUST000358,ACCTNO0000001225,current,BR00008,FNTK000080,INR,1148623.99,1101939.91,2019-08-29T22:10:04,active,0.0,10000,5000,Raagini Kala,,EMP000054,2024-09-05T04:15:22,2019-08-29T22:10:04,2024-01-20T21:22:00
ACC001226,CUST000124,ACCTNO0000001226,salary,BR00006,FNTK000060,INR,85475.06,82332.48,2017-12-19T06:39:13,active,4.13,0,0,Dayita Krishnamurthy,,EMP000087,2019-06-03T12:54:35,2017-12-19T06:39:13,2023-10-06T01:37:20
ACC001227,CUST000993,ACCTNO0000001227,savings,BR00013,FNTK000130,INR,1986804.23,1887125.77,2017-09-16T19:11:36,blocked,3.12,1000,0,Turvi Baria,,EMP000036,2024-04-09T13:19:49,2017-09-16T19:11:36,2026-01-25T02:11:57
ACC001228,CUST000644,ACCTNO0000001228,savings,BR00001,FNTK000010,INR,1123158.11,1039519.14,2016-04-26T07:41:06,active,4.75,1000,0,Bishakha Ramakrishnan,,EMP000021,2016-12-13T03:38:49,2016-04-26T07:41:06,2025-11-16T11:31:20
ACC001229,CUST000082,ACCTNO0000001229,savings,BR00011,FNTK000110,INR,622065.51,584909.19,2019-11-06T17:32:19,active,3.86,10000,0,Isha Prakash,,EMP000083,2024-07-30T15:45:33,2019-11-06T17:32:19,2023-06-21T10:09:24
ACC001230,CUST000524,ACCTNO0000001230,salary,BR00005,FNTK000050,INR,1605968.64,1573489.91,2018-10-07T12:22:44,active,3.42,0,0,Brijesh Grover,,EMP000091,2022-04-22T00:41:40,2018-10-07T12:22:44,2025-03-19T18:40:45
ACC001231,CUST000621,ACCTNO0000001231,savings,BR00014,FNTK000140,INR,1411795.55,1349299.85,2020-08-23T21:18:22,blocked,6.44,0,0,Veer Pillay,Rachit Memon,EMP000047,2024-09-06T03:54:32,2020-08-23T21:18:22,2023-02-16T09:48:49
ACC001232,CUST000817,ACCTNO0000001232,savings,BR00014,FNTK000140,INR,1290610.08,1213775.69,2024-05-03T00:02:21,active,5.83,5000,0,Arin Chad,,EMP000061,2025-12-01T03:39:58,2024-05-03T00:02:21,2026-02-08T23:45:14
ACC001233,CUST000886,ACCTNO0000001233,salary,BR00008,FNTK000080,INR,544717.54,508910.74,2023-08-18T15:21:21,blocked,3.41,0,0,Krishna Morar,,EMP000068,2025-03-03T06:50:14,2023-08-18T15:21:21,2026-01-09T00:14:27
ACC001234,CUST000114,ACCTNO0000001234,savings,BR00018,FNTK000180,INR,828583.02,826342.45,2020-10-08T17:00:21,active,6.72,1000,0,Ati Mannan,,EMP000090,2022-05-27T18:28:49,2020-10-08T17:00:21,2024-07-06T03:44:19
ACC001235,CUST000511,ACCTNO0000001235,savings,BR00020,FNTK000200,INR,381028.05,376710.56,2024-08-15T08:03:27,active,4.51,1000,0,Upkaar Chopra,,EMP000035,2025-03-10T16:54:22,2024-08-15T08:03:27,2025-04-24T07:12:20
ACC001236,CUST000162,ACCTNO0000001236,savings,BR00005,FNTK000050,INR,1284459.12,1171496.37,2021-08-19T23:44:58,active,4.92,10000,0,Wyatt Tella,,EMP000080,2024-06-19T04:04:31,2021-08-19T23:44:58,2026-08-19T22:54:18
ACC001237,CUST000437,ACCTNO0000001237,current,BR00008,FNTK000080,INR,1447952.39,1366600.41,2021-10-08T20:37:33,blocked,0.0,5000,25000,Anya Narula,,EMP000021,2024-04-02T07:16:33,2021-10-08T20:37:33,2021-10-16T19:03:49
ACC001238,CUST000770,ACCTNO0000001238,savings,BR00009,FNTK000090,INR,431672.37,392391.35,2015-07-12T07:31:52,dormant,3.63,5000,0,Udyati Bhatia,,EMP000071,2015-09-10T00:15:00,2015-07-12T07:31:52,2024-03-30T22:11:19
ACC001239,CUST000863,ACCTNO0000001239,salary,BR00014,FNTK000140,INR,30359.4,29681.47,2017-01-16T10:06:07,active,2.7,0,0,Baljiwan Mann,,EMP000060,2017-02-04T13:35:29,2017-01-16T10:06:07,2025-06-25T15:02:52
ACC001240,CUST000962,ACCTNO0000001240,salary,BR00007,FNTK000070,INR,1249290.98,1209115.93,2018-07-10T02:49:54,active,2.97,0,0,Bishakha Khare,,EMP000005,2019-12-09T07:35:03,2018-07-10T02:49:54,2024-04-10T03:29:20
ACC001241,CUST000893,ACCTNO0000001241,current,BR00002,FNTK000020,INR,721136.6,653779.5,2019-12-13T18:49:10,active,0.0,5000,25000,Tarak Joshi,,EMP000047,2023-01-20T10:49:29,2019-12-13T18:49:10,2022-08-31T22:46:20
ACC001242,CUST000521,ACCTNO0000001242,current,BR00003,FNTK000030,INR,318211.32,317337.62,2018-08-11T11:48:55,active,0.0,25000,25000,Rishi Vora,,EMP000097,2018-08-21T09:14:29,2018-08-11T11:48:55,2025-04-12T23:13:17
ACC001243,CUST000078,ACCTNO0000001243,savings,BR00017,FNTK000170,INR,960295.7,933126.5,2020-09-27T10:20:23,active,6.05,5000,0,Divya Das,,EMP000015,2021-03-04T05:46:01,2020-09-27T10:20:23,2025-08-10T07:58:07
ACC001244,CUST000116,ACCTNO0000001244,savings,BR00014,FNTK000140,INR,1657815.5,1637690.24,2022-05-05T19:22:43,dormant,6.22,10000,0,Tristan Dhaliwal,,EMP000085,2025-04-05T01:48:29,2022-05-05T19:22:43,2023-12-28T13:06:25
ACC001245,CUST000043,ACCTNO0000001245,recurring_deposit,BR00006,FNTK000060,INR,42183.26,39202.1,2021-11-27T00:28:03,active,7.39,500,0,Gautam Chandra,,EMP000060,2022-09-06T23:57:46,2021-11-27T00:28:03,2026-03-31T08:36:40
ACC001246,CUST000341,ACCTNO0000001246,savings,BR00011,FNTK000110,INR,663000.0,652853.26,2021-08-02T03:30:17,active,4.45,10000,0,Unnati Dasgupta,,EMP000003,2024-11-08T18:18:52,2021-08-02T03:30:17,2026-04-27T10:11:21
ACC001247,CUST000452,ACCTNO0000001247,savings,BR00007,FNTK000070,INR,52580.88,48560.9,2018-01-27T13:43:35,dormant,5.1,10000,0,Rushil Khosla,,EMP000081,2023-05-09T16:21:52,2018-01-27T13:43:35,2025-06-24T00:37:17
ACC001248,CUST000624,ACCTNO0000001248,current,BR00004,FNTK000040,INR,1415803.37,1346980.25,2015-11-08T19:14:08,active,0.0,25000,10000,Rudra Tailor,,EMP000005,2020-10-05T03:40:11,2015-11-08T19:14:08,2017-09-09T18:19:29
ACC001249,CUST000075,ACCTNO0000001249,savings,BR00017,FNTK000170,INR,1875416.71,1771314.66,2022-02-16T19:11:25,active,4.33,1000,0,Krish Ravel,,EMP000096,2025-06-13T13:12:05,2022-02-16T19:11:25,2023-02-27T13:06:47
ACC001250,CUST000379,ACCTNO0000001250,fixed_deposit,BR00006,FNTK000060,INR,1228806.15,1125361.02,2022-08-29T08:26:41,blocked,7.98,10000,0,Upkaar Baral,,EMP000003,2025-03-19T10:41:32,2022-08-29T08:26:41,2025-05-29T18:06:55
ACC001251,CUST000921,ACCTNO0000001251,current,BR00007,FNTK000070,INR,347567.89,322358.02,2016-03-11T22:18:51,active,0.0,25000,10000,Bakhshi Bose,,EMP000057,2026-07-07T13:49:46,2016-03-11T22:18:51,2026-08-02T11:57:03
ACC001252,CUST000935,ACCTNO0000001252,current,BR00013,FNTK000130,INR,688563.64,673528.29,2023-02-02T10:06:19,blocked,0.0,5000,25000,Yashasvi Taneja,,EMP000032,2023-05-02T14:10:33,2023-02-02T10:06:19,2024-09-17T04:48:46
ACC001253,CUST000091,ACCTNO0000001253,current,BR00007,FNTK000070,INR,259055.51,244601.78,2020-12-05T05:49:47,closed,0.0,10000,0,Lopa Chandran,,EMP000048,2021-11-09T09:19:39,2020-12-05T05:49:47,2021-05-17T16:25:27
ACC001254,CUST000260,ACCTNO0000001254,savings,BR00013,FNTK000130,INR,971718.35,971404.47,2023-04-06T22:07:52,active,5.42,10000,0,Xiti Ray,,EMP000085,2026-03-18T18:30:18,2023-04-06T22:07:52,2025-12-31T23:16:02
ACC001255,CUST000291,ACCTNO0000001255,savings,BR00013,FNTK000130,INR,1741201.65,1650561.66,2017-04-03T22:46:23,active,4.87,5000,0,Advaith Goyal,,EMP000061,2022-08-04T15:21:10,2017-04-03T22:46:23,2022-11-04T18:40:48
ACC001256,CUST000472,ACCTNO0000001256,salary,BR00001,FNTK000010,INR,1618115.17,1591818.44,2017-01-04T21:41:57,active,3.11,0,0,Avi Balan,,EMP000004,2019-10-16T05:21:48,2017-01-04T21:41:57,2026-03-02T11:57:47
ACC001257,CUST000691,ACCTNO0000001257,salary,BR00007,FNTK000070,INR,1804314.23,1724891.52,2019-09-23T09:03:55,blocked,3.97,0,0,Gaurika Sachdeva,,EMP000076,2023-07-12T18:14:48,2019-09-23T09:03:55,2023-02-28T13:47:52
ACC001258,CUST000589,ACCTNO0000001258,current,BR00016,FNTK000160,INR,116595.87,108078.96,2019-01-03T15:18:28,closed,0.0,25000,25000,Joshua Viswanathan,,EMP000078,2023-12-20T08:09:56,2019-01-03T15:18:28,2022-05-01T23:03:01
ACC001259,CUST000815,ACCTNO0000001259,current,BR00019,FNTK000190,INR,862155.77,854647.42,2023-02-23T23:06:28,active,0.0,25000,10000,Yash Purohit,,EMP000089,2024-03-01T18:42:43,2023-02-23T23:06:28,2024-07-10T14:00:16
ACC001260,CUST000356,ACCTNO0000001260,current,BR00010,FNTK000100,INR,129554.1,126832.86,2019-11-08T19:21:41,active,0.0,25000,10000,Urmi Tank,,EMP000024,2023-10-01T21:24:47,2019-11-08T19:21:41,2020-04-22T09:24:39
ACC001261,CUST000042,ACCTNO0000001261,current,BR00016,FNTK000160,INR,1455421.29,1391487.58,2019-08-22T11:07:57,active,0.0,10000,0,Bhanumati Dar,Aarush Kala,EMP000043,2021-10-15T02:14:42,2019-08-22T11:07:57,2023-07-21T20:12:21
ACC001262,CUST000915,ACCTNO0000001262,salary,BR00002,FNTK000020,INR,554531.47,524385.69,2023-02-01T02:57:37,active,4.46,0,0,Jhalak Pal,,EMP000032,2025-09-07T04:51:55,2023-02-01T02:57:37,2023-08-12T14:31:52
ACC001263,CUST000029,ACCTNO0000001263,fixed_deposit,BR00018,FNTK000180,INR,486075.12,445650.2,2015-02-15T07:19:55,active,7.62,10000,0,Dalbir Bose,,EMP000030,2020-06-20T08:11:51,2015-02-15T07:19:55,2022-03-02T05:20:05
ACC001264,CUST000773,ACCTNO0000001264,current,BR00018,FNTK000180,INR,1810516.82,1747542.37,2016-12-16T12:21:00,active,0.0,25000,10000,Ekavir Dasgupta,,EMP000062,2024-10-07T22:59:20,2016-12-16T12:21:00,2016-12-19T03:38:51
ACC001265,CUST000396,ACCTNO0000001265,fixed_deposit,BR00019,FNTK000190,INR,221560.79,213895.85,2015-07-02T16:53:20,active,7.75,10000,0,Ikbal Zacharia,,EMP000077,2026-03-08T11:31:53,2015-07-02T16:53:20,2018-06-13T19:37:13
ACC001266,CUST000549,ACCTNO0000001266,recurring_deposit,BR00016,FNTK000160,INR,1675128.82,1623470.04,2022-09-08T16:46:24,active,6.61,500,0,Upkaar Kashyap,,EMP000051,2026-02-24T22:30:28,2022-09-08T16:46:24,2023-09-24T00:37:06
ACC001267,CUST000798,ACCTNO0000001267,savings,BR00006,FNTK000060,INR,155632.12,146392.73,2023-03-17T10:50:59,closed,5.92,0,0,Vansha Oza,,EMP000068,2024-12-15T04:05:24,2023-03-17T10:50:59,2023-07-04T04:42:09
ACC001268,CUST000945,ACCTNO0000001268,savings,BR00018,FNTK000180,INR,423183.19,385916.83,2018-11-08T04:35:13,active,3.04,10000,0,Liam Reddy,,EMP000096,2025-08-26T18:06:57,2018-11-08T04:35:13,2022-05-05T05:57:53
ACC001269,CUST000633,ACCTNO0000001269,savings,BR00020,FNTK000200,INR,613286.41,567465.61,2023-10-10T12:43:00,active,4.59,10000,0,Onkar Dugar,,EMP000036,2026-03-09T08:49:07,2023-10-10T12:43:00,2025-11-04T07:09:43
ACC001270,CUST000634,ACCTNO0000001270,current,BR00008,FNTK000080,INR,600916.78,589927.56,2018-10-30T02:07:11,dormant,0.0,10000,10000,Yashasvi Divan,,EMP000017,2019-10-03T13:04:00,2018-10-30T02:07:11,2024-05-19T03:07:30
ACC001271,CUST000779,ACCTNO0000001271,current,BR00003,FNTK000030,INR,87023.52,84418.31,2024-03-14T21:07:29,active,0.0,25000,5000,Wriddhish Seth,,EMP000065,2024-11-23T21:35:40,2024-03-14T21:07:29,2026-06-20T07:12:36
ACC001272,CUST000712,ACCTNO0000001272,savings,BR00013,FNTK000130,INR,710700.84,662468.82,2017-10-09T05:20:51,active,4.16,0,0,Gautami Nazareth,,EMP000068,2025-01-09T06:14:58,2017-10-09T05:20:51,2024-11-23T08:16:49
ACC001273,CUST000711,ACCTNO0000001273,current,BR00007,FNTK000070,INR,359580.09,330387.35,2016-05-09T19:27:15,active,0.0,25000,10000,Faraj Chanda,,EMP000039,2016-08-08T09:54:36,2016-05-09T19:27:15,2020-12-27T08:16:48
ACC001274,CUST000225,ACCTNO0000001274,fixed_deposit,BR00011,FNTK000110,INR,1278155.94,1216041.3,2020-04-30T12:49:17,active,7.03,10000,0,Balhaar Menon,,EMP000060,2023-12-06T05:32:07,2020-04-30T12:49:17,2024-09-23T15:14:15
ACC001275,CUST000421,ACCTNO0000001275,savings,BR00019,FNTK000190,INR,903639.55,880394.51,2017-12-20T15:23:52,dormant,3.79,10000,0,Zinal Wason,,EMP000031,2023-07-25T06:31:18,2017-12-20T15:23:52,2025-05-21T03:56:56
ACC001276,CUST000320,ACCTNO0000001276,fixed_deposit,BR00018,FNTK000180,INR,49647.28,46011.86,2017-08-19T04:46:18,active,8.09,10000,0,Brijesh Peri,,EMP000049,2019-01-22T23:54:27,2017-08-19T04:46:18,2024-09-04T18:08:41
ACC001277,CUST000191,ACCTNO0000001277,fixed_deposit,BR00012,FNTK000120,INR,1769624.76,1602050.04,2017-12-24T22:45:49,active,7.33,10000,0,Geetika Khanna,Megha Sangha,EMP000028,2019-04-22T11:06:23,2017-12-24T22:45:49,2023-03-16T02:03:32
ACC001278,CUST000106,ACCTNO0000001278,savings,BR00014,FNTK000140,INR,1337063.58,1252641.64,2023-04-14T02:28:38,active,3.56,1000,0,Chakradhar Venkataraman,,EMP000055,2024-11-08T00:45:22,2023-04-14T02:28:38,2026-04-07T06:52:33
ACC001279,CUST000701,ACCTNO0000001279,fixed_deposit,BR00005,FNTK000050,INR,1498059.37,1470825.69,2022-04-22T17:56:09,active,8.1,10000,0,Jackson Dave,,EMP000098,2024-09-10T01:32:46,2022-04-22T17:56:09,2025-10-21T19:11:14
ACC001280,CUST000010,ACCTNO0000001280,current,BR00003,FNTK000030,INR,1352983.5,1335758.59,2019-06-06T12:07:19,active,0.0,10000,5000,Andrew Basak,,EMP000066,2024-07-18T15:47:51,2019-06-06T12:07:19,2020-05-27T07:37:29
ACC001281,CUST000069,ACCTNO0000001281,fixed_deposit,BR00011,FNTK000110,INR,1964339.85,1940077.7,2020-09-06T01:39:56,active,7.78,10000,0,Christopher Venkatesh,,EMP000044,2026-01-14T03:19:03,2020-09-06T01:39:56,2024-05-03T08:06:48
ACC001282,CUST000334,ACCTNO0000001282,savings,BR00017,FNTK000170,INR,148951.85,135317.66,2022-03-12T09:54:51,closed,6.03,0,0,Jalsa Ramakrishnan,,EMP000065,2024-08-09T22:01:04,2022-03-12T09:54:51,2026-01-22T20:51:11
ACC001283,CUST000318,ACCTNO0000001283,salary,BR00009,FNTK000090,INR,1477944.45,1444634.33,2019-03-02T12:43:32,dormant,3.43,0,0,Gaurang Bala,,EMP000012,2023-06-12T06:25:51,2019-03-02T12:43:32,2026-07-24T19:06:32
ACC001284,CUST000459,ACCTNO0000001284,salary,BR00005,FNTK000050,INR,1769393.82,1710981.99,2024-02-11T13:45:49,active,2.6,0,0,Mitesh Shah,,EMP000041,2025-04-05T03:01:50,2024-02-11T13:45:49,2025-11-21T09:33:09
ACC001285,CUST000825,ACCTNO0000001285,salary,BR00001,FNTK000010,INR,803033.57,775880.78,2016-01-05T10:47:07,active,3.79,0,0,Ekani Kala,,EMP000080,2021-12-11T16:21:33,2016-01-05T10:47:07,2026-01-30T04:46:16
ACC001286,CUST000930,ACCTNO0000001286,current,BR00001,FNTK000010,INR,484418.35,447216.7,2017-08-24T10:58:22,active,0.0,10000,10000,Parth Kamdar,,EMP000049,2022-11-28T20:26:12,2017-08-24T10:58:22,2021-07-10T13:56:06
ACC001287,CUST000223,ACCTNO0000001287,recurring_deposit,BR00005,FNTK000050,INR,543294.85,518686.3,2019-04-05T01:34:11,active,7.38,500,0,Harini Parekh,,EMP000003,2019-10-12T03:35:07,2019-04-05T01:34:11,2024-03-24T21:50:40
ACC001288,CUST000927,ACCTNO0000001288,recurring_deposit,BR00012,FNTK000120,INR,215378.42,213958.82,2018-08-02T06:30:45,dormant,6.1,500,0,Qushi Upadhyay,,EMP000064,2020-08-26T01:09:51,2018-08-02T06:30:45,2018-09-18T03:53:20
ACC001289,CUST000350,ACCTNO0000001289,fixed_deposit,BR00002,FNTK000020,INR,1167839.93,1079071.75,2018-03-20T02:09:41,active,7.04,10000,0,Rajata Chopra,,EMP000081,2019-12-29T22:55:08,2018-03-20T02:09:41,2026-04-04T22:42:26
ACC001290,CUST000642,ACCTNO0000001290,savings,BR00011,FNTK000110,INR,51191.27,49560.09,2021-08-10T05:35:12,active,6.08,1000,0,Vedhika Samra,,EMP000045,2024-11-10T20:22:20,2021-08-10T05:35:12,2022-11-12T00:32:11
ACC001291,CUST000689,ACCTNO0000001291,fixed_deposit,BR00012,FNTK000120,INR,749220.45,729233.89,2023-06-21T09:09:08,active,7.39,10000,0,Shivansh Vohra,,EMP000030,2025-12-30T14:12:08,2023-06-21T09:09:08,2024-07-02T18:54:40
ACC001292,CUST000178,ACCTNO0000001292,current,BR00012,FNTK000120,INR,63821.29,57946.2,2018-07-13T11:45:03,dormant,0.0,5000,10000,Bina Baria,,EMP000071,2022-04-10T04:23:46,2018-07-13T11:45:03,2023-01-17T11:41:52
ACC001293,CUST000317,ACCTNO0000001293,fixed_deposit,BR00001,FNTK000010,INR,1881077.53,1820667.29,2024-01-03T06:09:04,dormant,7.63,10000,0,Wyatt Modi,,EMP000093,2026-03-05T02:38:05,2024-01-03T06:09:04,2025-01-13T13:50:54
ACC001294,CUST000447,ACCTNO0000001294,current,BR00018,FNTK000180,INR,1711529.76,1643498.19,2015-03-17T07:02:07,active,0.0,25000,25000,Sara Hari,,EMP000081,2026-02-25T11:36:51,2015-03-17T07:02:07,2025-03-21T04:29:25
ACC001295,CUST000225,ACCTNO0000001295,fixed_deposit,BR00001,FNTK000010,INR,814382.36,800747.82,2019-12-22T23:24:00,active,8.01,10000,0,Chanchal Khanna,,EMP000054,2021-04-24T21:23:29,2019-12-22T23:24:00,2025-09-01T11:05:37
ACC001296,CUST000967,ACCTNO0000001296,savings,BR00006,FNTK000060,INR,1791915.97,1692914.24,2022-12-16T13:08:11,active,6.76,0,0,Laban Reddy,,EMP000065,2024-11-10T07:54:09,2022-12-16T13:08:11,2024-06-22T15:10:01
ACC001297,CUST000215,ACCTNO0000001297,current,BR00002,FNTK000020,INR,1115528.89,1078106.35,2015-11-29T03:43:42,dormant,0.0,25000,0,Simon Kaur,,EMP000085,2018-01-25T12:29:33,2015-11-29T03:43:42,2016-09-07T18:54:27
ACC001298,CUST000530,ACCTNO0000001298,savings,BR00010,FNTK000100,INR,1773337.82,1632917.33,2024-12-16T16:11:29,dormant,3.08,0,0,Jeet Bera,,EMP000034,2026-02-03T15:24:56,2024-12-16T16:11:29,2025-06-29T22:32:49
ACC001299,CUST000564,ACCTNO0000001299,current,BR00009,FNTK000090,INR,302345.61,297045.31,2017-11-08T08:13:11,active,0.0,5000,10000,Kamala Seth,Champak Tripathi,EMP000062,2021-11-10T20:33:20,2017-11-08T08:13:11,2019-07-30T10:28:56
ACC001300,CUST000137,ACCTNO0000001300,current,BR00001,FNTK000010,INR,1257681.8,1147105.49,2024-03-18T06:21:27,active,0.0,25000,5000,Dhruv Mann,Qabil Babu,EMP000026,2025-11-25T20:36:37,2024-03-18T06:21:27,2026-04-15T19:23:54
ACC001301,CUST000670,ACCTNO0000001301,fixed_deposit,BR00020,FNTK000200,INR,1472599.06,1443952.22,2016-03-23T11:34:16,active,7.01,10000,0,Aadhya Gandhi,,EMP000056,2017-08-18T10:57:12,2016-03-23T11:34:16,2022-11-25T04:33:15
ACC001302,CUST000999,ACCTNO0000001302,savings,BR00016,FNTK000160,INR,1982022.36,1921447.6,2023-03-23T20:12:53,active,3.88,0,0,Osha Prashad,,EMP000044,2025-01-04T18:08:07,2023-03-23T20:12:53,2024-10-13T10:37:39
ACC001303,CUST000929,ACCTNO0000001303,savings,BR00007,FNTK000070,INR,213687.31,192562.96,2015-06-04T23:14:00,active,3.02,1000,0,Tanmayi Chakraborty,,EMP000011,2026-03-28T01:42:04,2015-06-04T23:14:00,2024-05-09T12:43:04
ACC001304,CUST000014,ACCTNO0000001304,savings,BR00016,FNTK000160,INR,118829.86,110454.8,2017-09-10T21:04:25,active,6.23,0,0,Maanav Wason,,EMP000049,2022-04-01T21:07:42,2017-09-10T21:04:25,2021-04-12T17:08:08
ACC001305,CUST000465,ACCTNO0000001305,fixed_deposit,BR00005,FNTK000050,INR,1607668.42,1536323.22,2015-05-31T09:06:01,active,7.83,10000,0,Leena Kothari,Ganga Chauhan,EMP000063,2017-10-19T03:24:31,2015-05-31T09:06:01,2019-01-09T07:34:09
ACC001306,CUST000788,ACCTNO0000001306,savings,BR00016,FNTK000160,INR,295647.64,269502.97,2021-07-01T13:42:23,closed,4.52,5000,0,Ansh Tella,,EMP000008,2025-02-26T17:12:06,2021-07-01T13:42:23,2025-05-12T18:53:42
ACC001307,CUST000284,ACCTNO0000001307,recurring_deposit,BR00020,FNTK000200,INR,1056962.76,968655.67,2022-09-16T15:25:26,active,6.51,500,0,Robert Gill,,EMP000006,2022-12-18T19:00:26,2022-09-16T15:25:26,2024-08-29T21:05:36
ACC001308,CUST000947,ACCTNO0000001308,savings,BR00018,FNTK000180,INR,944493.24,918046.87,2023-07-28T09:31:18,active,5.91,5000,0,Hritik Goyal,,EMP000059,2023-10-31T02:01:29,2023-07-28T09:31:18,2025-01-14T02:17:03
ACC001309,CUST000800,ACCTNO0000001309,salary,BR00018,FNTK000180,INR,1480397.69,1425592.56,2022-04-16T23:45:45,active,3.41,0,0,Chaitaly Dhaliwal,,EMP000076,2022-06-22T03:07:51,2022-04-16T23:45:45,2024-03-16T21:22:40
ACC001310,CUST000871,ACCTNO0000001310,salary,BR00011,FNTK000110,INR,1741368.44,1677500.37,2022-11-05T14:22:39,active,4.0,0,0,Netra Bhakta,,EMP000099,2024-12-04T13:13:16,2022-11-05T14:22:39,2025-05-30T15:26:10
ACC001311,CUST000071,ACCTNO0000001311,recurring_deposit,BR00020,FNTK000200,INR,1636770.22,1590307.03,2015-05-09T19:23:11,dormant,7.17,500,0,Arin Solanki,,EMP000096,2023-07-28T13:54:03,2015-05-09T19:23:11,2024-05-10T11:25:04
ACC001312,CUST000218,ACCTNO0000001312,savings,BR00002,FNTK000020,INR,328658.86,313476.36,2021-11-04T06:41:39,active,4.16,5000,0,Mitali Dalal,,EMP000025,2024-02-04T06:01:33,2021-11-04T06:41:39,2023-08-25T01:03:24
ACC001313,CUST000278,ACCTNO0000001313,savings,BR00015,FNTK000150,INR,53055.0,52252.05,2024-04-06T20:06:25,active,3.01,1000,0,Omisha Balasubramanian,,EMP000099,2026-04-04T19:13:04,2024-04-06T20:06:25,2025-10-01T18:55:45
ACC001314,CUST000538,ACCTNO0000001314,savings,BR00003,FNTK000030,INR,1611837.47,1603532.95,2018-06-11T04:13:50,active,3.84,10000,0,Owen Kalita,,EMP000011,2019-04-30T14:15:58,2018-06-11T04:13:50,2022-06-13T20:22:57
ACC001315,CUST000095,ACCTNO0000001315,fixed_deposit,BR00012,FNTK000120,INR,114869.01,109205.48,2018-06-11T04:28:01,active,6.68,10000,0,Vedant Venkatesh,,EMP000023,2021-09-29T13:26:58,2018-06-11T04:28:01,2026-07-31T09:58:58
ACC001316,CUST000537,ACCTNO0000001316,savings,BR00009,FNTK000090,INR,1565539.18,1495620.59,2015-07-01T08:34:34,active,6.89,0,0,Eshana Pathak,,EMP000082,2015-09-20T05:01:00,2015-07-01T08:34:34,2024-08-08T09:16:07
ACC001317,CUST000177,ACCTNO0000001317,fixed_deposit,BR00003,FNTK000030,INR,1762280.21,1604963.98,2022-04-21T04:39:39,active,8.04,10000,0,Zinal Devi,,EMP000039,2024-11-22T09:24:59,2022-04-21T04:39:39,2024-04-09T22:53:18
ACC001318,CUST000387,ACCTNO0000001318,savings,BR00004,FNTK000040,INR,38061.13,34763.28,2022-11-25T20:08:20,closed,3.43,10000,0,Bhavani Aggarwal,,EMP000014,2022-11-27T01:37:42,2022-11-25T20:08:20,2025-04-21T00:26:31
ACC001319,CUST000543,ACCTNO0000001319,current,BR00008,FNTK000080,INR,1801598.78,1785899.52,2022-09-21T06:55:19,active,0.0,10000,5000,Nikita Dalal,Radha Om,EMP000020,2024-07-01T23:18:34,2022-09-21T06:55:19,2024-10-12T03:31:59
ACC001320,CUST000059,ACCTNO0000001320,savings,BR00001,FNTK000010,INR,24989.98,24830.03,2016-12-12T18:19:43,active,5.14,0,0,Manan Ravi,,EMP000056,2021-08-11T21:58:04,2016-12-12T18:19:43,2024-01-30T11:38:18
ACC001321,CUST000321,ACCTNO0000001321,recurring_deposit,BR00008,FNTK000080,INR,582004.2,544169.15,2016-09-18T15:49:18,dormant,7.21,500,0,Manan Saraf,,EMP000071,2026-05-26T23:46:06,2016-09-18T15:49:18,2022-06-05T12:32:34
ACC001322,CUST000984,ACCTNO0000001322,savings,BR00015,FNTK000150,INR,348926.99,329535.65,2018-02-28T02:21:38,active,4.52,5000,0,Girik Raja,,EMP000073,2026-07-09T00:14:09,2018-02-28T02:21:38,2026-05-14T12:53:47
ACC001323,CUST000272,ACCTNO0000001323,salary,BR00013,FNTK000130,INR,747854.22,719921.0,2024-09-27T15:33:17,active,3.27,0,0,Hemangini Ray,,EMP000021,2026-02-28T13:19:06,2024-09-27T15:33:17,2026-02-15T03:35:45
ACC001324,CUST000567,ACCTNO0000001324,savings,BR00001,FNTK000010,INR,530076.92,523813.8,2015-07-07T05:39:48,active,4.41,0,0,Tarak Aurora,,EMP000008,2022-12-30T15:37:28,2015-07-07T05:39:48,2026-07-03T21:57:15
ACC001325,CUST000257,ACCTNO0000001325,salary,BR00013,FNTK000130,INR,1241970.01,1208237.49,2016-08-29T10:33:13,active,3.76,0,0,Pooja Chaudhari,,EMP000029,2017-08-24T13:21:46,2016-08-29T10:33:13,2021-11-18T19:15:37
ACC001326,CUST000277,ACCTNO0000001326,current,BR00003,FNTK000030,INR,1192246.6,1156719.83,2020-09-23T17:35:55,active,0.0,25000,10000,Ranveer Wadhwa,,EMP000083,2025-11-27T17:11:38,2020-09-23T17:35:55,2023-08-30T06:34:27
ACC001327,CUST000094,ACCTNO0000001327,current,BR00017,FNTK000170,INR,1609681.49,1573232.25,2018-11-29T18:49:43,active,0.0,5000,0,Gayathri Dara,,EMP000097,2024-09-21T23:14:40,2018-11-29T18:49:43,2025-11-08T23:59:00
ACC001328,CUST000905,ACCTNO0000001328,current,BR00017,FNTK000170,INR,55555.22,50483.53,2015-04-18T13:14:23,closed,0.0,10000,25000,Rehaan Loke,,EMP000085,2018-07-30T21:27:03,2015-04-18T13:14:23,2015-10-01T12:50:24
ACC001329,CUST000024,ACCTNO0000001329,recurring_deposit,BR00003,FNTK000030,INR,703042.59,677656.03,2015-12-27T07:21:46,active,6.43,500,0,Manthan Khosla,,EMP000036,2025-08-22T04:07:01,2015-12-27T07:21:46,2019-06-22T02:13:49
ACC001330,CUST000065,ACCTNO0000001330,savings,BR00017,FNTK000170,INR,1384767.17,1315359.1,2023-12-22T10:51:16,active,5.46,0,0,Yashodhara Magar,,EMP000032,2025-03-08T05:06:16,2023-12-22T10:51:16,2026-01-17T08:32:40
ACC001331,CUST000437,ACCTNO0000001331,savings,BR00015,FNTK000150,INR,1407663.99,1321464.34,2019-06-08T05:50:53,blocked,3.38,0,0,Ayushman Gala,,EMP000096,2021-11-25T22:59:48,2019-06-08T05:50:53,2021-06-27T06:54:58
ACC001332,CUST000048,ACCTNO0000001332,savings,BR00007,FNTK000070,INR,265313.52,242498.12,2023-07-03T12:01:43,active,5.11,5000,0,Udarsh Agarwal,,EMP000067,2025-07-22T20:16:12,2023-07-03T12:01:43,2023-08-10T01:33:36
ACC001333,CUST000347,ACCTNO0000001333,current,BR00004,FNTK000040,INR,254560.65,239812.04,2017-12-06T07:29:52,closed,0.0,25000,5000,Yoshita Saraf,,EMP000076,2018-08-15T01:28:51,2017-12-06T07:29:52,2023-03-30T01:33:01
ACC001334,CUST000514,ACCTNO0000001334,savings,BR00016,FNTK000160,INR,288312.92,285596.41,2017-08-17T04:34:50,active,3.89,10000,0,Lopa Bhatnagar,,EMP000024,2023-05-16T01:58:13,2017-08-17T04:34:50,2026-06-29T21:02:28
ACC001335,CUST000490,ACCTNO0000001335,savings,BR00013,FNTK000130,INR,792764.72,731162.22,2024-07-14T04:54:41,active,3.03,10000,0,Jackson Ram,,EMP000080,2026-06-01T07:56:36,2024-07-14T04:54:41,2025-08-10T03:41:55
ACC001336,CUST000680,ACCTNO0000001336,savings,BR00005,FNTK000050,INR,214507.91,199564.24,2022-03-27T21:08:46,closed,6.38,5000,0,Falan Bumb,,EMP000043,2023-03-19T15:02:20,2022-03-27T21:08:46,2025-09-28T14:44:55
ACC001337,CUST000667,ACCTNO0000001337,current,BR00008,FNTK000080,INR,925443.06,867285.14,2021-04-22T11:47:06,active,0.0,5000,5000,Gaurika Bal,,EMP000039,2024-02-04T15:10:13,2021-04-22T11:47:06,2023-07-10T23:50:40
ACC001338,CUST000582,ACCTNO0000001338,current,BR00012,FNTK000120,INR,1253104.17,1228740.9,2020-07-25T11:14:50,active,0.0,5000,25000,Dominic Prashad,,EMP000043,2026-08-06T22:58:24,2020-07-25T11:14:50,2025-01-16T09:21:16
ACC001339,CUST000527,ACCTNO0000001339,recurring_deposit,BR00015,FNTK000150,INR,625150.26,594996.58,2022-02-19T17:24:16,active,6.23,500,0,Arya Buch,,EMP000032,2023-02-24T06:27:30,2022-02-19T17:24:16,2023-08-29T05:43:57
ACC001340,CUST000247,ACCTNO0000001340,current,BR00020,FNTK000200,INR,397032.75,368690.59,2024-02-12T04:32:30,active,0.0,5000,5000,Elijah Nagy,,EMP000017,2025-03-16T01:26:32,2024-02-12T04:32:30,2025-08-28T00:21:29
ACC001341,CUST000399,ACCTNO0000001341,savings,BR00001,FNTK000010,INR,773803.28,747753.93,2024-03-16T04:01:17,dormant,6.52,0,0,Sudiksha Reddy,,EMP000040,2024-08-30T18:13:14,2024-03-16T04:01:17,2026-04-12T00:15:33
ACC001342,CUST000755,ACCTNO0000001342,savings,BR00009,FNTK000090,INR,222198.42,202171.82,2020-04-18T23:48:52,dormant,5.58,10000,0,Rohan Savant,,EMP000014,2020-07-29T06:52:17,2020-04-18T23:48:52,2025-11-11T06:45:34
ACC001343,CUST000391,ACCTNO0000001343,savings,BR00003,FNTK000030,INR,1136776.78,1094642.77,2022-11-13T17:25:36,active,6.31,1000,0,Maanas Bedi,,EMP000084,2023-11-14T05:57:58,2022-11-13T17:25:36,2026-04-17T06:11:47
ACC001344,CUST000457,ACCTNO0000001344,savings,BR00005,FNTK000050,INR,1348401.19,1275410.29,2024-07-12T01:13:07,active,3.29,0,0,Thomas Mammen,,EMP000063,2024-12-22T08:00:42,2024-07-12T01:13:07,2025-11-23T18:41:42
ACC001345,CUST000557,ACCTNO0000001345,savings,BR00020,FNTK000200,INR,1655339.03,1490549.16,2020-10-01T21:01:27,active,5.36,1000,0,Anay Tandon,,EMP000037,2023-01-23T02:53:50,2020-10-01T21:01:27,2024-11-24T08:10:58
ACC001346,CUST000163,ACCTNO0000001346,current,BR00007,FNTK000070,INR,597.51,539.48,2015-03-29T01:11:28,closed,0.0,25000,5000,Saanvi Manda,,EMP000082,2015-12-31T22:56:57,2015-03-29T01:11:28,2022-01-31T04:52:45
ACC001347,CUST000969,ACCTNO0000001347,savings,BR00010,FNTK000100,INR,1113917.71,1006194.8,2021-08-14T13:02:02,active,5.78,5000,0,Nicholas Bhardwaj,,EMP000054,2023-10-05T22:50:52,2021-08-14T13:02:02,2024-05-10T19:31:55
ACC001348,CUST000528,ACCTNO0000001348,savings,BR00017,FNTK000170,INR,1932682.67,1742169.52,2020-06-05T02:36:28,active,3.67,10000,0,Logan Rau,,EMP000050,2023-02-25T01:56:03,2020-06-05T02:36:28,2023-12-31T07:46:59
ACC001349,CUST000170,ACCTNO0000001349,savings,BR00018,FNTK000180,INR,730111.65,658978.67,2015-03-25T03:08:41,active,6.48,0,0,Kalpit Devan,,EMP000099,2024-08-12T08:17:24,2015-03-25T03:08:41,2023-12-06T05:13:30
ACC001350,CUST000597,ACCTNO0000001350,savings,BR00007,FNTK000070,INR,664359.57,628222.7,2015-01-01T07:34:46,active,3.62,0,0,Anirudh Chanda,,EMP000068,2023-02-25T02:32:00,2015-01-01T07:34:46,2025-09-17T16:37:59
ACC001351,CUST000977,ACCTNO0000001351,savings,BR00007,FNTK000070,INR,1816701.05,1636862.35,2017-08-18T13:14:38,active,3.28,0,0,Urvi Rajagopalan,,EMP000070,2018-09-11T01:04:35,2017-08-18T13:14:38,2024-11-04T19:53:10
ACC001352,CUST000416,ACCTNO0000001352,current,BR00019,FNTK000190,INR,1746832.57,1653792.25,2017-10-30T08:51:58,active,0.0,5000,25000,Naveen Bhavsar,,EMP000047,2022-05-29T14:03:11,2017-10-30T08:51:58,2019-01-02T16:58:28
ACC001353,CUST000395,ACCTNO0000001353,savings,BR00005,FNTK000050,INR,133602.24,126312.14,2016-02-26T01:21:24,closed,3.54,0,0,Arin Ranganathan,,EMP000089,2026-04-07T05:36:43,2016-02-26T01:21:24,2021-05-25T11:27:26
ACC001354,CUST000803,ACCTNO0000001354,salary,BR00011,FNTK000110,INR,122669.86,117001.75,2024-07-03T01:22:47,closed,4.2,0,0,Ekalinga Hayer,,EMP000022,2026-03-01T14:08:32,2024-07-03T01:22:47,2025-05-10T02:36:46
ACC001355,CUST000632,ACCTNO0000001355,current,BR00009,FNTK000090,INR,1293281.98,1243589.64,2024-03-13T05:23:35,dormant,0.0,10000,10000,Samaksh Setty,,EMP000007,2024-10-17T22:37:57,2024-03-13T05:23:35,2025-03-05T01:16:02
ACC001356,CUST000992,ACCTNO0000001356,fixed_deposit,BR00015,FNTK000150,INR,1013262.75,997580.77,2023-12-03T23:09:00,active,6.8,10000,0,Gaurav Deo,,EMP000029,2025-01-14T19:31:17,2023-12-03T23:09:00,2025-08-16T08:19:01
ACC001357,CUST000446,ACCTNO0000001357,current,BR00020,FNTK000200,INR,172472.84,155686.82,2016-08-28T12:13:39,active,0.0,10000,10000,Ishita Garg,,EMP000072,2024-12-18T09:18:26,2016-08-28T12:13:39,2022-11-17T18:09:37
ACC001358,CUST000704,ACCTNO0000001358,savings,BR00019,FNTK000190,INR,181722.49,174479.97,2017-07-18T11:57:04,active,6.03,10000,0,Hemani Rattan,,EMP000087,2022-08-11T01:38:46,2017-07-18T11:57:04,2018-08-23T04:32:32
ACC001359,CUST000020,ACCTNO0000001359,savings,BR00020,FNTK000200,INR,374204.55,366000.08,2017-09-01T11:37:58,active,5.03,0,0,Unni Buch,,EMP000089,2019-04-20T06:06:28,2017-09-01T11:37:58,2022-05-06T06:31:27
ACC001360,CUST000933,ACCTNO0000001360,savings,BR00018,FNTK000180,INR,1619188.28,1611477.81,2024-03-18T04:54:31,active,6.83,0,0,Advaith Jayaraman,,EMP000021,2026-05-24T14:58:49,2024-03-18T04:54:31,2025-05-26T11:45:42
ACC001361,CUST000787,ACCTNO0000001361,savings,BR00009,FNTK000090,INR,548194.88,495728.61,2024-02-13T19:12:05,active,3.18,10000,0,Harsh Brar,,EMP000054,2024-11-25T09:35:18,2024-02-13T19:12:05,2026-06-21T06:38:04
ACC001362,CUST000351,ACCTNO0000001362,fixed_deposit,BR00018,FNTK000180,INR,699723.46,688548.25,2021-10-08T01:01:26,active,8.46,10000,0,Aadi Raghavan,,EMP000024,2021-12-13T13:12:42,2021-10-08T01:01:26,2022-03-30T10:07:41
ACC001363,CUST000998,ACCTNO0000001363,current,BR00003,FNTK000030,INR,1606310.16,1537213.94,2021-01-17T22:55:47,active,0.0,10000,25000,Theodore Sami,,EMP000027,2026-08-23T00:50:32,2021-01-17T22:55:47,2023-10-14T18:05:41
ACC001364,CUST000703,ACCTNO0000001364,savings,BR00012,FNTK000120,INR,690967.6,682209.13,2017-03-11T15:09:17,active,4.69,5000,0,Yochana Nadkarni,Unni Tandon,EMP000089,2026-07-03T01:33:50,2017-03-11T15:09:17,2021-10-05T06:00:42
ACC001365,CUST000819,ACCTNO0000001365,savings,BR00018,FNTK000180,INR,207883.11,189406.87,2015-03-24T09:52:53,active,6.12,0,0,Krisha Dara,,EMP000020,2019-11-16T00:11:50,2015-03-24T09:52:53,2018-05-30T20:03:05
ACC001366,CUST000455,ACCTNO0000001366,savings,BR00001,FNTK000010,INR,1359984.1,1242402.55,2019-11-09T16:22:46,active,6.64,10000,0,Tejas Sem,,EMP000089,2020-03-12T07:03:43,2019-11-09T16:22:46,2023-03-15T03:30:19
ACC001367,CUST000046,ACCTNO0000001367,fixed_deposit,BR00009,FNTK000090,INR,623447.81,609800.63,2017-05-13T14:15:50,active,6.6,10000,0,Chaman Mohanty,,EMP000061,2025-08-10T17:42:31,2017-05-13T14:15:50,2020-01-28T16:06:53
ACC001368,CUST000532,ACCTNO0000001368,salary,BR00013,FNTK000130,INR,577690.25,533948.47,2023-03-29T22:37:26,active,4.3,0,0,Chandran Ganguly,Champak Dhaliwal,EMP000088,2025-07-02T11:36:45,2023-03-29T22:37:26,2024-02-23T05:51:47
ACC001369,CUST000393,ACCTNO0000001369,savings,BR00004,FNTK000040,INR,1889444.45,1862738.01,2024-02-17T07:12:05,active,5.7,0,0,Chaitaly Uppal,Girindra Sankar,EMP000089,2025-11-26T23:18:30,2024-02-17T07:12:05,2025-03-11T10:07:50
ACC001370,CUST000173,ACCTNO0000001370,savings,BR00005,FNTK000050,INR,1639944.02,1483421.22,2016-05-15T05:17:22,active,3.62,0,0,Bhavani Bera,,EMP000041,2025-12-16T18:02:39,2016-05-15T05:17:22,2024-06-24T12:50:36
ACC001371,CUST000741,ACCTNO0000001371,fixed_deposit,BR00014,FNTK000140,INR,1968333.7,1966888.12,2018-08-27T17:04:45,active,8.05,10000,0,Siya Jayaraman,,EMP000065,2025-11-16T09:06:45,2018-08-27T17:04:45,2022-09-27T13:29:49
ACC001372,CUST000803,ACCTNO0000001372,savings,BR00011,FNTK000110,INR,104113.68,99000.9,2021-02-14T11:06:36,closed,5.23,5000,0,Harsh Rao,,EMP000070,2024-03-09T05:20:55,2021-02-14T11:06:36,2021-05-01T11:43:44
ACC001373,CUST000333,ACCTNO0000001373,salary,BR00017,FNTK000170,INR,534746.65,506776.9,2021-07-17T07:03:51,active,2.84,0,0,Hritik Dhar,,EMP000066,2025-07-25T18:37:27,2021-07-17T07:03:51,2022-06-28T22:05:10
ACC001374,CUST000413,ACCTNO0000001374,savings,BR00013,FNTK000130,INR,707939.54,682529.78,2017-12-28T02:04:03,active,4.36,5000,0,Xalak Varghese,,EMP000037,2025-07-22T12:05:26,2017-12-28T02:04:03,2026-08-30T08:18:50
ACC001375,CUST000964,ACCTNO0000001375,savings,BR00001,FNTK000010,INR,579216.54,537897.82,2023-08-28T02:22:14,active,3.47,5000,0,Rachit Borde,,EMP000048,2023-10-21T19:42:13,2023-08-28T02:22:14,2025-01-20T02:10:10
ACC001376,CUST000716,ACCTNO0000001376,current,BR00020,FNTK000200,INR,90340.12,89522.66,2018-05-01T19:38:10,active,0.0,10000,0,Neel Chanda,,EMP000067,2019-03-22T07:50:29,2018-05-01T19:38:10,2023-05-10T13:20:50
ACC001377,CUST000279,ACCTNO0000001377,savings,BR00012,FNTK000120,INR,1712455.33,1653367.93,2024-02-06T05:41:42,active,4.39,10000,0,Qabil Chaudry,,EMP000021,2024-11-09T00:08:38,2024-02-06T05:41:42,2026-07-18T06:16:11
ACC001378,CUST000683,ACCTNO0000001378,current,BR00005,FNTK000050,INR,1769583.26,1643732.44,2018-04-01T12:54:31,active,0.0,5000,25000,Advika Venkataraman,,EMP000060,2024-05-12T18:34:11,2018-04-01T12:54:31,2018-12-28T05:09:37
ACC001379,CUST000853,ACCTNO0000001379,savings,BR00015,FNTK000150,INR,888558.23,825871.52,2016-11-01T17:51:35,active,6.27,10000,0,Onveer Oak,,EMP000034,2026-02-12T09:17:59,2016-11-01T17:51:35,2016-11-17T10:29:03
ACC001380,CUST000099,ACCTNO0000001380,fixed_deposit,BR00009,FNTK000090,INR,882593.71,814047.21,2017-08-22T16:37:12,active,7.33,10000,0,Raksha Kaur,,EMP000061,2021-12-11T02:50:27,2017-08-22T16:37:12,2021-02-19T14:06:12
ACC001381,CUST000097,ACCTNO0000001381,recurring_deposit,BR00017,FNTK000170,INR,781176.12,744711.87,2023-03-02T09:09:38,active,6.42,500,0,Vincent Zacharia,,EMP000011,2024-10-29T17:17:34,2023-03-02T09:09:38,2025-11-07T22:21:37
ACC001382,CUST000515,ACCTNO0000001382,salary,BR00015,FNTK000150,INR,1330604.84,1248519.74,2023-12-16T05:04:01,active,4.44,0,0,Ishwar Varma,,EMP000087,2024-03-11T20:04:47,2023-12-16T05:04:01,2026-04-02T13:18:24
ACC001383,CUST000459,ACCTNO0000001383,savings,BR00003,FNTK000030,INR,329315.09,326192.79,2022-01-18T02:52:09,active,4.79,5000,0,Eiravati Rege,,EMP000005,2022-04-14T04:10:42,2022-01-18T02:52:09,2024-10-12T07:41:05
ACC001384,CUST000656,ACCTNO0000001384,savings,BR00016,FNTK000160,INR,741018.75,689087.55,2022-02-22T07:09:50,active,3.56,0,0,Hamsini Karnik,,EMP000069,2024-09-17T13:23:46,2022-02-22T07:09:50,2025-01-01T05:55:59
ACC001385,CUST000308,ACCTNO0000001385,current,BR00012,FNTK000120,INR,1150719.03,1100694.9,2022-07-08T09:43:55,active,0.0,10000,0,Arin Tailor,,EMP000054,2024-09-16T18:01:34,2022-07-08T09:43:55,2022-11-25T22:36:18
ACC001386,CUST000420,ACCTNO0000001386,savings,BR00004,FNTK000040,INR,1734972.43,1697027.19,2019-02-11T07:35:18,active,5.78,10000,0,Neha Dani,,EMP000075,2021-09-22T06:50:26,2019-02-11T07:35:18,2020-01-16T07:39:12
ACC001387,CUST000792,ACCTNO0000001387,savings,BR00006,FNTK000060,INR,1168087.06,1074852.77,2019-06-14T21:46:27,active,6.24,5000,0,Vanya Bhat,,EMP000008,2025-10-28T10:00:49,2019-06-14T21:46:27,2020-12-28T15:24:45
ACC001388,CUST000023,ACCTNO0000001388,savings,BR00013,FNTK000130,INR,1834126.5,1832992.42,2023-07-04T12:46:56,active,6.24,0,0,Watika Keer,,EMP000099,2024-05-22T02:57:22,2023-07-04T12:46:56,2024-12-02T17:47:07
ACC001389,CUST000209,ACCTNO0000001389,savings,BR00016,FNTK000160,INR,410311.88,398036.75,2017-02-19T04:53:10,dormant,3.62,10000,0,Zarna Din,Janya Agate,EMP000033,2017-09-14T02:29:59,2017-02-19T04:53:10,2019-05-06T04:50:01
ACC001390,CUST000661,ACCTNO0000001390,current,BR00016,FNTK000160,INR,1563444.69,1467741.57,2021-06-21T08:17:05,active,0.0,5000,10000,Maanas Chad,,EMP000027,2023-11-07T18:17:34,2021-06-21T08:17:05,2025-01-01T01:46:50
ACC001391,CUST000949,ACCTNO0000001391,savings,BR00012,FNTK000120,INR,492031.08,462414.72,2021-05-21T09:57:57,active,3.3,1000,0,Pranit Kapur,,EMP000023,2026-06-04T23:52:46,2021-05-21T09:57:57,2026-01-15T18:19:24
ACC001392,CUST000492,ACCTNO0000001392,current,BR00012,FNTK000120,INR,309987.73,301341.97,2017-11-28T21:36:24,active,0.0,10000,0,Falak Dutta,,EMP000082,2021-10-14T04:05:45,2017-11-28T21:36:24,2023-11-18T23:06:16
ACC001393,CUST000039,ACCTNO0000001393,fixed_deposit,BR00013,FNTK000130,INR,1302745.37,1292712.74,2017-03-23T04:21:25,active,7.23,10000,0,Maya Pau,,EMP000096,2022-07-13T19:42:32,2017-03-23T04:21:25,2026-05-05T16:07:26
ACC001394,CUST000067,ACCTNO0000001394,savings,BR00016,FNTK000160,INR,668269.25,611717.98,2017-05-30T13:34:07,active,3.67,1000,0,Gautami Zacharia,Henry Lanka,EMP000041,2023-07-16T17:36:34,2017-05-30T13:34:07,2021-06-12T04:56:20
ACC001395,CUST000144,ACCTNO0000001395,savings,BR00020,FNTK000200,INR,1986825.02,1791520.98,2016-04-22T14:02:52,active,4.07,0,0,Mason Bora,,EMP000078,2018-08-10T17:12:57,2016-04-22T14:02:52,2024-05-11T09:18:33
ACC001396,CUST000082,ACCTNO0000001396,savings,BR00016,FNTK000160,INR,107749.85,97360.19,2018-05-04T21:32:03,active,4.5,5000,0,Elijah Dewan,,EMP000086,2020-04-04T09:27:54,2018-05-04T21:32:03,2020-03-15T02:26:42
ACC001397,CUST000687,ACCTNO0000001397,savings,BR00019,FNTK000190,INR,152735.67,145936.1,2021-11-01T23:29:11,closed,5.1,1000,0,Mitali Shan,,EMP000034,2023-08-16T02:26:17,2021-11-01T23:29:11,2026-08-19T17:41:01
ACC001398,CUST000510,ACCTNO0000001398,salary,BR00002,FNTK000020,INR,1159697.42,1048806.63,2021-08-17T13:41:08,active,3.19,0,0,Amrita Keer,,EMP000092,2023-05-27T08:37:25,2021-08-17T13:41:08,2023-05-08T12:37:07
ACC001399,CUST000942,ACCTNO0000001399,fixed_deposit,BR00013,FNTK000130,INR,818051.5,736325.63,2017-02-20T12:43:03,active,7.85,10000,0,Bhavya Babu,Jonathan Barad,EMP000033,2024-11-23T17:05:51,2017-02-20T12:43:03,2023-06-10T07:28:43
ACC001400,CUST000934,ACCTNO0000001400,savings,BR00013,FNTK000130,INR,666294.86,622786.47,2020-05-09T01:54:39,active,4.29,0,0,Bahadurjit Karpe,,EMP000079,2025-09-29T07:56:24,2020-05-09T01:54:39,2020-09-06T23:24:56
ACC001401,CUST000948,ACCTNO0000001401,current,BR00005,FNTK000050,INR,1006253.23,922110.84,2021-10-02T06:43:10,active,0.0,25000,5000,Zashil Tripathi,,EMP000006,2023-11-24T09:29:10,2021-10-02T06:43:10,2023-10-18T15:38:52
ACC001402,CUST000447,ACCTNO0000001402,savings,BR00014,FNTK000140,INR,1734807.06,1709231.94,2016-02-03T03:23:34,active,4.88,0,0,Kalpit Misra,,EMP000095,2020-04-12T06:43:22,2016-02-03T03:23:34,2022-08-02T13:45:38
ACC001403,CUST000386,ACCTNO0000001403,salary,BR00003,FNTK000030,INR,1523548.32,1499953.37,2016-05-02T23:50:28,active,4.46,0,0,Yauvani Bhatti,,EMP000007,2018-12-15T19:56:13,2016-05-02T23:50:28,2025-08-26T13:56:22
ACC001404,CUST000164,ACCTNO0000001404,savings,BR00014,FNTK000140,INR,316272.65,306130.61,2017-06-16T08:34:53,active,6.66,1000,0,Bhanumati Palan,,EMP000035,2017-06-28T15:41:28,2017-06-16T08:34:53,2019-09-12T02:25:20
ACC001405,CUST000024,ACCTNO0000001405,current,BR00020,FNTK000200,INR,295557.04,270617.92,2020-01-26T09:00:36,blocked,0.0,5000,10000,Yashica Shankar,,EMP000020,2022-01-14T10:28:52,2020-01-26T09:00:36,2025-12-13T07:32:53
ACC001406,CUST000129,ACCTNO0000001406,savings,BR00005,FNTK000050,INR,193018.83,182356.28,2015-04-04T16:16:46,active,6.75,0,0,Ridhi Chand,,EMP000085,2017-12-30T19:36:07,2015-04-04T16:16:46,2019-10-05T19:44:09
ACC001407,CUST000459,ACCTNO0000001407,current,BR00008,FNTK000080,INR,1138677.2,1063029.25,2024-12-20T14:21:23,active,0.0,10000,5000,Praneel Keer,,EMP000049,2025-03-21T03:27:24,2024-12-20T14:21:23,2026-04-28T18:19:00
ACC001408,CUST000346,ACCTNO0000001408,fixed_deposit,BR00017,FNTK000170,INR,176514.96,163714.03,2018-02-16T01:15:28,closed,7.97,10000,0,Sara Ramakrishnan,,EMP000037,2019-01-30T01:15:52,2018-02-16T01:15:28,2025-11-09T00:24:56
ACC001409,CUST000277,ACCTNO0000001409,current,BR00009,FNTK000090,INR,20734.43,18668.19,2018-09-01T06:17:42,closed,0.0,10000,5000,Rohan Zacharia,Atharv Seth,EMP000060,2019-01-02T17:46:06,2018-09-01T06:17:42,2023-10-01T08:46:20
ACC001410,CUST000941,ACCTNO0000001410,savings,BR00016,FNTK000160,INR,118952.39,118338.77,2019-01-15T15:52:12,active,6.64,10000,0,Lajita Brahmbhatt,,EMP000043,2022-08-22T02:24:00,2019-01-15T15:52:12,2023-01-14T12:53:15
ACC001411,CUST000066,ACCTNO0000001411,salary,BR00007,FNTK000070,INR,979766.26,923853.12,2016-03-03T21:09:33,active,3.68,0,0,Triya Talwar,,EMP000077,2025-06-12T17:00:57,2016-03-03T21:09:33,2025-11-27T08:09:13
ACC001412,CUST000549,ACCTNO0000001412,current,BR00006,FNTK000060,INR,1090063.29,1056403.14,2022-09-27T13:04:46,active,0.0,5000,5000,Leena Doctor,,EMP000020,2023-01-05T00:12:43,2022-09-27T13:04:46,2023-12-05T12:29:45
ACC001413,CUST000413,ACCTNO0000001413,savings,BR00017,FNTK000170,INR,1983229.34,1954302.84,2017-10-26T23:00:20,active,3.79,1000,0,Yashasvi Tank,,EMP000011,2021-03-03T03:10:25,2017-10-26T23:00:20,2026-04-30T11:43:28
ACC001414,CUST000545,ACCTNO0000001414,fixed_deposit,BR00020,FNTK000200,INR,442766.52,442518.19,2017-10-11T22:54:15,active,7.27,10000,0,Kai Nagarajan,,EMP000004,2022-09-25T19:58:15,2017-10-11T22:54:15,2018-07-02T05:06:57
ACC001415,CUST000060,ACCTNO0000001415,fixed_deposit,BR00006,FNTK000060,INR,605595.75,563900.45,2019-09-23T19:31:04,active,8.35,10000,0,Wakeeta Barad,,EMP000020,2021-11-13T15:09:27,2019-09-23T19:31:04,2026-08-17T09:59:56
ACC001416,CUST000761,ACCTNO0000001416,savings,BR00008,FNTK000080,INR,1150988.8,1140060.79,2015-06-13T07:34:13,active,5.79,1000,0,Aadi Rastogi,,EMP000036,2022-07-04T22:20:40,2015-06-13T07:34:13,2018-02-08T07:57:41
ACC001417,CUST000588,ACCTNO0000001417,current,BR00015,FNTK000150,INR,1287232.25,1194337.16,2018-03-21T11:19:25,active,0.0,5000,10000,Wazir Pillay,,EMP000044,2022-12-03T00:19:37,2018-03-21T11:19:25,2025-03-09T00:20:14
ACC001418,CUST000183,ACCTNO0000001418,salary,BR00017,FNTK000170,INR,414445.77,391517.79,2018-12-26T19:50:20,blocked,3.79,0,0,Amruta Balan,,EMP000080,2019-08-31T09:41:46,2018-12-26T19:50:20,2025-03-17T02:21:56
ACC001419,CUST000834,ACCTNO0000001419,fixed_deposit,BR00002,FNTK000020,INR,687287.42,658373.63,2015-05-15T09:57:13,blocked,7.99,10000,0,Madhavi Raj,,EMP000062,2021-07-08T03:05:35,2015-05-15T09:57:13,2025-01-26T15:33:04
ACC001420,CUST000575,ACCTNO0000001420,savings,BR00016,FNTK000160,INR,1618199.96,1477272.62,2018-02-24T13:52:40,active,3.73,5000,0,Tanmayi Barad,,EMP000025,2018-05-22T15:01:02,2018-02-24T13:52:40,2018-03-31T20:33:08
ACC001421,CUST000435,ACCTNO0000001421,current,BR00010,FNTK000100,INR,885570.03,841553.24,2016-03-11T04:55:47,active,0.0,25000,10000,Jeet Ganesh,,EMP000059,2021-01-15T22:23:31,2016-03-11T04:55:47,2024-02-16T04:19:10
ACC001422,CUST000186,ACCTNO0000001422,salary,BR00004,FNTK000040,INR,1486309.11,1377641.66,2017-11-11T01:57:23,dormant,3.0,0,0,Patrick Oommen,,EMP000083,2024-05-04T10:29:59,2017-11-11T01:57:23,2024-01-15T01:02:51
ACC001423,CUST000872,ACCTNO0000001423,savings,BR00005,FNTK000050,INR,1329479.05,1257431.18,2021-06-25T09:16:43,active,6.75,1000,0,Amrita Krishnamurthy,,EMP000001,2022-12-13T23:39:17,2021-06-25T09:16:43,2024-04-24T19:03:39
ACC001424,CUST000726,ACCTNO0000001424,salary,BR00009,FNTK000090,INR,1605697.58,1588405.92,2021-04-11T18:41:26,active,2.71,0,0,Maya Sharma,,EMP000086,2021-10-21T17:11:59,2021-04-11T18:41:26,2024-05-28T23:31:13
ACC001425,CUST000322,ACCTNO0000001425,savings,BR00014,FNTK000140,INR,285669.39,269834.67,2020-02-28T12:36:41,active,6.59,0,0,Rohan Dey,,EMP000083,2025-01-02T05:23:28,2020-02-28T12:36:41,2022-06-01T19:25:13
ACC001426,CUST000221,ACCTNO0000001426,fixed_deposit,BR00016,FNTK000160,INR,810569.72,732382.37,2024-09-02T01:33:28,active,6.9,10000,0,Chaitaly Grewal,,EMP000022,2026-06-17T13:47:06,2024-09-02T01:33:28,2025-04-14T14:02:59
ACC001427,CUST000979,ACCTNO0000001427,salary,BR00005,FNTK000050,INR,1956825.79,1765734.34,2018-05-19T02:06:44,active,3.14,0,0,Kiaan Walia,,EMP000094,2020-04-16T21:26:37,2018-05-19T02:06:44,2019-07-28T18:35:42
ACC001428,CUST000325,ACCTNO0000001428,recurring_deposit,BR00010,FNTK000100,INR,1977095.18,1951091.74,2020-01-07T15:25:10,active,7.39,500,0,Mahika Kapadia,,EMP000099,2021-10-14T02:37:23,2020-01-07T15:25:10,2024-02-02T03:39:21
ACC001429,CUST000413,ACCTNO0000001429,savings,BR00002,FNTK000020,INR,1589967.09,1527751.15,2019-07-14T22:05:34,active,4.34,1000,0,Harshil Oak,,EMP000053,2024-01-27T10:28:27,2019-07-14T22:05:34,2021-08-21T17:55:42
ACC001430,CUST000834,ACCTNO0000001430,current,BR00003,FNTK000030,INR,1454580.0,1417843.15,2021-03-19T00:04:23,active,0.0,5000,5000,Nitesh Lad,,EMP000047,2022-08-08T18:31:53,2021-03-19T00:04:23,2024-08-18T12:18:04
ACC001431,CUST000769,ACCTNO0000001431,savings,BR00015,FNTK000150,INR,132859.32,128216.23,2022-06-14T19:22:53,active,5.67,10000,0,Falak Grover,,EMP000021,2024-08-09T06:13:51,2022-06-14T19:22:53,2024-03-18T06:39:35
ACC001432,CUST000535,ACCTNO0000001432,current,BR00001,FNTK000010,INR,1965502.47,1859405.22,2015-08-18T23:53:49,blocked,0.0,10000,0,Vasudha Gokhale,,EMP000094,2016-10-21T21:35:02,2015-08-18T23:53:49,2016-04-02T19:20:16
ACC001433,CUST000381,ACCTNO0000001433,savings,BR00020,FNTK000200,INR,743839.0,717073.42,2019-12-07T22:58:24,active,6.77,0,0,Lopa Ganesh,,EMP000095,2024-04-07T04:41:18,2019-12-07T22:58:24,2024-01-14T14:49:14
ACC001434,CUST000628,ACCTNO0000001434,savings,BR00019,FNTK000190,INR,558931.1,506926.85,2015-05-03T16:56:18,active,3.22,0,0,Netra Kant,,EMP000093,2016-05-21T06:45:21,2015-05-03T16:56:18,2022-10-23T13:16:22
ACC001435,CUST000677,ACCTNO0000001435,savings,BR00006,FNTK000060,INR,1835443.3,1835295.08,2016-03-19T13:54:38,active,4.13,5000,0,Hemal Wagle,,EMP000003,2023-04-06T15:06:26,2016-03-19T13:54:38,2021-02-18T09:03:17
ACC001436,CUST000093,ACCTNO0000001436,savings,BR00002,FNTK000020,INR,117992.57,114113.51,2017-03-19T08:41:24,active,4.1,0,0,Harsh Kapoor,,EMP000010,2017-09-16T22:31:21,2017-03-19T08:41:24,2023-02-18T20:35:06
ACC001437,CUST000641,ACCTNO0000001437,savings,BR00017,FNTK000170,INR,1457240.34,1377924.11,2016-07-01T20:03:44,active,4.27,5000,0,Mahika Pingle,,EMP000002,2023-10-29T19:40:02,2016-07-01T20:03:44,2024-01-26T04:12:48
ACC001438,CUST000649,ACCTNO0000001438,recurring_deposit,BR00009,FNTK000090,INR,534913.66,509365.46,2016-12-20T07:44:42,active,6.69,500,0,Atharv Suri,Libni Nair,EMP000052,2017-04-29T22:24:37,2016-12-20T07:44:42,2026-08-12T08:14:09
ACC001439,CUST000680,ACCTNO0000001439,savings,BR00005,FNTK000050,INR,953516.68,864366.7,2017-03-28T16:08:21,active,6.11,10000,0,Ekani Sura,,EMP000015,2019-01-08T08:45:06,2017-03-28T16:08:21,2022-12-09T00:05:22
ACC001440,CUST000041,ACCTNO0000001440,savings,BR00016,FNTK000160,INR,1730174.8,1703542.11,2022-05-23T10:18:43,active,4.02,1000,0,Advika Kapur,,EMP000079,2024-01-12T11:07:25,2022-05-23T10:18:43,2024-08-18T07:15:23
ACC001441,CUST000064,ACCTNO0000001441,savings,BR00009,FNTK000090,INR,25782.98,25663.8,2022-03-06T08:33:20,active,6.49,5000,0,Rishi Mohan,,EMP000041,2025-02-18T19:38:35,2022-03-06T08:33:20,2024-01-04T17:44:30
ACC001442,CUST000777,ACCTNO0000001442,savings,BR00003,FNTK000030,INR,999026.34,917794.77,2023-06-14T20:52:11,active,3.03,1000,0,Yauvani Borde,,EMP000094,2023-08-03T07:59:49,2023-06-14T20:52:11,2025-10-09T15:32:31
ACC001443,CUST000878,ACCTNO0000001443,current,BR00018,FNTK000180,INR,1853546.48,1764124.07,2018-01-03T14:13:16,active,0.0,10000,0,Vasana Sule,,EMP000055,2020-03-11T00:00:33,2018-01-03T14:13:16,2023-05-31T02:18:49
ACC001444,CUST000032,ACCTNO0000001444,salary,BR00004,FNTK000040,INR,815018.97,788298.81,2018-12-29T22:20:50,active,4.35,0,0,Champak Issac,,EMP000084,2024-03-17T18:26:54,2018-12-29T22:20:50,2023-11-20T16:20:44
ACC001445,CUST000293,ACCTNO0000001445,savings,BR00001,FNTK000010,INR,1546322.62,1517149.3,2016-09-03T08:34:20,active,5.44,5000,0,Warinder Luthra,,EMP000022,2024-05-10T22:30:19,2016-09-03T08:34:20,2018-07-22T13:55:20
ACC001446,CUST000785,ACCTNO0000001446,recurring_deposit,BR00015,FNTK000150,INR,1032937.92,1018230.98,2018-02-21T21:10:54,active,6.61,500,0,Gabriel Patla,Meera Mohanty,EMP000091,2022-07-07T04:07:20,2018-02-21T21:10:54,2020-09-11T02:14:07
ACC001447,CUST000861,ACCTNO0000001447,salary,BR00011,FNTK000110,INR,595706.38,585033.01,2018-04-06T07:04:47,active,2.8,0,0,Eshana Memon,,EMP000083,2019-09-27T23:56:52,2018-04-06T07:04:47,2022-05-04T03:05:12
ACC001448,CUST000486,ACCTNO0000001448,savings,BR00009,FNTK000090,INR,251954.05,240583.48,2022-05-17T15:12:06,closed,6.51,10000,0,Hritik Narain,Samaksh Chhabra,EMP000009,2023-10-31T02:22:47,2022-05-17T15:12:06,2023-07-13T03:31:14
ACC001449,CUST000200,ACCTNO0000001449,current,BR00014,FNTK000140,INR,43364.04,41164.22,2019-08-12T11:49:36,active,0.0,5000,25000,Oscar Pau,,EMP000030,2025-04-03T01:13:17,2019-08-12T11:49:36,2022-11-21T22:21:40
ACC001450,CUST000675,ACCTNO0000001450,current,BR00005,FNTK000050,INR,16058.89,14856.79,2015-03-13T21:48:08,active,0.0,10000,0,Oni Soni,,EMP000029,2025-12-19T13:35:37,2015-03-13T21:48:08,2021-04-18T14:45:53
ACC001451,CUST000522,ACCTNO0000001451,savings,BR00004,FNTK000040,INR,1485052.9,1484067.6,2018-09-22T16:56:42,active,4.82,1000,0,Wazir Sandhu,,EMP000072,2020-04-04T20:23:47,2018-09-22T16:56:42,2024-06-10T00:28:20
ACC001452,CUST000947,ACCTNO0000001452,savings,BR00001,FNTK000010,INR,1289434.69,1171109.11,2016-06-05T07:34:34,active,6.31,10000,0,Edhitha Bath,,EMP000076,2021-12-18T05:32:33,2016-06-05T07:34:34,2018-06-03T04:01:29
ACC001453,CUST000790,ACCTNO0000001453,current,BR00018,FNTK000180,INR,1763819.69,1749043.91,2021-10-28T19:00:49,active,0.0,5000,25000,Amaira Doctor,,EMP000055,2022-10-06T15:39:52,2021-10-28T19:00:49,2022-07-27T10:40:53
ACC001454,CUST000718,ACCTNO0000001454,fixed_deposit,BR00008,FNTK000080,INR,13274.64,12776.56,2019-08-11T02:50:17,active,7.98,10000,0,Bhanumati Chahal,,EMP000084,2025-04-27T17:39:43,2019-08-11T02:50:17,2023-09-02T18:34:04
ACC001455,CUST000412,ACCTNO0000001455,savings,BR00014,FNTK000140,INR,1549051.93,1429546.68,2022-01-04T00:14:36,active,6.22,0,0,Irya Goel,,EMP000075,2024-12-15T08:23:54,2022-01-04T00:14:36,2022-05-20T20:22:52
ACC001456,CUST000369,ACCTNO0000001456,savings,BR00011,FNTK000110,INR,27088.8,25339.46,2023-05-23T19:16:03,active,5.1,10000,0,Leela Wadhwa,Urvashi Bhasin,EMP000005,2024-11-01T14:24:03,2023-05-23T19:16:03,2023-08-07T09:43:39
ACC001457,CUST000074,ACCTNO0000001457,current,BR00020,FNTK000200,INR,835098.53,767189.89,2018-09-17T07:23:39,active,0.0,5000,0,Vanya Ahuja,,EMP000076,2025-03-10T14:52:45,2018-09-17T07:23:39,2023-01-03T07:24:22
ACC001458,CUST000183,ACCTNO0000001458,salary,BR00010,FNTK000100,INR,1782279.66,1659592.77,2021-04-22T21:12:40,active,2.66,0,0,Jalsa Dayal,,EMP000037,2021-11-18T16:34:18,2021-04-22T21:12:40,2022-05-21T20:25:40
ACC001459,CUST000781,ACCTNO0000001459,savings,BR00006,FNTK000060,INR,743603.9,713579.09,2021-09-04T12:36:42,active,6.01,0,0,Yoshita Vyas,,EMP000006,2025-06-03T05:38:18,2021-09-04T12:36:42,2025-01-25T22:51:50
ACC001460,CUST000856,ACCTNO0000001460,savings,BR00010,FNTK000100,INR,1483950.73,1426269.4,2023-08-03T10:16:21,active,5.15,0,0,Neelima Gaba,,EMP000067,2024-09-15T19:17:00,2023-08-03T10:16:21,2026-03-07T21:31:20
ACC001461,CUST000486,ACCTNO0000001461,savings,BR00019,FNTK000190,INR,890470.69,875646.47,2016-08-05T01:42:08,active,5.78,10000,0,Ganga Sangha,,EMP000099,2024-09-23T17:35:11,2016-08-05T01:42:08,2024-01-01T21:13:59
ACC001462,CUST000397,ACCTNO0000001462,savings,BR00016,FNTK000160,INR,380608.91,355450.31,2015-09-10T13:21:30,active,6.48,5000,0,Dalbir Nair,,EMP000014,2021-05-07T01:05:50,2015-09-10T13:21:30,2023-04-11T12:10:41
ACC001463,CUST000515,ACCTNO0000001463,savings,BR00002,FNTK000020,INR,186238.37,180952.7,2017-04-01T21:54:25,closed,3.99,1000,0,Shivani Yohannan,,EMP000005,2020-08-13T04:34:48,2017-04-01T21:54:25,2018-04-02T19:54:15
ACC001464,CUST000863,ACCTNO0000001464,savings,BR00012,FNTK000120,INR,889786.7,879330.76,2024-06-11T23:43:44,active,4.89,10000,0,Ati Misra,,EMP000027,2025-10-29T20:15:44,2024-06-11T23:43:44,2024-10-06T12:20:13
ACC001465,CUST000513,ACCTNO0000001465,fixed_deposit,BR00020,FNTK000200,INR,576064.68,572267.45,2023-05-27T09:08:18,active,7.49,10000,0,Lakshit Tailor,,EMP000022,2023-08-23T11:51:16,2023-05-27T09:08:18,2025-05-08T03:50:32
ACC001466,CUST000506,ACCTNO0000001466,current,BR00003,FNTK000030,INR,987696.02,973497.58,2015-06-10T03:06:21,dormant,0.0,5000,0,Yashvi Nazareth,Harinakshi Sami,EMP000082,2017-11-16T14:34:09,2015-06-10T03:06:21,2015-07-14T10:35:15
ACC001467,CUST000556,ACCTNO0000001467,current,BR00013,FNTK000130,INR,1626420.17,1465344.25,2019-05-17T10:58:43,dormant,0.0,5000,0,Edhitha Mani,,EMP000045,2023-07-14T22:20:40,2019-05-17T10:58:43,2025-05-13T14:56:38
ACC001468,CUST000213,ACCTNO0000001468,current,BR00013,FNTK000130,INR,1773816.08,1611399.74,2021-01-05T20:45:39,dormant,0.0,5000,0,Yadavi Dave,,EMP000051,2023-03-26T22:16:13,2021-01-05T20:45:39,2023-09-03T13:13:49
ACC001469,CUST000325,ACCTNO0000001469,savings,BR00010,FNTK000100,INR,1568369.37,1528353.4,2019-10-11T04:29:38,active,5.82,1000,0,Jagat Butala,,EMP000092,2020-05-30T20:51:46,2019-10-11T04:29:38,2023-06-21T02:34:26
ACC001470,CUST000831,ACCTNO0000001470,recurring_deposit,BR00015,FNTK000150,INR,1970388.88,1799405.16,2017-11-15T12:28:31,active,6.21,500,0,Gaurangi Bal,,EMP000100,2018-07-07T04:15:30,2017-11-15T12:28:31,2020-10-02T23:14:37
ACC001471,CUST000176,ACCTNO0000001471,salary,BR00010,FNTK000100,INR,1046445.74,1030898.24,2018-01-23T23:28:56,active,3.32,0,0,Abeer Baral,,EMP000075,2020-06-25T01:09:59,2018-01-23T23:28:56,2019-08-12T13:16:39
ACC001472,CUST000357,ACCTNO0000001472,salary,BR00013,FNTK000130,INR,1081858.85,1071389.26,2021-07-08T06:01:48,active,4.25,0,0,Nachiket Mohanty,,EMP000028,2023-02-24T16:44:43,2021-07-08T06:01:48,2026-06-29T18:06:27
ACC001473,CUST000737,ACCTNO0000001473,savings,BR00006,FNTK000060,INR,1064483.23,982867.01,2018-03-27T19:38:03,active,4.18,0,0,Victor Kata,,EMP000011,2024-11-29T09:40:44,2018-03-27T19:38:03,2023-09-03T02:51:50
ACC001474,CUST000303,ACCTNO0000001474,savings,BR00013,FNTK000130,INR,1808954.35,1767554.07,2018-10-27T13:50:54,active,5.58,10000,0,Warjas Deep,,EMP000008,2023-03-06T14:04:35,2018-10-27T13:50:54,2021-08-15T15:21:35
ACC001475,CUST000758,ACCTNO0000001475,savings,BR00007,FNTK000070,INR,888360.44,808824.44,2022-12-17T02:02:53,active,5.86,5000,0,Eshana Nadig,,EMP000024,2025-12-24T18:40:47,2022-12-17T02:02:53,2025-05-24T07:38:04
ACC001476,CUST000426,ACCTNO0000001476,savings,BR00011,FNTK000110,INR,1079067.16,988109.33,2017-10-28T02:46:41,active,3.81,10000,0,Sathvik Ahluwalia,,EMP000085,2019-02-27T09:51:51,2017-10-28T02:46:41,2023-03-23T00:39:08
ACC001477,CUST000936,ACCTNO0000001477,savings,BR00014,FNTK000140,INR,226648.21,215133.1,2017-09-19T00:35:43,closed,5.94,0,0,Harini Srivastava,,EMP000078,2024-09-02T19:55:46,2017-09-19T00:35:43,2018-06-20T19:51:19
ACC001478,CUST000539,ACCTNO0000001478,savings,BR00020,FNTK000200,INR,1013820.57,957632.54,2022-04-08T12:21:14,active,5.71,5000,0,Samar Sandal,,EMP000017,2025-05-30T13:44:16,2022-04-08T12:21:14,2025-11-08T04:57:57
ACC001479,CUST000063,ACCTNO0000001479,savings,BR00011,FNTK000110,INR,1114027.08,1030535.54,2024-10-23T01:58:18,active,5.55,1000,0,Harish Mander,Bhavani Venkatesh,EMP000085,2025-06-13T12:30:13,2024-10-23T01:58:18,2026-05-06T19:08:39
ACC001480,CUST000573,ACCTNO0000001480,savings,BR00007,FNTK000070,INR,395340.72,385318.96,2018-12-16T02:10:09,active,4.51,10000,0,Libni Swaminathan,,EMP000050,2024-01-31T12:44:28,2018-12-16T02:10:09,2025-05-20T07:36:56
ACC001481,CUST000322,ACCTNO0000001481,savings,BR00013,FNTK000130,INR,1216283.2,1215849.27,2019-05-19T23:40:10,active,3.55,5000,0,Xalak Kapadia,,EMP000043,2021-04-18T10:29:28,2019-05-19T23:40:10,2020-12-09T12:07:37
ACC001482,CUST000073,ACCTNO0000001482,current,BR00007,FNTK000070,INR,692383.89,624679.79,2018-10-17T06:13:17,active,0.0,5000,0,Saumya Sastry,,EMP000077,2025-07-31T06:32:04,2018-10-17T06:13:17,2019-09-06T15:11:42
ACC001483,CUST000124,ACCTNO0000001483,current,BR00014,FNTK000140,INR,1004975.81,999329.15,2023-12-18T18:45:35,dormant,0.0,25000,0,Odika Doctor,,EMP000066,2024-12-03T16:39:24,2023-12-18T18:45:35,2024-12-23T15:55:31
ACC001484,CUST000093,ACCTNO0000001484,fixed_deposit,BR00020,FNTK000200,INR,150174.29,143083.26,2020-06-03T12:16:53,active,7.71,10000,0,Kai Peri,,EMP000033,2023-05-17T19:07:51,2020-06-03T12:16:53,2022-09-30T20:32:33
ACC001485,CUST000781,ACCTNO0000001485,salary,BR00018,FNTK000180,INR,1557479.2,1482856.66,2018-05-23T10:01:10,active,3.11,0,0,Jyoti Mani,,EMP000091,2021-01-02T23:47:31,2018-05-23T10:01:10,2019-08-16T00:02:48
ACC001486,CUST000518,ACCTNO0000001486,fixed_deposit,BR00005,FNTK000050,INR,452523.38,409344.67,2020-04-01T00:37:01,active,6.9,10000,0,Ekaraj Vora,,EMP000087,2020-10-03T02:29:02,2020-04-01T00:37:01,2025-10-12T15:21:00
ACC001487,CUST000384,ACCTNO0000001487,salary,BR00015,FNTK000150,INR,855606.16,844240.59,2023-08-25T20:27:11,active,3.17,0,0,Oscar Cherian,Ranveer Bhatnagar,EMP000042,2024-06-16T04:16:37,2023-08-25T20:27:11,2025-01-01T21:51:43
ACC001488,CUST000086,ACCTNO0000001488,current,BR00008,FNTK000080,INR,142806.97,134130.89,2021-07-12T18:43:07,blocked,0.0,25000,25000,Ryan Dhar,,EMP000050,2022-02-08T22:20:41,2021-07-12T18:43:07,2023-10-26T22:01:11
ACC001489,CUST000536,ACCTNO0000001489,savings,BR00003,FNTK000030,INR,1990185.22,1956546.12,2019-10-12T02:01:11,active,5.94,0,0,Dalaja Chanda,,EMP000041,2023-06-29T23:25:20,2019-10-12T02:01:11,2023-04-25T18:05:08
ACC001490,CUST000220,ACCTNO0000001490,salary,BR00006,FNTK000060,INR,1761938.45,1755020.99,2023-08-25T11:52:22,active,3.03,0,0,Krishna Anand,,EMP000039,2025-12-20T04:11:20,2023-08-25T11:52:22,2025-02-06T19:23:54
ACC001491,CUST000576,ACCTNO0000001491,savings,BR00016,FNTK000160,INR,1490437.3,1371644.39,2022-08-25T17:24:53,active,6.05,5000,0,Zinal Konda,Adweta Suri,EMP000051,2022-10-10T12:36:33,2022-08-25T17:24:53,2022-12-28T00:59:31
ACC001492,CUST000577,ACCTNO0000001492,current,BR00001,FNTK000010,INR,771259.59,763404.64,2016-06-18T05:02:34,active,0.0,25000,0,Samar Sheth,Arjun Walia,EMP000094,2026-06-20T23:33:49,2016-06-18T05:02:34,2019-02-06T20:52:52
ACC001493,CUST000909,ACCTNO0000001493,savings,BR00014,FNTK000140,INR,1854798.95,1823079.02,2018-06-10T18:37:26,active,4.78,5000,0,Urishilla Raval,,EMP000072,2022-06-22T00:47:01,2018-06-10T18:37:26,2022-07-03T13:29:14
ACC001494,CUST000898,ACCTNO0000001494,current,BR00016,FNTK000160,INR,452700.8,441922.3,2015-01-01T22:00:31,active,0.0,5000,10000,Tamanna Goel,,EMP000025,2022-09-08T16:58:44,2015-01-01T22:00:31,2019-08-22T11:02:56
ACC001495,CUST000902,ACCTNO0000001495,current,BR00006,FNTK000060,INR,1303797.02,1227935.7,2017-03-04T14:21:02,active,0.0,25000,10000,Inaya Srinivasan,,EMP000083,2024-07-07T02:23:18,2017-03-04T14:21:02,2022-12-27T16:24:50
ACC001496,CUST000664,ACCTNO0000001496,savings,BR00006,FNTK000060,INR,730270.62,690417.95,2021-05-28T00:47:09,active,6.05,10000,0,Ekani Lad,,EMP000034,2021-07-10T03:27:22,2021-05-28T00:47:09,2023-05-26T04:17:48
ACC001497,CUST000992,ACCTNO0000001497,salary,BR00019,FNTK000190,INR,1511971.92,1398090.45,2023-09-06T01:38:04,active,3.4,0,0,Amaira Sule,,EMP000043,2024-09-08T00:30:36,2023-09-06T01:38:04,2025-05-18T08:59:58
ACC001498,CUST000870,ACCTNO0000001498,current,BR00019,FNTK000190,INR,1373249.14,1271903.86,2017-11-19T07:13:43,active,0.0,5000,0,Ladli Dubey,,EMP000034,2026-04-21T08:27:08,2017-11-19T07:13:43,2024-08-25T15:28:30
ACC001499,CUST000972,ACCTNO0000001499,savings,BR00018,FNTK000180,INR,136124.42,132429.39,2018-06-02T06:28:41,blocked,4.87,0,0,Eshana Dhar,,EMP000078,2019-10-25T23:20:36,2018-06-02T06:28:41,2025-07-08T23:15:13
ACC001500,CUST000234,ACCTNO0000001500,savings,BR00005,FNTK000050,INR,1809877.28,1785651.96,2019-01-31T06:54:10,active,5.08,5000,0,Yasti Setty,Wridesh Chaudry,EMP000046,2025-08-17T10:49:16,2019-01-31T06:54:10,2024-12-12T20:05:59
