card_id,customer_id,account_id,card_number_masked,card_type,card_network,issue_date,expiry_date,credit_limit,available_credit,status,is_contactless,pin_set,billing_cycle_day,last_used_date,reward_points,created_at
CARD000001,CUST000948,ACC001401,XXXX-XXXX-XXXX-3336,credit,mastercard,2024-11-07T08:46:32,2027-11-07T08:46:32,477854.18,61308.54,active,True,True,26,2025-09-03T11:55:20,34981,2024-11-07T08:46:32
CARD000002,CUST000514,ACC000315,XXXX-XXXX-XXXX-4221,debit,rupay,2024-08-16T10:31:58,2029-08-15T10:31:58,0.0,0.0,active,True,True,22,2024-12-03T16:29:10,16145,2024-08-16T10:31:58
CARD000003,CUST000199,ACC000236,XXXX-XXXX-XXXX-9528,debit,visa,2021-04-08T03:02:54,2025-04-07T03:02:54,0.0,0.0,expired,False,True,9,2024-12-18T15:55:36,33310,2021-04-08T03:02:54
CARD000004,CUST000194,ACC001128,XXXX-XXXX-XXXX-4959,credit,mastercard,2024-08-03T02:58:51,2028-08-02T02:58:51,638830.74,83422.56,active,True,True,19,2026-05-20T08:11:36,37237,2024-08-03T02:58:51
CARD000005,CUST000261,ACC000185,XXXX-XXXX-XXXX-7322,debit,rupay,2019-12-20T19:23:09,2024-12-18T19:23:09,0.0,0.0,expired,True,False,6,2025-08-20T12:06:38,29022,2019-12-20T19:23:09
CARD000006,CUST000972,ACC000552,XXXX-XXXX-XXXX-7683,debit,mastercard,2021-02-01T20:43:22,2024-02-01T20:43:22,0.0,0.0,expired,True,True,9,2025-01-15T16:36:42,46981,2021-02-01T20:43:22
CARD000007,CUST000229,ACC000709,XXXX-XXXX-XXXX-6051,credit,rupay,2023-10-20T18:13:47,2026-10-19T18:13:47,274476.05,117428.8,active,False,True,26,2024-11-05T23:52:21,2717,2023-10-20T18:13:47
CARD000008,CUST000836,ACC000385,XXXX-XXXX-XXXX-3908,credit,mastercard,2020-06-18T17:26:49,2024-06-17T17:26:49,547224.43,370578.84,expired,True,True,25,2026-01-29T22:38:09,34249,2020-06-18T17:26:49
CARD000009,CUST000045,ACC001160,XXXX-XXXX-XXXX-5857,debit,visa,2021-09-02T16:42:27,2026-09-01T16:42:27,0.0,0.0,expired,True,True,3,2026-03-15T06:35:09,40343,2021-09-02T16:42:27
CARD000010,CUST000964,ACC001375,XXXX-XXXX-XXXX-9409,debit,mastercard,2021-11-23T11:56:29,2025-11-22T11:56:29,0.0,0.0,expired,False,True,9,2021-12-02T13:10:19,8227,2021-11-23T11:56:29
CARD000011,CUST000011,ACC000943,XXXX-XXXX-XXXX-4626,credit,mastercard,2023-08-30T15:01:20,2026-08-29T15:01:20,439701.22,291273.72,expired,True,True,4,2026-05-10T21:50:13,16603,2023-08-30T15:01:20
CARD000012,CUST000139,ACC000316,XXXX-XXXX-XXXX-3710,credit,rupay,2024-10-16T02:37:26,2027-10-16T02:37:26,57844.45,33128.64,active,True,True,11,2025-05-16T15:43:11,34957,2024-10-16T02:37:26
CARD000013,CUST000394,ACC001104,XXXX-XXXX-XXXX-9905,credit,mastercard,2024-02-03T04:57:01,2029-02-01T04:57:01,316664.36,98621.49,active,True,True,7,2025-06-21T10:35:19,33030,2024-02-03T04:57:01
CARD000014,CUST000385,ACC000371,XXXX-XXXX-XXXX-6020,credit,mastercard,2019-07-07T07:00:55,2022-07-06T07:00:55,540768.64,123984.2,expired,False,True,13,2020-03-31T17:42:48,34154,2019-07-07T07:00:55
CARD000015,CUST000518,ACC001486,XXXX-XXXX-XXXX-1976,debit,rupay,2025-02-08T02:37:31,2028-02-08T02:37:31,0.0,0.0,active,True,True,5,2026-01-08T14:38:25,26300,2025-02-08T02:37:31
CARD000016,CUST000076,ACC000305,XXXX-XXXX-XXXX-4414,credit,visa,2019-03-23T05:20:01,2024-03-21T05:20:01,974388.22,711115.49,expired,True,True,28,2026-05-30T22:58:32,24167,2019-03-23T05:20:01
CARD000017,CUST000722,ACC000015,XXXX-XXXX-XXXX-9173,debit,rupay,2024-01-29T12:40:38,2029-01-27T12:40:38,0.0,0.0,active,True,True,25,2025-10-05T06:14:42,18676,2024-01-29T12:40:38
CARD000018,CUST000661,ACC001390,XXXX-XXXX-XXXX-5922,credit,mastercard,2023-05-28T05:42:08,2026-05-27T05:42:08,463540.56,114956.23,expired,False,True,9,2025-12-14T00:39:33,15678,2023-05-28T05:42:08
CARD000019,CUST000257,ACC000740,XXXX-XXXX-XXXX-6010,credit,rupay,2022-01-02T15:23:40,2026-01-01T15:23:40,417910.67,73146.69,expired,True,True,23,2023-05-15T16:55:35,42914,2022-01-02T15:23:40
CARD000020,CUST000161,ACC000651,XXXX-XXXX-XXXX-9763,credit,visa,2019-03-17T22:38:29,2023-03-16T22:38:29,333951.66,284090.21,expired,True,True,25,2019-12-13T20:12:52,42914,2019-03-17T22:38:29
CARD000021,CUST000934,ACC000627,XXXX-XXXX-XXXX-3784,debit,mastercard,2024-08-19T00:31:56,2027-08-19T00:31:56,0.0,0.0,expired,True,True,15,2025-05-20T14:16:48,42168,2024-08-19T00:31:56
CARD000022,CUST000050,ACC000135,XXXX-XXXX-XXXX-3773,debit,visa,2023-02-01T23:17:18,2027-01-31T23:17:18,0.0,0.0,active,True,True,4,2025-04-21T14:13:13,32703,2023-02-01T23:17:18
CARD000023,CUST000498,ACC000562,XXXX-XXXX-XXXX-7312,debit,rupay,2022-03-11T08:37:57,2027-03-10T08:37:57,0.0,0.0,active,True,True,8,2025-01-27T16:27:38,25315,2022-03-11T08:37:57
CARD000024,CUST000526,ACC000668,XXXX-XXXX-XXXX-9766,debit,visa,2019-09-02T03:17:27,2023-09-01T03:17:27,0.0,0.0,expired,True,True,4,2020-03-15T23:03:29,24160,2019-09-02T03:17:27
CARD000025,CUST000850,ACC000875,XXXX-XXXX-XXXX-9199,debit,mastercard,2023-12-14T02:07:00,2027-12-13T02:07:00,0.0,0.0,active,True,True,12,2024-10-26T06:55:38,40781,2023-12-14T02:07:00
CARD000026,CUST000643,ACC000983,XXXX-XXXX-XXXX-4657,debit,visa,2020-12-16T13:36:21,2023-12-16T13:36:21,0.0,0.0,expired,True,True,3,2025-12-07T01:07:24,4818,2020-12-16T13:36:21
CARD000027,CUST000671,ACC000787,XXXX-XXXX-XXXX-3093,debit,mastercard,2022-09-22T21:09:48,2026-09-21T21:09:48,0.0,0.0,expired,True,True,18,2023-06-06T09:09:20,19082,2022-09-22T21:09:48
CARD000028,CUST000673,ACC000688,XXXX-XXXX-XXXX-9445,credit,rupay,2019-11-29T22:22:33,2022-11-28T22:22:33,360140.79,240209.98,expired,True,True,22,2024-11-17T10:29:00,6184,2019-11-29T22:22:33
CARD000029,CUST000767,ACC000867,XXXX-XXXX-XXXX-9473,debit,visa,2024-11-28T08:05:00,2028-11-27T08:05:00,0.0,0.0,active,False,True,19,2026-08-12T13:18:29,23423,2024-11-28T08:05:00
CARD000030,CUST000284,ACC001307,XXXX-XXXX-XXXX-7546,credit,mastercard,2023-03-30T21:07:21,2026-03-29T21:07:21,950943.65,701780.45,expired,False,True,14,2024-06-16T06:24:30,22041,2023-03-30T21:07:21
CARD000031,CUST000870,ACC001498,XXXX-XXXX-XXXX-9185,debit,mastercard,2022-07-16T09:57:09,2027-07-15T09:57:09,0.0,0.0,active,True,True,7,2023-09-16T15:59:18,24152,2022-07-16T09:57:09
CARD000032,CUST000220,ACC000243,XXXX-XXXX-XXXX-5609,credit,rupay,2024-05-17T06:46:43,2029-05-16T06:46:43,369236.62,75148.66,active,True,True,7,2025-05-06T00:43:50,42325,2024-05-17T06:46:43
CARD000033,CUST000758,ACC001475,XXXX-XXXX-XXXX-4674,debit,mastercard,2024-06-01T13:28:17,2028-05-31T13:28:17,0.0,0.0,active,False,True,6,2026-01-11T07:04:23,8292,2024-06-01T13:28:17
CARD000034,CUST000858,ACC000216,XXXX-XXXX-XXXX-2279,debit,visa,2024-03-15T13:53:39,2027-03-15T13:53:39,0.0,0.0,active,True,True,21,2025-11-13T18:44:01,45828,2024-03-15T13:53:39
CARD000035,CUST000786,ACC000352,XXXX-XXXX-XXXX-4806,credit,mastercard,2023-02-26T19:35:19,2027-02-25T19:35:19,308018.64,170579.09,expired,True,True,4,2025-10-13T06:08:40,16752,2023-02-26T19:35:19
CARD000036,CUST000592,ACC000991,XXXX-XXXX-XXXX-3835,debit,visa,2021-11-02T19:29:47,2025-11-01T19:29:47,0.0,0.0,expired,True,True,24,2024-12-22T08:24:33,39973,2021-11-02T19:29:47
CARD000037,CUST000163,ACC001346,XXXX-XXXX-XXXX-7458,credit,mastercard,2020-11-18T07:20:03,2023-11-18T07:20:03,928147.47,477061.27,expired,False,True,5,2021-07-20T07:50:13,14992,2020-11-18T07:20:03
CARD000038,CUST000277,ACC001326,XXXX-XXXX-XXXX-6475,credit,mastercard,2020-09-10T13:36:54,2025-09-09T13:36:54,508239.47,359566.25,expired,False,True,17,2021-10-17T22:37:11,49807,2020-09-10T13:36:54
CARD000039,CUST000364,ACC001158,XXXX-XXXX-XXXX-7739,credit,visa,2021-11-19T03:30:54,2026-11-18T03:30:54,770056.56,84214.13,active,True,True,21,2025-05-16T20:29:51,7936,2021-11-19T03:30:54
CARD000040,CUST000259,ACC001170,XXXX-XXXX-XXXX-7478,debit,mastercard,2021-03-23T18:58:52,2024-03-22T18:58:52,0.0,0.0,expired,True,True,15,2021-09-06T10:13:08,40344,2021-03-23T18:58:52
CARD000041,CUST000946,ACC000591,XXXX-XXXX-XXXX-5667,credit,mastercard,2023-09-22T16:02:53,2027-09-21T16:02:53,641623.47,372392.91,active,True,True,6,2026-04-17T14:14:22,31021,2023-09-22T16:02:53
CARD000042,CUST000358,ACC000457,XXXX-XXXX-XXXX-7521,credit,mastercard,2020-01-30T16:53:27,2025-01-28T16:53:27,457449.56,455884.35,expired,True,True,17,2023-08-30T00:10:18,23052,2020-01-30T16:53:27
CARD000043,CUST000541,ACC000290,XXXX-XXXX-XXXX-3473,credit,visa,2022-05-31T20:21:42,2026-05-30T20:21:42,118105.49,31020.9,expired,False,True,27,2023-03-30T01:26:24,12369,2022-05-31T20:21:42
CARD000044,CUST000581,ACC001045,XXXX-XXXX-XXXX-4186,credit,visa,2024-12-22T09:38:35,2028-12-21T09:38:35,273204.85,131816.78,blocked,False,True,9,2026-07-27T22:31:54,15748,2024-12-22T09:38:35
CARD000045,CUST000868,ACC000151,XXXX-XXXX-XXXX-4209,debit,mastercard,2025-03-11T05:42:51,2030-03-10T05:42:51,0.0,0.0,active,True,True,14,2025-03-16T05:30:38,25612,2025-03-11T05:42:51
CARD000046,CUST000650,ACC000361,XXXX-XXXX-XXXX-8966,debit,visa,2024-11-11T08:33:47,2029-11-10T08:33:47,0.0,0.0,active,False,True,6,2025-07-28T09:36:08,16368,2024-11-11T08:33:47
CARD000047,CUST000896,ACC000998,XXXX-XXXX-XXXX-7099,debit,visa,2024-06-23T22:37:50,2028-06-22T22:37:50,0.0,0.0,active,True,True,2,2025-07-22T05:43:35,9545,2024-06-23T22:37:50
CARD000048,CUST000930,ACC001286,XXXX-XXXX-XXXX-8675,debit,rupay,2020-05-16T09:03:57,2025-05-15T09:03:57,0.0,0.0,expired,True,True,16,2025-01-14T11:59:09,39921,2020-05-16T09:03:57
CARD000049,CUST000659,ACC000908,XXXX-XXXX-XXXX-9084,credit,mastercard,2021-12-18T06:36:06,2026-12-17T06:36:06,485029.29,419208.62,active,True,True,1,2025-09-06T00:03:51,38905,2021-12-18T06:36:06
CARD000050,CUST000534,ACC000857,XXXX-XXXX-XXXX-3208,credit,visa,2022-03-13T13:32:13,2025-03-12T13:32:13,91956.22,87587.48,expired,True,True,13,2023-07-30T14:53:40,20662,2022-03-13T13:32:13
CARD000051,CUST001000,ACC001224,XXXX-XXXX-XXXX-2518,debit,mastercard,2019-10-22T18:51:48,2024-10-20T18:51:48,0.0,0.0,expired,True,True,27,2024-10-01T01:32:04,8659,2019-10-22T18:51:48
CARD000052,CUST000447,ACC001402,XXXX-XXXX-XXXX-7093,credit,visa,2021-12-25T19:11:11,2024-12-24T19:11:11,86273.34,18086.76,expired,False,True,12,2025-09-14T07:52:03,47477,2021-12-25T19:11:11
CARD000053,CUST000181,ACC000186,XXXX-XXXX-XXXX-4334,credit,rupay,2021-07-20T03:37:56,2025-07-19T03:37:56,755033.4,372289.6,expired,True,True,6,2025-03-30T14:26:36,27181,2021-07-20T03:37:56
CARD000054,CUST000737,ACC000647,XXXX-XXXX-XXXX-8063,credit,visa,2019-02-08T06:46:10,2023-02-07T06:46:10,453526.28,451424.33,expired,True,True,5,2020-07-11T14:24:12,41551,2019-02-08T06:46:10
CARD000055,CUST000630,ACC000928,XXXX-XXXX-XXXX-6482,credit,rupay,2022-09-16T08:51:27,2026-09-15T08:51:27,766505.81,84226.66,expired,True,True,17,2025-10-08T18:33:05,622,2022-09-16T08:51:27
CARD000056,CUST000137,ACC001300,XXXX-XXXX-XXXX-7461,debit,rupay,2021-03-20T14:28:44,2026-03-19T14:28:44,0.0,0.0,expired,True,True,22,2025-07-30T11:43:28,44955,2021-03-20T14:28:44
CARD000057,CUST000602,ACC000557,XXXX-XXXX-XXXX-6943,debit,visa,2023-01-11T18:48:51,2028-01-10T18:48:51,0.0,0.0,blocked,True,True,17,2024-06-12T09:26:18,46893,2023-01-11T18:48:51
CARD000058,CUST000009,ACC000029,XXXX-XXXX-XXXX-4243,debit,visa,2021-08-03T21:44:49,2026-08-02T21:44:49,0.0,0.0,expired,True,True,1,2023-09-09T20:44:02,41073,2021-08-03T21:44:49
CARD000059,CUST000935,ACC001252,XXXX-XXXX-XXXX-6192,credit,visa,2019-07-09T13:42:40,2022-07-08T13:42:40,547162.46,455426.95,expired,True,True,16,2026-07-31T16:39:58,6718,2019-07-09T13:42:40
CARD000060,CUST000114,ACC001234,XXXX-XXXX-XXXX-6935,debit,mastercard,2022-06-12T13:45:09,2026-06-11T13:45:09,0.0,0.0,expired,True,True,28,2025-02-06T18:39:06,36216,2022-06-12T13:45:09
CARD000061,CUST000143,ACC000717,XXXX-XXXX-XXXX-5881,credit,visa,2024-03-09T09:12:46,2029-03-08T09:12:46,124337.2,67551.28,active,True,True,18,2025-05-17T11:10:37,46073,2024-03-09T09:12:46
CARD000062,CUST000223,ACC001287,XXXX-XXXX-XXXX-7524,credit,visa,2020-07-12T04:00:12,2025-07-11T04:00:12,134404.66,37941.29,expired,True,True,24,2026-05-11T21:19:52,17712,2020-07-12T04:00:12
CARD000063,CUST000401,ACC000638,XXXX-XXXX-XXXX-6157,credit,mastercard,2020-07-07T17:40:52,2024-07-06T17:40:52,601276.89,541252.53,expired,True,True,24,2025-03-12T15:02:12,21870,2020-07-07T17:40:52
CARD000064,CUST000569,ACC000992,XXXX-XXXX-XXXX-1760,credit,visa,2024-06-25T03:26:47,2028-06-24T03:26:47,265381.53,125664.81,blocked,True,True,6,2025-06-11T02:14:49,31431,2024-06-25T03:26:47
CARD000065,CUST000778,ACC001203,XXXX-XXXX-XXXX-2582,debit,visa,2019-04-29T15:34:37,2024-04-27T15:34:37,0.0,0.0,expired,False,True,27,2024-02-18T15:15:53,46986,2019-04-29T15:34:37
CARD000066,CUST000741,ACC001371,XXXX-XXXX-XXXX-6948,credit,rupay,2021-04-28T03:40:07,2026-04-27T03:40:07,799903.48,129028.45,expired,True,True,6,2022-05-21T17:44:41,9491,2021-04-28T03:40:07
CARD000067,CUST000700,ACC000314,XXXX-XXXX-XXXX-6312,credit,rupay,2021-10-30T19:11:50,2025-10-29T19:11:50,102442.74,67469.12,expired,True,True,21,2024-06-24T14:19:47,27879,2021-10-30T19:11:50
CARD000068,CUST000837,ACC000957,XXXX-XXXX-XXXX-8811,debit,visa,2024-01-18T00:29:46,2029-01-16T00:29:46,0.0,0.0,active,True,True,7,2024-02-25T05:56:15,18756,2024-01-18T00:29:46
CARD000069,CUST000580,ACC000558,XXXX-XXXX-XXXX-1796,credit,visa,2021-02-03T03:25:39,2026-02-02T03:25:39,760201.5,508809.52,expired,True,True,3,2022-02-17T19:27:29,31502,2021-02-03T03:25:39
CARD000070,CUST000331,ACC000724,XXXX-XXXX-XXXX-7258,credit,mastercard,2022-07-22T10:27:10,2027-07-21T10:27:10,968219.64,98365.31,active,True,True,18,2023-05-04T19:30:04,32132,2022-07-22T10:27:10
CARD000071,CUST000387,ACC001318,XXXX-XXXX-XXXX-5112,credit,mastercard,2024-10-03T15:25:18,2029-10-02T15:25:18,698934.14,307369.21,active,True,True,4,2025-03-09T14:03:40,41002,2024-10-03T15:25:18
CARD000072,CUST000300,ACC000550,XXXX-XXXX-XXXX-5846,credit,visa,2023-05-15T19:48:27,2026-05-14T19:48:27,954374.88,271333.44,expired,True,True,7,2024-08-14T13:22:13,3610,2023-05-15T19:48:27
CARD000073,CUST000519,ACC000990,XXXX-XXXX-XXXX-4952,credit,visa,2024-05-22T07:28:08,2029-05-21T07:28:08,906395.99,381691.94,blocked,True,True,16,2026-03-26T06:06:40,49403,2024-05-22T07:28:08
CARD000074,CUST000382,ACC000206,XXXX-XXXX-XXXX-1511,debit,mastercard,2024-08-08T20:53:37,2028-08-07T20:53:37,0.0,0.0,active,True,True,26,2025-06-02T06:12:38,1723,2024-08-08T20:53:37
CARD000075,CUST000122,ACC000731,XXXX-XXXX-XXXX-7987,credit,mastercard,2023-03-20T20:32:13,2027-03-19T20:32:13,455310.04,392654.45,active,True,False,17,2025-07-17T12:17:00,25545,2023-03-20T20:32:13
CARD000076,CUST000991,ACC000825,XXXX-XXXX-XXXX-5980,debit,visa,2020-12-18T16:29:08,2024-12-17T16:29:08,0.0,0.0,expired,True,True,12,2024-08-08T07:05:27,5927,2020-12-18T16:29:08
CARD000077,CUST000074,ACC000919,XXXX-XXXX-XXXX-1943,debit,visa,2022-01-24T16:03:25,2027-01-23T16:03:25,0.0,0.0,active,True,True,24,2024-10-02T12:09:14,34395,2022-01-24T16:03:25
CARD000078,CUST000378,ACC001155,XXXX-XXXX-XXXX-9361,debit,mastercard,2023-05-29T19:20:42,2027-05-28T19:20:42,0.0,0.0,active,True,True,21,2025-05-16T11:02:17,49336,2023-05-29T19:20:42
CARD000079,CUST000808,ACC001026,XXXX-XXXX-XXXX-8453,credit,rupay,2019-12-16T14:40:36,2022-12-15T14:40:36,463247.29,243511.84,expired,True,True,13,2021-06-07T17:01:34,21360,2019-12-16T14:40:36
CARD000080,CUST000685,ACC001201,XXXX-XXXX-XXXX-3665,debit,mastercard,2024-09-24T08:29:05,2027-09-24T08:29:05,0.0,0.0,blocked,True,True,28,2025-04-06T14:14:25,4177,2024-09-24T08:29:05
CARD000081,CUST000778,ACC001203,XXXX-XXXX-XXXX-6778,credit,mastercard,2019-01-14T17:34:40,2023-01-13T17:34:40,71118.61,34656.46,expired,True,True,11,2024-11-05T09:25:11,20040,2019-01-14T17:34:40
CARD000082,CUST000910,ACC001015,XXXX-XXXX-XXXX-2522,credit,visa,2020-04-11T05:42:55,2025-04-10T05:42:55,705575.76,697232.31,expired,True,True,4,2022-12-24T20:05:16,29183,2020-04-11T05:42:55
CARD000083,CUST000366,ACC000981,XXXX-XXXX-XXXX-3238,debit,mastercard,2023-03-08T04:27:36,2028-03-06T04:27:36,0.0,0.0,active,False,True,13,2025-06-21T02:40:14,31697,2023-03-08T04:27:36
CARD000084,CUST000016,ACC000959,XXXX-XXXX-XXXX-4864,credit,rupay,2024-06-29T01:13:01,2028-06-28T01:13:01,519686.92,493898.15,active,True,True,20,2025-05-21T05:45:43,25854,2024-06-29T01:13:01
CARD000085,CUST000782,ACC000864,XXXX-XXXX-XXXX-2941,credit,visa,2020-04-05T11:07:40,2023-04-05T11:07:40,273332.64,134769.8,expired,True,True,20,2024-04-22T19:56:20,49524,2020-04-05T11:07:40
CARD000086,CUST000226,ACC000173,XXXX-XXXX-XXXX-1798,debit,mastercard,2022-05-01T14:29:05,2026-04-30T14:29:05,0.0,0.0,expired,True,True,19,2024-12-01T12:06:39,20488,2022-05-01T14:29:05
CARD000087,CUST000775,ACC000712,XXXX-XXXX-XXXX-2855,debit,visa,2021-12-29T02:50:22,2026-12-28T02:50:22,0.0,0.0,active,True,True,1,2022-05-03T11:20:25,30972,2021-12-29T02:50:22
CARD000088,CUST000338,ACC000163,XXXX-XXXX-XXXX-6424,debit,mastercard,2024-06-05T12:42:25,2027-06-05T12:42:25,0.0,0.0,active,True,True,22,2024-12-25T21:23:00,36512,2024-06-05T12:42:25
CARD000089,CUST000268,ACC000225,XXXX-XXXX-XXXX-2227,credit,mastercard,2020-02-18T11:07:56,2025-02-16T11:07:56,169249.07,163913.3,expired,True,True,9,2026-02-15T17:53:04,34480,2020-02-18T11:07:56
CARD000090,CUST000850,ACC000076,XXXX-XXXX-XXXX-3686,debit,rupay,2023-01-30T05:36:14,2028-01-29T05:36:14,0.0,0.0,active,True,True,28,2024-04-08T07:26:58,29454,2023-01-30T05:36:14
CARD000091,CUST000209,ACC000289,XXXX-XXXX-XXXX-3297,debit,visa,2023-08-12T00:50:39,2028-08-10T00:50:39,0.0,0.0,active,True,True,10,2024-01-13T19:14:08,12142,2023-08-12T00:50:39
CARD000092,CUST000984,ACC001322,XXXX-XXXX-XXXX-6145,credit,rupay,2024-02-06T18:00:26,2027-02-05T18:00:26,152063.95,98974.98,active,True,True,3,2026-04-18T17:10:11,46654,2024-02-06T18:00:26
CARD000093,CUST000256,ACC000142,XXXX-XXXX-XXXX-6489,debit,mastercard,2022-09-27T03:11:48,2026-09-26T03:11:48,0.0,0.0,active,True,True,17,2025-04-10T16:34:01,8806,2022-09-27T03:11:48
CARD000094,CUST000376,ACC000726,XXXX-XXXX-XXXX-6034,debit,visa,2021-10-01T08:20:26,2026-09-30T08:20:26,0.0,0.0,expired,False,True,7,2024-02-10T07:29:48,44722,2021-10-01T08:20:26
CARD000095,CUST000326,ACC000178,XXXX-XXXX-XXXX-3666,debit,rupay,2022-11-30T03:18:37,2027-11-29T03:18:37,0.0,0.0,active,True,True,8,2025-09-07T10:35:01,34003,2022-11-30T03:18:37
CARD000096,CUST000616,ACC000049,XXXX-XXXX-XXXX-4980,credit,mastercard,2020-10-14T01:58:13,2025-10-13T01:58:13,554400.19,185726.39,expired,False,True,10,2023-11-12T08:31:26,34359,2020-10-14T01:58:13
CARD000097,CUST000647,ACC000332,XXXX-XXXX-XXXX-4403,credit,rupay,2021-05-23T05:10:05,2026-05-22T05:10:05,830760.33,591806.27,expired,True,False,6,2024-11-04T15:18:49,42737,2021-05-23T05:10:05
CARD000098,CUST000186,ACC000082,XXXX-XXXX-XXXX-7438,credit,visa,2022-12-28T09:01:41,2027-12-27T09:01:41,182846.65,67648.91,blocked,True,True,9,2025-01-05T10:53:47,5222,2022-12-28T09:01:41
CARD000099,CUST000514,ACC000315,XXXX-XXXX-XXXX-5875,credit,visa,2024-06-02T01:55:15,2029-06-01T01:55:15,120509.76,109825.35,active,True,True,25,2025-02-02T17:20:27,45930,2024-06-02T01:55:15
CARD000100,CUST000630,ACC000928,XXXX-XXXX-XXXX-3691,credit,rupay,2025-05-03T12:01:13,2028-05-02T12:01:13,792835.89,521907.16,active,True,True,25,2026-05-07T22:35:53,44398,2025-05-03T12:01:13
CARD000101,CUST000781,ACC001459,XXXX-XXXX-XXXX-4795,debit,visa,2021-10-02T19:15:55,2025-10-01T19:15:55,0.0,0.0,expired,True,True,17,2023-09-14T09:02:53,28875,2021-10-02T19:15:55
CARD000102,CUST000940,ACC000181,XXXX-XXXX-XXXX-8333,credit,visa,2020-04-27T18:29:26,2025-04-26T18:29:26,615265.34,354597.53,expired,True,True,8,2023-03-11T15:07:16,6426,2020-04-27T18:29:26
CARD000103,CUST000401,ACC000638,XXXX-XXXX-XXXX-8310,credit,rupay,2023-08-29T22:02:51,2027-08-28T22:02:51,908075.52,637935.57,expired,False,True,10,2025-03-07T14:23:39,22934,2023-08-29T22:02:51
CARD000104,CUST000177,ACC001317,XXXX-XXXX-XXXX-9805,credit,mastercard,2021-04-17T18:43:41,2024-04-16T18:43:41,292191.06,143841.06,expired,True,True,14,2023-06-19T23:05:55,44900,2021-04-17T18:43:41
CARD000105,CUST000136,ACC001049,XXXX-XXXX-XXXX-1534,credit,mastercard,2021-11-24T14:44:22,2024-11-23T14:44:22,127353.8,66841.75,expired,True,True,3,2025-08-30T00:22:48,13647,2021-11-24T14:44:22
CARD000106,CUST000076,ACC000305,XXXX-XXXX-XXXX-1162,debit,mastercard,2020-05-15T05:14:16,2025-05-14T05:14:16,0.0,0.0,expired,True,True,3,2021-03-02T06:43:53,38222,2020-05-15T05:14:16
CARD000107,CUST000164,ACC001404,XXXX-XXXX-XXXX-2525,debit,mastercard,2019-08-31T19:01:13,2022-08-30T19:01:13,0.0,0.0,expired,True,True,14,2024-06-26T01:57:22,46525,2019-08-31T19:01:13
CARD000108,CUST000924,ACC000187,XXXX-XXXX-XXXX-9507,debit,rupay,2022-06-05T16:14:39,2026-06-04T16:14:39,0.0,0.0,expired,False,True,26,2024-03-02T19:44:41,26298,2022-06-05T16:14:39
CARD000109,CUST000421,ACC001275,XXXX-XXXX-XXXX-9112,debit,mastercard,2019-12-18T21:46:29,2022-12-17T21:46:29,0.0,0.0,expired,True,True,6,2026-04-13T00:22:15,7002,2019-12-18T21:46:29
CARD000110,CUST000172,ACC000129,XXXX-XXXX-XXXX-4978,debit,mastercard,2020-03-13T11:31:55,2023-03-13T11:31:55,0.0,0.0,expired,True,True,14,2021-05-04T07:53:34,10729,2020-03-13T11:31:55
CARD000111,CUST000381,ACC001008,XXXX-XXXX-XXXX-3517,credit,visa,2019-08-12T10:22:31,2023-08-11T10:22:31,96200.57,29075.51,expired,True,True,20,2020-03-31T04:00:44,10724,2019-08-12T10:22:31
CARD000112,CUST000956,ACC000176,XXXX-XXXX-XXXX-8724,credit,visa,2022-09-24T22:11:19,2027-09-23T22:11:19,432609.52,160927.26,active,True,True,27,2025-12-14T01:04:40,32042,2022-09-24T22:11:19
CARD000113,CUST000299,ACC000490,XXXX-XXXX-XXXX-6608,credit,visa,2022-10-01T09:54:45,2025-09-30T09:54:45,62290.85,60625.9,expired,True,True,5,2023-11-18T04:42:57,31986,2022-10-01T09:54:45
CARD000114,CUST000743,ACC001069,XXXX-XXXX-XXXX-3516,credit,visa,2025-05-17T03:28:32,2028-05-16T03:28:32,815557.07,335457.06,active,True,True,12,2025-09-16T17:55:26,43596,2025-05-17T03:28:32
CARD000115,CUST000200,ACC001449,XXXX-XXXX-XXXX-8864,credit,rupay,2023-05-28T06:19:13,2027-05-27T06:19:13,616877.15,580854.35,active,True,True,20,2025-09-14T22:36:01,3997,2023-05-28T06:19:13
CARD000116,CUST000824,ACC000343,XXXX-XXXX-XXXX-5067,credit,rupay,2019-03-31T23:17:11,2022-03-30T23:17:11,662187.3,378416.51,expired,True,True,17,2024-09-04T03:21:26,11863,2019-03-31T23:17:11
CARD000117,CUST000803,ACC000346,XXXX-XXXX-XXXX-6706,credit,rupay,2023-09-26T01:45:48,2026-09-25T01:45:48,633237.06,166013.39,expired,True,True,13,2024-08-25T11:59:07,2504,2023-09-26T01:45:48
CARD000118,CUST000019,ACC000782,XXXX-XXXX-XXXX-4236,credit,mastercard,2023-06-12T23:27:22,2028-06-10T23:27:22,315022.43,86887.42,active,True,True,28,2024-06-03T00:32:35,14306,2023-06-12T23:27:22
CARD000119,CUST000540,ACC001039,XXXX-XXXX-XXXX-8655,credit,mastercard,2022-10-18T16:21:49,2025-10-17T16:21:49,109168.81,52809.74,expired,True,True,14,2026-04-16T09:27:38,47652,2022-10-18T16:21:49
CARD000120,CUST000809,ACC000571,XXXX-XXXX-XXXX-6736,credit,rupay,2020-01-23T04:44:14,2023-01-22T04:44:14,566620.84,557083.81,expired,False,True,17,2020-08-01T11:40:37,36557,2020-01-23T04:44:14
CARD000121,CUST000420,ACC001386,XXXX-XXXX-XXXX-6679,credit,mastercard,2021-02-15T18:16:19,2025-02-14T18:16:19,691663.29,309313.16,expired,False,False,12,2022-08-06T23:51:30,17628,2021-02-15T18:16:19
CARD000122,CUST000846,ACC000205,XXXX-XXXX-XXXX-5000,debit,rupay,2023-02-21T03:31:37,2027-02-20T03:31:37,0.0,0.0,active,True,True,19,2024-05-05T23:40:52,23286,2023-02-21T03:31:37
CARD000123,CUST000978,ACC000355,XXXX-XXXX-XXXX-8866,debit,visa,2024-04-21T00:47:51,2027-04-21T00:47:51,0.0,0.0,active,False,True,22,2025-01-19T07:41:35,18561,2024-04-21T00:47:51
CARD000124,CUST000381,ACC000028,XXXX-XXXX-XXXX-7505,credit,visa,2022-06-09T22:41:37,2026-06-08T22:41:37,168307.14,130654.48,expired,True,True,7,2025-12-20T05:29:19,3115,2022-06-09T22:41:37
CARD000125,CUST000614,ACC000879,XXXX-XXXX-XXXX-1278,debit,mastercard,2019-03-10T21:23:44,2023-03-09T21:23:44,0.0,0.0,expired,True,True,5,2021-04-14T07:37:05,43753,2019-03-10T21:23:44
CARD000126,CUST000447,ACC000554,XXXX-XXXX-XXXX-7195,credit,mastercard,2022-07-04T00:03:56,2027-07-03T00:03:56,715005.95,201653.93,active,False,True,6,2025-05-24T07:50:11,43968,2022-07-04T00:03:56
CARD000127,CUST000598,ACC000699,XXXX-XXXX-XXXX-6183,debit,mastercard,2023-04-15T12:02:03,2026-04-14T12:02:03,0.0,0.0,expired,True,True,1,2023-11-10T22:05:02,12479,2023-04-15T12:02:03
CARD000128,CUST000937,ACC000238,XXXX-XXXX-XXXX-7513,debit,rupay,2024-01-13T05:09:44,2029-01-11T05:09:44,0.0,0.0,active,True,True,6,2025-06-08T10:22:18,47373,2024-01-13T05:09:44
CARD000129,CUST000219,ACC001061,XXXX-XXXX-XXXX-9946,credit,visa,2020-05-11T13:40:50,2023-05-11T13:40:50,773072.21,431821.89,expired,False,True,25,2023-07-05T10:11:18,9218,2020-05-11T13:40:50
CARD000130,CUST000461,ACC000127,XXXX-XXXX-XXXX-3461,credit,visa,2020-02-10T13:10:32,2024-02-09T13:10:32,390096.59,383324.38,expired,True,True,16,2026-02-17T11:34:34,33106,2020-02-10T13:10:32
CARD000131,CUST000557,ACC001345,XXXX-XXXX-XXXX-4069,credit,rupay,2025-05-28T08:24:01,2029-05-27T08:24:01,529674.18,130559.33,blocked,True,True,11,2025-09-05T18:20:32,5918,2025-05-28T08:24:01
CARD000132,CUST000028,ACC000854,XXXX-XXXX-XXXX-5253,debit,visa,2022-08-01T15:18:31,2025-07-31T15:18:31,0.0,0.0,expired,False,True,25,2025-06-13T19:57:40,18749,2022-08-01T15:18:31
CARD000133,CUST000396,ACC000274,XXXX-XXXX-XXXX-4004,credit,visa,2023-02-06T05:27:07,2026-02-05T05:27:07,288217.77,254521.25,expired,True,True,2,2026-05-06T13:05:36,45467,2023-02-06T05:27:07
CARD000134,CUST000523,ACC001014,XXXX-XXXX-XXXX-4281,debit,mastercard,2024-09-25T08:29:48,2029-09-24T08:29:48,0.0,0.0,active,True,True,21,2026-03-30T12:15:08,17448,2024-09-25T08:29:48
CARD000135,CUST000178,ACC000534,XXXX-XXXX-XXXX-5072,credit,visa,2023-11-23T15:48:28,2028-11-21T15:48:28,846601.86,476793.91,active,True,True,5,2023-12-21T09:53:41,37247,2023-11-23T15:48:28
CARD000136,CUST000361,ACC000273,XXXX-XXXX-XXXX-8488,debit,visa,2024-02-20T14:46:39,2029-02-18T14:46:39,0.0,0.0,blocked,False,True,14,2024-12-13T20:30:41,44483,2024-02-20T14:46:39
CARD000137,CUST000609,ACC000940,XXXX-XXXX-XXXX-7797,debit,mastercard,2022-06-02T05:56:50,2027-06-01T05:56:50,0.0,0.0,blocked,True,True,27,2026-04-12T19:27:08,2501,2022-06-02T05:56:50
CARD000138,CUST000706,ACC000366,XXXX-XXXX-XXXX-3607,debit,mastercard,2025-02-05T09:23:55,2029-02-04T09:23:55,0.0,0.0,blocked,False,True,22,2025-11-25T23:34:30,4523,2025-02-05T09:23:55
CARD000139,CUST000475,ACC000842,XXXX-XXXX-XXXX-3391,credit,visa,2024-11-14T04:43:07,2028-11-13T04:43:07,137608.04,61551.85,active,False,False,14,2025-09-28T02:30:53,41432,2024-11-14T04:43:07
CARD000140,CUST000118,ACC000092,XXXX-XXXX-XXXX-3701,debit,visa,2020-08-16T12:14:22,2024-08-15T12:14:22,0.0,0.0,expired,True,True,26,2023-01-30T08:36:28,45413,2020-08-16T12:14:22
CARD000141,CUST000809,ACC000571,XXXX-XXXX-XXXX-4393,credit,visa,2024-12-12T03:09:42,2028-12-11T03:09:42,539974.26,270347.41,active,False,True,27,2025-11-11T14:15:10,46732,2024-12-12T03:09:42
CARD000142,CUST000698,ACC000313,XXXX-XXXX-XXXX-2234,debit,visa,2023-03-13T17:22:32,2026-03-12T17:22:32,0.0,0.0,expired,True,True,12,2023-12-16T16:42:28,16984,2023-03-13T17:22:32
CARD000143,CUST000631,ACC000329,XXXX-XXXX-XXXX-8565,credit,mastercard,2023-01-20T19:49:30,2027-01-19T19:49:30,403148.66,240546.61,active,True,True,19,2026-02-25T14:33:32,9712,2023-01-20T19:49:30
CARD000144,CUST000539,ACC001478,XXXX-XXXX-XXXX-5999,credit,visa,2019-11-11T18:57:20,2023-11-10T18:57:20,683959.77,513996.0,expired,True,True,2,2023-12-16T08:43:28,33197,2019-11-11T18:57:20
CARD000145,CUST000845,ACC000839,XXXX-XXXX-XXXX-2221,credit,mastercard,2022-12-22T10:09:24,2027-12-21T10:09:24,535628.85,203005.78,active,True,True,22,2025-05-06T21:56:14,47493,2022-12-22T10:09:24
CARD000146,CUST000479,ACC001047,XXXX-XXXX-XXXX-8656,debit,mastercard,2019-07-31T09:09:11,2023-07-30T09:09:11,0.0,0.0,expired,False,False,13,2026-08-23T01:26:53,2868,2019-07-31T09:09:11
CARD000147,CUST000788,ACC001100,XXXX-XXXX-XXXX-8497,debit,visa,2020-06-19T17:16:00,2024-06-18T17:16:00,0.0,0.0,expired,False,True,22,2024-05-26T03:21:24,1057,2020-06-19T17:16:00
CARD000148,CUST000581,ACC000210,XXXX-XXXX-XXXX-2298,credit,visa,2024-11-13T05:24:51,2029-11-12T05:24:51,798626.03,197045.96,active,True,True,12,2025-07-28T11:39:22,20270,2024-11-13T05:24:51
CARD000149,CUST000339,ACC000221,XXXX-XXXX-XXXX-8777,debit,visa,2023-04-07T18:40:09,2028-04-05T18:40:09,0.0,0.0,active,True,True,20,2023-12-20T19:12:57,46961,2023-04-07T18:40:09
CARD000150,CUST000613,ACC000311,XXXX-XXXX-XXXX-9492,credit,rupay,2023-08-07T03:27:00,2028-08-05T03:27:00,639409.6,375299.06,active,True,True,1,2024-09-27T08:42:30,25069,2023-08-07T03:27:00
CARD000151,CUST000538,ACC001314,XXXX-XXXX-XXXX-3472,debit,mastercard,2019-10-11T01:52:25,2022-10-10T01:52:25,0.0,0.0,expired,True,True,17,2026-01-29T06:27:59,46998,2019-10-11T01:52:25
CARD000152,CUST000464,ACC000702,XXXX-XXXX-XXXX-6375,credit,visa,2019-10-10T22:17:59,2022-10-09T22:17:59,114791.88,86132.14,expired,True,True,20,2025-09-14T15:26:32,30442,2019-10-10T22:17:59
CARD000153,CUST000269,ACC000663,XXXX-XXXX-XXXX-5647,debit,visa,2019-06-25T18:26:22,2022-06-24T18:26:22,0.0,0.0,expired,True,True,8,2021-10-10T17:34:31,2278,2019-06-25T18:26:22
CARD000154,CUST000515,ACC001463,XXXX-XXXX-XXXX-6442,debit,mastercard,2021-11-19T05:05:13,2026-11-18T05:05:13,0.0,0.0,blocked,True,True,4,2024-10-21T20:58:57,34339,2021-11-19T05:05:13
CARD000155,CUST000686,ACC000622,XXXX-XXXX-XXXX-1076,credit,visa,2020-02-21T01:56:30,2023-02-20T01:56:30,587776.29,363573.37,expired,True,True,17,2024-01-30T02:40:37,6994,2020-02-21T01:56:30
CARD000156,CUST000605,ACC000530,XXXX-XXXX-XXXX-3092,credit,mastercard,2019-12-02T10:19:49,2024-11-30T10:19:49,900444.84,142287.68,expired,False,True,4,2026-05-04T02:52:38,12201,2019-12-02T10:19:49
CARD000157,CUST000411,ACC001053,XXXX-XXXX-XXXX-2481,debit,rupay,2024-06-01T20:55:03,2029-05-31T20:55:03,0.0,0.0,active,True,True,6,2024-06-13T16:40:20,168,2024-06-01T20:55:03
CARD000158,CUST000818,ACC001103,XXXX-XXXX-XXXX-8131,debit,rupay,2024-12-27T04:25:38,2028-12-26T04:25:38,0.0,0.0,active,False,True,7,2026-02-22T19:57:56,43678,2024-12-27T04:25:38
CARD000159,CUST000871,ACC001310,XXXX-XXXX-XXXX-3285,credit,mastercard,2021-08-26T19:39:55,2025-08-25T19:39:55,180143.11,80226.44,expired,False,True,16,2024-02-08T15:01:09,25731,2021-08-26T19:39:55
CARD000160,CUST000678,ACC000010,XXXX-XXXX-XXXX-6075,credit,visa,2021-09-28T04:53:08,2024-09-27T04:53:08,541159.23,513240.38,expired,False,True,8,2024-01-19T03:00:00,38109,2021-09-28T04:53:08
CARD000161,CUST000094,ACC001327,XXXX-XXXX-XXXX-4791,credit,visa,2022-05-05T03:22:27,2025-05-04T03:22:27,111830.16,69940.95,expired,False,True,11,2022-06-29T11:34:19,15687,2022-05-05T03:22:27
CARD000162,CUST000906,ACC000118,XXXX-XXXX-XXXX-3189,credit,mastercard,2025-04-24T04:34:33,2028-04-23T04:34:33,632368.91,586769.7,active,False,True,12,2025-08-26T08:48:06,40592,2025-04-24T04:34:33
CARD000163,CUST000073,ACC000649,XXXX-XXXX-XXXX-2153,debit,rupay,2020-05-29T15:39:53,2024-05-28T15:39:53,0.0,0.0,expired,True,True,25,2026-07-24T13:12:02,29022,2020-05-29T15:39:53
CARD000164,CUST000658,ACC000933,XXXX-XXXX-XXXX-5688,credit,rupay,2021-07-31T11:40:23,2025-07-30T11:40:23,322374.02,101939.25,expired,True,True,8,2023-11-06T18:47:21,10116,2021-07-31T11:40:23
CARD000165,CUST000168,ACC000133,XXXX-XXXX-XXXX-2411,debit,rupay,2024-02-26T12:55:38,2027-02-25T12:55:38,0.0,0.0,active,True,True,6,2024-05-28T09:49:40,25227,2024-02-26T12:55:38
CARD000166,CUST000123,ACC001164,XXXX-XXXX-XXXX-4468,debit,mastercard,2022-03-05T09:28:35,2026-03-04T09:28:35,0.0,0.0,expired,True,True,26,2023-08-17T14:23:06,41249,2022-03-05T09:28:35
CARD000167,CUST000977,ACC001351,XXXX-XXXX-XXXX-4611,credit,rupay,2023-08-09T15:52:59,2026-08-08T15:52:59,726176.28,370254.57,expired,False,True,1,2023-12-21T02:33:38,48840,2023-08-09T15:52:59
CARD000168,CUST000917,ACC000767,XXXX-XXXX-XXXX-2029,credit,visa,2023-06-04T14:01:03,2026-06-03T14:01:03,687628.37,463766.1,expired,True,True,2,2024-10-15T08:41:00,22434,2023-06-04T14:01:03
CARD000169,CUST000918,ACC000884,XXXX-XXXX-XXXX-2495,debit,mastercard,2024-09-10T01:58:49,2028-09-09T01:58:49,0.0,0.0,active,True,True,20,2025-11-23T08:00:26,42613,2024-09-10T01:58:49
CARD000170,CUST000108,ACC000460,XXXX-XXXX-XXXX-4351,debit,mastercard,2021-04-23T11:09:02,2024-04-22T11:09:02,0.0,0.0,expired,True,True,5,2021-07-06T23:48:17,34104,2021-04-23T11:09:02
CARD000171,CUST000556,ACC001467,XXXX-XXXX-XXXX-6549,debit,rupay,2023-06-26T09:12:20,2026-06-25T09:12:20,0.0,0.0,expired,True,True,21,2023-09-17T09:03:22,28580,2023-06-26T09:12:20
CARD000172,CUST000482,ACC000224,XXXX-XXXX-XXXX-4715,credit,mastercard,2022-03-08T16:55:44,2026-03-07T16:55:44,967520.39,190632.17,expired,True,True,15,2023-04-30T05:39:13,39941,2022-03-08T16:55:44
CARD000173,CUST000317,ACC001131,XXXX-XXXX-XXXX-6410,debit,mastercard,2023-02-10T15:19:17,2027-02-09T15:19:17,0.0,0.0,blocked,False,True,23,2024-07-21T06:17:34,28440,2023-02-10T15:19:17
CARD000174,CUST000447,ACC000554,XXXX-XXXX-XXXX-7870,credit,mastercard,2023-05-13T07:43:23,2028-05-11T07:43:23,670024.26,632395.39,active,True,True,25,2025-11-06T07:33:54,5935,2023-05-13T07:43:23
CARD000175,CUST000453,ACC000276,XXXX-XXXX-XXXX-8291,credit,visa,2024-09-15T09:56:39,2028-09-14T09:56:39,656632.66,205990.6,blocked,True,True,6,2025-12-22T20:06:26,44806,2024-09-15T09:56:39
CARD000176,CUST000537,ACC001316,XXXX-XXXX-XXXX-7244,debit,mastercard,2024-11-21T00:42:25,2029-11-20T00:42:25,0.0,0.0,expired,False,True,14,2024-11-26T14:23:43,205,2024-11-21T00:42:25
CARD000177,CUST000248,ACC000365,XXXX-XXXX-XXXX-6314,credit,visa,2020-01-01T20:49:12,2022-12-31T20:49:12,618596.24,480561.15,expired,False,True,22,2023-10-04T20:44:39,42166,2020-01-01T20:49:12
CARD000178,CUST000623,ACC000170,XXXX-XXXX-XXXX-1193,credit,mastercard,2019-07-19T23:39:27,2022-07-18T23:39:27,834640.92,513732.86,expired,True,True,28,2022-08-15T22:04:43,27510,2019-07-19T23:39:27
CARD000179,CUST000711,ACC001273,XXXX-XXXX-XXXX-5300,debit,visa,2023-08-21T13:53:39,2026-08-20T13:53:39,0.0,0.0,expired,True,False,19,2024-02-18T04:02:51,9700,2023-08-21T13:53:39
CARD000180,CUST000866,ACC000707,XXXX-XXXX-XXXX-4925,debit,mastercard,2024-05-23T06:04:09,2028-05-22T06:04:09,0.0,0.0,active,True,True,10,2026-03-12T12:26:47,39180,2024-05-23T06:04:09
CARD000181,CUST000530,ACC001298,XXXX-XXXX-XXXX-4514,credit,rupay,2023-04-24T03:15:10,2026-04-23T03:15:10,510583.9,300823.1,expired,True,True,9,2023-07-14T10:32:42,37219,2023-04-24T03:15:10
CARD000182,CUST000393,ACC001369,XXXX-XXXX-XXXX-1427,debit,visa,2024-03-22T23:30:34,2029-03-21T23:30:34,0.0,0.0,active,True,True,24,2025-07-29T14:32:51,39898,2024-03-22T23:30:34
CARD000183,CUST000716,ACC000245,XXXX-XXXX-XXXX-9630,credit,rupay,2024-12-15T03:09:17,2028-12-14T03:09:17,56121.4,42405.19,blocked,True,True,16,2026-04-02T06:27:18,30358,2024-12-15T03:09:17
CARD000184,CUST000276,ACC000306,XXXX-XXXX-XXXX-4043,credit,visa,2024-12-11T21:00:15,2028-12-10T21:00:15,636556.49,188678.96,active,True,True,17,2025-09-22T18:05:08,14322,2024-12-11T21:00:15
CARD000185,CUST000790,ACC000666,XXXX-XXXX-XXXX-1997,debit,rupay,2022-05-18T19:21:08,2025-05-17T19:21:08,0.0,0.0,expired,True,True,3,2022-06-01T09:10:34,29259,2022-05-18T19:21:08
CARD000186,CUST000899,ACC000317,XXXX-XXXX-XXXX-5024,credit,mastercard,2019-01-26T00:41:44,2023-01-25T00:41:44,892865.37,631135.12,expired,True,True,7,2023-07-02T11:13:34,17040,2019-01-26T00:41:44
CARD000187,CUST000595,ACC000676,XXXX-XXXX-XXXX-5449,credit,mastercard,2020-10-24T06:24:38,2024-10-23T06:24:38,272138.2,143883.46,expired,True,True,8,2026-02-22T04:45:44,47675,2020-10-24T06:24:38
CARD000188,CUST000389,ACC000037,XXXX-XXXX-XXXX-8356,debit,visa,2024-12-03T10:02:47,2028-12-02T10:02:47,0.0,0.0,active,True,True,24,2025-05-14T08:25:09,42428,2024-12-03T10:02:47
CARD000189,CUST000017,ACC000392,XXXX-XXXX-XXXX-8901,credit,mastercard,2024-06-18T09:57:41,2028-06-17T09:57:41,748426.54,622711.76,active,False,False,28,2025-12-16T15:37:29,639,2024-06-18T09:57:41
CARD000190,CUST000260,ACC000794,XXXX-XXXX-XXXX-4532,credit,mastercard,2023-11-21T20:50:17,2026-11-20T20:50:17,322088.43,271775.86,active,False,True,17,2025-06-02T01:24:00,2262,2023-11-21T20:50:17
CARD000191,CUST000045,ACC001110,XXXX-XXXX-XXXX-3325,debit,visa,2024-12-04T22:09:54,2029-12-03T22:09:54,0.0,0.0,blocked,False,True,3,2025-11-28T11:20:17,38497,2024-12-04T22:09:54
CARD000192,CUST000835,ACC001173,XXXX-XXXX-XXXX-6732,credit,visa,2023-01-23T07:11:48,2027-01-22T07:11:48,573621.34,364062.21,active,True,True,16,2026-04-05T23:54:47,48210,2023-01-23T07:11:48
CARD000193,CUST000242,ACC001019,XXXX-XXXX-XXXX-2412,credit,visa,2024-06-10T12:34:51,2027-06-10T12:34:51,597264.18,401065.08,active,False,True,26,2024-08-04T06:55:34,7138,2024-06-10T12:34:51
CARD000194,CUST000723,ACC000989,XXXX-XXXX-XXXX-4817,debit,visa,2023-11-28T16:22:46,2026-11-27T16:22:46,0.0,0.0,active,False,True,22,2025-06-09T08:15:45,4872,2023-11-28T16:22:46
CARD000195,CUST000432,ACC000456,XXXX-XXXX-XXXX-2955,credit,mastercard,2022-06-08T09:31:26,2025-06-07T09:31:26,58009.75,30867.3,expired,True,True,7,2025-10-04T22:52:03,11955,2022-06-08T09:31:26
CARD000196,CUST000136,ACC000215,XXXX-XXXX-XXXX-7213,debit,visa,2024-09-26T19:22:27,2027-09-26T19:22:27,0.0,0.0,active,False,True,18,2025-06-22T05:52:59,31914,2024-09-26T19:22:27
CARD000197,CUST000528,ACC000397,XXXX-XXXX-XXXX-2993,credit,mastercard,2020-03-09T06:47:26,2023-03-09T06:47:26,336706.76,141470.87,expired,True,True,21,2024-07-19T09:03:37,21609,2020-03-09T06:47:26
CARD000198,CUST000479,ACC001047,XXXX-XXXX-XXXX-4507,debit,rupay,2021-12-21T06:31:45,2026-12-20T06:31:45,0.0,0.0,blocked,True,True,27,2024-08-30T02:54:37,30413,2021-12-21T06:31:45
CARD000199,CUST000992,ACC001497,XXXX-XXXX-XXXX-4543,credit,visa,2023-05-16T16:55:45,2027-05-15T16:55:45,344401.62,57510.17,blocked,True,True,7,2025-09-09T16:54:20,42460,2023-05-16T16:55:45
CARD000200,CUST000838,ACC001209,XXXX-XXXX-XXXX-3528,credit,rupay,2022-04-02T11:21:28,2025-04-01T11:21:28,251457.09,99877.15,expired,True,True,3,2025-09-12T09:08:14,38910,2022-04-02T11:21:28
CARD000201,CUST000104,ACC000174,XXXX-XXXX-XXXX-7054,debit,visa,2021-12-24T08:00:52,2025-12-23T08:00:52,0.0,0.0,expired,True,True,19,2026-07-09T15:24:52,27762,2021-12-24T08:00:52
CARD000202,CUST000148,ACC000390,XXXX-XXXX-XXXX-9360,credit,rupay,2024-05-12T17:33:02,2027-05-12T17:33:02,578850.35,234671.13,blocked,False,True,5,2025-04-18T06:05:47,5333,2024-05-12T17:33:02
CARD000203,CUST000277,ACC000809,XXXX-XXXX-XXXX-7261,credit,visa,2019-05-09T19:41:36,2024-05-07T19:41:36,967204.99,398125.54,expired,True,True,19,2021-09-01T09:06:33,39875,2019-05-09T19:41:36
CARD000204,CUST000510,ACC001398,XXXX-XXXX-XXXX-4456,debit,rupay,2020-01-17T04:16:34,2024-01-16T04:16:34,0.0,0.0,expired,True,False,15,2022-05-26T11:12:08,10312,2020-01-17T04:16:34
CARD000205,CUST000246,ACC000286,XXXX-XXXX-XXXX-3636,debit,mastercard,2021-12-31T07:39:57,2025-12-30T07:39:57,0.0,0.0,expired,True,True,25,2023-07-17T10:04:45,6335,2021-12-31T07:39:57
CARD000206,CUST000739,ACC000975,XXXX-XXXX-XXXX-8412,debit,visa,2021-09-07T01:44:10,2026-09-06T01:44:10,0.0,0.0,expired,True,True,17,2022-02-02T17:03:57,22655,2021-09-07T01:44:10
CARD000207,CUST000108,ACC000460,XXXX-XXXX-XXXX-5369,credit,rupay,2022-07-09T08:56:52,2025-07-08T08:56:52,302390.64,175948.96,expired,False,True,26,2025-07-11T07:49:56,29574,2022-07-09T08:56:52
CARD000208,CUST000456,ACC000565,XXXX-XXXX-XXXX-1440,credit,rupay,2022-03-25T08:28:15,2026-03-24T08:28:15,127468.06,77754.69,expired,False,True,23,2023-06-15T04:29:42,45936,2022-03-25T08:28:15
CARD000209,CUST000286,ACC001153,XXXX-XXXX-XXXX-9273,credit,mastercard,2023-06-24T12:59:04,2026-06-23T12:59:04,179620.15,86696.5,expired,False,True,7,2024-05-30T02:09:16,26333,2023-06-24T12:59:04
CARD000210,CUST000961,ACC000837,XXXX-XXXX-XXXX-2970,credit,visa,2025-03-12T08:27:14,2028-03-11T08:27:14,172180.31,152210.72,active,True,True,6,2026-02-09T14:50:31,36341,2025-03-12T08:27:14
CARD000211,CUST000828,ACC000448,XXXX-XXXX-XXXX-6219,credit,mastercard,2021-05-10T10:47:33,2025-05-09T10:47:33,788932.48,544155.01,expired,False,True,4,2025-10-04T23:37:00,851,2021-05-10T10:47:33
CARD000212,CUST000550,ACC000603,XXXX-XXXX-XXXX-9817,credit,visa,2022-01-03T18:31:48,2026-01-02T18:31:48,322409.34,277960.0,expired,True,True,14,2026-05-28T06:39:57,2775,2022-01-03T18:31:48
CARD000213,CUST000887,ACC000198,XXXX-XXXX-XXXX-8464,debit,visa,2021-09-07T11:43:50,2025-09-06T11:43:50,0.0,0.0,expired,True,True,23,2023-07-11T04:15:45,49595,2021-09-07T11:43:50
CARD000214,CUST000600,ACC000883,XXXX-XXXX-XXXX-9271,debit,visa,2022-12-30T11:27:21,2025-12-29T11:27:21,0.0,0.0,expired,True,True,20,2025-10-22T08:43:29,10651,2022-12-30T11:27:21
CARD000215,CUST000653,ACC000415,XXXX-XXXX-XXXX-9876,credit,mastercard,2024-05-03T12:16:39,2029-05-02T12:16:39,388425.58,339960.08,active,True,True,1,2025-02-23T09:32:52,29485,2024-05-03T12:16:39
CARD000216,CUST001000,ACC001224,XXXX-XXXX-XXXX-1954,debit,rupay,2022-07-20T21:29:47,2025-07-19T21:29:47,0.0,0.0,expired,True,True,24,2026-08-15T12:33:31,39610,2022-07-20T21:29:47
CARD000217,CUST000095,ACC001315,XXXX-XXXX-XXXX-3359,debit,visa,2023-12-15T10:42:57,2028-12-13T10:42:57,0.0,0.0,active,True,True,21,2024-10-14T15:25:46,16596,2023-12-15T10:42:57
CARD000218,CUST000280,ACC000465,XXXX-XXXX-XXXX-3320,credit,visa,2021-08-12T08:52:00,2026-08-11T08:52:00,523494.2,181424.19,expired,False,True,22,2024-10-14T01:41:35,24931,2021-08-12T08:52:00
CARD000219,CUST000860,ACC000895,XXXX-XXXX-XXXX-7508,debit,mastercard,2022-06-16T22:48:19,2026-06-15T22:48:19,0.0,0.0,expired,False,True,16,2024-03-29T23:47:05,8990,2022-06-16T22:48:19
CARD000220,CUST000355,ACC000089,XXXX-XXXX-XXXX-3739,debit,visa,2019-10-10T10:39:50,2023-10-09T10:39:50,0.0,0.0,expired,True,True,19,2022-03-12T03:05:19,238,2019-10-10T10:39:50
CARD000221,CUST000225,ACC000419,XXXX-XXXX-XXXX-3805,credit,mastercard,2021-05-15T18:43:41,2024-05-14T18:43:41,431192.78,80803.5,expired,True,False,13,2022-12-02T18:34:35,5844,2021-05-15T18:43:41
CARD000222,CUST000788,ACC001306,XXXX-XXXX-XXXX-8155,debit,visa,2019-08-17T12:23:14,2024-08-15T12:23:14,0.0,0.0,expired,True,True,10,2023-08-17T01:27:27,10273,2019-08-17T12:23:14
CARD000223,CUST000785,ACC001446,XXXX-XXXX-XXXX-1813,debit,mastercard,2023-04-22T06:45:49,2026-04-21T06:45:49,0.0,0.0,expired,True,True,13,2025-02-22T15:04:48,47527,2023-04-22T06:45:49
CARD000224,CUST000687,ACC000747,XXXX-XXXX-XXXX-9788,debit,visa,2024-03-17T11:04:19,2028-03-16T11:04:19,0.0,0.0,active,False,True,1,2024-09-13T23:56:36,15593,2024-03-17T11:04:19
CARD000225,CUST000465,ACC001305,XXXX-XXXX-XXXX-2834,credit,visa,2021-04-10T00:36:41,2025-04-09T00:36:41,315149.99,111608.14,expired,True,True,15,2025-01-27T01:15:26,16202,2021-04-10T00:36:41
CARD000226,CUST000004,ACC000502,XXXX-XXXX-XXXX-3998,credit,mastercard,2023-10-29T05:19:41,2028-10-27T05:19:41,175238.93,61226.46,active,True,True,1,2025-10-12T23:24:37,46811,2023-10-29T05:19:41
CARD000227,CUST000419,ACC000307,XXXX-XXXX-XXXX-8663,debit,mastercard,2019-08-21T05:05:46,2024-08-19T05:05:46,0.0,0.0,expired,False,True,8,2026-08-05T17:23:54,22000,2019-08-21T05:05:46
CARD000228,CUST000472,ACC001256,XXXX-XXXX-XXXX-3333,debit,visa,2021-07-04T01:36:18,2026-07-03T01:36:18,0.0,0.0,expired,True,True,6,2022-11-28T16:12:25,18655,2021-07-04T01:36:18
CARD000229,CUST000334,ACC000070,XXXX-XXXX-XXXX-9274,debit,mastercard,2021-11-15T13:36:54,2026-11-14T13:36:54,0.0,0.0,active,True,True,2,2023-03-08T19:49:04,30255,2021-11-15T13:36:54
CARD000230,CUST000173,ACC001370,XXXX-XXXX-XXXX-6949,debit,mastercard,2023-05-13T07:00:16,2028-05-11T07:00:16,0.0,0.0,expired,False,True,15,2025-09-29T02:07:42,33721,2023-05-13T07:00:16
CARD000231,CUST000035,ACC000704,XXXX-XXXX-XXXX-8202,credit,visa,2020-07-24T14:39:56,2025-07-23T14:39:56,234916.66,187887.57,expired,False,True,11,2024-01-07T11:55:07,10296,2020-07-24T14:39:56
CARD000232,CUST000168,ACC000133,XXXX-XXXX-XXXX-3041,credit,mastercard,2022-10-16T04:14:58,2027-10-15T04:14:58,601170.85,189673.02,active,True,True,3,2024-11-24T03:59:05,35551,2022-10-16T04:14:58
CARD000233,CUST000760,ACC000838,XXXX-XXXX-XXXX-9131,debit,mastercard,2019-08-08T23:10:41,2024-08-06T23:10:41,0.0,0.0,expired,True,True,2,2023-05-11T17:15:24,26838,2019-08-08T23:10:41
CARD000234,CUST000858,ACC000216,XXXX-XXXX-XXXX-5341,debit,visa,2020-02-06T19:23:12,2024-02-05T19:23:12,0.0,0.0,expired,True,True,19,2023-03-16T11:38:09,39405,2020-02-06T19:23:12
CARD000235,CUST000729,ACC000125,XXXX-XXXX-XXXX-4714,credit,visa,2019-08-05T22:53:11,2023-08-04T22:53:11,824717.51,156239.71,expired,False,True,24,2026-07-13T12:57:42,49592,2019-08-05T22:53:11
CARD000236,CUST000596,ACC000168,XXXX-XXXX-XXXX-9246,debit,rupay,2020-07-06T12:34:02,2025-07-05T12:34:02,0.0,0.0,expired,True,True,7,2025-04-03T08:22:28,33066,2020-07-06T12:34:02
CARD000237,CUST000423,ACC000057,XXXX-XXXX-XXXX-5316,credit,mastercard,2023-09-06T21:35:56,2026-09-05T21:35:56,427627.23,264536.71,expired,True,True,3,2025-10-18T08:37:45,17343,2023-09-06T21:35:56
CARD000238,CUST000029,ACC001263,XXXX-XXXX-XXXX-8459,credit,mastercard,2020-11-09T05:58:28,2024-11-08T05:58:28,279654.53,262196.13,expired,False,True,10,2020-11-14T05:04:36,14433,2020-11-09T05:58:28
CARD000239,CUST000455,ACC000877,XXXX-XXXX-XXXX-6518,credit,rupay,2020-07-21T23:02:01,2025-07-20T23:02:01,173679.32,150516.92,expired,True,True,15,2021-08-23T09:13:41,45218,2020-07-21T23:02:01
CARD000240,CUST000818,ACC000734,XXXX-XXXX-XXXX-7438,debit,visa,2022-05-29T13:44:48,2026-05-28T13:44:48,0.0,0.0,expired,False,True,10,2024-01-03T09:38:27,27884,2022-05-29T13:44:48
CARD000241,CUST000921,ACC000539,XXXX-XXXX-XXXX-1131,credit,rupay,2023-12-07T19:42:34,2026-12-06T19:42:34,660968.69,215264.32,active,True,True,1,2025-07-21T16:00:07,23993,2023-12-07T19:42:34
CARD000242,CUST000375,ACC000770,XXXX-XXXX-XXXX-8458,debit,visa,2022-05-05T05:15:44,2026-05-04T05:15:44,0.0,0.0,expired,True,False,25,2023-05-12T11:45:12,1678,2022-05-05T05:15:44
CARD000243,CUST000520,ACC000410,XXXX-XXXX-XXXX-1669,debit,mastercard,2020-12-27T05:36:50,2023-12-27T05:36:50,0.0,0.0,expired,True,True,24,2026-04-10T18:18:04,678,2020-12-27T05:36:50
CARD000244,CUST000338,ACC000853,XXXX-XXXX-XXXX-9257,debit,mastercard,2020-08-24T23:55:46,2023-08-24T23:55:46,0.0,0.0,expired,True,True,11,2023-04-04T21:03:50,1865,2020-08-24T23:55:46
CARD000245,CUST000367,ACC000634,XXXX-XXXX-XXXX-1988,credit,rupay,2022-10-17T20:41:34,2026-10-16T20:41:34,463856.13,192780.85,active,False,True,3,2026-02-26T00:25:14,8177,2022-10-17T20:41:34
CARD000246,CUST000858,ACC000216,XXXX-XXXX-XXXX-8735,debit,rupay,2021-03-03T08:35:10,2026-03-02T08:35:10,0.0,0.0,expired,True,True,20,2021-10-28T15:04:42,22563,2021-03-03T08:35:10
CARD000247,CUST000461,ACC000127,XXXX-XXXX-XXXX-4662,debit,visa,2023-05-02T18:28:57,2028-04-30T18:28:57,0.0,0.0,active,True,False,16,2026-01-24T10:46:51,18222,2023-05-02T18:28:57
CARD000248,CUST000878,ACC001443,XXXX-XXXX-XXXX-3902,debit,visa,2021-12-05T18:56:04,2024-12-04T18:56:04,0.0,0.0,expired,False,True,10,2023-05-03T12:30:00,4802,2021-12-05T18:56:04
CARD000249,CUST000108,ACC001119,XXXX-XXXX-XXXX-4995,debit,visa,2020-04-30T09:36:13,2023-04-30T09:36:13,0.0,0.0,expired,True,True,16,2021-09-06T06:45:09,35389,2020-04-30T09:36:13
CARD000250,CUST000281,ACC001177,XXXX-XXXX-XXXX-6569,debit,rupay,2019-09-08T23:58:34,2023-09-07T23:58:34,0.0,0.0,expired,True,True,14,2023-12-04T22:03:11,14644,2019-09-08T23:58:34
CARD000251,CUST000755,ACC000013,XXXX-XXXX-XXXX-8659,debit,mastercard,2023-07-12T00:46:05,2028-07-10T00:46:05,0.0,0.0,active,True,True,2,2023-08-23T01:20:24,43752,2023-07-12T00:46:05
CARD000252,CUST000891,ACC000228,XXXX-XXXX-XXXX-6591,debit,mastercard,2024-06-16T13:24:25,2028-06-15T13:24:25,0.0,0.0,active,True,True,11,2024-08-08T19:24:20,31781,2024-06-16T13:24:25
CARD000253,CUST000098,ACC000251,XXXX-XXXX-XXXX-6578,credit,mastercard,2019-02-12T16:48:02,2024-02-11T16:48:02,842086.16,793682.16,expired,True,True,13,2021-02-16T08:21:21,28301,2019-02-12T16:48:02
CARD000254,CUST000341,ACC000036,XXXX-XXXX-XXXX-8588,credit,mastercard,2021-12-01T17:52:06,2025-11-30T17:52:06,440938.82,235204.72,expired,False,True,26,2021-12-24T17:10:50,12707,2021-12-01T17:52:06
CARD000255,CUST000684,ACC000655,XXXX-XXXX-XXXX-9842,credit,mastercard,2020-10-15T22:46:10,2025-10-14T22:46:10,246267.63,195330.87,expired,True,True,1,2023-01-23T23:36:56,19706,2020-10-15T22:46:10
CARD000256,CUST000543,ACC001319,XXXX-XXXX-XXXX-8223,debit,mastercard,2022-09-29T21:41:58,2027-09-28T21:41:58,0.0,0.0,active,True,True,22,2025-02-22T03:52:09,4803,2022-09-29T21:41:58
CARD000257,CUST000601,ACC000139,XXXX-XXXX-XXXX-1689,debit,visa,2019-02-20T17:15:20,2024-02-19T17:15:20,0.0,0.0,expired,True,True,2,2026-05-25T18:04:09,44518,2019-02-20T17:15:20
CARD000258,CUST000459,ACC001383,XXXX-XXXX-XXXX-8872,credit,visa,2023-06-25T02:21:56,2026-06-24T02:21:56,485791.09,472576.12,expired,True,True,5,2023-08-21T00:51:01,19733,2023-06-25T02:21:56
CARD000259,CUST000632,ACC001355,XXXX-XXXX-XXXX-7645,debit,mastercard,2021-03-18T02:21:44,2025-03-17T02:21:44,0.0,0.0,expired,True,True,19,2023-04-06T07:10:32,19477,2021-03-18T02:21:44
CARD000260,CUST000416,ACC001352,XXXX-XXXX-XXXX-9277,credit,rupay,2025-04-14T23:46:08,2029-04-13T23:46:08,636878.91,209691.46,active,True,True,6,2025-08-15T19:19:37,45179,2025-04-14T23:46:08
CARD000261,CUST000671,ACC000026,XXXX-XXXX-XXXX-9053,debit,visa,2020-06-03T05:16:56,2024-06-02T05:16:56,0.0,0.0,expired,False,True,28,2022-07-12T20:16:30,42034,2020-06-03T05:16:56
CARD000262,CUST000096,ACC000696,XXXX-XXXX-XXXX-8549,debit,visa,2022-07-04T06:06:31,2025-07-03T06:06:31,0.0,0.0,expired,True,True,14,2025-07-10T20:58:18,16804,2022-07-04T06:06:31
CARD000263,CUST000475,ACC000605,XXXX-XXXX-XXXX-2697,debit,mastercard,2019-06-12T10:17:02,2024-06-10T10:17:02,0.0,0.0,expired,True,True,28,2024-02-07T16:59:10,24594,2019-06-12T10:17:02
CARD000264,CUST000536,ACC000516,XXXX-XXXX-XXXX-6807,debit,visa,2025-01-11T09:08:47,2030-01-10T09:08:47,0.0,0.0,active,False,True,2,2025-12-16T00:59:32,2689,2025-01-11T09:08:47
CARD000265,CUST000821,ACC000824,XXXX-XXXX-XXXX-6109,credit,rupay,2020-05-27T00:58:02,2023-05-27T00:58:02,982322.84,178717.23,expired,True,True,14,2021-02-15T06:42:41,7727,2020-05-27T00:58:02
CARD000266,CUST000403,ACC000920,XXXX-XXXX-XXXX-5827,debit,visa,2020-08-03T19:07:30,2024-08-02T19:07:30,0.0,0.0,expired,False,True,28,2021-08-30T12:27:28,40492,2020-08-03T19:07:30
CARD000267,CUST000817,ACC001232,XXXX-XXXX-XXXX-6676,debit,visa,2020-03-02T18:44:28,2024-03-01T18:44:28,0.0,0.0,expired,True,True,8,2025-08-06T13:13:16,46927,2020-03-02T18:44:28
CARD000268,CUST000348,ACC000823,XXXX-XXXX-XXXX-5350,debit,mastercard,2024-09-12T18:05:48,2028-09-11T18:05:48,0.0,0.0,active,True,True,17,2024-12-02T19:42:04,11785,2024-09-12T18:05:48
CARD000269,CUST000542,ACC000190,XXXX-XXXX-XXXX-5974,credit,visa,2020-03-08T00:58:36,2024-03-07T00:58:36,843821.18,836119.75,expired,True,True,28,2026-07-29T19:50:48,16042,2020-03-08T00:58:36
CARD000270,CUST000555,ACC000511,XXXX-XXXX-XXXX-4939,debit,mastercard,2024-05-16T05:16:49,2028-05-15T05:16:49,0.0,0.0,active,True,True,8,2026-05-03T08:46:16,13125,2024-05-16T05:16:49
CARD000271,CUST000888,ACC000812,XXXX-XXXX-XXXX-7697,debit,visa,2022-11-13T06:59:59,2025-11-12T06:59:59,0.0,0.0,expired,True,True,6,2024-05-06T10:12:20,21046,2022-11-13T06:59:59
CARD000272,CUST000937,ACC000642,XXXX-XXXX-XXXX-2417,debit,visa,2021-04-22T22:29:57,2026-04-21T22:29:57,0.0,0.0,expired,True,True,3,2024-10-01T20:42:54,12641,2021-04-22T22:29:57
CARD000273,CUST000393,ACC001369,XXXX-XXXX-XXXX-7650,debit,visa,2020-10-30T11:16:05,2025-10-29T11:16:05,0.0,0.0,expired,False,True,10,2022-06-05T22:51:17,35105,2020-10-30T11:16:05
CARD000274,CUST000644,ACC000339,XXXX-XXXX-XXXX-4082,debit,visa,2025-05-23T09:41:34,2030-05-22T09:41:34,0.0,0.0,active,True,True,19,2026-03-07T13:29:28,5757,2025-05-23T09:41:34
CARD000275,CUST000726,ACC001424,XXXX-XXXX-XXXX-7859,credit,mastercard,2020-11-24T22:02:18,2023-11-24T22:02:18,445058.21,289802.99,expired,True,True,9,2024-11-30T13:10:38,49637,2020-11-24T22:02:18
CARD000276,CUST000823,ACC000926,XXXX-XXXX-XXXX-9558,credit,mastercard,2020-12-31T00:52:07,2024-12-30T00:52:07,708734.16,291375.86,expired,False,True,26,2024-02-04T12:01:56,9730,2020-12-31T00:52:07
CARD000277,CUST000104,ACC000174,XXXX-XXXX-XXXX-6743,credit,visa,2023-09-30T15:46:48,2028-09-28T15:46:48,351851.79,83394.03,active,True,True,8,2023-12-30T04:06:03,39110,2023-09-30T15:46:48
CARD000278,CUST000440,ACC000303,XXXX-XXXX-XXXX-2175,credit,rupay,2024-08-03T00:31:49,2029-08-02T00:31:49,528006.78,509220.4,active,True,True,27,2025-11-30T17:23:56,49614,2024-08-03T00:31:49
CARD000279,CUST000115,ACC001148,XXXX-XXXX-XXXX-4365,credit,mastercard,2024-06-17T10:08:54,2029-06-16T10:08:54,435398.69,322014.61,active,False,True,22,2024-06-29T05:08:30,25330,2024-06-17T10:08:54
CARD000280,CUST000191,ACC001277,XXXX-XXXX-XXXX-4266,debit,mastercard,2022-08-04T13:30:49,2025-08-03T13:30:49,0.0,0.0,expired,True,True,26,2023-02-16T17:12:20,23413,2022-08-04T13:30:49
CARD000281,CUST000212,ACC001097,XXXX-XXXX-XXXX-7265,credit,mastercard,2021-01-11T23:55:41,2026-01-10T23:55:41,820925.77,94952.33,expired,False,True,3,2024-08-14T07:51:46,27640,2021-01-11T23:55:41
CARD000282,CUST000078,ACC000297,XXXX-XXXX-XXXX-7524,credit,mastercard,2025-01-18T04:44:27,2029-01-17T04:44:27,330093.61,46898.79,active,True,True,10,2026-01-27T03:32:18,23902,2025-01-18T04:44:27
CARD000283,CUST000029,ACC000476,XXXX-XXXX-XXXX-1166,credit,rupay,2025-02-26T19:08:52,2029-02-25T19:08:52,502275.72,112472.42,active,False,True,11,2025-04-01T21:44:28,18371,2025-02-26T19:08:52
CARD000284,CUST000691,ACC001257,XXXX-XXXX-XXXX-2706,credit,rupay,2024-04-05T00:28:46,2028-04-04T00:28:46,935926.01,188233.86,active,True,True,2,2026-05-11T21:07:05,6947,2024-04-05T00:28:46
CARD000285,CUST000993,ACC000780,XXXX-XXXX-XXXX-6093,credit,mastercard,2023-04-23T11:36:31,2027-04-22T11:36:31,312666.56,127768.07,blocked,True,True,12,2024-12-12T15:20:44,20613,2023-04-23T11:36:31
CARD000286,CUST000911,ACC000997,XXXX-XXXX-XXXX-9691,credit,rupay,2022-02-13T10:08:30,2025-02-12T10:08:30,906261.6,338786.93,expired,True,False,22,2025-04-23T15:19:06,49242,2022-02-13T10:08:30
CARD000287,CUST000621,ACC001022,XXXX-XXXX-XXXX-5624,credit,mastercard,2024-12-28T23:07:43,2027-12-28T23:07:43,984817.21,194451.48,active,True,True,5,2026-04-11T18:12:02,32945,2024-12-28T23:07:43
CARD000288,CUST000135,ACC000719,XXXX-XXXX-XXXX-4598,credit,mastercard,2022-02-24T05:01:21,2027-02-23T05:01:21,183921.99,23508.03,active,True,True,1,2023-08-04T14:08:05,6246,2022-02-24T05:01:21
CARD000289,CUST000482,ACC000520,XXXX-XXXX-XXXX-2787,credit,mastercard,2021-02-17T14:22:43,2024-02-17T14:22:43,457533.78,424232.08,expired,False,True,12,2022-09-23T15:47:25,47883,2021-02-17T14:22:43
CARD000290,CUST000191,ACC001277,XXXX-XXXX-XXXX-8591,credit,visa,2022-06-27T23:31:01,2025-06-26T23:31:01,565534.16,286875.66,expired,True,True,5,2024-07-16T21:06:35,2071,2022-06-27T23:31:01
CARD000291,CUST000681,ACC001179,XXXX-XXXX-XXXX-9670,debit,visa,2021-08-29T09:24:17,2025-08-28T09:24:17,0.0,0.0,expired,False,True,16,2026-07-11T02:23:30,9187,2021-08-29T09:24:17
CARD000292,CUST000863,ACC001464,XXXX-XXXX-XXXX-8246,credit,rupay,2023-08-19T14:57:00,2028-08-17T14:57:00,415758.57,144512.95,active,True,False,1,2025-11-08T13:41:39,33045,2023-08-19T14:57:00
CARD000293,CUST000323,ACC000632,XXXX-XXXX-XXXX-8413,debit,visa,2021-12-02T11:42:22,2024-12-01T11:42:22,0.0,0.0,expired,True,True,19,2025-12-25T05:36:20,49736,2021-12-02T11:42:22
CARD000294,CUST000805,ACC000345,XXXX-XXXX-XXXX-6706,debit,visa,2019-12-27T17:10:20,2024-12-25T17:10:20,0.0,0.0,expired,True,True,21,2020-06-21T23:28:14,4262,2019-12-27T17:10:20
CARD000295,CUST000737,ACC000647,XXXX-XXXX-XXXX-8432,credit,visa,2024-03-18T00:39:17,2029-03-17T00:39:17,968686.64,281876.21,expired,False,True,11,2026-03-12T05:01:17,21587,2024-03-18T00:39:17
CARD000296,CUST000252,ACC000263,XXXX-XXXX-XXXX-1753,credit,mastercard,2020-08-24T06:21:01,2024-08-23T06:21:01,753107.5,298511.82,expired,False,True,6,2025-10-20T15:13:11,21305,2020-08-24T06:21:01
CARD000297,CUST000831,ACC000925,XXXX-XXXX-XXXX-8968,credit,visa,2021-07-17T23:54:02,2025-07-16T23:54:02,117136.43,91177.46,expired,True,True,15,2022-04-11T11:24:59,20158,2021-07-17T23:54:02
CARD000298,CUST000031,ACC000970,XXXX-XXXX-XXXX-5690,credit,mastercard,2021-12-02T06:45:50,2025-12-01T06:45:50,480066.34,223537.87,expired,False,True,7,2024-03-22T09:37:58,31602,2021-12-02T06:45:50
CARD000299,CUST000169,ACC000678,XXXX-XXXX-XXXX-4817,credit,visa,2020-09-18T17:59:03,2023-09-18T17:59:03,114613.6,26800.87,expired,True,True,26,2021-06-06T16:27:02,41976,2020-09-18T17:59:03
CARD000300,CUST000901,ACC001062,XXXX-XXXX-XXXX-1287,credit,mastercard,2021-08-08T15:36:17,2024-08-07T15:36:17,859786.3,699005.56,expired,True,True,11,2023-12-30T00:08:54,14709,2021-08-08T15:36:17
CARD000301,CUST000117,ACC000330,XXXX-XXXX-XXXX-2205,debit,mastercard,2024-04-22T13:58:22,2029-04-21T13:58:22,0.0,0.0,active,False,True,21,2025-06-14T04:14:26,3270,2024-04-22T13:58:22
CARD000302,CUST000075,ACC000267,XXXX-XXXX-XXXX-9636,debit,rupay,2022-01-24T08:10:53,2026-01-23T08:10:53,0.0,0.0,expired,True,True,12,2025-11-01T11:49:17,22845,2022-01-24T08:10:53
CARD000303,CUST000746,ACC000800,XXXX-XXXX-XXXX-6512,credit,visa,2019-11-16T09:27:14,2024-11-14T09:27:14,167712.9,30724.4,expired,True,True,5,2022-04-09T14:40:09,40785,2019-11-16T09:27:14
CARD000304,CUST000528,ACC000397,XXXX-XXXX-XXXX-2465,credit,rupay,2019-04-05T07:10:02,2023-04-04T07:10:02,789214.72,184398.73,expired,False,True,9,2019-08-11T17:01:34,21820,2019-04-05T07:10:02
CARD000305,CUST000882,ACC000304,XXXX-XXXX-XXXX-3538,credit,mastercard,2023-01-10T22:07:44,2027-01-09T22:07:44,538161.42,112141.59,active,False,True,13,2023-06-17T22:49:14,34416,2023-01-10T22:07:44
CARD000306,CUST000475,ACC000842,XXXX-XXXX-XXXX-9996,credit,rupay,2023-08-29T20:18:41,2027-08-28T20:18:41,488596.38,335163.6,active,True,True,11,2025-09-03T00:03:32,39111,2023-08-29T20:18:41
CARD000307,CUST000600,ACC000883,XXXX-XXXX-XXXX-4661,credit,mastercard,2022-02-03T23:31:49,2025-02-02T23:31:49,876573.44,487122.53,expired,True,True,24,2025-01-31T09:05:49,26164,2022-02-03T23:31:49
CARD000308,CUST000201,ACC000810,XXXX-XXXX-XXXX-2741,credit,visa,2021-07-11T16:25:42,2024-07-10T16:25:42,152259.95,115173.38,expired,False,True,2,2024-11-28T00:24:18,41706,2021-07-11T16:25:42
CARD000309,CUST000266,ACC000032,XXXX-XXXX-XXXX-8297,credit,visa,2020-04-11T06:20:10,2025-04-10T06:20:10,72022.49,64493.77,expired,True,True,16,2026-08-19T03:43:59,28405,2020-04-11T06:20:10
CARD000310,CUST000317,ACC001094,XXXX-XXXX-XXXX-8892,credit,visa,2025-02-28T20:35:42,2030-02-27T20:35:42,342443.22,122431.69,active,True,True,11,2025-09-19T14:21:56,3130,2025-02-28T20:35:42
CARD000311,CUST000050,ACC000744,XXXX-XXXX-XXXX-4300,credit,mastercard,2019-11-22T15:51:02,2022-11-21T15:51:02,626175.3,516006.24,expired,False,True,15,2021-02-03T14:12:05,49715,2019-11-22T15:51:02
CARD000312,CUST000243,ACC001064,XXXX-XXXX-XXXX-8340,credit,rupay,2021-04-12T08:34:55,2024-04-11T08:34:55,957554.56,947915.2,expired,True,True,26,2022-10-12T06:55:38,2165,2021-04-12T08:34:55
CARD000313,CUST000606,ACC000080,XXXX-XXXX-XXXX-1887,credit,visa,2020-09-16T14:00:33,2024-09-15T14:00:33,894677.08,488630.31,expired,True,True,9,2025-06-08T18:56:03,23560,2020-09-16T14:00:33
CARD000314,CUST000900,ACC000193,XXXX-XXXX-XXXX-7312,debit,visa,2019-07-08T00:03:47,2023-07-07T00:03:47,0.0,0.0,expired,True,True,23,2019-11-02T21:45:13,15351,2019-07-08T00:03:47
CARD000315,CUST000755,ACC000013,XXXX-XXXX-XXXX-8196,debit,visa,2019-01-21T13:47:07,2023-01-20T13:47:07,0.0,0.0,expired,True,True,14,2019-11-08T19:30:51,35351,2019-01-21T13:47:07
CARD000316,CUST000612,ACC000935,XXXX-XXXX-XXXX-9648,debit,visa,2020-11-20T11:20:39,2023-11-20T11:20:39,0.0,0.0,expired,True,True,14,2024-07-20T05:31:20,43537,2020-11-20T11:20:39
CARD000317,CUST000556,ACC001467,XXXX-XXXX-XXXX-6517,debit,visa,2020-01-06T11:55:48,2023-01-05T11:55:48,0.0,0.0,expired,True,True,1,2025-02-25T14:02:21,31618,2020-01-06T11:55:48
CARD000318,CUST000804,ACC000201,XXXX-XXXX-XXXX-6065,credit,visa,2022-04-29T13:31:14,2027-04-28T13:31:14,666015.46,600895.38,active,True,True,25,2025-03-02T21:56:35,35857,2022-04-29T13:31:14
CARD000319,CUST000601,ACC000139,XXXX-XXXX-XXXX-8237,debit,visa,2025-02-14T08:52:16,2030-02-13T08:52:16,0.0,0.0,blocked,True,True,14,2025-08-14T20:08:38,12220,2025-02-14T08:52:16
CARD000320,CUST000921,ACC000229,XXXX-XXXX-XXXX-7979,debit,visa,2023-05-15T05:39:35,2028-05-13T05:39:35,0.0,0.0,active,True,True,8,2026-06-04T09:37:36,22855,2023-05-15T05:39:35
CARD000321,CUST000026,ACC001163,XXXX-XXXX-XXXX-3578,credit,visa,2024-07-05T09:30:29,2029-07-04T09:30:29,979862.64,436260.71,active,True,True,20,2024-09-09T01:49:29,36485,2024-07-05T09:30:29
CARD000322,CUST000692,ACC000698,XXXX-XXXX-XXXX-4724,credit,visa,2019-05-20T17:47:08,2023-05-19T17:47:08,151637.8,16893.09,expired,True,True,14,2025-02-15T13:10:16,11725,2019-05-20T17:47:08
CARD000323,CUST000251,ACC000738,XXXX-XXXX-XXXX-2433,credit,mastercard,2021-05-07T04:34:55,2024-05-06T04:34:55,445477.85,261862.5,expired,True,True,7,2022-07-10T14:32:59,10779,2021-05-07T04:34:55
CARD000324,CUST000868,ACC000151,XXXX-XXXX-XXXX-7885,debit,mastercard,2024-07-02T08:55:11,2028-07-01T08:55:11,0.0,0.0,active,False,True,20,2024-12-01T08:26:48,31692,2024-07-02T08:55:11
CARD000325,CUST000102,ACC000017,XXXX-XXXX-XXXX-2359,credit,mastercard,2021-05-16T08:14:28,2026-05-15T08:14:28,326676.18,104572.11,expired,True,True,25,2023-07-25T05:16:29,23440,2021-05-16T08:14:28
CARD000326,CUST000589,ACC001172,XXXX-XXXX-XXXX-1551,debit,mastercard,2019-09-22T06:31:43,2023-09-21T06:31:43,0.0,0.0,expired,True,True,6,2024-06-20T05:12:04,20410,2019-09-22T06:31:43
CARD000327,CUST000075,ACC000267,XXXX-XXXX-XXXX-5138,debit,mastercard,2023-02-16T05:15:04,2028-02-15T05:15:04,0.0,0.0,active,True,False,13,2023-11-26T05:30:24,10954,2023-02-16T05:15:04
CARD000328,CUST000935,ACC001252,XXXX-XXXX-XXXX-4636,credit,rupay,2020-11-14T00:26:45,2023-11-14T00:26:45,441827.43,280881.19,expired,False,True,25,2021-09-25T12:49:43,5669,2020-11-14T00:26:45
CARD000329,CUST000927,ACC000114,XXXX-XXXX-XXXX-4365,credit,mastercard,2022-05-16T16:47:09,2025-05-15T16:47:09,905173.3,106082.49,expired,True,True,14,2023-12-05T21:02:18,26460,2022-05-16T16:47:09
CARD000330,CUST000159,ACC000220,XXXX-XXXX-XXXX-5333,credit,rupay,2019-03-25T05:54:34,2023-03-24T05:54:34,361795.31,358264.13,expired,False,True,17,2023-05-19T19:17:58,13991,2019-03-25T05:54:34
CARD000331,CUST000194,ACC001128,XXXX-XXXX-XXXX-1128,debit,visa,2024-07-05T07:19:49,2027-07-05T07:19:49,0.0,0.0,blocked,True,True,16,2024-07-24T15:48:19,19674,2024-07-05T07:19:49
CARD000332,CUST000116,ACC001244,XXXX-XXXX-XXXX-1460,credit,visa,2020-02-13T07:26:42,2024-02-12T07:26:42,610481.51,262943.21,expired,True,True,5,2026-03-21T19:24:08,31951,2020-02-13T07:26:42
CARD000333,CUST000439,ACC001202,XXXX-XXXX-XXXX-5962,credit,rupay,2021-05-02T14:48:31,2026-05-01T14:48:31,796791.02,292949.9,expired,True,True,27,2023-05-23T07:21:23,21039,2021-05-02T14:48:31
CARD000334,CUST000650,ACC000503,XXXX-XXXX-XXXX-3555,debit,rupay,2019-05-19T03:02:12,2024-05-17T03:02:12,0.0,0.0,expired,True,True,21,2021-04-07T05:09:10,14669,2019-05-19T03:02:12
CARD000335,CUST000041,ACC000060,XXXX-XXXX-XXXX-1193,debit,mastercard,2020-02-28T13:00:38,2024-02-27T13:00:38,0.0,0.0,expired,True,True,24,2023-06-02T07:49:20,13716,2020-02-28T13:00:38
CARD000336,CUST000275,ACC000616,XXXX-XXXX-XXXX-7388,debit,mastercard,2019-05-01T06:21:30,2023-04-30T06:21:30,0.0,0.0,expired,True,True,12,2026-05-06T13:05:45,47165,2019-05-01T06:21:30
CARD000337,CUST000564,ACC000569,XXXX-XXXX-XXXX-7274,debit,mastercard,2021-06-27T15:08:39,2024-06-26T15:08:39,0.0,0.0,expired,False,True,6,2023-03-28T19:36:03,14770,2021-06-27T15:08:39
CARD000338,CUST000573,ACC001480,XXXX-XXXX-XXXX-9608,credit,mastercard,2020-11-18T07:45:17,2023-11-18T07:45:17,573297.09,206559.24,expired,True,True,16,2025-10-14T04:15:22,49653,2020-11-18T07:45:17
CARD000339,CUST000463,ACC000630,XXXX-XXXX-XXXX-6815,credit,visa,2020-10-24T18:45:08,2025-10-23T18:45:08,174523.1,146297.26,expired,True,True,2,2023-11-17T22:17:34,24216,2020-10-24T18:45:08
CARD000340,CUST000585,ACC000269,XXXX-XXXX-XXXX-1343,debit,visa,2019-04-08T05:48:37,2022-04-07T05:48:37,0.0,0.0,expired,True,True,7,2020-01-12T19:52:24,22458,2019-04-08T05:48:37
CARD000341,CUST000053,ACC000831,XXXX-XXXX-XXXX-3438,credit,rupay,2021-06-13T19:57:43,2024-06-12T19:57:43,86474.56,45923.83,expired,False,True,1,2026-03-27T18:08:55,30691,2021-06-13T19:57:43
CARD000342,CUST000020,ACC000934,XXXX-XXXX-XXXX-2812,debit,rupay,2021-01-30T05:19:43,2024-01-30T05:19:43,0.0,0.0,expired,True,True,18,2023-02-28T23:37:34,41991,2021-01-30T05:19:43
CARD000343,CUST000466,ACC000005,XXXX-XXXX-XXXX-6510,debit,mastercard,2025-03-11T04:00:31,2029-03-10T04:00:31,0.0,0.0,active,False,True,17,2026-02-16T10:16:52,5543,2025-03-11T04:00:31
CARD000344,CUST000886,ACC001233,XXXX-XXXX-XXXX-8683,credit,rupay,2023-12-02T19:26:56,2027-12-01T19:26:56,602614.24,218765.46,active,True,True,19,2025-03-12T12:40:49,35556,2023-12-02T19:26:56
CARD000345,CUST000404,ACC000488,XXXX-XXXX-XXXX-1529,credit,visa,2021-09-03T09:04:58,2026-09-02T09:04:58,893120.15,282182.75,expired,False,True,9,2023-05-07T15:45:04,34997,2021-09-03T09:04:58
CARD000346,CUST000811,ACC001020,XXXX-XXXX-XXXX-4711,debit,visa,2025-02-02T08:14:32,2029-02-01T08:14:32,0.0,0.0,active,False,True,7,2025-02-02T18:41:51,31739,2025-02-02T08:14:32
CARD000347,CUST000511,ACC001235,XXXX-XXXX-XXXX-4887,debit,visa,2022-05-06T19:49:15,2027-05-05T19:49:15,0.0,0.0,active,True,False,3,2026-05-29T07:02:00,4711,2022-05-06T19:49:15
CARD000348,CUST000470,ACC000481,XXXX-XXXX-XXXX-2357,debit,mastercard,2023-06-23T09:28:25,2026-06-22T09:28:25,0.0,0.0,expired,True,True,22,2024-03-18T18:19:32,24043,2023-06-23T09:28:25
CARD000349,CUST000788,ACC001100,XXXX-XXXX-XXXX-5986,debit,visa,2022-12-06T09:10:08,2027-12-05T09:10:08,0.0,0.0,active,True,True,16,2024-06-29T13:56:34,21305,2022-12-06T09:10:08
CARD000350,CUST000991,ACC000825,XXXX-XXXX-XXXX-1661,debit,mastercard,2019-10-21T01:19:43,2024-10-19T01:19:43,0.0,0.0,expired,True,True,25,2024-08-03T16:00:34,15170,2019-10-21T01:19:43
CARD000351,CUST000674,ACC000480,XXXX-XXXX-XXXX-4785,credit,mastercard,2020-04-05T15:19:45,2024-04-04T15:19:45,910336.51,113716.35,expired,True,True,8,2020-06-15T04:25:37,48181,2020-04-05T15:19:45
CARD000352,CUST000911,ACC000997,XXXX-XXXX-XXXX-6562,credit,rupay,2023-12-06T19:26:15,2027-12-05T19:26:15,538448.63,255034.02,active,True,True,3,2024-08-04T20:30:48,9215,2023-12-06T19:26:15
CARD000353,CUST000790,ACC000737,XXXX-XXXX-XXXX-1708,debit,visa,2022-02-15T02:26:15,2026-02-14T02:26:15,0.0,0.0,expired,False,True,1,2026-02-19T01:18:05,3432,2022-02-15T02:26:15
CARD000354,CUST000720,ACC000257,XXXX-XXXX-XXXX-3407,debit,visa,2024-02-17T05:14:43,2028-02-16T05:14:43,0.0,0.0,expired,True,True,23,2025-06-17T21:27:28,41932,2024-02-17T05:14:43
CARD000355,CUST000681,ACC001179,XXXX-XXXX-XXXX-2082,credit,visa,2023-05-14T21:17:32,2028-05-12T21:17:32,114397.6,86655.15,active,True,False,18,2023-07-01T09:55:43,10750,2023-05-14T21:17:32
CARD000356,CUST000396,ACC000274,XXXX-XXXX-XXXX-5373,credit,rupay,2020-12-28T16:35:20,2025-12-27T16:35:20,177108.31,81508.06,expired,True,True,4,2022-11-18T03:58:54,45877,2020-12-28T16:35:20
CARD000357,CUST000337,ACC000086,XXXX-XXXX-XXXX-5084,debit,mastercard,2024-07-16T03:53:43,2029-07-15T03:53:43,0.0,0.0,active,True,True,2,2024-09-28T23:23:55,46776,2024-07-16T03:53:43
CARD000358,CUST000121,ACC000175,XXXX-XXXX-XXXX-8409,debit,rupay,2020-02-27T22:39:18,2023-02-26T22:39:18,0.0,0.0,expired,True,True,13,2020-12-31T00:14:12,25103,2020-02-27T22:39:18
CARD000359,CUST000032,ACC000254,XXXX-XXXX-XXXX-5922,credit,visa,2021-07-17T14:40:27,2026-07-16T14:40:27,158736.86,116026.33,expired,False,True,15,2022-08-04T06:24:11,21483,2021-07-17T14:40:27
CARD000360,CUST000507,ACC000694,XXXX-XXXX-XXXX-4859,debit,rupay,2024-05-23T00:34:25,2027-05-23T00:34:25,0.0,0.0,expired,True,True,28,2024-07-08T09:21:53,18083,2024-05-23T00:34:25
CARD000361,CUST000470,ACC000566,XXXX-XXXX-XXXX-5379,credit,visa,2025-02-20T05:19:38,2028-02-20T05:19:38,157787.35,75647.02,active,True,True,5,2026-04-22T23:55:43,23610,2025-02-20T05:19:38
CARD000362,CUST000898,ACC000136,XXXX-XXXX-XXXX-3440,credit,mastercard,2020-10-25T07:36:27,2024-10-24T07:36:27,239542.18,62214.46,expired,True,True,17,2022-06-22T02:18:50,46276,2020-10-25T07:36:27
CARD000363,CUST000992,ACC001497,XXXX-XXXX-XXXX-2377,debit,mastercard,2022-12-25T19:24:37,2027-12-24T19:24:37,0.0,0.0,active,True,True,15,2025-09-07T12:48:56,40895,2022-12-25T19:24:37
CARD000364,CUST000689,ACC001120,XXXX-XXXX-XXXX-2205,credit,mastercard,2021-03-30T13:27:51,2026-03-29T13:27:51,841151.84,645141.75,expired,True,True,19,2022-06-06T13:21:38,2174,2021-03-30T13:27:51
CARD000365,CUST000048,ACC001332,XXXX-XXXX-XXXX-2380,debit,mastercard,2019-05-29T19:53:16,2023-05-28T19:53:16,0.0,0.0,expired,True,True,8,2019-06-30T15:26:25,44124,2019-05-29T19:53:16
CARD000366,CUST000396,ACC000274,XXXX-XXXX-XXXX-9272,debit,mastercard,2024-04-27T20:34:24,2029-04-26T20:34:24,0.0,0.0,active,True,True,18,2026-08-04T10:35:48,43344,2024-04-27T20:34:24
CARD000367,CUST000199,ACC000721,XXXX-XXXX-XXXX-3393,debit,visa,2020-07-28T11:57:03,2024-07-27T11:57:03,0.0,0.0,expired,True,True,7,2020-08-13T13:06:46,48114,2020-07-28T11:57:03
CARD000368,CUST000555,ACC000126,XXXX-XXXX-XXXX-8314,debit,rupay,2021-06-05T22:52:35,2026-06-04T22:52:35,0.0,0.0,expired,True,True,16,2022-09-16T21:24:40,41253,2021-06-05T22:52:35
CARD000369,CUST000005,ACC000547,XXXX-XXXX-XXXX-3319,credit,visa,2020-11-16T04:20:10,2025-11-15T04:20:10,163149.81,157885.46,expired,True,True,10,2025-07-16T18:12:08,5045,2020-11-16T04:20:10
CARD000370,CUST000563,ACC000381,XXXX-XXXX-XXXX-9171,credit,mastercard,2020-08-10T15:36:36,2023-08-10T15:36:36,914783.66,799605.33,expired,True,True,16,2021-04-10T21:42:36,4260,2020-08-10T15:36:36
CARD000371,CUST000642,ACC001290,XXXX-XXXX-XXXX-6008,debit,rupay,2019-05-18T07:48:14,2022-05-17T07:48:14,0.0,0.0,expired,True,True,10,2022-08-08T17:14:42,41400,2019-05-18T07:48:14
CARD000372,CUST000087,ACC000749,XXXX-XXXX-XXXX-6811,credit,visa,2023-02-15T23:11:27,2027-02-14T23:11:27,253277.37,53088.52,active,True,True,3,2024-08-26T15:08:15,5736,2023-02-15T23:11:27
CARD000373,CUST000293,ACC001445,XXXX-XXXX-XXXX-1529,credit,mastercard,2022-02-24T15:38:44,2025-02-23T15:38:44,640020.03,634761.43,expired,False,True,5,2023-02-15T15:48:29,30716,2022-02-24T15:38:44
CARD000374,CUST000150,ACC000413,XXXX-XXXX-XXXX-3062,debit,mastercard,2021-01-23T10:21:50,2025-01-22T10:21:50,0.0,0.0,expired,True,True,12,2026-03-19T02:16:26,2542,2021-01-23T10:21:50
CARD000375,CUST000105,ACC001185,XXXX-XXXX-XXXX-4037,credit,visa,2022-10-21T16:44:53,2026-10-20T16:44:53,515413.99,295967.74,active,True,True,16,2025-06-12T01:51:57,23431,2022-10-21T16:44:53
CARD000376,CUST000369,ACC000162,XXXX-XXXX-XXXX-4919,credit,rupay,2022-06-30T17:55:23,2025-06-29T17:55:23,648110.24,111775.92,expired,True,True,28,2023-08-28T20:01:25,10359,2022-06-30T17:55:23
CARD000377,CUST000970,ACC000117,XXXX-XXXX-XXXX-2927,credit,mastercard,2020-02-07T18:59:22,2025-02-05T18:59:22,696149.38,221652.33,expired,True,True,4,2026-07-20T14:31:21,1779,2020-02-07T18:59:22
CARD000378,CUST000648,ACC000637,XXXX-XXXX-XXXX-2690,credit,visa,2022-04-20T04:29:31,2027-04-19T04:29:31,468411.39,84854.67,expired,True,True,2,2023-11-06T01:10:26,26478,2022-04-20T04:29:31
CARD000379,CUST000548,ACC000518,XXXX-XXXX-XXXX-1107,credit,visa,2023-12-10T01:20:16,2026-12-09T01:20:16,460735.94,299134.07,active,False,True,12,2024-06-08T09:01:46,19516,2023-12-10T01:20:16
CARD000380,CUST000375,ACC000770,XXXX-XXXX-XXXX-2346,debit,visa,2024-11-01T14:46:50,2029-10-31T14:46:50,0.0,0.0,active,True,True,21,2025-08-28T06:40:50,31359,2024-11-01T14:46:50
CARD000381,CUST000564,ACC000569,XXXX-XXXX-XXXX-6387,debit,mastercard,2023-10-13T03:20:36,2026-10-12T03:20:36,0.0,0.0,active,True,True,10,2024-03-12T12:15:31,29408,2023-10-13T03:20:36
CARD000382,CUST000373,ACC001001,XXXX-XXXX-XXXX-1015,debit,mastercard,2020-12-07T19:54:20,2024-12-06T19:54:20,0.0,0.0,expired,True,True,6,2025-07-08T03:55:50,48687,2020-12-07T19:54:20
CARD000383,CUST000628,ACC001434,XXXX-XXXX-XXXX-1876,credit,mastercard,2020-01-27T02:37:59,2023-01-26T02:37:59,231537.25,31319.75,expired,False,True,1,2020-04-25T03:06:44,16308,2020-01-27T02:37:59
CARD000384,CUST000158,ACC001208,XXXX-XXXX-XXXX-8476,debit,visa,2024-11-21T03:25:36,2027-11-21T03:25:36,0.0,0.0,active,True,True,12,2025-04-28T14:46:30,14025,2024-11-21T03:25:36
CARD000385,CUST000269,ACC000077,XXXX-XXXX-XXXX-3901,debit,visa,2024-09-15T04:42:13,2028-09-14T04:42:13,0.0,0.0,active,True,True,27,2025-03-04T14:04:37,45513,2024-09-15T04:42:13
CARD000386,CUST000127,ACC000011,XXXX-XXXX-XXXX-8794,credit,mastercard,2023-03-15T01:20:37,2027-03-14T01:20:37,513398.37,209752.63,blocked,True,True,7,2026-08-22T16:28:36,39305,2023-03-15T01:20:37
CARD000387,CUST000617,ACC000592,XXXX-XXXX-XXXX-3424,debit,visa,2024-02-15T20:10:58,2028-02-14T20:10:58,0.0,0.0,active,True,True,15,2026-01-11T22:01:56,5224,2024-02-15T20:10:58
CARD000388,CUST000217,ACC000773,XXXX-XXXX-XXXX-9475,credit,rupay,2020-06-27T17:23:57,2023-06-27T17:23:57,726265.05,263578.43,expired,True,True,26,2025-03-14T06:45:31,40553,2020-06-27T17:23:57
CARD000389,CUST000743,ACC001069,XXXX-XXXX-XXXX-4477,credit,rupay,2019-03-30T05:02:45,2024-03-28T05:02:45,146888.5,63215.03,expired,True,True,22,2022-08-15T13:48:29,3962,2019-03-30T05:02:45
CARD000390,CUST000393,ACC000066,XXXX-XXXX-XXXX-8653,debit,mastercard,2024-01-04T01:26:20,2028-01-03T01:26:20,0.0,0.0,active,False,True,3,2025-02-19T07:25:28,3397,2024-01-04T01:26:20
CARD000391,CUST000896,ACC000998,XXXX-XXXX-XXXX-4984,debit,rupay,2022-07-08T13:19:33,2025-07-07T13:19:33,0.0,0.0,expired,False,True,1,2023-03-31T02:38:19,26095,2022-07-08T13:19:33
CARD000392,CUST000439,ACC001202,XXXX-XXXX-XXXX-6568,credit,visa,2020-11-08T09:18:25,2024-11-07T09:18:25,209798.54,149643.73,expired,True,True,18,2025-02-24T04:36:25,41991,2020-11-08T09:18:25
CARD000393,CUST000423,ACC000057,XXXX-XXXX-XXXX-6481,credit,mastercard,2021-01-20T12:30:53,2024-01-20T12:30:53,388311.82,311660.42,expired,True,True,19,2024-10-11T07:12:56,3873,2021-01-20T12:30:53
CARD000394,CUST000258,ACC000264,XXXX-XXXX-XXXX-6875,debit,visa,2019-11-16T14:23:05,2024-11-14T14:23:05,0.0,0.0,expired,True,True,2,2025-03-30T15:48:25,18716,2019-11-16T14:23:05
CARD000395,CUST000480,ACC000038,XXXX-XXXX-XXXX-4794,debit,visa,2019-04-28T23:26:39,2024-04-26T23:26:39,0.0,0.0,expired,True,True,23,2020-11-04T07:26:36,30639,2019-04-28T23:26:39
CARD000396,CUST000980,ACC000288,XXXX-XXXX-XXXX-9828,debit,visa,2023-12-19T04:28:58,2027-12-18T04:28:58,0.0,0.0,active,True,True,16,2024-10-24T12:45:57,49857,2023-12-19T04:28:58
CARD000397,CUST000333,ACC001373,XXXX-XXXX-XXXX-7183,debit,visa,2024-02-11T03:01:23,2028-02-10T03:01:23,0.0,0.0,active,True,True,27,2025-12-13T01:47:30,29732,2024-02-11T03:01:23
CARD000398,CUST000235,ACC000342,XXXX-XXXX-XXXX-3483,debit,visa,2020-08-13T00:51:00,2024-08-12T00:51:00,0.0,0.0,expired,True,True,14,2022-09-15T01:27:56,40095,2020-08-13T00:51:00
CARD000399,CUST000741,ACC001371,XXXX-XXXX-XXXX-3342,debit,rupay,2023-04-21T22:11:10,2026-04-20T22:11:10,0.0,0.0,expired,False,False,19,2025-11-10T04:23:44,13407,2023-04-21T22:11:10
CARD000400,CUST000523,ACC001014,XXXX-XXXX-XXXX-8805,debit,rupay,2021-12-28T06:10:21,2025-12-27T06:10:21,0.0,0.0,expired,True,True,23,2025-06-19T22:04:21,2607,2021-12-28T06:10:21
CARD000401,CUST000112,ACC000258,XXXX-XXXX-XXXX-1172,credit,mastercard,2021-02-27T20:28:03,2024-02-27T20:28:03,449881.77,206669.3,expired,False,True,9,2024-03-21T16:10:12,280,2021-02-27T20:28:03
CARD000402,CUST000002,ACC000299,XXXX-XXXX-XXXX-4229,credit,mastercard,2023-11-12T00:59:13,2028-11-10T00:59:13,913371.67,881221.73,expired,True,False,12,2025-08-09T18:51:02,15513,2023-11-12T00:59:13
CARD000403,CUST000172,ACC000129,XXXX-XXXX-XXXX-7124,debit,rupay,2022-06-02T22:50:55,2025-06-01T22:50:55,0.0,0.0,expired,False,True,19,2024-10-04T20:34:00,10193,2022-06-02T22:50:55
CARD000404,CUST000316,ACC000727,XXXX-XXXX-XXXX-8496,debit,visa,2025-02-22T13:26:03,2030-02-21T13:26:03,0.0,0.0,active,True,True,19,2025-03-05T02:07:17,41445,2025-02-22T13:26:03
CARD000405,CUST000111,ACC000684,XXXX-XXXX-XXXX-7672,credit,visa,2019-10-22T19:47:26,2024-10-20T19:47:26,180864.95,26852.7,expired,True,True,24,2023-03-22T21:14:17,16541,2019-10-22T19:47:26
CARD000406,CUST000750,ACC000899,XXXX-XXXX-XXXX-9130,debit,visa,2019-04-07T19:32:17,2022-04-06T19:32:17,0.0,0.0,expired,True,True,22,2020-11-14T05:29:33,30313,2019-04-07T19:32:17
CARD000407,CUST000648,ACC000637,XXXX-XXXX-XXXX-4490,debit,mastercard,2024-06-03T14:39:15,2027-06-03T14:39:15,0.0,0.0,active,True,True,23,2026-02-11T13:35:48,49243,2024-06-03T14:39:15
CARD000408,CUST000073,ACC001482,XXXX-XXXX-XXXX-1026,debit,visa,2022-01-12T13:25:15,2026-01-11T13:25:15,0.0,0.0,expired,True,True,19,2024-06-23T08:14:11,39652,2022-01-12T13:25:15
CARD000409,CUST000234,ACC001500,XXXX-XXXX-XXXX-6807,debit,rupay,2019-01-16T06:44:46,2024-01-15T06:44:46,0.0,0.0,expired,True,True,9,2024-10-30T08:46:49,7912,2019-01-16T06:44:46
CARD000410,CUST000380,ACC000111,XXXX-XXXX-XXXX-2812,credit,rupay,2025-02-07T13:20:50,2028-02-07T13:20:50,790591.35,769926.6,active,False,True,17,2025-07-31T10:23:53,32084,2025-02-07T13:20:50
CARD000411,CUST000915,ACC000730,XXXX-XXXX-XXXX-1688,credit,visa,2024-02-27T05:11:28,2028-02-26T05:11:28,60008.06,20931.9,active,False,False,9,2025-08-22T09:07:24,48617,2024-02-27T05:11:28
CARD000412,CUST000417,ACC000732,XXXX-XXXX-XXXX-1905,credit,mastercard,2020-02-08T01:25:32,2025-02-06T01:25:32,550008.63,366609.79,expired,False,True,9,2020-05-19T13:48:36,40737,2020-02-08T01:25:32
CARD000413,CUST000535,ACC001432,XXXX-XXXX-XXXX-6120,debit,rupay,2020-03-24T20:46:47,2023-03-24T20:46:47,0.0,0.0,expired,True,True,22,2026-08-19T01:15:38,18727,2020-03-24T20:46:47
CARD000414,CUST000077,ACC001176,XXXX-XXXX-XXXX-5977,debit,visa,2020-08-07T20:17:37,2024-08-06T20:17:37,0.0,0.0,expired,True,True,7,2020-10-15T20:22:47,20128,2020-08-07T20:17:37
CARD000415,CUST000097,ACC001381,XXXX-XXXX-XXXX-5121,credit,mastercard,2021-08-27T06:00:24,2026-08-26T06:00:24,857017.38,745074.63,expired,True,True,9,2023-07-21T12:12:38,41551,2021-08-27T06:00:24
CARD000416,CUST000701,ACC000755,XXXX-XXXX-XXXX-8978,credit,mastercard,2024-11-03T04:58:18,2027-11-03T04:58:18,263467.51,93316.61,active,True,True,18,2026-02-16T02:57:34,45927,2024-11-03T04:58:18
CARD000417,CUST000876,ACC001166,XXXX-XXXX-XXXX-5495,debit,rupay,2020-09-18T05:55:45,2025-09-17T05:55:45,0.0,0.0,expired,True,True,15,2024-02-18T22:16:47,5762,2020-09-18T05:55:45
CARD000418,CUST000750,ACC000899,XXXX-XXXX-XXXX-1699,debit,mastercard,2023-12-11T10:21:43,2028-12-09T10:21:43,0.0,0.0,active,True,True,28,2026-08-04T09:47:40,25879,2023-12-11T10:21:43
CARD000419,CUST000469,ACC001057,XXXX-XXXX-XXXX-7861,credit,visa,2021-05-07T07:51:13,2026-05-06T07:51:13,434341.14,218834.89,expired,False,True,18,2022-04-19T00:48:01,36790,2021-05-07T07:51:13
CARD000420,CUST000251,ACC000738,XXXX-XXXX-XXXX-9146,debit,visa,2021-07-04T13:34:41,2025-07-03T13:34:41,0.0,0.0,expired,False,False,4,2024-12-23T18:24:34,10058,2021-07-04T13:34:41
CARD000421,CUST000205,ACC000689,XXXX-XXXX-XXXX-6397,credit,visa,2025-04-02T07:14:56,2029-04-01T07:14:56,961777.67,393759.02,active,True,True,26,2025-12-17T17:51:14,1064,2025-04-02T07:14:56
CARD000422,CUST000604,ACC000671,XXXX-XXXX-XXXX-7505,credit,mastercard,2019-08-18T10:42:54,2022-08-17T10:42:54,633076.03,594600.13,expired,True,True,4,2026-03-01T15:03:46,4273,2019-08-18T10:42:54
CARD000423,CUST000584,ACC000967,XXXX-XXXX-XXXX-2936,debit,visa,2021-12-17T16:59:57,2025-12-16T16:59:57,0.0,0.0,expired,False,True,9,2024-09-08T22:02:42,22271,2021-12-17T16:59:57
CARD000424,CUST000115,ACC001148,XXXX-XXXX-XXXX-4833,credit,mastercard,2024-10-03T15:26:03,2029-10-02T15:26:03,742324.49,112633.21,expired,True,True,13,2025-10-16T07:21:56,36249,2024-10-03T15:26:03
CARD000425,CUST000317,ACC000656,XXXX-XXXX-XXXX-3804,debit,mastercard,2019-06-23T14:40:50,2023-06-22T14:40:50,0.0,0.0,expired,True,True,10,2022-08-01T11:36:50,12295,2019-06-23T14:40:50
CARD000426,CUST000605,ACC000530,XXXX-XXXX-XXXX-4530,credit,mastercard,2020-10-02T05:47:33,2024-10-01T05:47:33,288196.46,64545.96,expired,True,True,16,2025-10-21T17:52:09,25744,2020-10-02T05:47:33
CARD000427,CUST000004,ACC001070,XXXX-XXXX-XXXX-2295,credit,rupay,2023-08-18T09:46:29,2026-08-17T09:46:29,912914.59,131703.62,expired,True,True,18,2023-09-02T18:51:20,45462,2023-08-18T09:46:29
CARD000428,CUST000908,ACC000471,XXXX-XXXX-XXXX-5692,debit,visa,2020-02-04T13:10:52,2023-02-03T13:10:52,0.0,0.0,expired,True,True,8,2024-10-30T06:13:47,42337,2020-02-04T13:10:52
CARD000429,CUST000888,ACC000781,XXXX-XXXX-XXXX-5248,debit,visa,2021-01-19T13:04:14,2024-01-19T13:04:14,0.0,0.0,expired,True,True,2,2021-10-02T17:59:24,39053,2021-01-19T13:04:14
CARD000430,CUST000398,ACC000753,XXXX-XXXX-XXXX-1971,debit,mastercard,2021-04-17T10:05:41,2024-04-16T10:05:41,0.0,0.0,expired,True,True,16,2025-02-11T04:56:58,49481,2021-04-17T10:05:41
CARD000431,CUST000529,ACC001186,XXXX-XXXX-XXXX-8361,debit,rupay,2021-10-29T13:32:58,2026-10-28T13:32:58,0.0,0.0,active,True,True,22,2024-05-03T17:50:10,41052,2021-10-29T13:32:58
CARD000432,CUST000457,ACC001344,XXXX-XXXX-XXXX-1256,debit,rupay,2023-05-14T14:37:52,2026-05-13T14:37:52,0.0,0.0,expired,False,True,6,2023-08-22T10:45:05,11919,2023-05-14T14:37:52
CARD000433,CUST000849,ACC000447,XXXX-XXXX-XXXX-2586,credit,rupay,2022-11-04T22:55:43,2027-11-03T22:55:43,594583.78,504020.07,active,True,True,24,2023-08-01T22:28:38,13469,2022-11-04T22:55:43
CARD000434,CUST000624,ACC001248,XXXX-XXXX-XXXX-5592,debit,visa,2020-07-17T00:34:36,2024-07-16T00:34:36,0.0,0.0,expired,True,True,24,2024-12-18T09:31:57,39743,2020-07-17T00:34:36
CARD000435,CUST000521,ACC000537,XXXX-XXXX-XXXX-8127,credit,mastercard,2024-10-22T11:38:48,2027-10-22T11:38:48,638177.81,632690.79,active,True,True,24,2025-12-05T18:50:50,43002,2024-10-22T11:38:48
CARD000436,CUST000021,ACC000546,XXXX-XXXX-XXXX-8121,debit,mastercard,2024-01-30T16:15:52,2027-01-29T16:15:52,0.0,0.0,blocked,False,True,15,2026-07-31T18:51:20,46064,2024-01-30T16:15:52
CARD000437,CUST000647,ACC000237,XXXX-XXXX-XXXX-8006,credit,mastercard,2020-06-17T11:00:03,2025-06-16T11:00:03,778729.05,189467.86,expired,True,True,8,2021-05-14T15:55:35,49048,2020-06-17T11:00:03
CARD000438,CUST000314,ACC000469,XXXX-XXXX-XXXX-6585,debit,rupay,2019-10-17T02:32:15,2022-10-16T02:32:15,0.0,0.0,expired,True,True,19,2026-07-24T17:15:23,4487,2019-10-17T02:32:15
CARD000439,CUST000280,ACC000465,XXXX-XXXX-XXXX-3673,debit,visa,2023-01-15T14:37:23,2028-01-14T14:37:23,0.0,0.0,active,True,True,24,2024-04-01T08:13:21,33470,2023-01-15T14:37:23
CARD000440,CUST000695,ACC000183,XXXX-XXXX-XXXX-1241,debit,visa,2023-05-01T16:28:00,2027-04-30T16:28:00,0.0,0.0,active,True,True,23,2023-07-04T10:09:08,22144,2023-05-01T16:28:00
CARD000441,CUST000673,ACC000688,XXXX-XXXX-XXXX-1080,debit,mastercard,2020-03-30T23:44:59,2023-03-30T23:44:59,0.0,0.0,expired,False,True,21,2021-06-20T13:27:06,3355,2020-03-30T23:44:59
CARD000442,CUST000265,ACC000658,XXXX-XXXX-XXXX-7631,credit,visa,2023-09-10T20:51:36,2027-09-09T20:51:36,933802.28,908552.81,blocked,True,True,13,2026-08-13T12:07:30,38086,2023-09-10T20:51:36
CARD000443,CUST000144,ACC000845,XXXX-XXXX-XXXX-6441,credit,mastercard,2024-09-14T03:04:27,2027-09-14T03:04:27,277955.79,34444.06,active,True,True,9,2024-10-22T11:35:52,22524,2024-09-14T03:04:27
CARD000444,CUST000213,ACC001468,XXXX-XXXX-XXXX-4410,debit,rupay,2024-11-12T14:03:37,2028-11-11T14:03:37,0.0,0.0,blocked,True,False,11,2025-06-11T06:43:47,16982,2024-11-12T14:03:37
CARD000445,CUST000904,ACC000708,XXXX-XXXX-XXXX-8454,debit,mastercard,2019-04-17T01:11:20,2023-04-16T01:11:20,0.0,0.0,expired,True,True,25,2022-07-16T18:27:21,7303,2019-04-17T01:11:20
CARD000446,CUST000200,ACC001449,XXXX-XXXX-XXXX-5165,debit,visa,2020-08-15T00:33:36,2025-08-14T00:33:36,0.0,0.0,expired,True,True,7,2026-08-15T15:59:44,43993,2020-08-15T00:33:36
CARD000447,CUST000153,ACC000643,XXXX-XXXX-XXXX-1965,credit,visa,2019-07-11T07:59:59,2024-07-09T07:59:59,715205.36,110802.58,expired,True,True,10,2025-07-02T09:02:47,4875,2019-07-11T07:59:59
CARD000448,CUST000775,ACC000712,XXXX-XXXX-XXXX-6826,credit,mastercard,2021-06-29T18:44:19,2024-06-28T18:44:19,905524.81,577121.55,expired,True,True,24,2022-09-21T19:10:59,45423,2021-06-29T18:44:19
CARD000449,CUST000243,ACC001064,XXXX-XXXX-XXXX-9151,credit,mastercard,2024-09-29T20:32:52,2028-09-28T20:32:52,645361.67,108385.58,expired,True,True,1,2025-09-05T04:41:47,46337,2024-09-29T20:32:52
CARD000450,CUST000115,ACC001148,XXXX-XXXX-XXXX-6570,debit,mastercard,2022-03-09T15:08:15,2027-03-08T15:08:15,0.0,0.0,active,True,True,23,2025-08-11T06:17:03,28771,2022-03-09T15:08:15
CARD000451,CUST000797,ACC001193,XXXX-XXXX-XXXX-6036,credit,rupay,2023-01-21T14:26:14,2027-01-20T14:26:14,858438.47,286214.05,blocked,True,True,6,2025-05-19T07:16:15,44626,2023-01-21T14:26:14
CARD000452,CUST000159,ACC000220,XXXX-XXXX-XXXX-9255,debit,visa,2021-12-12T08:34:20,2026-12-11T08:34:20,0.0,0.0,expired,True,True,16,2025-01-22T11:09:13,9943,2021-12-12T08:34:20
CARD000453,CUST000395,ACC001213,XXXX-XXXX-XXXX-5541,debit,visa,2024-03-17T11:07:48,2029-03-16T11:07:48,0.0,0.0,active,False,True,6,2026-04-29T12:48:46,20431,2024-03-17T11:07:48
CARD000454,CUST000914,ACC000996,XXXX-XXXX-XXXX-2000,debit,mastercard,2021-04-30T23:59:10,2026-04-29T23:59:10,0.0,0.0,expired,True,True,14,2025-03-18T04:22:53,25212,2021-04-30T23:59:10
CARD000455,CUST000242,ACC000231,XXXX-XXXX-XXXX-5806,credit,mastercard,2022-05-16T12:40:37,2025-05-15T12:40:37,128133.59,110835.41,expired,True,True,15,2024-04-29T12:16:26,49657,2022-05-16T12:40:37
CARD000456,CUST000511,ACC001235,XXXX-XXXX-XXXX-6308,debit,visa,2023-06-20T09:49:27,2028-06-18T09:49:27,0.0,0.0,active,True,True,12,2024-11-15T08:37:23,14230,2023-06-20T09:49:27
CARD000457,CUST000666,ACC000461,XXXX-XXXX-XXXX-4349,debit,visa,2023-11-11T10:27:49,2026-11-10T10:27:49,0.0,0.0,active,True,True,21,2024-03-02T00:41:32,49575,2023-11-11T10:27:49
CARD000458,CUST000522,ACC000572,XXXX-XXXX-XXXX-1093,credit,visa,2023-04-22T10:40:34,2027-04-21T10:40:34,464630.5,283059.02,blocked,False,True,15,2025-03-11T19:41:24,29567,2023-04-22T10:40:34
CARD000459,CUST000918,ACC000002,XXXX-XXXX-XXXX-3007,debit,mastercard,2022-12-22T05:08:57,2027-12-21T05:08:57,0.0,0.0,active,True,True,14,2024-02-12T19:53:06,48540,2022-12-22T05:08:57
CARD000460,CUST000773,ACC000363,XXXX-XXXX-XXXX-9190,debit,mastercard,2022-01-27T12:23:40,2025-01-26T12:23:40,0.0,0.0,expired,True,True,8,2025-07-23T06:45:58,9983,2022-01-27T12:23:40
CARD000461,CUST000063,ACC001479,XXXX-XXXX-XXXX-5323,credit,rupay,2021-07-24T04:23:49,2026-07-23T04:23:49,573670.8,460255.4,expired,True,False,5,2025-11-12T22:15:43,39848,2021-07-24T04:23:49
CARD000462,CUST000752,ACC001055,XXXX-XXXX-XXXX-9429,credit,rupay,2019-01-04T09:18:24,2022-01-03T09:18:24,209725.2,63321.36,expired,False,True,7,2021-08-01T18:09:19,49975,2019-01-04T09:18:24
CARD000463,CUST000727,ACC001136,XXXX-XXXX-XXXX-3530,debit,rupay,2019-05-13T10:23:14,2022-05-12T10:23:14,0.0,0.0,expired,False,True,10,2023-11-13T06:11:29,4797,2019-05-13T10:23:14
CARD000464,CUST000268,ACC000225,XXXX-XXXX-XXXX-1079,credit,mastercard,2024-06-10T02:34:02,2028-06-09T02:34:02,889561.88,432115.01,active,True,True,4,2024-09-28T22:29:29,48543,2024-06-10T02:34:02
CARD000465,CUST000041,ACC000060,XXXX-XXXX-XXXX-6782,credit,visa,2019-02-21T03:15:31,2022-02-20T03:15:31,319222.48,182165.16,expired,True,True,14,2025-08-03T22:10:06,5801,2019-02-21T03:15:31
CARD000466,CUST000530,ACC001298,XXXX-XXXX-XXXX-7954,debit,visa,2019-07-07T04:41:25,2024-07-05T04:41:25,0.0,0.0,expired,True,True,26,2024-04-20T06:46:39,20608,2019-07-07T04:41:25
CARD000467,CUST000343,ACC001214,XXXX-XXXX-XXXX-3156,debit,mastercard,2020-07-22T21:49:31,2025-07-21T21:49:31,0.0,0.0,expired,True,True,3,2022-06-03T22:38:17,5101,2020-07-22T21:49:31
CARD000468,CUST000493,ACC000775,XXXX-XXXX-XXXX-6138,credit,mastercard,2023-02-08T05:37:23,2028-02-07T05:37:23,985954.21,118318.07,active,True,True,6,2026-03-12T11:26:18,4206,2023-02-08T05:37:23
CARD000469,CUST000814,ACC000904,XXXX-XXXX-XXXX-7229,debit,rupay,2023-06-29T17:58:44,2027-06-28T17:58:44,0.0,0.0,active,False,True,4,2024-08-04T03:08:53,8576,2023-06-29T17:58:44
CARD000470,CUST000161,ACC000651,XXXX-XXXX-XXXX-4347,credit,visa,2021-10-13T12:42:41,2026-10-12T12:42:41,129341.4,25117.3,active,False,True,21,2026-01-15T18:20:04,28107,2021-10-13T12:42:41
CARD000471,CUST000029,ACC000961,XXXX-XXXX-XXXX-7412,debit,visa,2025-05-06T02:46:59,2029-05-05T02:46:59,0.0,0.0,active,False,True,6,2026-05-25T17:15:41,15650,2025-05-06T02:46:59
CARD000472,CUST000795,ACC000613,XXXX-XXXX-XXXX-4092,debit,rupay,2022-10-09T03:04:35,2025-10-08T03:04:35,0.0,0.0,expired,True,True,25,2026-03-05T10:59:29,4822,2022-10-09T03:04:35
CARD000473,CUST000847,ACC000639,XXXX-XXXX-XXXX-3330,debit,mastercard,2019-06-29T21:01:51,2023-06-28T21:01:51,0.0,0.0,expired,True,False,17,2020-10-16T23:52:25,34830,2019-06-29T21:01:51
CARD000474,CUST000597,ACC001350,XXXX-XXXX-XXXX-3429,debit,mastercard,2023-03-14T10:02:50,2027-03-13T10:02:50,0.0,0.0,active,True,True,18,2025-05-02T21:20:50,16280,2023-03-14T10:02:50
CARD000475,CUST000314,ACC000880,XXXX-XXXX-XXXX-9192,debit,visa,2020-05-04T23:38:22,2024-05-03T23:38:22,0.0,0.0,expired,True,True,21,2021-11-17T21:54:43,7769,2020-05-04T23:38:22
CARD000476,CUST000609,ACC001207,XXXX-XXXX-XXXX-7044,credit,mastercard,2023-09-11T11:13:18,2026-09-10T11:13:18,740376.2,244861.37,expired,True,True,1,2024-03-31T09:39:43,8120,2023-09-11T11:13:18
CARD000477,CUST000386,ACC001403,XXXX-XXXX-XXXX-7042,credit,mastercard,2024-05-21T10:11:36,2029-05-20T10:11:36,368617.67,243607.22,active,True,True,1,2025-12-07T09:39:44,17622,2024-05-21T10:11:36
CARD000478,CUST000283,ACC001099,XXXX-XXXX-XXXX-6350,debit,mastercard,2024-07-03T06:44:11,2028-07-02T06:44:11,0.0,0.0,active,True,True,13,2026-06-13T17:55:17,40188,2024-07-03T06:44:11
CARD000479,CUST000742,ACC000625,XXXX-XXXX-XXXX-1060,debit,visa,2021-02-27T21:09:30,2024-02-27T21:09:30,0.0,0.0,expired,True,True,15,2021-07-01T17:37:11,27592,2021-02-27T21:09:30
CARD000480,CUST000834,ACC001419,XXXX-XXXX-XXXX-9897,debit,mastercard,2024-01-16T11:45:12,2028-01-15T11:45:12,0.0,0.0,active,True,True,10,2026-04-09T16:24:20,5102,2024-01-16T11:45:12
CARD000481,CUST000754,ACC000094,XXXX-XXXX-XXXX-8393,debit,mastercard,2023-12-26T23:29:56,2026-12-25T23:29:56,0.0,0.0,active,True,True,26,2025-06-08T01:33:59,7383,2023-12-26T23:29:56
CARD000482,CUST000944,ACC000112,XXXX-XXXX-XXXX-3882,debit,mastercard,2020-11-07T18:12:39,2024-11-06T18:12:39,0.0,0.0,expired,True,True,18,2021-04-04T22:48:03,17763,2020-11-07T18:12:39
CARD000483,CUST000298,ACC000670,XXXX-XXXX-XXXX-2784,debit,visa,2024-02-02T09:38:03,2027-02-01T09:38:03,0.0,0.0,active,True,True,28,2026-07-23T12:33:45,38508,2024-02-02T09:38:03
CARD000484,CUST000100,ACC000524,XXXX-XXXX-XXXX-5598,credit,visa,2023-05-25T20:10:04,2028-05-23T20:10:04,646787.18,508734.26,active,True,True,6,2026-08-30T13:52:41,41534,2023-05-25T20:10:04
CARD000485,CUST000949,ACC001391,XXXX-XXXX-XXXX-3220,debit,mastercard,2019-11-25T03:01:51,2022-11-24T03:01:51,0.0,0.0,expired,True,True,14,2026-07-10T09:38:04,24944,2019-11-25T03:01:51
CARD000486,CUST000009,ACC000029,XXXX-XXXX-XXXX-3061,credit,rupay,2019-09-05T04:10:46,2024-09-03T04:10:46,50515.49,13883.65,expired,True,True,10,2021-08-07T08:21:41,9894,2019-09-05T04:10:46
CARD000487,CUST000505,ACC000446,XXXX-XXXX-XXXX-9783,credit,mastercard,2024-02-20T03:22:43,2027-02-19T03:22:43,393715.7,161666.44,active,True,False,7,2025-10-24T16:35:52,24959,2024-02-20T03:22:43
CARD000488,CUST000845,ACC000892,XXXX-XXXX-XXXX-1040,credit,rupay,2021-09-22T02:35:19,2024-09-21T02:35:19,180479.56,70895.43,expired,True,True,26,2023-09-08T23:00:46,44387,2021-09-22T02:35:19
CARD000489,CUST000270,ACC001125,XXXX-XXXX-XXXX-8685,credit,mastercard,2021-07-23T07:16:06,2026-07-22T07:16:06,507175.12,481537.27,expired,True,True,15,2022-10-20T00:50:43,7483,2021-07-23T07:16:06
CARD000490,CUST000571,ACC000432,XXXX-XXXX-XXXX-1239,credit,rupay,2020-02-28T11:06:25,2025-02-26T11:06:25,727269.86,644080.09,expired,True,True,16,2022-07-04T02:29:28,20398,2020-02-28T11:06:25
CARD000491,CUST000399,ACC001341,XXXX-XXXX-XXXX-8568,credit,visa,2022-11-02T18:51:18,2027-11-01T18:51:18,908885.91,222808.05,active,True,True,24,2023-12-21T19:07:40,42006,2022-11-02T18:51:18
CARD000492,CUST000091,ACC001253,XXXX-XXXX-XXXX-5219,debit,mastercard,2023-10-10T11:26:54,2027-10-09T11:26:54,0.0,0.0,active,True,True,18,2024-12-31T09:49:41,41783,2023-10-10T11:26:54
CARD000493,CUST000103,ACC000459,XXXX-XXXX-XXXX-4819,credit,visa,2021-04-16T05:16:06,2026-04-15T05:16:06,119695.1,92342.53,expired,True,False,18,2024-04-24T17:20:20,36460,2021-04-16T05:16:06
CARD000494,CUST000942,ACC001399,XXXX-XXXX-XXXX-7213,credit,rupay,2023-07-21T00:06:38,2027-07-20T00:06:38,104421.85,50781.81,expired,True,True,3,2026-01-29T18:47:13,39476,2023-07-21T00:06:38
CARD000495,CUST000209,ACC000240,XXXX-XXXX-XXXX-7492,credit,mastercard,2019-07-16T19:32:27,2023-07-15T19:32:27,138971.47,83334.33,expired,False,True,23,2023-04-20T02:29:53,48538,2019-07-16T19:32:27
CARD000496,CUST000192,ACC000526,XXXX-XXXX-XXXX-3024,debit,mastercard,2024-04-10T07:33:34,2029-04-09T07:33:34,0.0,0.0,active,True,True,2,2024-12-18T11:19:02,7939,2024-04-10T07:33:34
CARD000497,CUST000817,ACC001232,XXXX-XXXX-XXXX-8228,credit,rupay,2023-10-06T11:55:13,2028-10-04T11:55:13,191964.57,108034.89,active,True,False,20,2025-06-11T06:30:43,40381,2023-10-06T11:55:13
CARD000498,CUST000854,ACC000344,XXXX-XXXX-XXXX-9957,credit,mastercard,2024-12-27T10:09:53,2028-12-26T10:09:53,311344.05,188694.49,active,False,True,19,2025-03-03T21:39:58,36924,2024-12-27T10:09:53
CARD000499,CUST000162,ACC001236,XXXX-XXXX-XXXX-8002,credit,mastercard,2019-12-08T04:40:36,2022-12-07T04:40:36,634361.87,311475.54,expired,True,True,14,2022-06-07T15:15:09,44803,2019-12-08T04:40:36
CARD000500,CUST000679,ACC000071,XXXX-XXXX-XXXX-9275,debit,visa,2022-04-22T08:23:29,2025-04-21T08:23:29,0.0,0.0,expired,True,True,1,2022-07-16T00:00:34,29976,2022-04-22T08:23:29
CARD000501,CUST000441,ACC000064,XXXX-XXXX-XXXX-8366,debit,rupay,2022-09-02T10:29:06,2027-09-01T10:29:06,0.0,0.0,expired,False,True,6,2024-06-25T05:33:04,38026,2022-09-02T10:29:06
CARD000502,CUST000998,ACC001363,XXXX-XXXX-XXXX-9706,credit,visa,2022-06-12T21:40:26,2025-06-11T21:40:26,750104.21,478512.43,expired,True,True,13,2023-03-01T06:21:18,24099,2022-06-12T21:40:26
CARD000503,CUST000112,ACC000083,XXXX-XXXX-XXXX-4722,credit,mastercard,2021-03-14T22:19:14,2026-03-13T22:19:14,231658.17,158781.37,expired,True,True,18,2024-12-30T15:00:52,46426,2021-03-14T22:19:14
CARD000504,CUST000838,ACC001209,XXXX-XXXX-XXXX-9536,debit,visa,2019-07-03T23:21:25,2024-07-01T23:21:25,0.0,0.0,expired,False,True,15,2025-11-02T23:52:42,46714,2019-07-03T23:21:25
CARD000505,CUST000477,ACC000230,XXXX-XXXX-XXXX-6784,credit,mastercard,2022-12-11T20:00:09,2027-12-10T20:00:09,584160.84,217271.18,active,True,True,25,2024-02-11T05:11:11,16354,2022-12-11T20:00:09
CARD000506,CUST000513,ACC000058,XXXX-XXXX-XXXX-8420,credit,visa,2020-05-28T15:14:47,2025-05-27T15:14:47,656600.48,361140.02,expired,True,True,24,2023-10-04T07:54:45,31483,2020-05-28T15:14:47
CARD000507,CUST000685,ACC000531,XXXX-XXXX-XXXX-9938,credit,visa,2019-08-10T16:50:25,2022-08-09T16:50:25,488468.93,93044.11,expired,False,True,9,2026-07-21T19:26:59,45130,2019-08-10T16:50:25
CARD000508,CUST000846,ACC000205,XXXX-XXXX-XXXX-3099,credit,mastercard,2021-03-25T20:12:20,2025-03-24T20:12:20,795943.68,478754.05,expired,True,True,6,2023-09-09T12:43:31,29420,2021-03-25T20:12:20
CARD000509,CUST000448,ACC000498,XXXX-XXXX-XXXX-9772,credit,rupay,2022-05-21T19:22:28,2027-05-20T19:22:28,891701.95,622359.45,active,True,False,28,2026-01-16T06:45:37,20222,2022-05-21T19:22:28
CARD000510,CUST000057,ACC000861,XXXX-XXXX-XXXX-1100,debit,rupay,2024-05-28T18:27:07,2029-05-27T18:27:07,0.0,0.0,expired,False,True,7,2025-05-29T23:01:41,27644,2024-05-28T18:27:07
CARD000511,CUST000654,ACC000494,XXXX-XXXX-XXXX-6009,debit,visa,2025-04-15T04:49:35,2029-04-14T04:49:35,0.0,0.0,active,True,True,27,2025-12-01T13:08:17,26514,2025-04-15T04:49:35
CARD000512,CUST000489,ACC000973,XXXX-XXXX-XXXX-7560,credit,visa,2021-10-09T05:52:27,2024-10-08T05:52:27,67166.66,51906.5,expired,True,True,24,2025-07-03T10:49:09,27157,2021-10-09T05:52:27
CARD000513,CUST000761,ACC001416,XXXX-XXXX-XXXX-8996,debit,visa,2020-09-23T08:04:51,2024-09-22T08:04:51,0.0,0.0,expired,True,True,22,2023-01-18T04:54:43,15351,2020-09-23T08:04:51
CARD000514,CUST000255,ACC001074,XXXX-XXXX-XXXX-8899,debit,mastercard,2020-08-12T20:14:53,2025-08-11T20:14:53,0.0,0.0,expired,True,True,5,2025-10-21T01:35:19,16539,2020-08-12T20:14:53
CARD000515,CUST000455,ACC000041,XXXX-XXXX-XXXX-9053,credit,mastercard,2019-08-19T20:59:29,2024-08-17T20:59:29,329470.9,206396.39,expired,False,True,4,2021-06-14T14:29:45,17446,2019-08-19T20:59:29
CARD000516,CUST000543,ACC000846,XXXX-XXXX-XXXX-5344,credit,rupay,2024-05-30T01:56:17,2027-05-30T01:56:17,118998.81,72450.5,blocked,True,True,6,2024-06-14T20:21:04,13556,2024-05-30T01:56:17
CARD000517,CUST000209,ACC000672,XXXX-XXXX-XXXX-3122,credit,visa,2021-02-01T10:41:09,2026-01-31T10:41:09,756730.69,226324.58,expired,True,True,3,2023-08-21T05:20:17,29517,2021-02-01T10:41:09
CARD000518,CUST000969,ACC000270,XXXX-XXXX-XXXX-6012,debit,visa,2023-02-17T18:30:42,2027-02-16T18:30:42,0.0,0.0,active,True,True,15,2024-11-25T06:49:36,25539,2023-02-17T18:30:42
CARD000519,CUST000472,ACC001256,XXXX-XXXX-XXXX-9199,debit,mastercard,2019-09-12T15:45:54,2024-09-10T15:45:54,0.0,0.0,expired,False,True,25,2024-01-02T18:38:56,11653,2019-09-12T15:45:54
CARD000520,CUST000468,ACC000132,XXXX-XXXX-XXXX-8948,debit,mastercard,2020-06-08T21:40:26,2023-06-08T21:40:26,0.0,0.0,expired,True,True,4,2026-06-29T19:25:55,43389,2020-06-08T21:40:26
CARD000521,CUST000467,ACC000212,XXXX-XXXX-XXXX-5446,debit,rupay,2022-10-21T06:41:40,2027-10-20T06:41:40,0.0,0.0,expired,True,True,24,2023-10-29T07:05:42,35176,2022-10-21T06:41:40
CARD000522,CUST000309,ACC000165,XXXX-XXXX-XXXX-9768,debit,rupay,2021-10-18T10:25:28,2025-10-17T10:25:28,0.0,0.0,expired,False,True,25,2025-09-02T20:19:38,16327,2021-10-18T10:25:28
CARD000523,CUST000067,ACC001030,XXXX-XXXX-XXXX-5259,debit,rupay,2021-06-29T06:37:14,2025-06-28T06:37:14,0.0,0.0,expired,True,True,27,2024-12-14T10:14:07,1899,2021-06-29T06:37:14
CARD000524,CUST000909,ACC001493,XXXX-XXXX-XXXX-3246,credit,mastercard,2021-11-22T10:44:03,2024-11-21T10:44:03,868494.66,241386.97,expired,True,True,22,2022-07-06T07:19:36,9920,2021-11-22T10:44:03
CARD000525,CUST000148,ACC000390,XXXX-XXXX-XXXX-3489,credit,rupay,2021-11-07T12:50:59,2025-11-06T12:50:59,758859.75,119910.09,expired,True,True,3,2024-12-01T17:10:53,9156,2021-11-07T12:50:59
CARD000526,CUST000697,ACC000954,XXXX-XXXX-XXXX-6921,debit,mastercard,2019-01-14T07:23:13,2024-01-13T07:23:13,0.0,0.0,expired,True,True,8,2023-01-02T04:18:26,46450,2019-01-14T07:23:13
CARD000527,CUST000515,ACC001382,XXXX-XXXX-XXXX-5744,debit,visa,2021-04-24T00:32:20,2026-04-23T00:32:20,0.0,0.0,expired,True,True,17,2026-01-25T18:50:47,5243,2021-04-24T00:32:20
CARD000528,CUST000664,ACC000779,XXXX-XXXX-XXXX-7781,debit,mastercard,2023-06-24T21:37:20,2026-06-23T21:37:20,0.0,0.0,expired,True,True,21,2024-05-30T14:36:30,5466,2023-06-24T21:37:20
CARD000529,CUST000192,ACC000526,XXXX-XXXX-XXXX-1612,debit,rupay,2022-01-21T11:11:36,2025-01-20T11:11:36,0.0,0.0,expired,True,True,21,2024-08-24T10:34:53,19774,2022-01-21T11:11:36
CARD000530,CUST000054,ACC001059,XXXX-XXXX-XXXX-3040,debit,rupay,2020-01-07T07:37:42,2023-01-06T07:37:42,0.0,0.0,expired,False,True,7,2025-09-13T07:52:08,49353,2020-01-07T07:37:42
CARD000531,CUST000793,ACC000711,XXXX-XXXX-XXXX-9291,debit,mastercard,2023-09-05T06:57:15,2027-09-04T06:57:15,0.0,0.0,active,False,False,10,2025-09-12T04:55:08,2839,2023-09-05T06:57:15
CARD000532,CUST000953,ACC000093,XXXX-XXXX-XXXX-6965,debit,visa,2022-11-13T10:02:54,2025-11-12T10:02:54,0.0,0.0,expired,True,True,17,2026-03-03T21:26:47,11338,2022-11-13T10:02:54
CARD000533,CUST000183,ACC001418,XXXX-XXXX-XXXX-5125,credit,mastercard,2022-07-12T09:36:02,2026-07-11T09:36:02,487874.76,265323.54,expired,True,True,8,2025-08-27T23:53:30,40924,2022-07-12T09:36:02
CARD000534,CUST000112,ACC000258,XXXX-XXXX-XXXX-6251,debit,visa,2022-09-11T09:12:16,2025-09-10T09:12:16,0.0,0.0,expired,True,True,1,2024-03-27T15:52:52,13926,2022-09-11T09:12:16
CARD000535,CUST000120,ACC001192,XXXX-XXXX-XXXX-7440,credit,mastercard,2021-03-17T02:17:15,2026-03-16T02:17:15,536567.81,247858.61,expired,True,True,19,2026-01-14T18:58:03,42570,2021-03-17T02:17:15
CARD000536,CUST000620,ACC000789,XXXX-XXXX-XXXX-9228,credit,visa,2019-11-10T18:30:49,2024-11-08T18:30:49,429939.3,402066.07,expired,True,True,14,2022-11-16T16:51:16,9157,2019-11-10T18:30:49
CARD000537,CUST000155,ACC000535,XXXX-XXXX-XXXX-9000,debit,visa,2020-05-12T00:46:47,2023-05-12T00:46:47,0.0,0.0,expired,True,True,6,2023-03-21T12:35:38,8100,2020-05-12T00:46:47
CARD000538,CUST000929,ACC000533,XXXX-XXXX-XXXX-2703,credit,mastercard,2022-07-08T04:49:36,2027-07-07T04:49:36,798011.89,369526.88,active,True,True,25,2026-01-22T19:46:25,2656,2022-07-08T04:49:36
CARD000539,CUST000810,ACC000042,XXXX-XXXX-XXXX-6786,credit,visa,2020-12-04T03:54:37,2023-12-04T03:54:37,704418.84,201550.16,expired,True,True,4,2025-06-14T09:08:26,4271,2020-12-04T03:54:37
CARD000540,CUST000592,ACC000991,XXXX-XXXX-XXXX-4686,debit,rupay,2020-08-19T16:05:46,2024-08-18T16:05:46,0.0,0.0,expired,True,True,28,2022-05-28T23:28:31,31282,2020-08-19T16:05:46
CARD000541,CUST000832,ACC000106,XXXX-XXXX-XXXX-1011,debit,visa,2022-12-03T22:52:09,2027-12-02T22:52:09,0.0,0.0,active,True,True,16,2023-10-08T01:53:17,175,2022-12-03T22:52:09
CARD000542,CUST000233,ACC000881,XXXX-XXXX-XXXX-5316,debit,rupay,2021-10-22T23:09:11,2026-10-21T23:09:11,0.0,0.0,active,False,True,4,2026-08-18T01:40:23,15491,2021-10-22T23:09:11
CARD000543,CUST000443,ACC001181,XXXX-XXXX-XXXX-1039,credit,visa,2023-10-16T19:48:20,2028-10-14T19:48:20,431518.36,249683.26,active,True,True,1,2025-01-30T07:44:28,17826,2023-10-16T19:48:20
CARD000544,CUST000086,ACC000506,XXXX-XXXX-XXXX-2021,credit,mastercard,2020-09-17T14:24:29,2023-09-17T14:24:29,636837.27,618582.23,expired,True,False,14,2025-04-26T14:34:36,31520,2020-09-17T14:24:29
CARD000545,CUST000177,ACC001317,XXXX-XXXX-XXXX-4451,credit,visa,2020-07-31T19:56:32,2025-07-30T19:56:32,503578.7,439399.19,expired,True,True,20,2022-06-29T23:30:01,39205,2020-07-31T19:56:32
CARD000546,CUST000141,ACC000073,XXXX-XXXX-XXXX-1492,debit,rupay,2020-10-02T18:13:38,2023-10-02T18:13:38,0.0,0.0,expired,False,True,16,2021-06-18T15:52:45,48240,2020-10-02T18:13:38
CARD000547,CUST000492,ACC001392,XXXX-XXXX-XXXX-8336,credit,visa,2019-09-04T08:09:13,2022-09-03T08:09:13,645975.15,410518.42,expired,True,True,17,2025-07-18T18:44:13,20923,2019-09-04T08:09:13
CARD000548,CUST000582,ACC001338,XXXX-XXXX-XXXX-2717,credit,mastercard,2019-06-28T15:39:43,2023-06-27T15:39:43,170637.95,164754.13,expired,True,True,3,2021-12-24T20:37:48,6553,2019-06-28T15:39:43
CARD000549,CUST000017,ACC000677,XXXX-XXXX-XXXX-5147,credit,mastercard,2024-05-04T01:11:35,2029-05-03T01:11:35,106211.4,96940.46,active,True,True,17,2024-07-15T10:23:15,18024,2024-05-04T01:11:35
CARD000550,CUST000174,ACC000396,XXXX-XXXX-XXXX-5370,debit,mastercard,2023-12-18T02:40:27,2028-12-16T02:40:27,0.0,0.0,active,True,True,20,2025-07-11T02:12:02,33666,2023-12-18T02:40:27
CARD000551,CUST000206,ACC001079,XXXX-XXXX-XXXX-7930,credit,visa,2020-10-27T04:16:25,2025-10-26T04:16:25,479314.9,462378.95,expired,False,True,19,2021-05-29T13:44:32,22304,2020-10-27T04:16:25
CARD000552,CUST000779,ACC001271,XXXX-XXXX-XXXX-9721,debit,rupay,2023-01-10T17:52:37,2027-01-09T17:52:37,0.0,0.0,active,False,True,17,2024-08-02T03:07:02,2171,2023-01-10T17:52:37
CARD000553,CUST000510,ACC001398,XXXX-XXXX-XXXX-4863,credit,visa,2023-04-13T00:07:35,2026-04-12T00:07:35,310751.97,235307.11,expired,True,True,21,2023-05-22T00:13:14,35173,2023-04-13T00:07:35
CARD000554,CUST000114,ACC001234,XXXX-XXXX-XXXX-9509,debit,mastercard,2020-09-17T15:37:31,2023-09-17T15:37:31,0.0,0.0,expired,True,True,12,2023-01-30T15:04:05,30150,2020-09-17T15:37:31
CARD000555,CUST000329,ACC000110,XXXX-XXXX-XXXX-8264,debit,rupay,2023-02-12T06:18:58,2027-02-11T06:18:58,0.0,0.0,active,True,True,14,2026-01-17T04:16:41,3549,2023-02-12T06:18:58
CARD000556,CUST000437,ACC001237,XXXX-XXXX-XXXX-4897,credit,visa,2019-07-23T22:52:17,2023-07-22T22:52:17,526416.54,435632.25,expired,True,True,26,2022-03-14T16:30:43,1290,2019-07-23T22:52:17
CARD000557,CUST000106,ACC000593,XXXX-XXXX-XXXX-8481,credit,visa,2024-03-19T23:36:36,2029-03-18T23:36:36,152953.03,25187.97,active,True,True,27,2024-06-10T06:08:20,28082,2024-03-19T23:36:36
CARD000558,CUST000135,ACC000719,XXXX-XXXX-XXXX-6555,debit,visa,2024-05-10T22:23:33,2027-05-10T22:23:33,0.0,0.0,active,True,True,23,2025-07-04T10:24:38,29486,2024-05-10T22:23:33
CARD000559,CUST000409,ACC000155,XXXX-XXXX-XXXX-6041,credit,visa,2022-11-22T18:13:19,2025-11-21T18:13:19,821892.05,198791.47,expired,False,True,16,2024-12-14T23:01:46,43540,2022-11-22T18:13:19
CARD000560,CUST001000,ACC000309,XXXX-XXXX-XXXX-8874,credit,visa,2020-11-07T13:48:29,2025-11-06T13:48:29,828395.59,356109.76,expired,True,False,8,2022-10-18T22:52:36,44191,2020-11-07T13:48:29
CARD000561,CUST000032,ACC000189,XXXX-XXXX-XXXX-9265,debit,rupay,2022-07-16T21:51:47,2025-07-15T21:51:47,0.0,0.0,expired,False,True,11,2023-11-06T11:46:42,24532,2022-07-16T21:51:47
CARD000562,CUST000141,ACC000073,XXXX-XXXX-XXXX-7998,debit,visa,2022-09-02T17:40:12,2027-09-01T17:40:12,0.0,0.0,active,True,True,3,2025-07-25T10:44:41,10962,2022-09-02T17:40:12
CARD000563,CUST000984,ACC001322,XXXX-XXXX-XXXX-5881,debit,visa,2023-02-09T05:44:04,2026-02-08T05:44:04,0.0,0.0,expired,True,True,10,2026-03-30T19:41:10,1439,2023-02-09T05:44:04
CARD000564,CUST000636,ACC000635,XXXX-XXXX-XXXX-3986,credit,mastercard,2022-04-06T13:56:24,2025-04-05T13:56:24,800411.45,156018.62,expired,True,True,25,2024-03-14T12:04:14,28458,2022-04-06T13:56:24
CARD000565,CUST000756,ACC000108,XXXX-XXXX-XXXX-1926,credit,visa,2023-05-13T18:36:59,2027-05-12T18:36:59,815126.31,95324.61,active,True,True,20,2023-05-30T01:39:07,36045,2023-05-13T18:36:59
CARD000566,CUST000858,ACC000216,XXXX-XXXX-XXXX-4467,credit,mastercard,2020-10-30T10:21:40,2023-10-30T10:21:40,78895.75,38872.04,expired,True,True,12,2025-07-11T09:05:38,22369,2020-10-30T10:21:40
CARD000567,CUST000344,ACC000987,XXXX-XXXX-XXXX-6206,credit,visa,2019-08-15T21:12:27,2022-08-14T21:12:27,447318.77,97785.37,expired,True,True,2,2025-02-02T05:26:09,48736,2019-08-15T21:12:27
CARD000568,CUST000762,ACC000383,XXXX-XXXX-XXXX-4463,debit,rupay,2020-10-17T21:15:28,2025-10-16T21:15:28,0.0,0.0,expired,True,True,18,2021-04-09T14:49:18,42421,2020-10-17T21:15:28
CARD000569,CUST000066,ACC001411,XXXX-XXXX-XXXX-3125,credit,visa,2024-02-07T15:43:22,2029-02-05T15:43:22,838033.28,695132.78,active,True,True,10,2025-10-15T23:25:47,20759,2024-02-07T15:43:22
CARD000570,CUST000008,ACC000965,XXXX-XXXX-XXXX-2840,credit,mastercard,2023-05-25T07:36:24,2027-05-24T07:36:24,935067.9,746384.7,active,True,True,1,2026-06-09T18:37:04,41178,2023-05-25T07:36:24
CARD000571,CUST000521,ACC001242,XXXX-XXXX-XXXX-3665,debit,rupay,2020-04-30T09:21:40,2023-04-30T09:21:40,0.0,0.0,expired,True,True,15,2026-01-28T03:40:04,11821,2020-04-30T09:21:40
CARD000572,CUST000874,ACC000362,XXXX-XXXX-XXXX-4277,debit,mastercard,2020-04-06T18:26:57,2023-04-06T18:26:57,0.0,0.0,expired,False,True,8,2021-08-16T21:56:43,2853,2020-04-06T18:26:57
CARD000573,CUST000498,ACC000562,XXXX-XXXX-XXXX-9057,debit,visa,2022-08-10T03:58:36,2025-08-09T03:58:36,0.0,0.0,expired,True,True,7,2024-02-26T08:45:02,25996,2022-08-10T03:58:36
CARD000574,CUST000347,ACC001333,XXXX-XXXX-XXXX-6013,debit,mastercard,2019-04-23T04:02:23,2024-04-21T04:02:23,0.0,0.0,expired,False,True,28,2025-09-12T19:28:15,46596,2019-04-23T04:02:23
CARD000575,CUST000271,ACC000902,XXXX-XXXX-XXXX-7368,debit,mastercard,2019-07-25T01:45:41,2023-07-24T01:45:41,0.0,0.0,expired,True,True,10,2025-10-15T07:08:49,47653,2019-07-25T01:45:41
CARD000576,CUST000256,ACC000474,XXXX-XXXX-XXXX-4230,debit,rupay,2020-03-21T09:29:40,2023-03-21T09:29:40,0.0,0.0,expired,True,True,28,2021-11-28T05:25:55,31176,2020-03-21T09:29:40
CARD000577,CUST000167,ACC000377,XXXX-XXXX-XXXX-7942,debit,visa,2023-07-14T10:25:17,2028-07-12T10:25:17,0.0,0.0,active,True,True,24,2024-10-22T06:17:19,12102,2023-07-14T10:25:17
CARD000578,CUST000403,ACC000920,XXXX-XXXX-XXXX-1071,debit,visa,2025-04-03T22:34:21,2030-04-02T22:34:21,0.0,0.0,active,True,True,20,2026-02-14T18:13:51,17063,2025-04-03T22:34:21
CARD000579,CUST000030,ACC001056,XXXX-XXXX-XXXX-9966,credit,mastercard,2019-06-11T15:09:44,2022-06-10T15:09:44,608863.57,102385.8,expired,True,True,21,2025-06-07T05:29:05,23481,2019-06-11T15:09:44
CARD000580,CUST000513,ACC000858,XXXX-XXXX-XXXX-7309,debit,mastercard,2020-07-17T01:00:14,2024-07-16T01:00:14,0.0,0.0,expired,True,True,27,2024-05-22T04:59:43,18411,2020-07-17T01:00:14
CARD000581,CUST000465,ACC001305,XXXX-XXXX-XXXX-2554,credit,visa,2024-12-29T08:24:39,2028-12-28T08:24:39,779057.46,217034.5,active,False,True,13,2025-03-01T11:37:39,15762,2024-12-29T08:24:39
CARD000582,CUST000846,ACC000648,XXXX-XXXX-XXXX-6812,credit,rupay,2021-02-18T12:02:13,2024-02-18T12:02:13,601219.5,428296.49,expired,False,True,18,2026-02-26T12:40:16,46702,2021-02-18T12:02:13
CARD000583,CUST000897,ACC000167,XXXX-XXXX-XXXX-5470,debit,mastercard,2019-01-31T11:21:23,2023-01-30T11:21:23,0.0,0.0,expired,True,True,28,2022-09-09T23:25:06,44097,2019-01-31T11:21:23
CARD000584,CUST000180,ACC000507,XXXX-XXXX-XXXX-9910,debit,visa,2024-02-22T03:20:57,2028-02-21T03:20:57,0.0,0.0,active,True,False,25,2024-06-07T10:37:09,40936,2024-02-22T03:20:57
CARD000585,CUST000506,ACC000510,XXXX-XXXX-XXXX-8720,credit,rupay,2019-11-11T10:42:57,2022-11-10T10:42:57,382739.31,50252.0,expired,False,True,10,2019-11-27T15:56:34,48173,2019-11-11T10:42:57
CARD000586,CUST000910,ACC001015,XXXX-XXXX-XXXX-5509,debit,mastercard,2020-05-01T23:04:45,2023-05-01T23:04:45,0.0,0.0,expired,True,True,5,2024-11-08T04:30:21,27274,2020-05-01T23:04:45
CARD000587,CUST000793,ACC000711,XXXX-XXXX-XXXX-7267,debit,visa,2020-09-04T13:42:18,2023-09-04T13:42:18,0.0,0.0,expired,True,True,2,2025-03-09T02:17:08,48161,2020-09-04T13:42:18
CARD000588,CUST000657,ACC000778,XXXX-XXXX-XXXX-7795,debit,rupay,2022-06-18T04:39:35,2026-06-17T04:39:35,0.0,0.0,expired,True,True,23,2026-04-26T08:42:46,9328,2022-06-18T04:39:35
CARD000589,CUST000371,ACC000051,XXXX-XXXX-XXXX-3981,credit,mastercard,2023-09-18T23:16:04,2028-09-16T23:16:04,371982.98,92924.69,active,True,True,24,2024-10-22T17:37:13,45104,2023-09-18T23:16:04
CARD000590,CUST000588,ACC001417,XXXX-XXXX-XXXX-2629,credit,rupay,2022-06-16T08:53:36,2027-06-15T08:53:36,682676.86,345751.1,active,False,True,25,2024-06-19T00:25:47,1719,2022-06-16T08:53:36
CARD000591,CUST000047,ACC001152,XXXX-XXXX-XXXX-3170,debit,visa,2019-01-11T03:32:13,2022-01-10T03:32:13,0.0,0.0,expired,True,True,7,2021-01-27T19:04:14,45692,2019-01-11T03:32:13
CARD000592,CUST000380,ACC000111,XXXX-XXXX-XXXX-5702,debit,visa,2023-08-24T05:23:19,2027-08-23T05:23:19,0.0,0.0,blocked,True,True,3,2025-05-19T09:01:56,24579,2023-08-24T05:23:19
CARD000593,CUST000962,ACC001240,XXXX-XXXX-XXXX-8328,debit,mastercard,2024-02-17T08:30:43,2027-02-16T08:30:43,0.0,0.0,blocked,True,True,20,2025-01-08T11:15:06,30249,2024-02-17T08:30:43
CARD000594,CUST000926,ACC000030,XXXX-XXXX-XXXX-8244,debit,mastercard,2024-06-09T18:20:45,2027-06-09T18:20:45,0.0,0.0,active,True,False,4,2026-04-02T00:39:02,12931,2024-06-09T18:20:45
CARD000595,CUST000526,ACC000785,XXXX-XXXX-XXXX-3269,debit,mastercard,2024-05-26T03:31:22,2027-05-26T03:31:22,0.0,0.0,active,True,True,17,2025-01-27T01:51:42,9457,2024-05-26T03:31:22
CARD000596,CUST000838,ACC001209,XXXX-XXXX-XXXX-4887,credit,mastercard,2020-04-18T14:50:27,2024-04-17T14:50:27,880939.22,472526.62,expired,True,True,20,2020-09-03T07:40:15,43901,2020-04-18T14:50:27
CARD000597,CUST000529,ACC001186,XXXX-XXXX-XXXX-3100,debit,mastercard,2021-03-28T22:57:40,2024-03-27T22:57:40,0.0,0.0,expired,True,True,8,2022-09-09T11:45:19,30982,2021-03-28T22:57:40
CARD000598,CUST000346,ACC001087,XXXX-XXXX-XXXX-6835,credit,mastercard,2021-11-23T19:09:52,2025-11-22T19:09:52,956146.31,658062.69,expired,True,True,21,2022-04-22T20:49:13,32555,2021-11-23T19:09:52
CARD000599,CUST000781,ACC001485,XXXX-XXXX-XXXX-6451,credit,rupay,2019-07-31T18:47:38,2023-07-30T18:47:38,166231.89,105723.68,expired,True,True,11,2026-06-02T17:15:34,30817,2019-07-31T18:47:38
CARD000600,CUST000023,ACC001388,XXXX-XXXX-XXXX-8534,debit,visa,2022-12-20T11:16:04,2026-12-19T11:16:04,0.0,0.0,active,False,True,18,2024-06-04T18:50:53,15237,2022-12-20T11:16:04
CARD000601,CUST000401,ACC000638,XXXX-XXXX-XXXX-8386,credit,visa,2024-10-25T05:22:38,2028-10-24T05:22:38,757712.01,602852.9,blocked,True,True,4,2025-01-08T14:02:11,16523,2024-10-25T05:22:38
CARD000602,CUST000138,ACC000600,XXXX-XXXX-XXXX-1402,credit,mastercard,2021-04-06T05:34:16,2026-04-05T05:34:16,178424.71,62899.84,expired,True,False,22,2026-06-06T07:41:48,48873,2021-04-06T05:34:16
CARD000603,CUST000385,ACC000942,XXXX-XXXX-XXXX-3078,credit,visa,2023-11-07T14:38:57,2028-11-05T14:38:57,399268.57,243292.21,expired,True,True,8,2026-07-15T17:51:13,31276,2023-11-07T14:38:57
CARD000604,CUST000621,ACC001231,XXXX-XXXX-XXXX-7062,debit,visa,2022-03-05T23:13:49,2026-03-04T23:13:49,0.0,0.0,expired,True,False,28,2026-01-08T09:54:53,25426,2022-03-05T23:13:49
CARD000605,CUST000661,ACC001390,XXXX-XXXX-XXXX-6980,debit,mastercard,2022-04-25T02:47:11,2025-04-24T02:47:11,0.0,0.0,expired,True,True,24,2023-01-22T02:18:35,1834,2022-04-25T02:47:11
CARD000606,CUST000038,ACC000669,XXXX-XXXX-XXXX-8850,credit,visa,2024-04-19T11:16:56,2029-04-18T11:16:56,75136.65,21749.25,active,True,True,11,2025-01-01T01:24:56,5366,2024-04-19T11:16:56
CARD000607,CUST000044,ACC001222,XXXX-XXXX-XXXX-8566,debit,mastercard,2022-11-02T19:30:39,2027-11-01T19:30:39,0.0,0.0,active,False,True,18,2023-07-29T19:10:49,28475,2022-11-02T19:30:39
CARD000608,CUST000581,ACC001045,XXXX-XXXX-XXXX-1303,credit,rupay,2023-07-16T10:38:41,2028-07-14T10:38:41,686058.97,357743.18,blocked,True,True,24,2024-08-22T06:47:30,10017,2023-07-16T10:38:41
CARD000609,CUST000395,ACC001353,XXXX-XXXX-XXXX-6072,credit,mastercard,2025-05-16T05:06:13,2030-05-15T05:06:13,51621.21,15810.57,active,True,True,19,2025-05-23T22:47:11,25974,2025-05-16T05:06:13
CARD000610,CUST000465,ACC001305,XXXX-XXXX-XXXX-7255,credit,mastercard,2019-09-16T21:45:36,2023-09-15T21:45:36,705961.07,613730.7,expired,False,True,27,2022-01-25T02:03:09,99,2019-09-16T21:45:36
CARD000611,CUST000030,ACC000817,XXXX-XXXX-XXXX-7583,credit,mastercard,2021-03-26T16:20:01,2024-03-25T16:20:01,510596.08,167803.29,expired,True,True,18,2022-02-24T23:56:50,6099,2021-03-26T16:20:01
CARD000612,CUST000756,ACC000108,XXXX-XXXX-XXXX-2862,credit,rupay,2022-09-13T16:10:15,2026-09-12T16:10:15,716340.97,165045.58,expired,True,True,10,2024-01-19T03:19:31,1805,2022-09-13T16:10:15
CARD000613,CUST000548,ACC000518,XXXX-XXXX-XXXX-4775,debit,visa,2019-07-05T13:14:46,2024-07-03T13:14:46,0.0,0.0,expired,True,True,19,2023-03-07T05:36:47,29512,2019-07-05T13:14:46
CARD000614,CUST000946,ACC000137,XXXX-XXXX-XXXX-8302,debit,mastercard,2025-01-14T09:55:49,2028-01-14T09:55:49,0.0,0.0,active,True,True,22,2026-05-04T16:51:17,7293,2025-01-14T09:55:49
CARD000615,CUST000683,ACC001378,XXXX-XXXX-XXXX-7122,credit,visa,2019-03-15T12:31:25,2024-03-13T12:31:25,609244.13,359802.5,expired,True,True,7,2025-08-24T14:00:40,39574,2019-03-15T12:31:25
CARD000616,CUST000076,ACC000305,XXXX-XXXX-XXXX-2727,debit,mastercard,2022-06-26T22:37:24,2026-06-25T22:37:24,0.0,0.0,expired,True,True,22,2026-04-18T22:15:04,30236,2022-06-26T22:37:24
CARD000617,CUST000323,ACC000632,XXXX-XXXX-XXXX-6180,debit,visa,2021-08-23T11:36:42,2024-08-22T11:36:42,0.0,0.0,expired,True,True,18,2024-02-21T06:43:40,14216,2021-08-23T11:36:42
CARD000618,CUST000388,ACC000500,XXXX-XXXX-XXXX-3285,credit,visa,2022-09-03T08:04:43,2025-09-02T08:04:43,924731.33,810201.71,expired,False,False,7,2024-04-22T17:03:42,723,2022-09-03T08:04:43
CARD000619,CUST000441,ACC000701,XXXX-XXXX-XXXX-3183,debit,rupay,2024-04-30T19:25:42,2027-04-30T19:25:42,0.0,0.0,active,True,True,9,2026-06-20T11:07:01,35438,2024-04-30T19:25:42
CARD000620,CUST000994,ACC000105,XXXX-XXXX-XXXX-2568,debit,visa,2022-11-30T11:22:53,2027-11-29T11:22:53,0.0,0.0,active,False,True,11,2024-03-09T08:29:34,44058,2022-11-30T11:22:53
CARD000621,CUST000876,ACC001166,XXXX-XXXX-XXXX-9768,debit,rupay,2024-08-02T18:39:19,2029-08-01T18:39:19,0.0,0.0,active,True,True,1,2025-09-26T11:49:38,47318,2024-08-02T18:39:19
CARD000622,CUST000244,ACC000427,XXXX-XXXX-XXXX-7440,credit,rupay,2024-10-29T21:59:28,2029-10-28T21:59:28,676510.52,121069.23,blocked,True,True,24,2025-11-21T19:31:19,26834,2024-10-29T21:59:28
CARD000623,CUST000491,ACC000351,XXXX-XXXX-XXXX-9110,credit,mastercard,2021-06-02T11:28:26,2025-06-01T11:28:26,151414.34,119856.98,expired,True,True,12,2022-02-01T12:29:04,10809,2021-06-02T11:28:26
CARD000624,CUST000945,ACC000958,XXXX-XXXX-XXXX-3434,credit,mastercard,2019-05-14T05:55:30,2023-05-13T05:55:30,217791.33,128561.51,expired,True,True,14,2021-10-22T19:15:43,11494,2019-05-14T05:55:30
CARD000625,CUST000605,ACC000530,XXXX-XXXX-XXXX-8563,debit,visa,2025-05-28T06:58:52,2030-05-27T06:58:52,0.0,0.0,active,True,True,17,2026-02-16T01:06:15,17836,2025-05-28T06:58:52
CARD000626,CUST000598,ACC000438,XXXX-XXXX-XXXX-7032,credit,mastercard,2024-03-24T14:29:31,2028-03-23T14:29:31,859365.96,523646.15,blocked,False,True,4,2026-05-11T04:08:52,7455,2024-03-24T14:29:31
CARD000627,CUST000822,ACC001028,XXXX-XXXX-XXXX-4459,debit,rupay,2024-06-06T11:04:04,2028-06-05T11:04:04,0.0,0.0,active,True,True,5,2026-08-30T04:50:46,30965,2024-06-06T11:04:04
CARD000628,CUST000308,ACC001385,XXXX-XXXX-XXXX-1413,credit,mastercard,2020-02-20T00:53:46,2024-02-19T00:53:46,197368.8,28683.54,expired,True,True,4,2020-07-07T06:06:35,21515,2020-02-20T00:53:46
CARD000629,CUST000886,ACC001233,XXXX-XXXX-XXXX-2261,credit,visa,2024-11-27T23:26:35,2029-11-26T23:26:35,311688.48,74482.27,active,False,True,22,2024-12-21T21:45:21,30015,2024-11-27T23:26:35
CARD000630,CUST000474,ACC000906,XXXX-XXXX-XXXX-8933,debit,mastercard,2025-04-29T23:10:52,2029-04-28T23:10:52,0.0,0.0,active,False,True,20,2026-08-23T14:47:57,13448,2025-04-29T23:10:52
CARD000631,CUST000780,ACC001145,XXXX-XXXX-XXXX-4968,debit,mastercard,2023-12-07T12:19:09,2027-12-06T12:19:09,0.0,0.0,active,True,True,9,2026-08-11T00:58:50,39892,2023-12-07T12:19:09
CARD000632,CUST000209,ACC001389,XXXX-XXXX-XXXX-9569,debit,visa,2023-02-27T02:05:20,2027-02-26T02:05:20,0.0,0.0,expired,True,True,21,2025-10-24T22:35:31,2973,2023-02-27T02:05:20
CARD000633,CUST000941,ACC001410,XXXX-XXXX-XXXX-4782,debit,visa,2019-11-07T08:41:23,2023-11-06T08:41:23,0.0,0.0,expired,False,True,15,2020-03-20T02:28:10,9437,2019-11-07T08:41:23
CARD000634,CUST000562,ACC000580,XXXX-XXXX-XXXX-1552,debit,visa,2025-05-17T00:37:28,2029-05-16T00:37:28,0.0,0.0,active,True,True,15,2026-02-10T04:59:28,16995,2025-05-17T00:37:28
CARD000635,CUST000179,ACC000470,XXXX-XXXX-XXXX-2652,credit,visa,2022-01-20T04:42:28,2025-01-19T04:42:28,678634.8,304299.29,expired,True,True,21,2022-09-15T22:44:37,14060,2022-01-20T04:42:28
CARD000636,CUST000187,ACC000911,XXXX-XXXX-XXXX-9671,debit,rupay,2021-06-18T10:43:03,2024-06-17T10:43:03,0.0,0.0,expired,True,True,25,2025-07-31T23:32:13,35364,2021-06-18T10:43:03
CARD000637,CUST000384,ACC001487,XXXX-XXXX-XXXX-5571,credit,mastercard,2023-03-16T10:33:57,2026-03-15T10:33:57,138385.88,107081.29,expired,True,True,27,2026-06-03T20:39:47,12880,2023-03-16T10:33:57
CARD000638,CUST000561,ACC001195,XXXX-XXXX-XXXX-1229,debit,rupay,2019-08-30T09:51:54,2022-08-29T09:51:54,0.0,0.0,expired,False,True,1,2024-03-30T18:03:01,1674,2019-08-30T09:51:54
CARD000639,CUST000634,ACC001270,XXXX-XXXX-XXXX-2143,credit,visa,2024-12-04T02:53:39,2028-12-03T02:53:39,835873.14,335212.87,active,False,True,20,2025-05-12T22:22:13,38369,2024-12-04T02:53:39
CARD000640,CUST000294,ACC001068,XXXX-XXXX-XXXX-2189,credit,rupay,2019-11-14T23:32:43,2024-11-12T23:32:43,406801.48,124422.23,expired,True,True,8,2024-03-16T05:59:27,8275,2019-11-14T23:32:43
CARD000641,CUST000999,ACC001302,XXXX-XXXX-XXXX-8727,credit,rupay,2021-10-03T18:26:10,2026-10-02T18:26:10,692699.43,137323.02,active,False,True,5,2022-01-19T16:20:37,32279,2021-10-03T18:26:10
CARD000642,CUST000027,ACC000194,XXXX-XXXX-XXXX-6747,debit,visa,2019-02-27T13:23:14,2023-02-26T13:23:14,0.0,0.0,expired,False,True,25,2024-04-06T00:00:42,32652,2019-02-27T13:23:14
CARD000643,CUST000448,ACC000370,XXXX-XXXX-XXXX-9279,credit,rupay,2021-12-17T07:20:20,2026-12-16T07:20:20,687456.05,211356.68,active,True,True,15,2025-09-06T20:31:51,206,2021-12-17T07:20:20
CARD000644,CUST000638,ACC000449,XXXX-XXXX-XXXX-2244,debit,rupay,2024-05-19T01:46:35,2029-05-18T01:46:35,0.0,0.0,active,True,True,4,2025-01-13T17:09:42,17674,2024-05-19T01:46:35
CARD000645,CUST000568,ACC000177,XXXX-XXXX-XXXX-3562,credit,mastercard,2020-09-08T06:03:00,2023-09-08T06:03:00,142686.83,132641.71,expired,True,False,15,2021-08-03T17:11:23,16318,2020-09-08T06:03:00
CARD000646,CUST000512,ACC000140,XXXX-XXXX-XXXX-3090,credit,visa,2025-02-23T21:30:28,2030-02-22T21:30:28,876161.39,818477.58,active,True,True,6,2025-06-13T18:23:50,9113,2025-02-23T21:30:28
CARD000647,CUST000178,ACC000534,XXXX-XXXX-XXXX-6157,debit,visa,2024-09-14T19:40:38,2029-09-13T19:40:38,0.0,0.0,active,True,True,6,2025-12-10T07:17:44,36742,2024-09-14T19:40:38
CARD000648,CUST000325,ACC001428,XXXX-XXXX-XXXX-9997,debit,rupay,2025-04-11T07:15:43,2029-04-10T07:15:43,0.0,0.0,active,True,True,1,2025-04-15T17:08:33,21698,2025-04-11T07:15:43
CARD000649,CUST000273,ACC000147,XXXX-XXXX-XXXX-9371,credit,visa,2019-02-11T09:23:19,2024-02-10T09:23:19,523041.73,140960.46,expired,True,True,20,2024-01-02T07:51:47,26910,2019-02-11T09:23:19
CARD000650,CUST000554,ACC000687,XXXX-XXXX-XXXX-2903,credit,mastercard,2019-03-02T02:26:40,2022-03-01T02:26:40,898221.02,557497.73,expired,True,True,9,2026-08-30T02:33:08,43641,2019-03-02T02:26:40
CARD000651,CUST000224,ACC000454,XXXX-XXXX-XXXX-8173,debit,mastercard,2020-07-28T23:02:59,2024-07-27T23:02:59,0.0,0.0,expired,True,True,1,2024-05-06T13:53:57,26055,2020-07-28T23:02:59
CARD000652,CUST000399,ACC001341,XXXX-XXXX-XXXX-3428,debit,visa,2023-10-30T16:12:10,2027-10-29T16:12:10,0.0,0.0,blocked,False,True,28,2024-05-08T19:52:33,46768,2023-10-30T16:12:10
CARD000653,CUST000319,ACC000820,XXXX-XXXX-XXXX-8115,credit,visa,2022-01-09T10:20:44,2025-01-08T10:20:44,870215.18,409554.12,expired,False,False,26,2024-04-02T02:13:13,41544,2022-01-09T10:20:44
CARD000654,CUST000357,ACC001472,XXXX-XXXX-XXXX-8925,debit,mastercard,2025-02-22T10:12:15,2029-02-21T10:12:15,0.0,0.0,active,True,True,24,2025-04-03T19:07:11,47533,2025-02-22T10:12:15
CARD000655,CUST000872,ACC001423,XXXX-XXXX-XXXX-4852,credit,mastercard,2024-03-16T22:51:14,2029-03-15T22:51:14,395566.23,319144.82,active,True,True,18,2026-03-08T03:58:00,37925,2024-03-16T22:51:14
CARD000656,CUST000625,ACC000050,XXXX-XXXX-XXXX-5942,credit,rupay,2022-11-06T10:46:16,2026-11-05T10:46:16,109731.68,19766.5,active,True,True,19,2024-08-10T06:29:18,17104,2022-11-06T10:46:16
CARD000657,CUST000994,ACC000105,XXXX-XXXX-XXXX-2059,debit,rupay,2021-07-08T04:22:15,2024-07-07T04:22:15,0.0,0.0,expired,True,True,6,2025-06-10T14:55:19,47967,2021-07-08T04:22:15
CARD000658,CUST000056,ACC000582,XXXX-XXXX-XXXX-2359,credit,mastercard,2023-09-05T13:49:23,2026-09-04T13:49:23,752278.99,743406.0,expired,True,True,24,2024-01-17T08:57:02,19763,2023-09-05T13:49:23
CARD000659,CUST000787,ACC000545,XXXX-XXXX-XXXX-3079,credit,visa,2023-03-10T23:23:15,2028-03-08T23:23:15,314929.21,57110.84,active,False,True,17,2026-05-31T22:59:26,43517,2023-03-10T23:23:15
CARD000660,CUST000580,ACC000249,XXXX-XXXX-XXXX-9226,debit,rupay,2020-06-01T00:01:11,2025-05-31T00:01:11,0.0,0.0,expired,True,True,9,2021-02-07T00:45:09,543,2020-06-01T00:01:11
CARD000661,CUST000716,ACC001376,XXXX-XXXX-XXXX-1106,debit,mastercard,2024-12-10T22:02:56,2029-12-09T22:02:56,0.0,0.0,active,True,True,23,2025-12-12T07:11:36,13320,2024-12-10T22:02:56
CARD000662,CUST000974,ACC000910,XXXX-XXXX-XXXX-6684,debit,mastercard,2019-01-14T13:11:47,2024-01-13T13:11:47,0.0,0.0,expired,True,True,12,2024-12-24T21:43:01,29604,2019-01-14T13:11:47
CARD000663,CUST000047,ACC001152,XXXX-XXXX-XXXX-4491,credit,visa,2021-01-22T02:19:50,2026-01-21T02:19:50,937976.43,891266.63,expired,True,True,12,2021-05-19T04:49:07,44168,2021-01-22T02:19:50
CARD000664,CUST000122,ACC000731,XXXX-XXXX-XXXX-8741,debit,visa,2020-01-02T04:52:31,2024-12-31T04:52:31,0.0,0.0,expired,True,True,17,2024-11-16T02:53:26,35455,2020-01-02T04:52:31
CARD000665,CUST000884,ACC000905,XXXX-XXXX-XXXX-8732,credit,rupay,2023-11-06T06:15:14,2027-11-05T06:15:14,301021.13,189022.76,active,True,True,22,2026-02-14T02:59:03,5625,2023-11-06T06:15:14
CARD000666,CUST000046,ACC001367,XXXX-XXXX-XXXX-3847,credit,rupay,2020-09-05T05:49:45,2023-09-05T05:49:45,311389.06,137751.98,expired,True,True,26,2022-09-08T05:17:28,38003,2020-09-05T05:49:45
CARD000667,CUST000796,ACC000244,XXXX-XXXX-XXXX-8499,debit,rupay,2023-09-26T02:20:50,2026-09-25T02:20:50,0.0,0.0,expired,True,True,18,2025-06-17T05:16:33,41542,2023-09-26T02:20:50
CARD000668,CUST000704,ACC001358,XXXX-XXXX-XXXX-2145,debit,mastercard,2024-06-15T18:57:40,2029-06-14T18:57:40,0.0,0.0,active,True,True,16,2025-11-02T19:45:28,36644,2024-06-15T18:57:40
CARD000669,CUST000891,ACC000431,XXXX-XXXX-XXXX-1285,debit,visa,2019-05-14T11:37:55,2022-05-13T11:37:55,0.0,0.0,expired,True,True,2,2024-11-03T13:18:49,47092,2019-05-14T11:37:55
CARD000670,CUST000347,ACC001333,XXXX-XXXX-XXXX-9052,credit,rupay,2022-10-12T14:45:17,2025-10-11T14:45:17,763169.22,454776.94,expired,True,True,10,2026-06-07T03:51:16,15621,2022-10-12T14:45:17
CARD000671,CUST000680,ACC001439,XXXX-XXXX-XXXX-9049,debit,rupay,2023-03-27T09:21:37,2027-03-26T09:21:37,0.0,0.0,blocked,False,True,19,2025-12-07T04:50:04,23716,2023-03-27T09:21:37
CARD000672,CUST000309,ACC000165,XXXX-XXXX-XXXX-7768,credit,rupay,2022-02-08T04:58:11,2027-02-07T04:58:11,923504.6,547942.03,blocked,True,True,22,2025-02-01T00:07:03,18301,2022-02-08T04:58:11
CARD000673,CUST000402,ACC000333,XXXX-XXXX-XXXX-7030,debit,mastercard,2023-07-08T14:19:45,2028-07-06T14:19:45,0.0,0.0,active,True,True,10,2025-05-14T17:05:09,17723,2023-07-08T14:19:45
CARD000674,CUST000321,ACC000053,XXXX-XXXX-XXXX-4252,credit,rupay,2025-01-12T16:57:39,2029-01-11T16:57:39,671758.52,471993.99,active,False,False,20,2026-03-30T11:04:41,36029,2025-01-12T16:57:39
CARD000675,CUST000373,ACC001001,XXXX-XXXX-XXXX-6776,debit,mastercard,2021-08-29T07:33:04,2025-08-28T07:33:04,0.0,0.0,expired,True,True,17,2026-07-06T21:58:07,2030,2021-08-29T07:33:04
CARD000676,CUST000410,ACC001134,XXXX-XXXX-XXXX-3908,debit,visa,2022-05-27T14:13:51,2026-05-26T14:13:51,0.0,0.0,expired,False,True,1,2026-06-24T11:23:57,9745,2022-05-27T14:13:51
CARD000677,CUST000304,ACC000318,XXXX-XXXX-XXXX-6283,credit,visa,2024-01-23T04:38:30,2029-01-21T04:38:30,764181.28,701767.84,active,True,False,3,2026-04-04T19:03:50,41315,2024-01-23T04:38:30
CARD000678,CUST000466,ACC000005,XXXX-XXXX-XXXX-8468,credit,visa,2022-12-13T04:11:32,2026-12-12T04:11:32,819133.31,677525.31,active,True,True,17,2023-05-11T12:41:11,44263,2022-12-13T04:11:32
CARD000679,CUST000777,ACC000542,XXXX-XXXX-XXXX-2071,credit,mastercard,2024-03-22T16:32:36,2027-03-22T16:32:36,778469.56,390320.66,active,True,True,16,2025-12-20T03:03:03,42310,2024-03-22T16:32:36
CARD000680,CUST000015,ACC001114,XXXX-XXXX-XXXX-7398,credit,visa,2022-08-13T10:20:36,2026-08-12T10:20:36,951899.03,902968.42,expired,True,True,2,2022-08-28T10:16:25,15560,2022-08-13T10:20:36
CARD000681,CUST000654,ACC000494,XXXX-XXXX-XXXX-7252,credit,visa,2022-09-05T01:40:50,2026-09-04T01:40:50,573326.84,278150.19,expired,True,True,28,2024-06-06T15:05:46,26614,2022-09-05T01:40:50
CARD000682,CUST000749,ACC000553,XXXX-XXXX-XXXX-7770,debit,mastercard,2019-06-10T09:41:28,2024-06-08T09:41:28,0.0,0.0,expired,False,True,28,2022-07-16T11:31:44,33326,2019-06-10T09:41:28
CARD000683,CUST000517,ACC001112,XXXX-XXXX-XXXX-6974,debit,mastercard,2020-07-17T10:20:16,2023-07-17T10:20:16,0.0,0.0,expired,True,True,2,2022-07-18T16:16:46,34784,2020-07-17T10:20:16
CARD000684,CUST000440,ACC000303,XXXX-XXXX-XXXX-5244,debit,mastercard,2025-02-19T05:49:37,2029-02-18T05:49:37,0.0,0.0,active,True,True,8,2026-02-09T21:21:07,25295,2025-02-19T05:49:37
CARD000685,CUST000572,ACC000484,XXXX-XXXX-XXXX-9070,debit,visa,2019-09-12T12:08:19,2024-09-10T12:08:19,0.0,0.0,expired,True,True,14,2022-11-19T09:39:58,40484,2019-09-12T12:08:19
CARD000686,CUST000138,ACC000600,XXXX-XXXX-XXXX-1143,credit,mastercard,2024-07-28T07:38:51,2027-07-28T07:38:51,266095.48,264728.88,active,True,True,11,2025-04-22T08:57:31,40372,2024-07-28T07:38:51
CARD000687,CUST000342,ACC000971,XXXX-XXXX-XXXX-3029,debit,mastercard,2020-12-25T07:23:47,2023-12-25T07:23:47,0.0,0.0,expired,True,True,13,2024-09-17T11:06:03,3363,2020-12-25T07:23:47
CARD000688,CUST000102,ACC000017,XXXX-XXXX-XXXX-4340,debit,visa,2019-06-26T15:10:06,2022-06-25T15:10:06,0.0,0.0,expired,True,True,17,2025-06-11T23:18:46,6041,2019-06-26T15:10:06
CARD000689,CUST000524,ACC000710,XXXX-XXXX-XXXX-6307,debit,mastercard,2020-05-30T05:05:44,2024-05-29T05:05:44,0.0,0.0,expired,False,True,2,2021-02-11T07:04:16,24116,2020-05-30T05:05:44
CARD000690,CUST000499,ACC000234,XXXX-XXXX-XXXX-5125,credit,mastercard,2022-10-22T20:51:02,2026-10-21T20:51:02,773767.47,670209.66,active,True,True,21,2023-07-08T00:04:14,31232,2022-10-22T20:51:02
CARD000691,CUST000215,ACC001297,XXXX-XXXX-XXXX-5215,debit,mastercard,2021-02-07T20:16:20,2025-02-06T20:16:20,0.0,0.0,expired,False,True,26,2021-07-16T05:47:08,36815,2021-02-07T20:16:20
CARD000692,CUST000864,ACC000529,XXXX-XXXX-XXXX-9456,credit,visa,2023-04-10T11:37:04,2028-04-08T11:37:04,754350.23,147331.75,active,False,True,27,2026-08-25T09:20:44,11813,2023-04-10T11:37:04
CARD000693,CUST000233,ACC000881,XXXX-XXXX-XXXX-2247,debit,mastercard,2019-07-17T01:56:44,2022-07-16T01:56:44,0.0,0.0,expired,False,True,12,2020-02-16T20:57:43,26063,2019-07-17T01:56:44
CARD000694,CUST000787,ACC000545,XXXX-XXXX-XXXX-7448,credit,visa,2020-02-02T01:25:57,2024-02-01T01:25:57,898095.1,767465.09,expired,True,True,24,2023-09-18T22:42:46,34461,2020-02-02T01:25:57
CARD000695,CUST000577,ACC000570,XXXX-XXXX-XXXX-7550,debit,mastercard,2025-02-23T05:48:10,2030-02-22T05:48:10,0.0,0.0,active,True,True,24,2025-05-13T16:05:28,48706,2025-02-23T05:48:10
CARD000696,CUST000508,ACC000720,XXXX-XXXX-XXXX-1739,credit,mastercard,2019-02-14T10:21:25,2022-02-13T10:21:25,693930.23,386886.08,expired,True,True,18,2021-07-20T11:04:31,36436,2019-02-14T10:21:25
CARD000697,CUST000251,ACC000714,XXXX-XXXX-XXXX-5281,credit,rupay,2024-11-02T17:58:30,2028-11-01T17:58:30,205058.27,200638.32,active,True,True,8,2025-07-21T11:33:31,26772,2024-11-02T17:58:30
CARD000698,CUST000211,ACC000966,XXXX-XXXX-XXXX-2431,credit,mastercard,2023-09-06T06:23:39,2026-09-05T06:23:39,104183.46,11512.01,expired,True,False,27,2026-04-25T11:43:41,25249,2023-09-06T06:23:39
CARD000699,CUST000209,ACC000289,XXXX-XXXX-XXXX-3694,debit,visa,2019-06-30T02:30:45,2023-06-29T02:30:45,0.0,0.0,expired,False,True,10,2022-03-30T20:00:48,25168,2019-06-30T02:30:45
CARD000700,CUST000170,ACC001349,XXXX-XXXX-XXXX-7816,debit,visa,2024-10-30T22:32:34,2028-10-29T22:32:34,0.0,0.0,active,True,True,6,2025-12-28T16:36:55,9271,2024-10-30T22:32:34
CARD000701,CUST000800,ACC001309,XXXX-XXXX-XXXX-9673,debit,rupay,2024-03-15T10:56:42,2029-03-14T10:56:42,0.0,0.0,active,False,True,15,2024-06-12T12:08:20,39006,2024-03-15T10:56:42
CARD000702,CUST000882,ACC000304,XXXX-XXXX-XXXX-3792,credit,mastercard,2020-04-05T20:29:59,2024-04-04T20:29:59,525490.02,309130.07,expired,True,True,20,2026-08-28T08:04:14,35280,2020-04-05T20:29:59
CARD000703,CUST000689,ACC001291,XXXX-XXXX-XXXX-8596,debit,visa,2023-12-27T08:58:44,2027-12-26T08:58:44,0.0,0.0,active,True,True,22,2025-10-21T06:12:00,34821,2023-12-27T08:58:44
CARD000704,CUST000122,ACC000467,XXXX-XXXX-XXXX-5657,credit,mastercard,2020-05-04T19:50:46,2025-05-03T19:50:46,385609.46,321617.72,expired,True,True,5,2021-02-18T21:06:41,30048,2020-05-04T19:50:46
CARD000705,CUST000679,ACC000608,XXXX-XXXX-XXXX-9438,debit,mastercard,2024-05-05T03:57:27,2028-05-04T03:57:27,0.0,0.0,active,False,True,10,2025-06-26T06:06:36,49307,2024-05-05T03:57:27
CARD000706,CUST000163,ACC001346,XXXX-XXXX-XXXX-6272,debit,mastercard,2021-02-16T00:07:39,2024-02-16T00:07:39,0.0,0.0,expired,True,True,7,2026-01-11T09:52:27,23142,2021-02-16T00:07:39
CARD000707,CUST000452,ACC001247,XXXX-XXXX-XXXX-1285,credit,mastercard,2022-05-04T16:36:03,2025-05-03T16:36:03,401984.92,127316.86,expired,True,True,22,2025-05-18T23:30:49,9840,2022-05-04T16:36:03
CARD000708,CUST000595,ACC000676,XXXX-XXXX-XXXX-8481,debit,mastercard,2022-02-08T00:19:05,2026-02-07T00:19:05,0.0,0.0,expired,True,True,1,2025-04-30T16:36:28,25929,2022-02-08T00:19:05
CARD000709,CUST000482,ACC001029,XXXX-XXXX-XXXX-4528,debit,visa,2025-04-10T19:30:58,2028-04-09T19:30:58,0.0,0.0,active,True,True,8,2025-12-02T09:55:53,21516,2025-04-10T19:30:58
CARD000710,CUST000729,ACC000125,XXXX-XXXX-XXXX-9939,debit,visa,2022-05-08T19:29:37,2026-05-07T19:29:37,0.0,0.0,expired,True,True,20,2025-07-08T19:46:28,17833,2022-05-08T19:29:37
CARD000711,CUST000140,ACC000407,XXXX-XXXX-XXXX-4973,debit,rupay,2024-11-27T03:42:49,2029-11-26T03:42:49,0.0,0.0,active,True,True,25,2026-03-29T11:04:41,44953,2024-11-27T03:42:49
CARD000712,CUST000798,ACC001267,XXXX-XXXX-XXXX-7381,debit,visa,2023-08-24T02:54:46,2028-08-22T02:54:46,0.0,0.0,expired,True,True,21,2025-12-05T02:33:00,14981,2023-08-24T02:54:46
CARD000713,CUST000114,ACC001141,XXXX-XXXX-XXXX-6962,credit,visa,2022-12-22T19:51:08,2026-12-21T19:51:08,630381.8,166953.2,active,True,True,23,2025-12-20T11:50:16,48997,2022-12-22T19:51:08
CARD000714,CUST000276,ACC000306,XXXX-XXXX-XXXX-4588,credit,mastercard,2021-05-12T14:32:12,2025-05-11T14:32:12,746538.27,237640.67,expired,True,True,12,2021-08-13T16:30:43,19843,2021-05-12T14:32:12
CARD000715,CUST000198,ACC000690,XXXX-XXXX-XXXX-5067,credit,visa,2025-03-10T13:57:55,2028-03-09T13:57:55,948628.4,794304.67,blocked,True,True,24,2025-06-26T00:46:11,15547,2025-03-10T13:57:55
CARD000716,CUST000007,ACC000293,XXXX-XXXX-XXXX-9464,debit,rupay,2024-12-26T09:28:27,2027-12-26T09:28:27,0.0,0.0,active,True,True,13,2026-03-28T19:00:29,42554,2024-12-26T09:28:27
CARD000717,CUST000699,ACC000932,XXXX-XXXX-XXXX-4332,debit,rupay,2024-01-12T15:09:34,2028-01-11T15:09:34,0.0,0.0,active,False,True,27,2024-01-16T04:48:29,1010,2024-01-12T15:09:34
CARD000718,CUST000528,ACC001348,XXXX-XXXX-XXXX-1172,credit,visa,2022-02-15T23:40:43,2025-02-14T23:40:43,762296.73,78709.51,expired,True,True,28,2024-05-03T07:35:01,29847,2022-02-15T23:40:43
CARD000719,CUST000689,ACC001291,XXXX-XXXX-XXXX-4389,debit,visa,2022-05-25T17:25:22,2025-05-24T17:25:22,0.0,0.0,expired,True,True,17,2023-04-13T11:41:19,35040,2022-05-25T17:25:22
CARD000720,CUST000263,ACC001048,XXXX-XXXX-XXXX-7608,debit,visa,2021-02-08T09:21:30,2024-02-08T09:21:30,0.0,0.0,expired,True,True,19,2026-06-30T21:35:38,29669,2021-02-08T09:21:30
CARD000721,CUST000923,ACC000068,XXXX-XXXX-XXXX-9642,credit,rupay,2022-07-23T00:11:21,2025-07-22T00:11:21,769780.54,160378.24,expired,True,True,11,2023-03-20T22:19:29,30305,2022-07-23T00:11:21
CARD000722,CUST000221,ACC001426,XXXX-XXXX-XXXX-7756,credit,visa,2019-08-08T19:14:42,2023-08-07T19:14:42,136019.91,48252.13,expired,True,True,21,2026-07-13T07:48:03,6214,2019-08-08T19:14:42
CARD000723,CUST000261,ACC000102,XXXX-XXXX-XXXX-4647,credit,rupay,2020-05-25T20:23:23,2023-05-25T20:23:23,978137.63,253642.83,expired,True,True,16,2023-11-29T23:18:20,45945,2020-05-25T20:23:23
CARD000724,CUST000913,ACC000706,XXXX-XXXX-XXXX-8981,debit,rupay,2019-01-22T17:14:17,2024-01-21T17:14:17,0.0,0.0,expired,True,True,20,2020-07-14T04:04:17,21492,2019-01-22T17:14:17
CARD000725,CUST000058,ACC000191,XXXX-XXXX-XXXX-5398,debit,mastercard,2025-02-03T22:25:35,2028-02-03T22:25:35,0.0,0.0,active,True,True,19,2025-05-25T14:30:38,34931,2025-02-03T22:25:35
CARD000726,CUST000284,ACC001307,XXXX-XXXX-XXXX-9941,debit,mastercard,2022-05-17T06:34:16,2026-05-16T06:34:16,0.0,0.0,expired,True,True,4,2023-12-24T18:39:29,25116,2022-05-17T06:34:16
CARD000727,CUST000666,ACC000461,XXXX-XXXX-XXXX-7239,credit,visa,2021-09-21T17:26:31,2024-09-20T17:26:31,236742.12,104934.58,expired,False,True,5,2021-12-14T05:02:41,31913,2021-09-21T17:26:31
CARD000728,CUST000084,ACC000538,XXXX-XXXX-XXXX-9971,credit,visa,2025-05-15T18:32:09,2028-05-14T18:32:09,740133.54,383691.79,active,True,True,1,2025-12-28T01:10:10,4037,2025-05-15T18:32:09
CARD000729,CUST000756,ACC000108,XXXX-XXXX-XXXX-2805,credit,mastercard,2021-07-14T20:29:29,2024-07-13T20:29:29,917097.46,413441.41,expired,True,True,7,2023-08-14T06:50:45,24297,2021-07-14T20:29:29
CARD000730,CUST000490,ACC000937,XXXX-XXXX-XXXX-2351,debit,rupay,2023-12-07T12:41:08,2026-12-06T12:41:08,0.0,0.0,active,True,True,21,2025-03-30T11:57:05,37284,2023-12-07T12:41:08
CARD000731,CUST000705,ACC000418,XXXX-XXXX-XXXX-3263,credit,visa,2021-05-09T23:26:42,2026-05-08T23:26:42,984527.96,456984.42,expired,True,False,18,2025-09-01T11:08:11,18348,2021-05-09T23:26:42
CARD000732,CUST000624,ACC001248,XXXX-XXXX-XXXX-6186,debit,mastercard,2020-06-08T09:27:02,2025-06-07T09:27:02,0.0,0.0,expired,True,True,28,2023-07-09T02:56:32,10136,2020-06-08T09:27:02
CARD000733,CUST000025,ACC000977,XXXX-XXXX-XXXX-2760,debit,rupay,2024-03-22T12:13:45,2029-03-21T12:13:45,0.0,0.0,active,True,True,10,2026-06-16T04:52:30,36323,2024-03-22T12:13:45
CARD000734,CUST000395,ACC001213,XXXX-XXXX-XXXX-4890,debit,rupay,2023-04-25T05:16:45,2028-04-23T05:16:45,0.0,0.0,active,True,True,9,2023-11-17T05:57:19,25200,2023-04-25T05:16:45
CARD000735,CUST000746,ACC000378,XXXX-XXXX-XXXX-3813,credit,mastercard,2020-12-26T16:39:03,2024-12-25T16:39:03,767423.33,489908.1,expired,True,True,6,2023-05-11T07:54:21,49987,2020-12-26T16:39:03
CARD000736,CUST000713,ACC001004,XXXX-XXXX-XXXX-4976,debit,mastercard,2022-01-26T12:12:00,2026-01-25T12:12:00,0.0,0.0,expired,False,True,11,2022-07-23T01:35:05,17233,2022-01-26T12:12:00
CARD000737,CUST000940,ACC000181,XXXX-XXXX-XXXX-6727,credit,rupay,2020-09-03T17:53:45,2025-09-02T17:53:45,599542.14,218730.33,expired,True,True,3,2022-04-05T01:33:07,27619,2020-09-03T17:53:45
CARD000738,CUST000495,ACC001199,XXXX-XXXX-XXXX-2566,debit,rupay,2020-09-26T19:55:21,2025-09-25T19:55:21,0.0,0.0,expired,True,True,1,2026-06-25T08:54:35,49236,2020-09-26T19:55:21
CARD000739,CUST000620,ACC000442,XXXX-XXXX-XXXX-3195,debit,rupay,2025-03-16T15:49:58,2028-03-15T15:49:58,0.0,0.0,active,True,True,25,2026-06-04T11:27:37,6524,2025-03-16T15:49:58
CARD000740,CUST000963,ACC000302,XXXX-XXXX-XXXX-7283,credit,rupay,2020-02-28T10:46:38,2023-02-27T10:46:38,931321.05,246756.58,expired,True,True,16,2026-05-07T00:13:26,34027,2020-02-28T10:46:38
CARD000741,CUST000850,ACC000875,XXXX-XXXX-XXXX-4805,credit,visa,2021-07-03T06:43:45,2024-07-02T06:43:45,991873.79,363116.84,expired,True,True,20,2021-07-19T18:18:00,18800,2021-07-03T06:43:45
CARD000742,CUST000664,ACC001496,XXXX-XXXX-XXXX-1604,debit,rupay,2020-01-22T02:26:14,2023-01-21T02:26:14,0.0,0.0,expired,False,True,4,2025-09-04T19:12:33,36314,2020-01-22T02:26:14
CARD000743,CUST000237,ACC000722,XXXX-XXXX-XXXX-2530,debit,mastercard,2019-04-22T02:33:06,2023-04-21T02:33:06,0.0,0.0,expired,True,True,22,2022-03-03T06:23:36,24774,2019-04-22T02:33:06
CARD000744,CUST000160,ACC000764,XXXX-XXXX-XXXX-4889,debit,visa,2024-09-06T18:55:50,2029-09-05T18:55:50,0.0,0.0,active,False,True,28,2025-12-22T08:52:01,4581,2024-09-06T18:55:50
CARD000745,CUST000278,ACC000750,XXXX-XXXX-XXXX-9113,debit,visa,2025-05-25T04:23:34,2030-05-24T04:23:34,0.0,0.0,active,False,True,12,2025-10-30T01:28:10,2977,2025-05-25T04:23:34
CARD000746,CUST000567,ACC001324,XXXX-XXXX-XXXX-1652,credit,rupay,2025-01-11T09:10:13,2028-01-11T09:10:13,998660.62,864078.53,active,True,True,1,2025-09-05T22:36:12,27740,2025-01-11T09:10:13
CARD000747,CUST000715,ACC001078,XXXX-XXXX-XXXX-7581,credit,mastercard,2024-08-08T04:55:32,2027-08-08T04:55:32,226130.62,196217.12,active,False,True,14,2025-12-04T22:53:00,35005,2024-08-08T04:55:32
CARD000748,CUST000345,ACC000356,XXXX-XXXX-XXXX-7446,credit,visa,2022-11-19T08:41:50,2027-11-18T08:41:50,89608.77,54171.18,active,True,True,17,2026-04-13T16:33:47,29579,2022-11-19T08:41:50
CARD000749,CUST000127,ACC000963,XXXX-XXXX-XXXX-6431,credit,visa,2024-12-17T12:10:54,2027-12-17T12:10:54,759343.67,741854.42,active,True,True,26,2025-09-17T08:01:29,8261,2024-12-17T12:10:54
CARD000750,CUST000346,ACC001087,XXXX-XXXX-XXXX-5863,credit,mastercard,2019-03-31T18:00:26,2024-03-29T18:00:26,710770.94,582407.86,expired,True,True,26,2024-01-08T01:08:48,22897,2019-03-31T18:00:26
CARD000751,CUST000954,ACC000266,XXXX-XXXX-XXXX-3835,debit,rupay,2023-04-24T08:19:41,2028-04-22T08:19:41,0.0,0.0,active,True,True,21,2023-06-21T16:52:57,35443,2023-04-24T08:19:41
CARD000752,CUST000230,ACC000679,XXXX-XXXX-XXXX-6092,credit,visa,2021-10-21T11:35:20,2026-10-20T11:35:20,81164.47,21754.0,active,True,True,13,2023-06-03T20:32:16,33727,2021-10-21T11:35:20
CARD000753,CUST000823,ACC000926,XXXX-XXXX-XXXX-3692,credit,rupay,2020-01-23T23:37:45,2025-01-21T23:37:45,115029.38,34634.39,expired,True,True,15,2025-04-27T16:40:08,41968,2020-01-23T23:37:45
CARD000754,CUST000710,ACC000090,XXXX-XXXX-XXXX-5692,debit,rupay,2021-04-01T05:01:25,2026-03-31T05:01:25,0.0,0.0,expired,True,True,11,2025-12-09T16:33:05,36497,2021-04-01T05:01:25
CARD000755,CUST000292,ACC000496,XXXX-XXXX-XXXX-2638,credit,mastercard,2022-08-22T16:00:10,2026-08-21T16:00:10,463936.47,332425.3,expired,True,True,27,2023-08-29T19:56:07,4973,2022-08-22T16:00:10
CARD000756,CUST000139,ACC000316,XXXX-XXXX-XXXX-3858,debit,mastercard,2021-02-17T19:13:17,2024-02-17T19:13:17,0.0,0.0,expired,True,False,4,2024-05-03T01:09:55,33944,2021-02-17T19:13:17
CARD000757,CUST000445,ACC000188,XXXX-XXXX-XXXX-1747,debit,rupay,2024-08-22T12:39:14,2028-08-21T12:39:14,0.0,0.0,active,True,True,2,2025-02-10T00:57:50,39286,2024-08-22T12:39:14
CARD000758,CUST000757,ACC001149,XXXX-XXXX-XXXX-4006,debit,visa,2025-01-31T10:23:32,2028-01-31T10:23:32,0.0,0.0,blocked,True,True,6,2026-07-29T13:22:39,44232,2025-01-31T10:23:32
CARD000759,CUST000714,ACC000922,XXXX-XXXX-XXXX-9381,credit,mastercard,2021-03-04T15:48:48,2026-03-03T15:48:48,421097.66,359733.24,expired,True,True,17,2025-08-07T23:35:07,33290,2021-03-04T15:48:48
CARD000760,CUST000543,ACC000846,XXXX-XXXX-XXXX-7701,debit,mastercard,2021-08-24T00:18:48,2026-08-23T00:18:48,0.0,0.0,expired,True,True,4,2023-04-04T07:19:16,9910,2021-08-24T00:18:48
CARD000761,CUST000921,ACC000229,XXXX-XXXX-XXXX-5036,debit,visa,2024-09-03T04:27:09,2029-09-02T04:27:09,0.0,0.0,expired,False,True,14,2026-04-15T12:39:24,49425,2024-09-03T04:27:09
CARD000762,CUST000335,ACC001215,XXXX-XXXX-XXXX-7453,credit,mastercard,2021-07-05T20:33:49,2025-07-04T20:33:49,699106.24,368066.38,expired,False,True,14,2021-11-29T01:03:01,33829,2021-07-05T20:33:49
CARD000763,CUST000351,ACC000233,XXXX-XXXX-XXXX-6350,debit,mastercard,2025-01-08T06:24:34,2030-01-07T06:24:34,0.0,0.0,active,True,True,7,2025-12-22T03:26:21,11679,2025-01-08T06:24:34
CARD000764,CUST000536,ACC001489,XXXX-XXXX-XXXX-9320,credit,visa,2022-06-04T23:37:09,2025-06-03T23:37:09,490686.46,322724.53,expired,True,True,28,2024-05-22T18:18:26,32054,2022-06-04T23:37:09
CARD000765,CUST000374,ACC000425,XXXX-XXXX-XXXX-1495,debit,rupay,2020-12-07T05:22:13,2024-12-06T05:22:13,0.0,0.0,expired,True,True,5,2024-06-15T23:18:32,29086,2020-12-07T05:22:13
CARD000766,CUST000649,ACC001438,XXXX-XXXX-XXXX-8326,credit,visa,2020-10-24T13:58:58,2024-10-23T13:58:58,764351.01,286881.13,expired,True,True,5,2020-12-17T22:33:19,13565,2020-10-24T13:58:58
CARD000767,CUST000176,ACC001471,XXXX-XXXX-XXXX-9113,debit,visa,2024-10-01T07:02:01,2028-09-30T07:02:01,0.0,0.0,active,True,True,20,2025-08-31T22:38:13,7661,2024-10-01T07:02:01
CARD000768,CUST000600,ACC000883,XXXX-XXXX-XXXX-5165,credit,mastercard,2025-01-08T11:37:31,2030-01-07T11:37:31,322771.42,256859.15,active,True,True,26,2025-10-29T23:20:04,34485,2025-01-08T11:37:31
CARD000769,CUST000158,ACC001208,XXXX-XXXX-XXXX-5770,debit,rupay,2024-05-10T12:11:02,2027-05-10T12:11:02,0.0,0.0,active,True,True,9,2025-08-21T23:15:11,16654,2024-05-10T12:11:02
CARD000770,CUST000572,ACC000484,XXXX-XXXX-XXXX-1151,credit,mastercard,2023-12-25T05:00:55,2026-12-24T05:00:55,66128.89,43960.13,active,True,True,5,2025-03-06T18:43:42,44789,2023-12-25T05:00:55
CARD000771,CUST000024,ACC001329,XXXX-XXXX-XXXX-3396,debit,mastercard,2025-03-30T06:08:46,2030-03-29T06:08:46,0.0,0.0,active,True,True,23,2026-05-13T17:29:20,39739,2025-03-30T06:08:46
CARD000772,CUST000131,ACC000978,XXXX-XXXX-XXXX-5949,debit,visa,2020-06-26T09:35:36,2024-06-25T09:35:36,0.0,0.0,expired,False,False,5,2025-09-23T01:41:14,18847,2020-06-26T09:35:36
CARD000773,CUST000389,ACC000037,XXXX-XXXX-XXXX-8444,credit,mastercard,2024-08-30T02:23:23,2029-08-29T02:23:23,683507.48,234566.53,active,True,True,27,2025-04-05T19:39:03,44540,2024-08-30T02:23:23
CARD000774,CUST000772,ACC000733,XXXX-XXXX-XXXX-1605,debit,mastercard,2021-09-20T07:31:35,2024-09-19T07:31:35,0.0,0.0,expired,False,True,24,2022-10-13T16:42:13,17389,2021-09-20T07:31:35
CARD000775,CUST000214,ACC000574,XXXX-XXXX-XXXX-5919,debit,visa,2023-06-07T04:11:27,2028-06-05T04:11:27,0.0,0.0,active,False,True,9,2025-01-15T13:51:59,1014,2023-06-07T04:11:27
CARD000776,CUST000653,ACC000415,XXXX-XXXX-XXXX-8417,credit,visa,2022-09-16T00:44:27,2027-09-15T00:44:27,945456.46,384502.53,active,True,True,5,2024-02-13T06:20:42,16512,2022-09-16T00:44:27
CARD000777,CUST000381,ACC001008,XXXX-XXXX-XXXX-5714,credit,mastercard,2021-01-07T06:41:08,2024-01-07T06:41:08,474552.24,204454.15,expired,True,True,17,2025-02-11T09:26:28,35051,2021-01-07T06:41:08
CARD000778,CUST000839,ACC000203,XXXX-XXXX-XXXX-6738,debit,visa,2023-07-19T00:54:54,2028-07-17T00:54:54,0.0,0.0,active,False,True,11,2026-08-28T01:22:07,20271,2023-07-19T00:54:54
CARD000779,CUST000494,ACC000007,XXXX-XXXX-XXXX-6122,debit,visa,2023-08-16T04:03:37,2026-08-15T04:03:37,0.0,0.0,expired,True,True,2,2024-06-05T11:51:41,5767,2023-08-16T04:03:37
CARD000780,CUST000421,ACC001126,XXXX-XXXX-XXXX-6007,credit,rupay,2024-03-07T13:03:49,2028-03-06T13:03:49,725751.07,156458.84,active,True,True,19,2025-05-24T14:39:31,4095,2024-03-07T13:03:49
CARD000781,CUST000401,ACC000638,XXXX-XXXX-XXXX-7586,debit,visa,2024-06-02T05:13:15,2028-06-01T05:13:15,0.0,0.0,active,True,True,21,2025-04-21T09:12:34,15248,2024-06-02T05:13:15
CARD000782,CUST000392,ACC000807,XXXX-XXXX-XXXX-4629,credit,mastercard,2024-11-23T19:44:30,2028-11-22T19:44:30,352307.95,222126.55,active,True,True,11,2026-01-10T00:57:41,846,2024-11-23T19:44:30
CARD000783,CUST000023,ACC001388,XXXX-XXXX-XXXX-2318,debit,rupay,2025-03-23T20:06:56,2030-03-22T20:06:56,0.0,0.0,active,True,True,9,2026-08-24T13:37:24,49718,2025-03-23T20:06:56
CARD000784,CUST000962,ACC001240,XXXX-XXXX-XXXX-9879,debit,mastercard,2021-06-25T20:16:26,2024-06-24T20:16:26,0.0,0.0,expired,True,True,11,2026-01-10T09:37:20,46765,2021-06-25T20:16:26
CARD000785,CUST000272,ACC001077,XXXX-XXXX-XXXX-7586,credit,visa,2025-03-06T02:31:08,2029-03-05T02:31:08,387522.62,377060.08,active,True,True,1,2026-06-15T00:02:01,38512,2025-03-06T02:31:08
CARD000786,CUST000184,ACC000262,XXXX-XXXX-XXXX-4554,credit,rupay,2019-12-03T05:34:48,2023-12-02T05:34:48,166661.28,115045.27,expired,True,True,24,2021-12-14T07:53:59,4982,2019-12-03T05:34:48
CARD000787,CUST000053,ACC000831,XXXX-XXXX-XXXX-2207,debit,visa,2022-01-07T10:56:43,2025-01-06T10:56:43,0.0,0.0,expired,True,True,26,2026-08-20T03:28:02,28536,2022-01-07T10:56:43
CARD000788,CUST000633,ACC001269,XXXX-XXXX-XXXX-8180,credit,mastercard,2023-09-02T21:37:11,2026-09-01T21:37:11,600047.31,244118.52,expired,False,True,12,2025-11-25T21:12:31,11805,2023-09-02T21:37:11
CARD000789,CUST000591,ACC000375,XXXX-XXXX-XXXX-2208,debit,visa,2021-03-14T21:45:52,2026-03-13T21:45:52,0.0,0.0,expired,True,True,20,2025-07-12T18:39:52,27237,2021-03-14T21:45:52
CARD000790,CUST000936,ACC001477,XXXX-XXXX-XXXX-1280,credit,mastercard,2022-05-30T06:38:24,2025-05-29T06:38:24,818359.95,299844.61,expired,True,True,13,2025-09-08T15:23:18,16920,2022-05-30T06:38:24
CARD000791,CUST000939,ACC001122,XXXX-XXXX-XXXX-6797,debit,visa,2020-10-17T21:55:32,2025-10-16T21:55:32,0.0,0.0,expired,True,True,26,2022-01-17T05:47:08,18412,2020-10-17T21:55:32
CARD000792,CUST000458,ACC000927,XXXX-XXXX-XXXX-1886,debit,rupay,2019-11-25T14:26:17,2022-11-24T14:26:17,0.0,0.0,expired,True,False,14,2022-10-23T10:19:31,31690,2019-11-25T14:26:17
CARD000793,CUST000150,ACC000413,XXXX-XXXX-XXXX-7632,credit,mastercard,2025-03-28T07:43:29,2028-03-27T07:43:29,945667.08,164768.81,active,True,False,14,2026-03-07T05:31:32,27557,2025-03-28T07:43:29
CARD000794,CUST000670,ACC001023,XXXX-XXXX-XXXX-2708,debit,visa,2020-11-08T00:54:21,2025-11-07T00:54:21,0.0,0.0,expired,True,True,11,2026-02-11T17:41:12,31586,2020-11-08T00:54:21
CARD000795,CUST000116,ACC001244,XXXX-XXXX-XXXX-7851,credit,mastercard,2025-04-16T06:31:19,2030-04-15T06:31:19,578064.4,218250.48,active,True,True,19,2026-06-20T04:20:37,37578,2025-04-16T06:31:19
CARD000796,CUST000356,ACC000004,XXXX-XXXX-XXXX-3389,debit,rupay,2021-02-20T19:32:29,2024-02-20T19:32:29,0.0,0.0,expired,True,False,6,2026-08-02T01:09:35,46485,2021-02-20T19:32:29
CARD000797,CUST000354,ACC000350,XXXX-XXXX-XXXX-4136,debit,mastercard,2025-05-28T01:41:01,2030-05-27T01:41:01,0.0,0.0,active,True,True,8,2026-01-12T05:19:53,36202,2025-05-28T01:41:01
CARD000798,CUST000702,ACC000568,XXXX-XXXX-XXXX-9604,debit,mastercard,2021-05-09T02:56:59,2026-05-08T02:56:59,0.0,0.0,expired,True,True,4,2023-12-01T13:22:01,21970,2021-05-09T02:56:59
CARD000799,CUST000571,ACC000067,XXXX-XXXX-XXXX-4697,debit,mastercard,2019-07-18T17:17:06,2023-07-17T17:17:06,0.0,0.0,expired,True,True,8,2026-07-13T04:45:37,6149,2019-07-18T17:17:06
CARD000800,CUST000749,ACC000553,XXXX-XXXX-XXXX-8478,credit,visa,2019-03-21T23:02:20,2024-03-19T23:02:20,332949.9,37825.12,expired,True,True,5,2020-03-18T05:10:21,13852,2019-03-21T23:02:20
CARD000801,CUST000444,ACC000508,XXXX-XXXX-XXXX-7996,debit,visa,2021-12-15T12:00:56,2024-12-14T12:00:56,0.0,0.0,expired,True,True,2,2024-05-04T00:59:20,19699,2021-12-15T12:00:56
CARD000802,CUST000404,ACC000455,XXXX-XXXX-XXXX-7731,credit,mastercard,2023-10-22T04:37:56,2027-10-21T04:37:56,393857.62,207093.61,active,True,True,15,2025-10-14T13:30:25,15720,2023-10-22T04:37:56
CARD000803,CUST000767,ACC000295,XXXX-XXXX-XXXX-8090,credit,mastercard,2019-07-24T09:31:16,2024-07-22T09:31:16,906340.23,399312.55,expired,True,True,2,2019-10-20T23:33:07,10649,2019-07-24T09:31:16
CARD000804,CUST000012,ACC000620,XXXX-XXXX-XXXX-8965,debit,mastercard,2021-09-04T17:02:37,2025-09-03T17:02:37,0.0,0.0,expired,False,True,8,2025-11-13T05:29:50,34870,2021-09-04T17:02:37
CARD000805,CUST000010,ACC000301,XXXX-XXXX-XXXX-4769,debit,mastercard,2024-06-07T05:19:40,2029-06-06T05:19:40,0.0,0.0,expired,False,True,9,2025-01-21T06:13:19,30752,2024-06-07T05:19:40
CARD000806,CUST000437,ACC001331,XXXX-XXXX-XXXX-9441,credit,rupay,2020-10-26T10:33:20,2024-10-25T10:33:20,638507.36,377532.59,expired,True,True,18,2023-03-25T17:34:03,33651,2020-10-26T10:33:20
CARD000807,CUST000525,ACC000477,XXXX-XXXX-XXXX-5384,debit,visa,2021-03-16T12:21:43,2025-03-15T12:21:43,0.0,0.0,expired,True,True,23,2022-08-01T20:40:59,17344,2021-03-16T12:21:43
CARD000808,CUST000696,ACC001117,XXXX-XXXX-XXXX-4309,credit,visa,2019-06-25T03:17:48,2022-06-24T03:17:48,727249.2,144926.97,expired,True,True,9,2024-11-16T19:20:19,23420,2019-06-25T03:17:48
CARD000809,CUST000105,ACC001185,XXXX-XXXX-XXXX-5273,credit,visa,2020-01-12T18:42:14,2025-01-10T18:42:14,910791.89,330026.12,expired,False,True,9,2022-01-16T16:44:51,18558,2020-01-12T18:42:14
CARD000810,CUST000615,ACC000912,XXXX-XXXX-XXXX-2661,debit,rupay,2022-04-17T12:26:05,2025-04-16T12:26:05,0.0,0.0,expired,False,True,1,2023-05-15T09:10:34,38953,2022-04-17T12:26:05
CARD000811,CUST000014,ACC001304,XXXX-XXXX-XXXX-7556,debit,mastercard,2019-02-14T08:25:55,2024-02-13T08:25:55,0.0,0.0,expired,True,True,21,2019-05-09T21:23:47,39015,2019-02-14T08:25:55
CARD000812,CUST000966,ACC000567,XXXX-XXXX-XXXX-9800,debit,visa,2019-03-01T12:22:37,2022-02-28T12:22:37,0.0,0.0,expired,True,True,21,2020-11-05T11:11:14,14288,2019-03-01T12:22:37
CARD000813,CUST000840,ACC000876,XXXX-XXXX-XXXX-3078,credit,visa,2019-03-31T16:08:11,2023-03-30T16:08:11,517449.11,446855.24,expired,True,True,6,2024-10-15T12:58:48,28676,2019-03-31T16:08:11
CARD000814,CUST000020,ACC001359,XXXX-XXXX-XXXX-5354,debit,mastercard,2020-06-23T09:17:35,2025-06-22T09:17:35,0.0,0.0,expired,True,True,2,2026-04-30T05:30:20,39138,2020-06-23T09:17:35
CARD000815,CUST000655,ACC000202,XXXX-XXXX-XXXX-3541,credit,rupay,2022-12-21T22:08:42,2025-12-20T22:08:42,267357.43,85099.23,expired,True,True,10,2024-02-09T10:17:46,25829,2022-12-21T22:08:42
CARD000816,CUST000930,ACC000143,XXXX-XXXX-XXXX-2428,debit,mastercard,2022-03-03T07:22:27,2027-03-02T07:22:27,0.0,0.0,active,True,True,9,2026-06-23T22:50:33,48789,2022-03-03T07:22:27
CARD000817,CUST000415,ACC000665,XXXX-XXXX-XXXX-5777,debit,visa,2020-01-12T21:29:11,2025-01-10T21:29:11,0.0,0.0,expired,False,True,1,2023-11-21T08:59:48,49150,2020-01-12T21:29:11
CARD000818,CUST000898,ACC001494,XXXX-XXXX-XXXX-5945,debit,rupay,2021-07-17T12:32:39,2024-07-16T12:32:39,0.0,0.0,expired,False,True,10,2022-08-18T20:37:08,19732,2021-07-17T12:32:39
CARD000819,CUST000080,ACC000327,XXXX-XXXX-XXXX-6617,debit,rupay,2021-04-08T08:23:34,2024-04-07T08:23:34,0.0,0.0,expired,True,True,16,2026-08-01T13:38:01,33133,2021-04-08T08:23:34
CARD000820,CUST000305,ACC000964,XXXX-XXXX-XXXX-8982,credit,mastercard,2023-01-18T16:57:37,2028-01-17T16:57:37,987251.44,819856.66,active,True,True,6,2024-12-29T12:54:54,40799,2023-01-18T16:57:37
CARD000821,CUST000020,ACC001359,XXXX-XXXX-XXXX-5723,credit,mastercard,2024-12-05T12:20:14,2029-12-04T12:20:14,334466.69,230732.75,expired,True,True,11,2026-06-14T23:15:53,35941,2024-12-05T12:20:14
CARD000822,CUST000189,ACC000716,XXXX-XXXX-XXXX-8233,debit,rupay,2024-06-08T01:07:10,2029-06-07T01:07:10,0.0,0.0,blocked,True,True,8,2025-06-14T18:34:36,40973,2024-06-08T01:07:10
CARD000823,CUST000589,ACC001258,XXXX-XXXX-XXXX-4742,debit,mastercard,2024-10-31T05:57:55,2029-10-30T05:57:55,0.0,0.0,active,True,True,12,2026-07-08T03:54:02,45635,2024-10-31T05:57:55
CARD000824,CUST000017,ACC000677,XXXX-XXXX-XXXX-8714,credit,mastercard,2022-02-02T17:52:46,2026-02-01T17:52:46,398330.2,354238.05,expired,True,True,17,2026-08-09T12:02:06,39233,2022-02-02T17:52:46
CARD000825,CUST000908,ACC000471,XXXX-XXXX-XXXX-3668,debit,mastercard,2024-01-01T07:19:01,2026-12-31T07:19:01,0.0,0.0,active,True,True,20,2026-07-03T10:25:59,4936,2024-01-01T07:19:01
CARD000826,CUST000922,ACC000783,XXXX-XXXX-XXXX-2625,debit,mastercard,2023-11-16T14:13:02,2028-11-14T14:13:02,0.0,0.0,active,True,True,10,2024-08-05T18:09:08,21102,2023-11-16T14:13:02
CARD000827,CUST000276,ACC000306,XXXX-XXXX-XXXX-8783,debit,visa,2025-03-21T11:05:10,2030-03-20T11:05:10,0.0,0.0,active,True,True,26,2026-08-19T15:23:23,916,2025-03-21T11:05:10
CARD000828,CUST000735,ACC000113,XXXX-XXXX-XXXX-5343,debit,mastercard,2025-05-23T16:10:40,2028-05-22T16:10:40,0.0,0.0,blocked,True,True,27,2026-05-02T09:44:00,1480,2025-05-23T16:10:40
CARD000829,CUST000060,ACC000489,XXXX-XXXX-XXXX-6710,debit,mastercard,2024-11-30T22:49:39,2029-11-29T22:49:39,0.0,0.0,active,True,True,7,2025-11-14T01:37:08,13254,2024-11-30T22:49:39
CARD000830,CUST000705,ACC000418,XXXX-XXXX-XXXX-5513,debit,mastercard,2024-09-18T14:09:43,2029-09-17T14:09:43,0.0,0.0,active,False,True,15,2025-01-23T21:36:02,44460,2024-09-18T14:09:43
CARD000831,CUST000570,ACC000952,XXXX-XXXX-XXXX-2673,debit,visa,2024-04-24T11:42:23,2028-04-23T11:42:23,0.0,0.0,active,False,True,7,2024-06-28T23:49:04,26508,2024-04-24T11:42:23
CARD000832,CUST000734,ACC000859,XXXX-XXXX-XXXX-1298,debit,mastercard,2019-04-17T16:08:00,2023-04-16T16:08:00,0.0,0.0,expired,False,True,1,2022-03-28T23:19:06,10777,2019-04-17T16:08:00
CARD000833,CUST000469,ACC001057,XXXX-XXXX-XXXX-8286,debit,rupay,2025-01-15T21:58:26,2028-01-15T21:58:26,0.0,0.0,active,True,True,25,2026-04-20T00:32:07,26917,2025-01-15T21:58:26
CARD000834,CUST000059,ACC001320,XXXX-XXXX-XXXX-8225,debit,rupay,2020-05-11T13:31:42,2024-05-10T13:31:42,0.0,0.0,expired,True,True,28,2023-02-07T05:52:08,37185,2020-05-11T13:31:42
CARD000835,CUST000378,ACC001155,XXXX-XXXX-XXXX-6619,credit,mastercard,2023-03-05T04:06:26,2028-03-03T04:06:26,780185.28,693048.28,active,True,True,19,2025-11-16T09:47:58,19347,2023-03-05T04:06:26
CARD000836,CUST000490,ACC001335,XXXX-XXXX-XXXX-2402,credit,rupay,2020-10-26T16:02:00,2025-10-25T16:02:00,818921.99,146179.11,expired,True,True,12,2021-09-12T17:34:57,23185,2020-10-26T16:02:00
CARD000837,CUST000576,ACC001491,XXXX-XXXX-XXXX-7246,credit,rupay,2022-04-08T02:04:53,2027-04-07T02:04:53,569466.21,422579.92,active,True,False,15,2023-03-13T19:28:56,41055,2022-04-08T02:04:53
CARD000838,CUST000422,ACC000430,XXXX-XXXX-XXXX-7171,credit,rupay,2024-01-07T04:51:55,2027-01-06T04:51:55,755067.34,251801.37,active,True,True,23,2024-02-20T21:10:57,35382,2024-01-07T04:51:55
CARD000839,CUST000415,ACC000686,XXXX-XXXX-XXXX-1250,credit,rupay,2022-07-26T15:53:51,2027-07-25T15:53:51,224276.21,206980.32,active,True,True,7,2023-09-20T04:58:19,24821,2022-07-26T15:53:51
CARD000840,CUST000140,ACC000407,XXXX-XXXX-XXXX-7250,credit,visa,2024-11-08T18:06:33,2027-11-08T18:06:33,760367.9,147123.93,active,True,True,26,2025-07-08T08:47:23,25098,2024-11-08T18:06:33
CARD000841,CUST000881,ACC001033,XXXX-XXXX-XXXX-9336,debit,rupay,2022-11-04T04:03:17,2027-11-03T04:03:17,0.0,0.0,active,True,True,4,2026-08-12T12:06:11,35681,2022-11-04T04:03:17
CARD000842,CUST000322,ACC001425,XXXX-XXXX-XXXX-9843,credit,visa,2024-12-22T07:28:30,2027-12-22T07:28:30,550586.11,541572.81,active,True,True,17,2026-07-21T17:01:46,33755,2024-12-22T07:28:30
CARD000843,CUST000363,ACC000799,XXXX-XXXX-XXXX-2556,debit,visa,2022-09-10T09:17:09,2026-09-09T09:17:09,0.0,0.0,expired,True,False,18,2023-09-10T15:50:12,42078,2022-09-10T09:17:09
CARD000844,CUST000972,ACC001499,XXXX-XXXX-XXXX-8625,credit,mastercard,2021-01-26T18:00:46,2026-01-25T18:00:46,222438.8,27106.49,expired,True,True,24,2025-02-18T11:46:13,5682,2021-01-26T18:00:46
CARD000845,CUST000758,ACC001191,XXXX-XXXX-XXXX-1588,debit,rupay,2023-04-29T09:45:21,2028-04-27T09:45:21,0.0,0.0,active,True,True,15,2024-02-11T04:44:07,19042,2023-04-29T09:45:21
CARD000846,CUST000519,ACC000990,XXXX-XXXX-XXXX-7863,debit,visa,2022-02-12T10:59:44,2025-02-11T10:59:44,0.0,0.0,expired,False,True,23,2024-03-16T19:58:03,4173,2022-02-12T10:59:44
CARD000847,CUST000968,ACC000611,XXXX-XXXX-XXXX-6020,credit,mastercard,2020-04-20T06:59:46,2023-04-20T06:59:46,258777.05,206039.13,expired,True,True,7,2022-11-28T11:55:27,12320,2020-04-20T06:59:46
CARD000848,CUST000214,ACC000574,XXXX-XXXX-XXXX-2167,debit,mastercard,2020-07-03T08:31:47,2025-07-02T08:31:47,0.0,0.0,expired,True,True,22,2024-08-04T01:27:30,30560,2020-07-03T08:31:47
CARD000849,CUST000512,ACC000597,XXXX-XXXX-XXXX-7553,credit,visa,2022-04-06T17:00:16,2026-04-05T17:00:16,185095.33,157578.93,expired,True,True,2,2022-12-13T07:44:09,7169,2022-04-06T17:00:16
CARD000850,CUST000396,ACC001265,XXXX-XXXX-XXXX-1461,credit,rupay,2019-04-24T05:42:30,2024-04-22T05:42:30,262622.43,114402.71,expired,True,True,18,2021-08-13T04:04:41,7053,2019-04-24T05:42:30
CARD000851,CUST000692,ACC000698,XXXX-XXXX-XXXX-9259,debit,visa,2022-04-06T03:08:41,2027-04-05T03:08:41,0.0,0.0,blocked,True,True,2,2024-10-28T05:26:16,42072,2022-04-06T03:08:41
CARD000852,CUST000872,ACC001423,XXXX-XXXX-XXXX-3903,credit,visa,2022-05-28T19:28:37,2027-05-27T19:28:37,710791.27,701945.89,active,True,True,1,2024-11-15T05:43:33,44493,2022-05-28T19:28:37
CARD000853,CUST000991,ACC000825,XXXX-XXXX-XXXX-6718,credit,mastercard,2024-10-12T13:15:57,2029-10-11T13:15:57,562340.87,134043.62,active,False,True,28,2025-11-21T06:13:41,21137,2024-10-12T13:15:57
CARD000854,CUST000443,ACC000291,XXXX-XXXX-XXXX-1947,credit,mastercard,2019-06-10T15:46:32,2022-06-09T15:46:32,520481.08,311980.03,expired,True,True,10,2020-11-12T16:33:11,37182,2019-06-10T15:46:32
CARD000855,CUST000066,ACC001411,XXXX-XXXX-XXXX-3756,debit,mastercard,2022-12-05T05:50:49,2027-12-04T05:50:49,0.0,0.0,active,True,True,10,2023-07-07T19:01:32,36816,2022-12-05T05:50:49
CARD000856,CUST000810,ACC000042,XXXX-XXXX-XXXX-1166,debit,visa,2023-09-26T08:55:55,2027-09-25T08:55:55,0.0,0.0,active,True,True,1,2026-01-15T16:07:25,7833,2023-09-26T08:55:55
CARD000857,CUST000830,ACC000199,XXXX-XXXX-XXXX-7824,credit,mastercard,2020-01-08T08:51:49,2023-01-07T08:51:49,74329.73,56544.38,expired,True,True,2,2020-04-19T21:18:39,32890,2020-01-08T08:51:49
CARD000858,CUST000796,ACC000244,XXXX-XXXX-XXXX-2623,credit,visa,2024-05-13T16:50:45,2028-05-12T16:50:45,80460.09,58723.7,active,True,True,19,2025-03-05T11:44:06,44729,2024-05-13T16:50:45
CARD000859,CUST000824,ACC000343,XXXX-XXXX-XXXX-4276,credit,rupay,2024-10-24T21:55:33,2027-10-24T21:55:33,624884.87,438381.37,active,True,True,18,2025-04-27T05:24:00,7761,2024-10-24T21:55:33
CARD000860,CUST000563,ACC000988,XXXX-XXXX-XXXX-4701,credit,mastercard,2022-11-25T09:13:20,2026-11-24T09:13:20,657577.11,211898.09,active,True,True,9,2025-10-06T17:02:56,26241,2022-11-25T09:13:20
CARD000861,CUST000520,ACC000410,XXXX-XXXX-XXXX-3834,debit,mastercard,2024-03-11T07:15:04,2028-03-10T07:15:04,0.0,0.0,expired,True,True,12,2025-08-10T23:30:59,19998,2024-03-11T07:15:04
CARD000862,CUST000014,ACC001304,XXXX-XXXX-XXXX-6402,credit,visa,2023-01-09T17:24:47,2026-01-08T17:24:47,898971.42,773902.96,expired,False,True,3,2024-09-07T14:37:24,34872,2023-01-09T17:24:47
CARD000863,CUST000272,ACC000900,XXXX-XXXX-XXXX-3357,debit,mastercard,2021-11-16T04:19:23,2025-11-15T04:19:23,0.0,0.0,expired,True,True,7,2021-12-02T23:22:15,25381,2021-11-16T04:19:23
CARD000864,CUST000971,ACC001211,XXXX-XXXX-XXXX-4157,debit,rupay,2021-09-13T19:30:25,2026-09-12T19:30:25,0.0,0.0,expired,False,True,6,2022-01-15T13:20:37,18251,2021-09-13T19:30:25
CARD000865,CUST000802,ACC000784,XXXX-XXXX-XXXX-3795,credit,mastercard,2021-01-11T02:43:06,2024-01-11T02:43:06,758669.28,86890.04,expired,True,True,2,2022-07-20T19:43:19,31676,2021-01-11T02:43:06
CARD000866,CUST000655,ACC000202,XXXX-XXXX-XXXX-7535,debit,mastercard,2025-02-20T21:45:33,2030-02-19T21:45:33,0.0,0.0,active,False,True,20,2025-06-10T11:50:25,49552,2025-02-20T21:45:33
CARD000867,CUST000352,ACC000153,XXXX-XXXX-XXXX-4539,credit,mastercard,2024-07-01T17:04:01,2027-07-01T17:04:01,255522.64,174772.76,active,True,True,11,2026-07-28T11:34:20,41916,2024-07-01T17:04:01
CARD000868,CUST000675,ACC000953,XXXX-XXXX-XXXX-6550,credit,mastercard,2025-03-23T07:52:56,2029-03-22T07:52:56,518570.39,284070.44,active,False,True,23,2025-04-13T04:02:25,29689,2025-03-23T07:52:56
CARD000869,CUST000538,ACC000020,XXXX-XXXX-XXXX-3672,debit,mastercard,2020-11-05T01:24:49,2023-11-05T01:24:49,0.0,0.0,expired,True,True,22,2023-09-27T14:20:57,24040,2020-11-05T01:24:49
CARD000870,CUST000570,ACC000952,XXXX-XXXX-XXXX-5155,debit,rupay,2022-12-30T19:39:36,2026-12-29T19:39:36,0.0,0.0,active,True,True,24,2024-04-06T01:13:57,31905,2022-12-30T19:39:36
CARD000871,CUST000300,ACC000134,XXXX-XXXX-XXXX-8367,debit,rupay,2022-01-03T04:20:39,2025-01-02T04:20:39,0.0,0.0,expired,True,True,15,2025-12-17T01:58:03,1243,2022-01-03T04:20:39
CARD000872,CUST000144,ACC001395,XXXX-XXXX-XXXX-5219,debit,mastercard,2020-09-17T00:03:53,2025-09-16T00:03:53,0.0,0.0,expired,True,True,25,2020-10-30T14:56:37,32330,2020-09-17T00:03:53
CARD000873,CUST000559,ACC000796,XXXX-XXXX-XXXX-3505,credit,mastercard,2021-09-01T08:04:12,2024-08-31T08:04:12,338011.06,264099.79,expired,True,True,22,2025-03-23T07:21:59,3594,2021-09-01T08:04:12
CARD000874,CUST000064,ACC001441,XXXX-XXXX-XXXX-4139,credit,rupay,2024-05-22T08:08:12,2027-05-22T08:08:12,830730.97,254783.05,active,True,True,22,2024-11-13T17:54:58,44031,2024-05-22T08:08:12
CARD000875,CUST000076,ACC000305,XXXX-XXXX-XXXX-1825,credit,visa,2019-12-19T00:49:39,2024-12-17T00:49:39,452259.04,132803.75,expired,True,True,9,2021-12-26T21:53:52,48743,2019-12-19T00:49:39
CARD000876,CUST000274,ACC001190,XXXX-XXXX-XXXX-5162,credit,rupay,2023-12-02T16:07:27,2027-12-01T16:07:27,710319.04,191035.34,active,True,True,15,2026-08-09T06:20:51,32356,2023-12-02T16:07:27
CARD000877,CUST000240,ACC000606,XXXX-XXXX-XXXX-7658,debit,mastercard,2020-09-22T02:03:48,2023-09-22T02:03:48,0.0,0.0,expired,True,True,11,2023-11-24T14:54:11,45767,2020-09-22T02:03:48
CARD000878,CUST000293,ACC001445,XXXX-XXXX-XXXX-4745,credit,rupay,2024-08-10T23:46:41,2028-08-09T23:46:41,145914.97,129007.26,active,True,True,10,2025-08-25T11:54:29,36593,2024-08-10T23:46:41
CARD000879,CUST000362,ACC000856,XXXX-XXXX-XXXX-6378,credit,visa,2020-05-18T04:48:05,2024-05-17T04:48:05,291925.8,108811.13,expired,False,True,18,2020-10-02T19:32:37,36596,2020-05-18T04:48:05
CARD000880,CUST000228,ACC000473,XXXX-XXXX-XXXX-6746,debit,visa,2022-03-08T00:23:05,2026-03-07T00:23:05,0.0,0.0,expired,True,True,13,2022-07-11T12:11:00,19272,2022-03-08T00:23:05
CARD000881,CUST000268,ACC000841,XXXX-XXXX-XXXX-4468,debit,mastercard,2022-04-04T10:27:02,2027-04-03T10:27:02,0.0,0.0,active,True,False,13,2024-04-12T02:52:59,9457,2022-04-04T10:27:02
CARD000882,CUST000311,ACC000852,XXXX-XXXX-XXXX-4123,debit,mastercard,2019-02-23T04:01:14,2023-02-22T04:01:14,0.0,0.0,expired,True,True,22,2021-09-10T05:19:35,4999,2019-02-23T04:01:14
CARD000883,CUST000701,ACC001279,XXXX-XXXX-XXXX-9545,debit,visa,2019-07-17T13:08:23,2023-07-16T13:08:23,0.0,0.0,expired,True,False,23,2026-05-25T07:23:51,9788,2019-07-17T13:08:23
CARD000884,CUST000646,ACC000757,XXXX-XXXX-XXXX-9935,credit,mastercard,2023-10-09T14:37:00,2026-10-08T14:37:00,442535.73,67698.12,active,True,False,17,2024-12-06T12:13:41,6277,2023-10-09T14:37:00
CARD000885,CUST000160,ACC000018,XXXX-XXXX-XXXX-9530,credit,visa,2021-03-14T18:06:52,2025-03-13T18:06:52,253834.07,206901.3,expired,True,True,14,2025-10-17T11:17:37,25285,2021-03-14T18:06:52
CARD000886,CUST000968,ACC000611,XXXX-XXXX-XXXX-6878,debit,visa,2019-05-23T03:58:50,2023-05-22T03:58:50,0.0,0.0,expired,True,True,12,2021-10-06T21:19:05,41076,2019-05-23T03:58:50
CARD000887,CUST000798,ACC000936,XXXX-XXXX-XXXX-5047,debit,rupay,2019-05-17T07:56:48,2023-05-16T07:56:48,0.0,0.0,expired,True,True,8,2023-10-28T07:52:46,5612,2019-05-17T07:56:48
CARD000888,CUST000987,ACC000772,XXXX-XXXX-XXXX-7816,credit,rupay,2022-07-05T17:46:53,2026-07-04T17:46:53,754748.4,114546.35,expired,True,True,22,2026-02-11T08:16:25,5083,2022-07-05T17:46:53
CARD000889,CUST000354,ACC000350,XXXX-XXXX-XXXX-8889,debit,mastercard,2024-11-12T06:31:32,2027-11-12T06:31:32,0.0,0.0,active,False,True,9,2026-01-17T14:31:03,39381,2024-11-12T06:31:32
CARD000890,CUST000901,ACC001062,XXXX-XXXX-XXXX-7428,debit,visa,2025-05-15T19:30:11,2029-05-14T19:30:11,0.0,0.0,expired,True,True,10,2026-02-11T09:53:58,22162,2025-05-15T19:30:11
CARD000891,CUST000070,ACC000426,XXXX-XXXX-XXXX-1824,credit,mastercard,2022-08-19T05:25:34,2025-08-18T05:25:34,758496.12,466521.26,expired,True,True,2,2024-10-08T05:59:21,19466,2022-08-19T05:25:34
CARD000892,CUST000124,ACC001226,XXXX-XXXX-XXXX-4494,credit,mastercard,2023-08-02T10:18:54,2026-08-01T10:18:54,625728.88,237014.48,expired,True,True,5,2026-02-04T15:26:11,26528,2023-08-02T10:18:54
CARD000893,CUST000676,ACC000561,XXXX-XXXX-XXXX-9208,debit,visa,2022-06-06T14:00:20,2026-06-05T14:00:20,0.0,0.0,expired,True,True,26,2022-08-01T17:32:24,37647,2022-06-06T14:00:20
CARD000894,CUST000955,ACC001034,XXXX-XXXX-XXXX-3263,debit,mastercard,2024-05-11T23:43:48,2028-05-10T23:43:48,0.0,0.0,active,False,True,13,2025-04-23T15:37:20,9153,2024-05-11T23:43:48
CARD000895,CUST000674,ACC000480,XXXX-XXXX-XXXX-8907,debit,visa,2020-12-09T09:47:43,2023-12-09T09:47:43,0.0,0.0,expired,True,True,10,2026-02-01T01:15:28,11779,2020-12-09T09:47:43
CARD000896,CUST000417,ACC000732,XXXX-XXXX-XXXX-1084,credit,visa,2020-04-11T03:52:16,2025-04-10T03:52:16,874870.48,191809.53,expired,False,True,4,2025-05-03T10:20:23,3679,2020-04-11T03:52:16
CARD000897,CUST000077,ACC001176,XXXX-XXXX-XXXX-3653,credit,rupay,2021-03-04T07:06:01,2024-03-03T07:06:01,371414.92,265450.29,expired,True,True,12,2022-09-17T11:39:15,23743,2021-03-04T07:06:01
CARD000898,CUST000413,ACC001429,XXXX-XXXX-XXXX-1288,debit,rupay,2022-03-04T21:45:20,2027-03-03T21:45:20,0.0,0.0,active,True,True,14,2026-05-25T22:49:19,36910,2022-03-04T21:45:20
CARD000899,CUST000629,ACC000691,XXXX-XXXX-XXXX-3890,credit,mastercard,2020-07-21T09:29:53,2025-07-20T09:29:53,491496.28,117374.22,expired,True,True,18,2025-06-04T18:58:35,27153,2020-07-21T09:29:53
CARD000900,CUST000561,ACC000164,XXXX-XXXX-XXXX-2808,debit,rupay,2023-09-06T23:26:24,2026-09-05T23:26:24,0.0,0.0,expired,False,False,12,2023-12-07T15:17:49,19172,2023-09-06T23:26:24
CARD000901,CUST000171,ACC000872,XXXX-XXXX-XXXX-2128,credit,visa,2020-12-13T02:43:01,2025-12-12T02:43:01,342475.07,269077.53,expired,True,True,7,2024-08-26T21:09:49,48841,2020-12-13T02:43:01
CARD000902,CUST000241,ACC000549,XXXX-XXXX-XXXX-5370,debit,visa,2024-11-23T18:41:01,2027-11-23T18:41:01,0.0,0.0,active,False,True,25,2025-05-06T14:48:32,43741,2024-11-23T18:41:01
CARD000903,CUST000435,ACC001421,XXXX-XXXX-XXXX-7556,debit,mastercard,2022-02-22T17:44:10,2026-02-21T17:44:10,0.0,0.0,expired,True,True,10,2025-02-24T15:02:24,8386,2022-02-22T17:44:10
CARD000904,CUST000073,ACC000649,XXXX-XXXX-XXXX-3478,credit,mastercard,2020-12-29T22:51:45,2024-12-28T22:51:45,313696.18,75137.11,expired,False,True,24,2025-04-15T05:20:17,43071,2020-12-29T22:51:45
CARD000905,CUST000182,ACC001080,XXXX-XXXX-XXXX-1211,debit,mastercard,2020-11-30T23:01:23,2025-11-29T23:01:23,0.0,0.0,expired,False,True,16,2024-02-03T06:28:21,26818,2020-11-30T23:01:23
CARD000906,CUST000065,ACC001330,XXXX-XXXX-XXXX-3894,debit,mastercard,2024-05-28T11:21:36,2027-05-28T11:21:36,0.0,0.0,active,False,True,24,2025-10-23T20:26:42,45061,2024-05-28T11:21:36
CARD000907,CUST000037,ACC000016,XXXX-XXXX-XXXX-5422,credit,rupay,2024-07-01T03:44:28,2028-06-30T03:44:28,796832.84,354498.19,blocked,True,True,3,2025-04-11T09:07:20,26065,2024-07-01T03:44:28
CARD000908,CUST000055,ACC000103,XXXX-XXXX-XXXX-4644,credit,mastercard,2022-04-28T12:38:03,2025-04-27T12:38:03,159371.7,30113.02,expired,True,True,14,2025-10-08T01:16:57,40301,2022-04-28T12:38:03
CARD000909,CUST000863,ACC000024,XXXX-XXXX-XXXX-4505,credit,rupay,2022-11-05T17:21:18,2026-11-04T17:21:18,737995.12,609155.14,active,True,True,22,2024-11-16T21:43:43,20447,2022-11-05T17:21:18
CARD000910,CUST000510,ACC000751,XXXX-XXXX-XXXX-5160,credit,rupay,2023-05-17T21:58:48,2026-05-16T21:58:48,730808.52,97801.83,expired,True,True,15,2024-06-03T06:43:15,17189,2023-05-17T21:58:48
CARD000911,CUST000588,ACC001417,XXXX-XXXX-XXXX-5923,debit,rupay,2023-01-18T01:08:18,2026-01-17T01:08:18,0.0,0.0,expired,True,True,18,2024-11-19T15:54:04,18292,2023-01-18T01:08:18
CARD000912,CUST000462,ACC000149,XXXX-XXXX-XXXX-3025,credit,rupay,2020-09-13T03:45:26,2025-09-12T03:45:26,209374.2,111471.19,expired,True,True,18,2021-07-05T15:11:15,8180,2020-09-13T03:45:26
CARD000913,CUST000863,ACC000024,XXXX-XXXX-XXXX-6071,debit,visa,2019-10-30T11:02:06,2024-10-28T11:02:06,0.0,0.0,expired,True,True,20,2020-12-06T08:39:35,49524,2019-10-30T11:02:06
CARD000914,CUST000837,ACC000957,XXXX-XXXX-XXXX-8058,credit,mastercard,2021-03-02T05:04:41,2025-03-01T05:04:41,565656.28,220834.98,expired,True,True,19,2022-07-08T18:19:00,47818,2021-03-02T05:04:41
CARD000915,CUST000445,ACC000188,XXXX-XXXX-XXXX-2098,credit,visa,2020-10-14T22:26:09,2025-10-13T22:26:09,650344.93,194516.96,expired,True,True,7,2022-01-11T13:01:02,39745,2020-10-14T22:26:09
CARD000916,CUST000879,ACC000695,XXXX-XXXX-XXXX-7853,debit,rupay,2020-08-30T04:38:36,2024-08-29T04:38:36,0.0,0.0,expired,True,True,7,2024-10-02T22:27:25,47940,2020-08-30T04:38:36
CARD000917,CUST000453,ACC000440,XXXX-XXXX-XXXX-5434,debit,visa,2019-10-31T09:21:52,2024-10-29T09:21:52,0.0,0.0,expired,True,True,22,2026-05-07T19:18:11,9002,2019-10-31T09:21:52
CARD000918,CUST000305,ACC000354,XXXX-XXXX-XXXX-1575,debit,visa,2019-08-18T21:02:33,2022-08-17T21:02:33,0.0,0.0,expired,False,True,22,2024-07-30T19:53:00,46227,2019-08-18T21:02:33
CARD000919,CUST000634,ACC001270,XXXX-XXXX-XXXX-9662,debit,mastercard,2022-12-14T19:57:22,2026-12-13T19:57:22,0.0,0.0,active,True,True,21,2025-05-30T10:34:12,31845,2022-12-14T19:57:22
CARD000920,CUST000367,ACC000634,XXXX-XXXX-XXXX-6837,debit,visa,2019-12-04T17:56:43,2024-12-02T17:56:43,0.0,0.0,expired,True,True,23,2020-09-11T15:38:52,6301,2019-12-04T17:56:43
CARD000921,CUST000844,ACC000851,XXXX-XXXX-XXXX-6262,credit,visa,2024-08-04T07:38:08,2028-08-03T07:38:08,865940.95,772003.3,active,True,True,20,2026-08-22T18:09:27,18619,2024-08-04T07:38:08
CARD000922,CUST000525,ACC000477,XXXX-XXXX-XXXX-5580,credit,visa,2024-04-20T08:19:57,2029-04-19T08:19:57,113262.03,13364.65,active,True,True,10,2024-06-15T10:58:41,33299,2024-04-20T08:19:57
CARD000923,CUST000606,ACC001223,XXXX-XXXX-XXXX-3782,credit,mastercard,2020-10-27T01:31:31,2024-10-26T01:31:31,315876.37,197293.69,expired,True,True,18,2023-07-06T19:49:00,42182,2020-10-27T01:31:31
CARD000924,CUST000919,ACC000882,XXXX-XXXX-XXXX-3834,credit,visa,2019-04-29T14:32:50,2024-04-27T14:32:50,685850.98,594405.49,expired,True,True,9,2025-01-18T09:31:35,43805,2019-04-29T14:32:50
CARD000925,CUST000400,ACC001175,XXXX-XXXX-XXXX-2117,debit,visa,2020-02-08T21:54:25,2023-02-07T21:54:25,0.0,0.0,expired,True,False,27,2022-07-10T09:19:19,29919,2020-02-08T21:54:25
CARD000926,CUST000929,ACC001303,XXXX-XXXX-XXXX-5918,credit,mastercard,2025-01-12T09:47:37,2030-01-11T09:47:37,163628.92,23928.84,active,True,True,23,2025-07-23T18:49:17,24457,2025-01-12T09:47:37
CARD000927,CUST000056,ACC000217,XXXX-XXXX-XXXX-3438,credit,visa,2019-08-12T22:54:15,2022-08-11T22:54:15,834387.04,677002.86,expired,True,True,12,2023-07-01T05:19:00,7811,2019-08-12T22:54:15
CARD000928,CUST000480,ACC000038,XXXX-XXXX-XXXX-9179,credit,rupay,2022-03-26T05:13:53,2027-03-25T05:13:53,578275.06,394075.36,active,True,True,21,2025-11-15T21:10:38,39851,2022-03-26T05:13:53
CARD000929,CUST000673,ACC000688,XXXX-XXXX-XXXX-9416,debit,mastercard,2024-04-15T16:19:34,2029-04-14T16:19:34,0.0,0.0,active,True,True,21,2025-06-25T14:06:23,48201,2024-04-15T16:19:34
CARD000930,CUST000665,ACC000633,XXXX-XXXX-XXXX-9499,debit,mastercard,2021-12-24T18:10:57,2025-12-23T18:10:57,0.0,0.0,expired,True,True,8,2022-06-06T07:15:06,11657,2021-12-24T18:10:57
CARD000931,CUST000923,ACC000590,XXXX-XXXX-XXXX-5760,credit,rupay,2022-09-23T17:37:35,2027-09-22T17:37:35,956100.21,393617.49,active,True,True,6,2023-09-24T08:28:19,31105,2022-09-23T17:37:35
CARD000932,CUST000752,ACC001055,XXXX-XXXX-XXXX-7611,credit,mastercard,2021-05-10T00:18:55,2024-05-09T00:18:55,376866.64,176468.35,expired,True,True,5,2022-08-22T04:31:47,36045,2021-05-10T00:18:55
CARD000933,CUST000312,ACC001137,XXXX-XXXX-XXXX-1189,credit,visa,2019-12-09T09:03:06,2024-12-07T09:03:06,221584.04,65057.42,expired,True,True,25,2025-04-19T00:12:35,5498,2019-12-09T09:03:06
CARD000934,CUST000086,ACC000043,XXXX-XXXX-XXXX-2294,debit,visa,2022-05-27T06:39:43,2026-05-26T06:39:43,0.0,0.0,expired,True,True,4,2023-03-16T05:59:12,46705,2022-05-27T06:39:43
CARD000935,CUST000006,ACC000009,XXXX-XXXX-XXXX-1780,credit,mastercard,2020-06-30T04:49:34,2025-06-29T04:49:34,531127.34,205172.07,expired,False,True,5,2022-10-23T12:17:48,33269,2020-06-30T04:49:34
CARD000936,CUST000848,ACC001024,XXXX-XXXX-XXXX-1760,debit,mastercard,2021-12-11T01:53:55,2024-12-10T01:53:55,0.0,0.0,expired,True,True,21,2025-10-20T10:56:37,49164,2021-12-11T01:53:55
CARD000937,CUST000730,ACC000031,XXXX-XXXX-XXXX-6335,credit,mastercard,2021-05-25T00:39:38,2025-05-24T00:39:38,291744.37,53458.78,expired,True,True,9,2024-12-10T14:17:35,1392,2021-05-25T00:39:38
CARD000938,CUST000841,ACC000008,XXXX-XXXX-XXXX-5627,credit,visa,2024-11-10T03:39:44,2029-11-09T03:39:44,657912.15,423623.75,active,True,True,11,2026-01-15T06:02:24,18015,2024-11-10T03:39:44
CARD000939,CUST000441,ACC000701,XXXX-XXXX-XXXX-1197,debit,rupay,2022-06-04T21:16:41,2026-06-03T21:16:41,0.0,0.0,expired,True,True,25,2025-01-06T20:43:54,42908,2022-06-04T21:16:41
CARD000940,CUST000292,ACC000496,XXXX-XXXX-XXXX-9882,credit,mastercard,2023-11-06T01:05:16,2028-11-04T01:05:16,969569.76,121208.25,active,True,True,2,2024-02-27T22:13:06,31629,2023-11-06T01:05:16
CARD000941,CUST000330,ACC000360,XXXX-XXXX-XXXX-7502,credit,mastercard,2023-01-08T16:47:58,2027-01-07T16:47:58,936739.33,897828.71,expired,False,False,10,2025-09-01T20:26:32,13528,2023-01-08T16:47:58
CARD000942,CUST000381,ACC001008,XXXX-XXXX-XXXX-5050,debit,rupay,2023-10-10T22:58:59,2028-10-08T22:58:59,0.0,0.0,blocked,True,True,18,2024-04-19T01:12:49,20397,2023-10-10T22:58:59
CARD000943,CUST000873,ACC000472,XXXX-XXXX-XXXX-2231,credit,rupay,2020-12-27T12:59:53,2024-12-26T12:59:53,229983.82,184589.03,expired,False,True,26,2023-05-04T13:36:14,39835,2020-12-27T12:59:53
CARD000944,CUST000835,ACC000197,XXXX-XXXX-XXXX-6754,debit,rupay,2024-05-08T06:14:46,2027-05-08T06:14:46,0.0,0.0,active,True,True,23,2024-10-09T21:56:13,48014,2024-05-08T06:14:46
CARD000945,CUST000007,ACC000272,XXXX-XXXX-XXXX-2122,debit,rupay,2024-12-30T19:10:12,2027-12-30T19:10:12,0.0,0.0,active,False,True,15,2025-06-10T12:33:24,48328,2024-12-30T19:10:12
CARD000946,CUST000784,ACC000551,XXXX-XXXX-XXXX-6846,debit,visa,2020-11-22T06:42:05,2024-11-21T06:42:05,0.0,0.0,expired,False,True,12,2021-09-20T09:13:57,38645,2020-11-22T06:42:05
CARD000947,CUST000264,ACC000422,XXXX-XXXX-XXXX-5575,debit,visa,2024-11-02T04:01:24,2028-11-01T04:01:24,0.0,0.0,active,True,True,22,2025-09-22T22:19:33,35292,2024-11-02T04:01:24
CARD000948,CUST000532,ACC001368,XXXX-XXXX-XXXX-2346,debit,visa,2023-09-24T16:27:18,2027-09-23T16:27:18,0.0,0.0,active,False,True,12,2024-07-11T08:58:16,46979,2023-09-24T16:27:18
CARD000949,CUST000504,ACC001151,XXXX-XXXX-XXXX-2335,debit,visa,2023-02-12T20:49:07,2027-02-11T20:49:07,0.0,0.0,blocked,True,False,1,2025-03-21T04:16:01,49845,2023-02-12T20:49:07
CARD000950,CUST000225,ACC001274,XXXX-XXXX-XXXX-4384,credit,visa,2022-11-23T13:52:49,2026-11-22T13:52:49,853861.0,571472.77,active,False,True,17,2025-03-16T15:59:04,3538,2022-11-23T13:52:49
CARD000951,CUST000434,ACC000451,XXXX-XXXX-XXXX-1084,credit,visa,2020-03-29T03:23:28,2023-03-29T03:23:28,356786.11,241541.56,expired,True,True,14,2020-12-11T20:08:16,32454,2020-03-29T03:23:28
CARD000952,CUST000063,ACC000815,XXXX-XXXX-XXXX-3563,credit,mastercard,2021-04-02T18:16:18,2024-04-01T18:16:18,701367.39,106104.03,expired,True,True,21,2022-05-18T23:39:35,34190,2021-04-02T18:16:18
CARD000953,CUST000580,ACC000558,XXXX-XXXX-XXXX-1556,debit,visa,2020-12-21T06:27:16,2025-12-20T06:27:16,0.0,0.0,expired,True,True,10,2021-04-19T04:09:14,20095,2020-12-21T06:27:16
CARD000954,CUST000108,ACC000804,XXXX-XXXX-XXXX-7804,debit,rupay,2024-04-23T21:03:11,2028-04-22T21:03:11,0.0,0.0,active,True,True,12,2025-01-04T10:21:10,33511,2024-04-23T21:03:11
CARD000955,CUST000023,ACC001388,XXXX-XXXX-XXXX-5075,credit,visa,2021-08-19T05:08:29,2025-08-18T05:08:29,425604.29,44079.68,expired,True,True,14,2022-07-27T13:20:58,16918,2021-08-19T05:08:29
CARD000956,CUST000822,ACC001035,XXXX-XXXX-XXXX-9073,credit,mastercard,2023-03-27T09:01:50,2027-03-26T09:01:50,823780.54,110691.48,active,False,True,14,2024-10-06T01:04:13,1101,2023-03-27T09:01:50
CARD000957,CUST000439,ACC001202,XXXX-XXXX-XXXX-9297,debit,rupay,2022-07-18T14:37:27,2027-07-17T14:37:27,0.0,0.0,blocked,True,False,15,2024-02-18T10:50:20,46105,2022-07-18T14:37:27
CARD000958,CUST000902,ACC001495,XXXX-XXXX-XXXX-2473,credit,mastercard,2019-09-01T11:43:35,2022-08-31T11:43:35,179988.91,49716.59,expired,True,True,12,2023-06-10T10:57:12,18830,2019-09-01T11:43:35
CARD000959,CUST000169,ACC000241,XXXX-XXXX-XXXX-3284,debit,rupay,2020-10-13T17:43:10,2024-10-12T17:43:10,0.0,0.0,expired,False,True,18,2025-06-17T18:33:17,46214,2020-10-13T17:43:10
CARD000960,CUST000557,ACC001345,XXXX-XXXX-XXXX-2060,credit,rupay,2021-03-24T16:28:13,2025-03-23T16:28:13,826046.14,805902.62,expired,True,True,22,2024-11-15T13:10:48,24302,2021-03-24T16:28:13
CARD000961,CUST000224,ACC000454,XXXX-XXXX-XXXX-1033,credit,mastercard,2021-06-08T06:01:56,2024-06-07T06:01:56,347922.19,193833.48,expired,True,True,22,2024-07-30T20:25:56,13894,2021-06-08T06:01:56
CARD000962,CUST000560,ACC000805,XXXX-XXXX-XXXX-3670,debit,visa,2019-05-15T16:08:56,2023-05-14T16:08:56,0.0,0.0,expired,True,True,13,2024-06-12T21:57:11,34191,2019-05-15T16:08:56
CARD000963,CUST000276,ACC000306,XXXX-XXXX-XXXX-1112,credit,rupay,2022-07-16T11:17:19,2026-07-15T11:17:19,468887.91,317952.87,expired,True,True,2,2026-07-24T19:07:37,39565,2022-07-16T11:17:19
CARD000964,CUST000533,ACC000870,XXXX-XXXX-XXXX-6382,debit,mastercard,2022-06-03T21:05:42,2027-06-02T21:05:42,0.0,0.0,active,False,True,26,2025-07-09T09:52:30,431,2022-06-03T21:05:42
CARD000965,CUST000153,ACC000643,XXXX-XXXX-XXXX-2677,debit,visa,2019-05-01T09:05:42,2022-04-30T09:05:42,0.0,0.0,expired,True,True,10,2022-06-14T07:45:03,5262,2019-05-01T09:05:42
CARD000966,CUST000728,ACC000645,XXXX-XXXX-XXXX-7956,credit,visa,2021-05-13T22:50:30,2024-05-12T22:50:30,694087.46,332674.39,expired,True,True,15,2025-05-19T06:57:26,26358,2021-05-13T22:50:30
CARD000967,CUST000486,ACC001448,XXXX-XXXX-XXXX-6059,debit,rupay,2023-05-06T09:59:16,2026-05-05T09:59:16,0.0,0.0,expired,True,True,27,2025-03-13T22:28:49,36052,2023-05-06T09:59:16
CARD000968,CUST000777,ACC001442,XXXX-XXXX-XXXX-4687,debit,rupay,2020-07-14T10:00:02,2025-07-13T10:00:02,0.0,0.0,expired,True,False,21,2024-04-20T04:07:17,30956,2020-07-14T10:00:02
CARD000969,CUST000902,ACC001495,XXXX-XXXX-XXXX-6935,credit,visa,2022-10-09T09:42:26,2025-10-08T09:42:26,217476.37,112310.15,expired,True,True,20,2025-08-04T07:32:50,23793,2022-10-09T09:42:26
CARD000970,CUST000247,ACC001340,XXXX-XXXX-XXXX-3366,credit,rupay,2024-02-04T12:30:02,2029-02-02T12:30:02,348372.95,149193.24,active,True,True,9,2024-03-12T00:25:01,10313,2024-02-04T12:30:02
CARD000971,CUST000301,ACC000653,XXXX-XXXX-XXXX-2003,debit,visa,2023-11-07T03:27:09,2028-11-05T03:27:09,0.0,0.0,active,True,True,18,2024-01-04T02:53:23,36681,2023-11-07T03:27:09
CARD000972,CUST000446,ACC001357,XXXX-XXXX-XXXX-4715,credit,visa,2021-06-08T09:16:10,2025-06-07T09:16:10,854147.9,401150.59,expired,True,True,9,2023-08-29T15:59:26,35956,2021-06-08T09:16:10
CARD000973,CUST000085,ACC000619,XXXX-XXXX-XXXX-5965,debit,visa,2021-06-07T01:13:20,2025-06-06T01:13:20,0.0,0.0,expired,True,True,26,2025-03-21T14:05:23,36524,2021-06-07T01:13:20
CARD000974,CUST000219,ACC001061,XXXX-XXXX-XXXX-1884,debit,mastercard,2019-08-31T22:03:45,2023-08-30T22:03:45,0.0,0.0,expired,True,True,23,2020-08-23T11:46:29,8735,2019-08-31T22:03:45
CARD000975,CUST000218,ACC001312,XXXX-XXXX-XXXX-5693,credit,rupay,2019-02-06T21:50:08,2024-02-05T21:50:08,310959.26,157382.5,expired,True,True,21,2021-01-14T09:37:44,12475,2019-02-06T21:50:08
CARD000976,CUST000096,ACC000696,XXXX-XXXX-XXXX-1245,credit,visa,2024-04-23T20:08:14,2028-04-22T20:08:14,745460.52,222118.58,active,True,True,8,2025-05-01T03:53:04,15484,2024-04-23T20:08:14
CARD000977,CUST000297,ACC000367,XXXX-XXXX-XXXX-7733,credit,mastercard,2023-06-12T07:13:17,2027-06-11T07:13:17,617517.48,221468.19,active,True,True,1,2024-11-09T07:38:37,35656,2023-06-12T07:13:17
CARD000978,CUST000413,ACC001374,XXXX-XXXX-XXXX-7867,credit,rupay,2023-02-16T03:16:51,2026-02-15T03:16:51,233458.15,71335.67,expired,False,True,7,2024-10-28T14:44:31,14324,2023-02-16T03:16:51
CARD000979,CUST000852,ACC000527,XXXX-XXXX-XXXX-4056,credit,visa,2023-10-08T03:09:31,2028-10-06T03:09:31,696894.83,440364.75,active,True,True,2,2025-11-13T22:04:04,44651,2023-10-08T03:09:31
CARD000980,CUST000929,ACC001303,XXXX-XXXX-XXXX-4646,credit,visa,2020-06-19T07:41:42,2023-06-19T07:41:42,132603.89,41475.03,expired,True,True,2,2024-12-02T01:21:07,25657,2020-06-19T07:41:42
CARD000981,CUST000575,ACC001420,XXXX-XXXX-XXXX-1617,debit,rupay,2022-07-16T00:11:35,2025-07-15T00:11:35,0.0,0.0,expired,True,True,26,2023-11-17T00:10:37,19895,2022-07-16T00:11:35
CARD000982,CUST000939,ACC000759,XXXX-XXXX-XXXX-6545,credit,visa,2020-11-04T21:46:24,2023-11-04T21:46:24,126673.73,102204.76,expired,True,True,15,2023-01-07T16:42:48,29775,2020-11-04T21:46:24
CARD000983,CUST000688,ACC000235,XXXX-XXXX-XXXX-7413,debit,mastercard,2021-01-08T17:15:05,2026-01-07T17:15:05,0.0,0.0,expired,True,True,25,2025-10-31T02:19:27,42905,2021-01-08T17:15:05
CARD000984,CUST000646,ACC000218,XXXX-XXXX-XXXX-9842,credit,visa,2023-08-17T14:01:46,2028-08-15T14:01:46,169985.25,140124.88,active,True,True,25,2024-09-21T22:54:52,20933,2023-08-17T14:01:46
CARD000985,CUST000229,ACC000709,XXXX-XXXX-XXXX-9276,credit,rupay,2025-05-16T11:29:42,2028-05-15T11:29:42,922343.58,403040.64,active,True,True,2,2025-12-10T06:50:36,49786,2025-05-16T11:29:42
CARD000986,CUST000490,ACC000937,XXXX-XXXX-XXXX-6552,debit,mastercard,2023-02-25T13:25:47,2026-02-24T13:25:47,0.0,0.0,expired,True,True,12,2023-05-15T06:55:16,12726,2023-02-25T13:25:47
CARD000987,CUST000769,ACC001431,XXXX-XXXX-XXXX-1665,credit,mastercard,2022-05-14T06:00:08,2027-05-13T06:00:08,985376.3,825953.33,active,True,True,15,2024-04-05T10:25:33,25480,2022-05-14T06:00:08
CARD000988,CUST000667,ACC000179,XXXX-XXXX-XXXX-2223,debit,visa,2023-08-09T00:40:58,2028-08-07T00:40:58,0.0,0.0,active,True,True,5,2024-11-14T00:22:33,26413,2023-08-09T00:40:58
CARD000989,CUST000299,ACC000490,XXXX-XXXX-XXXX-5369,debit,rupay,2024-07-05T10:32:53,2029-07-04T10:32:53,0.0,0.0,active,True,True,4,2026-07-22T13:38:07,45976,2024-07-05T10:32:53
CARD000990,CUST000796,ACC000244,XXXX-XXXX-XXXX-1611,debit,rupay,2024-09-21T17:56:04,2027-09-21T17:56:04,0.0,0.0,expired,True,True,5,2025-06-06T16:27:02,39019,2024-09-21T17:56:04
CARD000991,CUST000443,ACC000021,XXXX-XXXX-XXXX-3977,debit,mastercard,2024-01-14T01:59:04,2027-01-13T01:59:04,0.0,0.0,active,False,True,12,2024-09-03T11:21:39,35651,2024-01-14T01:59:04
CARD000992,CUST000642,ACC000160,XXXX-XXXX-XXXX-1191,credit,rupay,2019-10-03T09:32:08,2022-10-02T09:32:08,214528.74,211109.9,expired,False,True,20,2021-10-03T09:13:27,41293,2019-10-03T09:32:08
CARD000993,CUST000303,ACC001474,XXXX-XXXX-XXXX-1301,debit,mastercard,2019-09-08T10:18:06,2023-09-07T10:18:06,0.0,0.0,expired,True,True,15,2020-05-21T00:01:16,9890,2019-09-08T10:18:06
CARD000994,CUST000348,ACC000823,XXXX-XXXX-XXXX-5756,credit,mastercard,2019-08-23T11:47:21,2024-08-21T11:47:21,971548.23,645211.28,expired,True,True,26,2023-02-06T03:00:34,42848,2019-08-23T11:47:21
CARD000995,CUST000871,ACC001310,XXXX-XXXX-XXXX-2753,credit,rupay,2023-08-09T04:34:04,2027-08-08T04:34:04,784254.42,117023.42,active,True,True,26,2024-02-18T09:14:30,1996,2023-08-09T04:34:04
CARD000996,CUST000995,ACC000583,XXXX-XXXX-XXXX-4770,debit,mastercard,2021-03-20T21:33:15,2025-03-19T21:33:15,0.0,0.0,expired,False,True,22,2021-05-18T05:32:58,38028,2021-03-20T21:33:15
CARD000997,CUST000815,ACC001259,XXXX-XXXX-XXXX-2724,credit,mastercard,2024-11-02T10:56:16,2028-11-01T10:56:16,216593.37,138069.37,blocked,True,True,4,2026-05-02T17:48:38,48187,2024-11-02T10:56:16
CARD000998,CUST000126,ACC000340,XXXX-XXXX-XXXX-9420,credit,visa,2022-05-12T05:34:15,2026-05-11T05:34:15,939408.34,180792.07,expired,True,True,7,2025-01-13T07:35:26,4021,2022-05-12T05:34:15
CARD000999,CUST000357,ACC001472,XXXX-XXXX-XXXX-7045,debit,mastercard,2019-03-15T00:01:50,2023-03-14T00:01:50,0.0,0.0,expired,True,True,15,2020-07-30T17:03:02,25366,2019-03-15T00:01:50
CARD001000,CUST000517,ACC000242,XXXX-XXXX-XXXX-6258,credit,visa,2019-03-30T13:59:08,2024-03-28T13:59:08,441254.21,263513.57,expired,False,False,18,2019-07-12T23:27:58,2890,2019-03-30T13:59:08
