customer_id,first_name,last_name,dob,age,gender,email,phone,address_line1,city,state,pincode,country,pan_number,aadhar_masked,occupation,annual_income,marital_status,nationality,kyc_status,risk_category,account_opening_date,preferred_language,customer_segment,customer_type,credit_score,relationship_manager_id,is_active,status,created_at,updated_at
CUST000001,Vihaan,Seth,1982-01-03T21:56:18,44,Male,cust000001@mailsim.in,+918743874444,"H.No. 541, Tripathi Zila",Surendranagar Dudhrej,Odisha,692447,India,GSHVC1519C,XXXX-XXXX-7640,Student,113779.21,Widowed,Indian,verified,low,2016-05-06T00:12:15,Tamil,Regular,individual,639,EMP000073,True,active,2016-05-06T00:12:15,2017-12-19T13:35:29
CUST000002,Anvi,Sengupta,1970-08-20T21:03:21,56,Female,cust000002@mailsim.in,+919973353078,"H.No. 97, Dora Circle",Hospet,Goa,598598,India,HYRHO1539F,XXXX-XXXX-6152,Retired,114092.29,Married,Indian,verified,medium,2018-08-06T16:47:46,Telugu,Student,individual,877,EMP000031,False,blocked,2018-08-06T16:47:46,2023-06-02T08:42:22
CUST000003,Charan,Oza,1991-10-14T18:03:10,34,Male,cust000003@mailsim.in,+917601083212,"20/37, Viswanathan Chowk",Bharatpur,Tamil Nadu,625119,India,TICGB7499Y,XXXX-XXXX-6347,Retired,126663.09,Divorced,Indian,pending,low,2020-08-23T07:08:22,Tamil,Regular,corporate,742,EMP000024,True,active,2020-08-23T07:08:22,2026-06-05T00:51:41
CUST000004,Quincy,Mandal,1997-02-04T18:45:17,29,Male,cust000004@mailsim.in,+917315708805,"59
Natt Nagar",Ozhukarai,Tamil Nadu,380989,India,ESQTI2745C,XXXX-XXXX-1085,Self-Employed,2840288.64,Widowed,Indian,verified,low,2020-01-10T10:10:51,Tamil,Regular,individual,870,EMP000072,True,active,2020-01-10T10:10:51,2024-05-20T12:32:23
CUST000005,Champak,Raju,1979-01-31T14:05:41,47,Male,cust000005@mailsim.in,+919568578538,"H.No. 92
Bumb Path",Etawah,Madhya Pradesh,503951,India,AKUSO4977S,XXXX-XXXX-9537,Self-Employed,674832.19,Widowed,Indian,verified,low,2024-06-05T19:14:53,Hindi,Regular,individual,745,EMP000036,True,active,2024-06-05T19:14:53,2026-03-21T23:04:52
CUST000006,Nilima,Ramanathan,1979-07-29T19:24:14,47,Female,cust000006@mailsim.in,+919684499242,"14/86, Datta Path",Bhusawal,Assam,722651,India,QLDAK7224Z,XXXX-XXXX-6399,Salaried,1048378.97,Widowed,Indian,pending,medium,2019-04-14T00:11:06,Tamil,Regular,individual,505,EMP000062,False,blocked,2019-04-14T00:11:06,2021-12-15T03:23:18
CUST000007,Pratyush,Badami,1976-09-19T05:01:53,50,Male,cust000007@mailsim.in,+919718295375,"H.No. 23
Sunder Path",Kamarhati,Assam,703853,India,UIHUJ4273S,XXXX-XXXX-9939,Salaried,605876.26,Single,Indian,rejected,low,2019-12-16T23:53:55,Tamil,Regular,individual,370,EMP000053,True,active,2019-12-16T23:53:55,2025-09-06T20:44:57
CUST000008,Ekantika,Dubey,1971-06-21T11:14:59,55,Female,cust000008@mailsim.in,+918817320723,"H.No. 18, Vyas Circle",Naihati,Haryana,177558,India,LPPNY7853R,XXXX-XXXX-1602,Self-Employed,2414018.57,Divorced,Indian,verified,medium,2019-04-20T02:37:27,English,Regular,individual,663,EMP000022,True,active,2019-04-20T02:37:27,2024-10-20T06:25:45
CUST000009,Ekaja,Puri,1998-11-23T08:06:00,27,Female,cust000009@mailsim.in,+918424196985,"292, Bassi Chowk",Bharatpur,Bihar,211090,India,AGNNP4621O,XXXX-XXXX-7129,Business Owner,4215774.6,Married,Indian,verified,low,2021-10-19T03:19:00,English,Regular,corporate,387,EMP000015,False,closed,2021-10-19T03:19:00,2023-01-02T07:23:00
CUST000010,Jagat,Sawhney,1969-01-28T17:09:52,57,Male,cust000010@mailsim.in,+919045102506,"73/834
Hari Chowk",Aurangabad,Delhi,559450,India,SLBBS1370K,XXXX-XXXX-2791,Salaried,1451136.87,Married,Indian,pending,medium,2023-11-13T02:16:32,Tamil,Premium,individual,736,EMP000060,True,active,2023-11-13T02:16:32,2024-11-07T06:28:36
CUST000011,Urvi,Shenoy,1967-09-07T16:07:49,59,Female,cust000011@mailsim.in,+919637569206,"88
Edwin Marg",Mahbubnagar,Uttar Pradesh,571413,India,PKSFT2025S,XXXX-XXXX-2667,Student,239850.71,Married,Indian,verified,low,2022-05-09T04:33:38,English,Regular,corporate,840,EMP000082,True,active,2022-05-09T04:33:38,2025-01-06T21:39:53
CUST000012,Ekantika,Krishna,1994-12-12T01:57:06,31,Female,cust000012@mailsim.in,+918966496239,"75/818, Mane Zila",Nanded,Himachal Pradesh,280908,India,VSHPC3194K,XXXX-XXXX-2931,Self-Employed,868003.63,Single,Indian,verified,medium,2016-12-10T19:31:19,Telugu,Regular,individual,692,EMP000055,True,active,2016-12-10T19:31:19,2020-02-08T01:07:16
CUST000013,Madhavi,Sengupta,1998-11-29T00:38:14,27,Female,cust000013@mailsim.in,+919102996505,"13, Palla Chowk",Vijayanagaram,Kerala,247111,India,EVQWY8939E,XXXX-XXXX-4196,Self-Employed,2482604.63,Widowed,Indian,verified,low,2017-12-12T10:38:45,Telugu,Regular,individual,331,EMP000098,True,active,2017-12-12T10:38:45,2021-09-12T18:23:24
CUST000014,Avi,Randhawa,1991-08-02T08:01:57,35,Male,cust000014@mailsim.in,+918964180409,"615
Bala Ganj",Navi Mumbai,Goa,878586,India,UMNOG9898L,XXXX-XXXX-9880,Salaried,1698438.58,Single,Indian,pending,low,2019-11-29T17:38:12,Tamil,Senior,individual,553,EMP000039,True,active,2019-11-29T17:38:12,2020-03-08T20:54:33
CUST000015,Oliver,Dhingra,1960-12-01T23:22:56,65,Male,cust000015@mailsim.in,+917504169141,"H.No. 472, Sen Chowk",Vijayawada,West Bengal,320073,India,VPJSQ3719T,XXXX-XXXX-3281,Self-Employed,2397578.07,Married,Indian,pending,medium,2022-06-21T06:50:57,Hindi,Premium,individual,599,EMP000038,False,inactive,2022-06-21T06:50:57,2024-11-26T23:58:45
CUST000016,Adya,Kunda,2001-03-24T01:49:28,25,Female,cust000016@mailsim.in,+918767792297,"898, Choudhry Marg",Patiala,Karnataka,390794,India,WDWGS5055Y,XXXX-XXXX-7434,Salaried,1132079.83,Divorced,Indian,verified,low,2016-08-14T17:00:21,English,Premium,corporate,395,EMP000052,True,active,2016-08-14T17:00:21,2025-05-23T14:51:35
CUST000017,Nidhi,Dara,1980-02-12T07:31:48,46,Female,cust000017@mailsim.in,+918405696743,"697, Choudhry Zila",Kavali,Goa,102593,India,WWCZQ6869C,XXXX-XXXX-9756,Business Owner,4278300.75,Widowed,Indian,pending,low,2022-09-26T09:07:44,Hindi,HNI,individual,891,EMP000017,False,blocked,2022-09-26T09:07:44,2025-02-21T20:26:11
CUST000018,Adweta,Varma,2001-06-12T22:04:55,25,Female,cust000018@mailsim.in,+919689420564,"24/609, Khosla Path",Gaya,Odisha,117072,India,DWLAY4314W,XXXX-XXXX-3161,Retired,893932.99,Divorced,Indian,verified,high,2015-10-28T19:18:44,Hindi,Regular,individual,384,EMP000048,True,active,2015-10-28T19:18:44,2018-08-22T08:12:07
CUST000019,Chaman,Viswanathan,2004-05-27T12:55:34,22,Female,cust000019@mailsim.in,+917391697534,"H.No. 888
Bahri Circle",Nandyal,Delhi,101139,India,FCPNL1132W,XXXX-XXXX-6629,Salaried,1689085.35,Widowed,Indian,verified,low,2018-12-25T22:03:36,Tamil,Regular,individual,404,EMP000014,True,active,2018-12-25T22:03:36,2021-08-25T11:14:22
CUST000020,Anthony,Ram,1981-01-16T13:59:57,45,Male,cust000020@mailsim.in,+919908281627,"H.No. 05
Pai Zila",Vasai-Virar,Gujarat,171734,India,NAQLS3480N,XXXX-XXXX-8248,Salaried,1761936.29,Single,Indian,pending,low,2017-04-07T08:12:16,English,Premium,individual,739,EMP000041,True,active,2017-04-07T08:12:16,2019-08-24T05:11:36
CUST000021,Osha,Deol,1971-11-21T05:23:45,54,Female,cust000021@mailsim.in,+919609592494,"H.No. 85, Shetty Street",South Dumdum,Kerala,916808,India,YAWWF9348G,XXXX-XXXX-7418,Salaried,802421.49,Single,Indian,pending,medium,2024-05-31T16:29:14,Tamil,Regular,individual,811,EMP000082,True,active,2024-05-31T16:29:14,2024-09-19T00:00:23
CUST000022,Ekanta,Bhatnagar,1979-07-29T03:28:11,47,Female,cust000022@mailsim.in,+919441175185,"H.No. 430
Barman Ganj",Tirupati,Bihar,483162,India,OEMZB2106A,XXXX-XXXX-5295,Self-Employed,804080.23,Single,Indian,rejected,low,2020-05-20T11:49:22,Hindi,Premium,individual,725,EMP000055,True,active,2020-05-20T11:49:22,2026-05-09T22:37:00
CUST000023,Yasti,Rao,1991-08-03T11:54:48,35,Female,cust000023@mailsim.in,+918331039957,"H.No. 03
Parikh Road",Bathinda,Tamil Nadu,636141,India,XZEIP2083J,XXXX-XXXX-8167,Self-Employed,2243883.46,Married,Indian,verified,low,2017-08-06T17:21:28,Telugu,Regular,individual,356,EMP000040,True,active,2017-08-06T17:21:28,2020-08-02T03:34:24
CUST000024,Madhavi,Dash,2002-09-26T20:49:16,24,Female,cust000024@mailsim.in,+918489087190,"67
Nori Marg",Mehsana,Jharkhand,642347,India,USEDU5403X,XXXX-XXXX-2934,Salaried,1611431.49,Single,Indian,verified,low,2015-03-12T12:43:29,English,Regular,corporate,378,EMP000064,True,active,2015-03-12T12:43:29,2022-12-09T00:44:15
CUST000025,Yuvraj,Pillai,1993-07-30T00:44:53,33,Male,cust000025@mailsim.in,+918095715220,"H.No. 616
Gole",Pondicherry,Delhi,701790,India,RCTAW1201H,XXXX-XXXX-1753,Self-Employed,1520940.85,Widowed,Indian,pending,low,2017-11-02T23:09:26,English,Premium,corporate,729,EMP000029,True,active,2017-11-02T23:09:26,2023-04-25T13:45:07
CUST000026,Dalaja,Buch,1976-10-09T00:44:34,49,Female,cust000026@mailsim.in,+919454728281,"44/796
Sawhney Street",Amroha,Punjab,225200,India,NXEUZ7568C,XXXX-XXXX-8620,Salaried,1772254.79,Divorced,Indian,verified,medium,2019-08-13T12:55:07,English,Regular,individual,611,EMP000095,False,inactive,2019-08-13T12:55:07,2024-11-29T06:06:09
CUST000027,Ansh,Pandit,1988-07-28T13:06:23,38,Male,cust000027@mailsim.in,+919347454072,"H.No. 01
Patla Marg",Ludhiana,West Bengal,257880,India,AKGJV1157K,XXXX-XXXX-1023,Salaried,1590179.56,Widowed,Indian,pending,medium,2018-04-29T07:30:15,English,Regular,corporate,729,EMP000063,True,active,2018-04-29T07:30:15,2026-07-02T14:39:25
CUST000028,Eshana,Sarma,2003-06-06T05:14:12,23,Other,cust000028@mailsim.in,+917994167107,"135, Rajagopal Path",Mahbubnagar,Jharkhand,533121,India,SJZCC3187U,XXXX-XXXX-7461,Salaried,427211.82,Single,Indian,verified,high,2019-10-05T18:34:09,Tamil,Regular,corporate,702,EMP000090,True,active,2019-10-05T18:34:09,2026-01-06T10:27:12
CUST000029,Faraj,Sengupta,1970-11-24T10:31:29,55,Male,cust000029@mailsim.in,+917584595923,"H.No. 71
Devan",Sikar,Goa,214266,India,EEMKN4401O,XXXX-XXXX-6051,Salaried,1087689.21,Single,Indian,verified,medium,2016-04-09T02:11:48,Hindi,HNI,individual,341,EMP000028,False,blocked,2016-04-09T02:11:48,2021-11-05T22:19:51
CUST000030,Nirja,Mallick,1979-03-18T00:49:19,47,Female,cust000030@mailsim.in,+919908480456,"H.No. 027, Ram Circle",Firozabad,Kerala,372804,India,VEYWO5093D,XXXX-XXXX-8570,Salaried,473242.49,Married,Indian,verified,low,2021-09-28T04:15:25,Tamil,Regular,individual,681,EMP000088,True,active,2021-09-28T04:15:25,2022-06-16T06:41:26
CUST000031,Kalpit,Sehgal,1960-02-07T19:35:52,66,Male,cust000031@mailsim.in,+917849331223,"47/31, Borah Street",Malegaon,Odisha,948611,India,DXVIB8552B,XXXX-XXXX-3752,Self-Employed,2787568.83,Widowed,Indian,pending,low,2015-05-16T11:04:41,English,Regular,individual,662,EMP000028,False,closed,2015-05-16T11:04:41,2018-07-22T09:04:30
CUST000032,Tristan,Chahal,1965-02-11T06:05:23,61,Male,cust000032@mailsim.in,+919649896750,"51/884
Dugar Road",Mirzapur,West Bengal,778720,India,HKOBH3248N,XXXX-XXXX-4267,Salaried,1392509.29,Married,Indian,verified,medium,2015-08-04T07:17:56,English,Senior,individual,667,EMP000062,True,active,2015-08-04T07:17:56,2024-11-07T19:40:45
CUST000033,Isaac,Dara,1993-06-29T08:01:56,33,Male,cust000033@mailsim.in,+918161512446,"370, Pillay Path",Suryapet,Rajasthan,127329,India,IFXUB8728Q,XXXX-XXXX-6856,Student,230052.65,Married,Indian,rejected,low,2023-07-19T18:18:47,Tamil,Regular,individual,357,EMP000098,True,active,2023-07-19T18:18:47,2024-06-24T14:34:11
CUST000034,Eiravati,Chadha,1981-06-07T07:03:36,45,Other,cust000034@mailsim.in,+917746087503,"H.No. 67, Roy Circle",Ramgarh,Rajasthan,348041,India,PUSXA6761S,XXXX-XXXX-3328,Self-Employed,1776704.89,Married,Indian,pending,medium,2021-01-13T16:18:05,Telugu,Premium,individual,338,EMP000012,False,blocked,2021-01-13T16:18:05,2021-07-07T04:29:22
CUST000035,Balhaar,Dass,1990-10-28T22:46:22,35,Male,cust000035@mailsim.in,+919637688758,"17/785
Gopal Street",Bhiwani,Uttar Pradesh,945619,India,DSXVI1359E,XXXX-XXXX-3320,Salaried,1616423.05,Divorced,Indian,rejected,low,2023-02-18T02:53:04,Telugu,Premium,individual,630,EMP000018,True,active,2023-02-18T02:53:04,2023-10-20T19:03:17
CUST000036,Zayan,Bhakta,1998-07-03T01:00:49,28,Male,cust000036@mailsim.in,+917748194762,"24/22, Kar Path",Kadapa,Uttarakhand,827250,India,XPJRV7199J,XXXX-XXXX-5825,Business Owner,1709809.46,Single,Indian,rejected,high,2023-04-16T08:31:58,Telugu,Student,individual,881,EMP000005,True,active,2023-04-16T08:31:58,2024-01-24T05:01:57
CUST000037,Meghana,Brar,1996-08-08T23:03:51,30,Female,cust000037@mailsim.in,+917447150027,"842
Walla Road",Ambala,Assam,247475,India,ICJIQ2453W,XXXX-XXXX-6500,Business Owner,4742984.37,Divorced,Indian,verified,medium,2018-10-04T14:17:14,Hindi,Regular,individual,301,EMP000007,True,active,2018-10-04T14:17:14,2022-01-15T15:50:34
CUST000038,Frado,Dube,1966-04-27T08:44:43,60,Male,cust000038@mailsim.in,+918626558140,"99/590, Bumb Nagar",Gangtok,Punjab,672547,India,JVUPT4695F,XXXX-XXXX-8393,Self-Employed,406386.29,Single,Indian,verified,low,2022-01-16T15:00:44,English,Regular,individual,684,EMP000021,True,active,2022-01-16T15:00:44,2022-09-06T15:35:52
CUST000039,Libni,Kade,1961-05-03T03:06:25,65,Female,cust000039@mailsim.in,+919635584024,"07/84
Subramanian Road",Machilipatnam,Assam,838726,India,AYEXE2659K,XXXX-XXXX-4367,Self-Employed,2928315.58,Widowed,Indian,verified,medium,2020-09-30T22:50:36,Hindi,Premium,individual,398,EMP000007,True,active,2020-09-30T22:50:36,2024-02-03T15:45:21
CUST000040,Neha,Setty,1965-06-14T11:57:55,61,Female,cust000040@mailsim.in,+918836553621,"02/767, Jani Chowk",Medininagar,Tamil Nadu,408857,India,VQMCF5781C,XXXX-XXXX-8758,Self-Employed,2562553.41,Divorced,Indian,pending,low,2015-12-05T16:21:11,Hindi,Regular,individual,489,EMP000048,True,active,2015-12-05T16:21:11,2022-06-01T21:34:55
CUST000041,Ekbal,Munshi,1972-12-01T06:09:48,53,Male,cust000041@mailsim.in,+917971703178,"56/258
Cherian Circle",New Delhi,Telangana,691655,India,BTRCI9871N,XXXX-XXXX-4727,Salaried,1241123.24,Widowed,Indian,pending,low,2022-06-25T10:50:40,Telugu,Premium,individual,606,EMP000011,True,active,2022-06-25T10:50:40,2024-02-28T18:13:04
CUST000042,Vidhi,Das,1989-03-02T19:11:30,37,Female,cust000042@mailsim.in,+919454511113,"32
Bedi Zila",Yamunanagar,Himachal Pradesh,254610,India,DTEZZ4157E,XXXX-XXXX-1699,Retired,481037.41,Widowed,Indian,verified,medium,2024-09-19T10:29:24,Tamil,HNI,individual,368,EMP000012,False,blocked,2024-09-19T10:29:24,2025-07-17T21:10:57
CUST000043,Ubika,Kothari,1973-10-18T00:12:31,52,Female,cust000043@mailsim.in,+917053102106,"H.No. 95, Dutta Ganj",Kottayam,Himachal Pradesh,716118,India,NKKDP2641D,XXXX-XXXX-2654,Self-Employed,2400087.76,Divorced,Indian,pending,low,2023-11-04T05:31:06,Telugu,Premium,individual,476,EMP000036,True,active,2023-11-04T05:31:06,2025-07-22T05:28:35
CUST000044,Vinaya,Tara,2002-03-16T01:03:24,24,Female,cust000044@mailsim.in,+918423756197,"01
Tiwari Marg",New Delhi,West Bengal,151685,India,TXXAV5965J,XXXX-XXXX-5593,Salaried,1732839.17,Single,Indian,rejected,low,2021-11-01T04:48:50,Hindi,Senior,individual,628,EMP000035,True,active,2021-11-01T04:48:50,2025-05-19T01:38:27
CUST000045,Hritik,Pandit,1985-01-21T22:13:03,41,Male,cust000045@mailsim.in,+918748783374,"H.No. 479, Mangal Chowk",Moradabad,Assam,896386,India,NJBUB9303M,XXXX-XXXX-3222,Business Owner,7914906.08,Single,Indian,verified,medium,2018-08-06T12:50:10,Tamil,HNI,individual,767,EMP000007,False,blocked,2018-08-06T12:50:10,2026-05-28T18:11:39
CUST000046,Tanveer,Desai,1980-01-25T10:28:56,46,Male,cust000046@mailsim.in,+919729064332,"56/506
Hayer Nagar",Begusarai,Delhi,814263,India,AJPEW6730L,XXXX-XXXX-3679,Salaried,1724011.41,Divorced,Indian,verified,medium,2022-11-24T13:16:28,Hindi,Regular,individual,885,EMP000100,True,active,2022-11-24T13:16:28,2023-10-23T11:39:01
CUST000047,Mitali,Borah,2001-02-12T04:57:36,25,Female,cust000047@mailsim.in,+918758820024,"78/49
Dani",Jalandhar,Jharkhand,121026,India,WZRMD3837T,XXXX-XXXX-1138,Retired,301393.03,Divorced,Indian,verified,medium,2018-07-08T13:57:32,Hindi,Regular,individual,657,EMP000059,True,active,2018-07-08T13:57:32,2020-08-29T12:20:41
CUST000048,Ronith,Prakash,1990-06-06T12:36:13,36,Male,cust000048@mailsim.in,+917031557592,"52/39
Ratti Circle",Ranchi,Jharkhand,794530,India,ZVOPH2771P,XXXX-XXXX-2045,Salaried,871682.21,Divorced,Indian,verified,medium,2021-10-03T19:40:47,Hindi,Premium,corporate,605,EMP000025,True,active,2021-10-03T19:40:47,2023-01-12T15:13:05
CUST000049,Anirudh,Devan,1958-11-12T03:24:38,67,Male,cust000049@mailsim.in,+918372610291,"87
Varma Street",Khammam,Gujarat,856320,India,AMHXK1578S,XXXX-XXXX-4111,Self-Employed,1160867.74,Married,Indian,verified,medium,2025-03-17T11:27:07,Telugu,Student,individual,819,EMP000039,True,active,2025-03-17T11:27:07,2025-07-27T12:13:58
CUST000050,Odika,Gaba,1967-04-30T03:44:53,59,Female,cust000050@mailsim.in,+917549515893,"49/58
Walia Circle",Phusro,Telangana,860413,India,VTERI2463H,XXXX-XXXX-6820,Retired,300995.13,Divorced,Indian,verified,medium,2019-12-31T12:15:15,Hindi,Regular,individual,420,EMP000061,True,active,2019-12-31T12:15:15,2020-06-15T06:41:52
CUST000051,Netra,Soman,1997-03-27T10:57:03,29,Female,cust000051@mailsim.in,+917835559278,"H.No. 51, Morar Marg",Kavali,Jharkhand,225636,India,WJHBW3250G,XXXX-XXXX-6614,Retired,468272.66,Widowed,Indian,verified,medium,2016-03-18T12:27:37,Tamil,HNI,individual,481,EMP000041,True,active,2016-03-18T12:27:37,2017-03-14T00:04:27
CUST000052,Warjas,Lanka,1966-06-22T17:15:07,60,Male,cust000052@mailsim.in,+919102717570,"09/728, Rai",Latur,Tamil Nadu,235691,India,PQKZJ1618R,XXXX-XXXX-4267,Salaried,1542120.42,Single,Indian,pending,medium,2024-10-20T20:56:25,Tamil,Regular,individual,554,EMP000029,True,active,2024-10-20T20:56:25,2026-04-12T13:10:42
CUST000053,Amol,Choudhary,1961-12-27T19:50:27,64,Male,cust000053@mailsim.in,+918314754322,"H.No. 756, Sachar Street",Bulandshahr,Rajasthan,168458,India,VHHSP6535N,XXXX-XXXX-3192,Retired,408459.56,Widowed,Indian,verified,low,2021-07-11T07:11:32,Telugu,Regular,individual,434,EMP000028,True,active,2021-07-11T07:11:32,2021-09-17T09:09:50
CUST000054,Zashil,Sinha,1979-12-12T16:19:10,46,Male,cust000054@mailsim.in,+919750158124,"28/385, Vora Chowk",Satara,Telangana,908713,India,NBZRQ1323B,XXXX-XXXX-2897,Self-Employed,1366971.58,Widowed,Indian,verified,low,2015-08-21T04:02:16,Tamil,Regular,individual,309,EMP000039,True,active,2015-08-21T04:02:16,2022-10-18T08:56:19
CUST000055,Harini,Sharaf,1973-05-16T07:38:39,53,Female,cust000055@mailsim.in,+918798842890,"54/97
Koshy Ganj",Proddatur,Delhi,636435,India,SDCCF4272Y,XXXX-XXXX-5308,Business Owner,8399238.79,Married,Indian,verified,low,2025-04-21T06:44:17,Tamil,Regular,individual,512,EMP000089,True,active,2025-04-21T06:44:17,2026-04-29T14:57:48
CUST000056,Manthan,Kar,2000-09-14T12:46:23,26,Male,cust000056@mailsim.in,+919465967350,"H.No. 37
Srinivasan Path",Karaikudi,Assam,256389,India,YUBSX4787O,XXXX-XXXX-5850,Salaried,749012.54,Single,Indian,verified,low,2016-07-07T01:03:54,English,Student,individual,620,EMP000055,False,blocked,2016-07-07T01:03:54,2018-06-27T05:28:59
CUST000057,Mahika,Mani,1958-02-14T13:54:34,68,Female,cust000057@mailsim.in,+919849088142,"86/65, Mannan Street",Tumkur,Rajasthan,444625,India,JLQWC6615F,XXXX-XXXX-2865,Salaried,981321.77,Widowed,Indian,verified,low,2015-03-02T02:26:29,Telugu,HNI,individual,470,EMP000015,False,inactive,2015-03-02T02:26:29,2017-06-02T11:59:59
CUST000058,Balveer,Pal,1965-11-05T19:03:43,60,Male,cust000058@mailsim.in,+919537253239,"47/338
Magar Road",Moradabad,Assam,941235,India,OLPUP3140P,XXXX-XXXX-8997,Business Owner,1572906.05,Widowed,Indian,verified,low,2016-10-06T10:49:11,Hindi,Regular,corporate,837,EMP000099,True,active,2016-10-06T10:49:11,2026-07-29T14:57:08
CUST000059,Jagdish,Kibe,2000-08-01T01:43:15,26,Male,cust000059@mailsim.in,+919955975343,"83/301, Narayanan Marg",Salem,Himachal Pradesh,199868,India,LSMRQ3435R,XXXX-XXXX-1894,Business Owner,610626.24,Married,Indian,verified,low,2020-10-03T03:02:54,Telugu,Student,individual,803,EMP000042,True,active,2020-10-03T03:02:54,2022-10-21T13:14:39
CUST000060,Ekapad,Ahluwalia,1989-06-30T19:07:33,37,Male,cust000060@mailsim.in,+918626236090,"77, Mani Ganj",Baranagar,Haryana,956794,India,GLULW8324K,XXXX-XXXX-2944,Salaried,1967140.26,Single,Indian,verified,low,2018-10-15T20:24:12,English,HNI,individual,611,EMP000066,True,active,2018-10-15T20:24:12,2023-07-28T22:57:32
CUST000061,Bhanumati,Chakraborty,1978-03-12T23:26:57,48,Female,cust000061@mailsim.in,+917957425987,"02/62, Ranganathan Nagar",Gaya,Odisha,448098,India,OQMRS2868D,XXXX-XXXX-4633,Salaried,303734.81,Divorced,Indian,pending,high,2021-03-07T17:33:25,Hindi,Premium,individual,408,EMP000006,False,inactive,2021-03-07T17:33:25,2022-07-30T17:52:05
CUST000062,Mohini,Barad,2005-07-12T04:59:47,21,Female,cust000062@mailsim.in,+919623588379,"H.No. 99, Nayak Zila",Malda,Uttar Pradesh,296653,India,DWFVE6536D,XXXX-XXXX-7790,Self-Employed,330201.01,Single,Indian,pending,low,2021-12-17T17:55:53,Tamil,Senior,individual,349,EMP000071,True,active,2021-12-17T17:55:53,2025-08-23T10:36:44
CUST000063,Yatin,Desai,1989-08-04T16:23:05,37,Male,cust000063@mailsim.in,+917745822208,"H.No. 31
Gaba Path",Bardhaman,Gujarat,208584,India,KPWNK5067I,XXXX-XXXX-7518,Retired,967234.18,Divorced,Indian,verified,low,2018-01-06T02:20:34,Telugu,Premium,corporate,824,EMP000039,True,active,2018-01-06T02:20:34,2023-05-10T16:06:46
CUST000064,Idika,Atwal,1998-01-17T22:37:49,28,Female,cust000064@mailsim.in,+919680779364,"H.No. 93
Ravi Street",Kottayam,Kerala,819964,India,IRZQY9255R,XXXX-XXXX-6281,Business Owner,7248350.91,Divorced,Indian,verified,medium,2018-09-12T12:28:17,Telugu,Premium,corporate,846,EMP000037,True,active,2018-09-12T12:28:17,2026-02-28T17:54:57
CUST000065,Omisha,Chadha,1990-07-28T12:35:03,36,Female,cust000065@mailsim.in,+917624173500,"12/275
Ahuja Ganj",Yamunanagar,Karnataka,802812,India,BGUZR3399B,XXXX-XXXX-5835,Retired,283600.81,Single,Indian,verified,low,2016-10-23T14:01:39,Tamil,Premium,individual,543,EMP000066,True,active,2016-10-23T14:01:39,2021-09-14T21:48:46
CUST000066,Jacob,Sekhon,1980-12-19T06:54:22,45,Male,cust000066@mailsim.in,+919942691532,"H.No. 49
Apte",Karimnagar,Madhya Pradesh,678944,India,BTFWW8259H,XXXX-XXXX-7025,Business Owner,7673523.2,Married,Indian,pending,high,2021-08-05T04:20:18,Hindi,Regular,corporate,376,EMP000024,True,active,2021-08-05T04:20:18,2023-01-27T03:26:32
CUST000067,Jacob,Bhatia,1957-10-06T23:15:45,69,Male,cust000067@mailsim.in,+918134900434,"42, Thakkar Marg",Kochi,Gujarat,268746,India,PGISE3518K,XXXX-XXXX-1833,Business Owner,7849779.02,Divorced,Indian,verified,medium,2022-04-16T15:43:00,Hindi,Regular,individual,838,EMP000029,True,active,2022-04-16T15:43:00,2023-11-08T21:59:25
CUST000068,Neelima,Pillai,1965-11-05T04:12:05,60,Female,cust000068@mailsim.in,+918732663107,"272, Prakash Chowk",Jamalpur,Tamil Nadu,466375,India,FFIJF9691P,XXXX-XXXX-1144,Self-Employed,521221.46,Divorced,Indian,verified,high,2022-01-28T12:09:44,Tamil,Senior,individual,628,EMP000049,True,active,2022-01-28T12:09:44,2023-01-15T17:56:33
CUST000069,Vrishti,Yogi,1974-03-31T18:04:08,52,Female,cust000069@mailsim.in,+918610432533,"918, Wable Chowk",Solapur,Jharkhand,941814,India,NMHQI2349D,XXXX-XXXX-3742,Salaried,1951768.91,Single,Indian,verified,low,2015-06-03T12:23:04,Tamil,Student,individual,406,EMP000027,False,blocked,2015-06-03T12:23:04,2024-07-27T00:06:18
CUST000070,Dayita,Bhatia,2005-06-13T23:25:59,21,Female,cust000070@mailsim.in,+917309755155,"82/25, Sathe Circle",Tiruppur,Gujarat,124906,India,LICBU2154S,XXXX-XXXX-4729,Student,273295.97,Widowed,Indian,verified,medium,2022-05-28T11:21:34,Telugu,Regular,individual,421,EMP000069,True,active,2022-05-28T11:21:34,2022-06-15T19:12:54
CUST000071,Wishi,Chand,2005-10-05T17:07:25,20,Female,cust000071@mailsim.in,+917311769311,"H.No. 728
Shan Marg",Karaikudi,Punjab,627262,India,CUHCT8170M,XXXX-XXXX-7473,Business Owner,8310162.52,Single,Indian,verified,low,2024-12-17T20:11:48,Tamil,Premium,individual,858,EMP000038,True,active,2024-12-17T20:11:48,2026-04-24T07:39:52
CUST000072,Vedhika,Morar,2004-08-18T11:03:25,22,Female,cust000072@mailsim.in,+917047889782,"40, Bora Ganj",Bhusawal,Uttarakhand,682032,India,DBOKO2394J,XXXX-XXXX-4441,Salaried,1572104.2,Divorced,Indian,verified,high,2021-05-07T13:15:16,Tamil,Regular,individual,558,EMP000025,False,blocked,2021-05-07T13:15:16,2022-04-28T16:07:51
CUST000073,Pooja,Bhatt,1958-09-13T19:53:10,68,Female,cust000073@mailsim.in,+919360791536,"H.No. 704, Gole Marg",Bidar,Tamil Nadu,404771,India,RGFPY6851E,XXXX-XXXX-4842,Salaried,470076.6,Single,Indian,pending,low,2024-05-03T10:36:38,Telugu,Regular,individual,898,EMP000020,True,active,2024-05-03T10:36:38,2025-11-20T15:54:38
CUST000074,Ridhi,Raja,1966-06-23T13:23:18,60,Female,cust000074@mailsim.in,+917951445658,"61
Deol Circle",Kochi,Bihar,390119,India,VDTWM6877Y,XXXX-XXXX-6004,Student,146091.41,Single,Indian,verified,medium,2015-01-31T00:34:59,Hindi,Student,individual,851,EMP000026,True,active,2015-01-31T00:34:59,2019-07-24T16:58:46
CUST000075,Hemal,Yogi,2004-07-02T06:08:07,22,Female,cust000075@mailsim.in,+919178314265,"23/00
Sheth Road",Katihar,Maharashtra,952117,India,PKPXO9904R,XXXX-XXXX-8734,Business Owner,6712127.32,Married,Indian,verified,low,2016-04-13T12:27:23,Hindi,Regular,individual,392,EMP000051,False,inactive,2016-04-13T12:27:23,2022-06-22T12:01:18
CUST000076,Sachi,Karpe,1996-10-13T22:43:33,29,Female,cust000076@mailsim.in,+917602887521,"52, Gulati Road",Patna,Odisha,266956,India,EYRZT8921L,XXXX-XXXX-1662,Self-Employed,812693.53,Widowed,Indian,verified,low,2017-10-27T12:22:57,Tamil,Regular,individual,669,EMP000050,True,active,2017-10-27T12:22:57,2025-10-23T23:16:46
CUST000077,Ubika,Babu,1957-09-18T20:04:37,69,Female,cust000077@mailsim.in,+919239279558,"119, Sekhon Nagar",Sambalpur,Telangana,975427,India,TPOJJ2275Q,XXXX-XXXX-5121,Retired,438695.9,Married,Indian,verified,low,2020-07-06T16:59:15,Hindi,Regular,individual,306,EMP000065,True,active,2020-07-06T16:59:15,2021-09-11T11:12:55
CUST000078,Anthony,Ratti,1990-01-05T23:49:22,36,Male,cust000078@mailsim.in,+917802753761,"830
Thakur Street",Muzaffarpur,Rajasthan,479818,India,PVRKI2856P,XXXX-XXXX-8844,Self-Employed,1541259.26,Married,Indian,verified,low,2019-10-11T21:20:56,Tamil,Regular,individual,464,EMP000018,True,active,2019-10-11T21:20:56,2025-02-17T19:17:06
CUST000079,Odika,Nagi,1964-12-29T08:26:41,61,Female,cust000079@mailsim.in,+917773255350,"H.No. 28, Sachdev Ganj",Panipat,Jharkhand,525151,India,POASR5644C,XXXX-XXXX-4548,Self-Employed,1457769.41,Widowed,Indian,pending,low,2015-12-14T10:12:11,Telugu,Premium,individual,486,EMP000080,True,active,2015-12-14T10:12:11,2024-08-22T10:57:09
CUST000080,Bhavani,Gill,1978-04-27T03:22:37,48,Female,cust000080@mailsim.in,+917295678014,"70/56
Nagar Circle",Alappuzha,West Bengal,496583,India,KCFWN7877E,XXXX-XXXX-2577,Salaried,601617.71,Single,Indian,pending,low,2022-09-18T18:22:08,English,Regular,individual,852,EMP000001,True,active,2022-09-18T18:22:08,2026-07-13T03:47:42
CUST000081,Falguni,Mital,1984-05-12T21:52:53,42,Female,cust000081@mailsim.in,+917186566008,"873
Mital Ganj",Madhyamgram,Jharkhand,549793,India,FUUJP2600N,XXXX-XXXX-3193,Homemaker,50903.61,Married,Indian,pending,low,2023-11-18T20:52:41,Telugu,Regular,individual,307,EMP000074,True,active,2023-11-18T20:52:41,2026-02-07T14:36:17
CUST000082,Ayush,Sachar,1999-07-17T19:58:16,27,Male,cust000082@mailsim.in,+918356787523,"82/63
Jani Road",Vijayawada,Bihar,479867,India,CLPGN6990T,XXXX-XXXX-5514,Salaried,1986057.75,Widowed,Indian,pending,low,2018-06-30T10:15:22,Telugu,Regular,individual,795,EMP000033,True,active,2018-06-30T10:15:22,2021-02-07T03:58:02
CUST000083,Varenya,Prabhakar,1982-02-03T13:38:54,44,Female,cust000083@mailsim.in,+919831598303,"30/46, Baral",Maheshtala,Delhi,884140,India,FUYCN6544Z,XXXX-XXXX-1852,Self-Employed,650066.43,Single,Indian,pending,medium,2017-05-07T22:16:11,Telugu,Student,individual,365,EMP000034,False,inactive,2017-05-07T22:16:11,2021-02-13T23:02:46
CUST000084,Janani,Srinivas,2004-04-20T09:55:49,22,Female,cust000084@mailsim.in,+918720756561,"H.No. 40, Gupta Ganj",Nangloi Jat,Himachal Pradesh,788049,India,NSPYV9099O,XXXX-XXXX-1175,Salaried,642902.31,Divorced,Indian,verified,medium,2021-07-16T02:50:55,Tamil,Premium,individual,668,EMP000031,False,blocked,2021-07-16T02:50:55,2021-07-17T00:16:08
CUST000085,Jairaj,Jayaraman,1973-10-11T10:45:12,52,Male,cust000085@mailsim.in,+918697126768,"854
Shukla Marg",Aizawl,Haryana,714549,India,FASXO6703L,XXXX-XXXX-5530,Homemaker,45259.1,Married,Indian,verified,low,2021-10-17T23:52:10,English,Regular,individual,409,EMP000072,True,active,2021-10-17T23:52:10,2022-05-30T21:21:31
CUST000086,Kalpit,Parsa,1962-12-18T06:35:11,63,Male,cust000086@mailsim.in,+919310277450,"17
Jani Path",Satara,Goa,362292,India,SZOUT8517V,XXXX-XXXX-8548,Self-Employed,2710266.7,Single,Indian,verified,low,2023-09-25T10:51:29,Telugu,Premium,corporate,535,EMP000041,False,blocked,2023-09-25T10:51:29,2025-06-27T03:12:45
CUST000087,Samuel,Bath,1955-08-30T16:06:28,71,Male,cust000087@mailsim.in,+917399472479,"20/489, Sahni",Jamnagar,Haryana,806423,India,TIOEI4580S,XXXX-XXXX-5408,Homemaker,36556.89,Married,Indian,verified,low,2019-06-25T09:33:11,Tamil,Student,individual,507,EMP000032,True,active,2019-06-25T09:33:11,2026-08-05T19:11:19
CUST000088,Guneet,Narayan,1962-04-05T18:38:39,64,Male,cust000088@mailsim.in,+919902590965,"93, Nazareth Chowk",Unnao,Assam,743644,India,AWYWJ6167P,XXXX-XXXX-5501,Business Owner,5162650.84,Divorced,Indian,verified,medium,2017-01-14T21:34:33,Tamil,Regular,individual,789,EMP000070,False,blocked,2017-01-14T21:34:33,2017-08-05T05:40:09
CUST000089,Yatan,Sharma,2001-09-15T00:56:54,25,Male,cust000089@mailsim.in,+917516977385,"52/287, Bhargava Street",Aurangabad,Jharkhand,582418,India,IARJC6924T,XXXX-XXXX-5254,Self-Employed,724026.84,Divorced,Indian,verified,low,2017-12-22T04:07:09,Hindi,Regular,individual,515,EMP000054,True,active,2017-12-22T04:07:09,2024-04-22T14:57:19
CUST000090,Arjun,Ahuja,1985-09-02T22:19:07,41,Male,cust000090@mailsim.in,+919473440423,"312
Kamdar Nagar",Dindigul,West Bengal,953740,India,CHGLJ3389Z,XXXX-XXXX-3450,Salaried,1104077.94,Single,Indian,verified,low,2018-01-22T19:01:32,Hindi,HNI,individual,875,EMP000073,True,active,2018-01-22T19:01:32,2018-11-15T05:57:09
CUST000091,Bhanumati,Subramanian,1959-02-01T05:05:39,67,Female,cust000091@mailsim.in,+919046721228,"H.No. 088
Arora Marg",Bettiah,Delhi,571706,India,TGJOV6638A,XXXX-XXXX-7746,Salaried,506103.73,Married,Indian,verified,medium,2018-08-31T20:48:56,Tamil,Senior,individual,632,EMP000087,False,inactive,2018-08-31T20:48:56,2023-01-03T18:19:05
CUST000092,Mahika,Wason,1960-05-02T19:54:37,66,Female,cust000092@mailsim.in,+918991800019,"H.No. 862
Char Zila",New Delhi,Gujarat,275715,India,QYKPK2168C,XXXX-XXXX-3654,Self-Employed,1162151.37,Divorced,Indian,verified,low,2021-06-25T21:25:34,Hindi,Premium,individual,755,EMP000100,True,active,2021-06-25T21:25:34,2024-07-28T04:57:32
CUST000093,Inaya,Vyas,1985-08-22T23:38:43,41,Female,cust000093@mailsim.in,+917099218439,"H.No. 46
Prakash Zila",Jaunpur,Gujarat,863124,India,GGTTF7505D,XXXX-XXXX-2565,Business Owner,1106027.8,Widowed,Indian,verified,low,2022-01-16T10:31:24,Telugu,Premium,corporate,406,EMP000034,True,active,2022-01-16T10:31:24,2023-05-13T20:37:08
CUST000094,Keya,Kara,1981-07-12T16:19:14,45,Female,cust000094@mailsim.in,+918220523522,"10/166
Soni Marg",Bangalore,Odisha,756912,India,DNEAJ6328P,XXXX-XXXX-8654,Salaried,1957468.63,Divorced,Indian,verified,low,2020-04-06T08:41:46,Tamil,Premium,individual,877,EMP000056,True,active,2020-04-06T08:41:46,2024-09-18T16:41:17
CUST000095,Harinakshi,Butala,1978-08-16T21:57:27,48,Female,cust000095@mailsim.in,+917384631600,"59
Wable Zila",Berhampur,Odisha,422823,India,JGHAV3233L,XXXX-XXXX-5698,Business Owner,4957380.57,Single,Indian,verified,low,2023-03-12T21:06:16,Telugu,Regular,individual,599,EMP000077,True,active,2023-03-12T21:06:16,2024-03-06T01:26:20
CUST000096,Jagvi,Soman,1967-10-31T22:58:12,58,Female,cust000096@mailsim.in,+918877357553,"H.No. 148
Bali",Satna,Haryana,362035,India,ETKJG7917U,XXXX-XXXX-4924,Student,154983.02,Divorced,Indian,verified,medium,2022-01-02T10:30:08,Hindi,Regular,corporate,486,EMP000018,False,inactive,2022-01-02T10:30:08,2024-06-20T04:17:34
CUST000097,Abhiram,Johal,1985-10-23T14:10:35,40,Male,cust000097@mailsim.in,+919113106808,"61/429, Ramachandran Ganj",Yamunanagar,Uttar Pradesh,436219,India,ABNEC5410E,XXXX-XXXX-8183,Salaried,1536082.02,Married,Indian,verified,low,2019-08-18T23:34:56,Tamil,Regular,individual,810,EMP000048,True,active,2019-08-18T23:34:56,2023-07-29T14:24:07
CUST000098,Ekaraj,Brar,1960-06-16T22:56:18,66,Male,cust000098@mailsim.in,+918685438702,"H.No. 163
Oak Zila",Khammam,Tamil Nadu,669578,India,MEVVV2998Y,XXXX-XXXX-5078,Business Owner,4155580.04,Widowed,Indian,verified,high,2017-06-26T18:11:46,Tamil,Regular,individual,833,EMP000086,True,active,2017-06-26T18:11:46,2021-01-12T00:05:09
CUST000099,Amruta,Mahajan,1976-03-28T12:29:15,50,Female,cust000099@mailsim.in,+917181187132,"35
Prashad Circle",Gaya,Uttarakhand,646230,India,DMHJB4568D,XXXX-XXXX-4866,Self-Employed,1972145.1,Divorced,Indian,verified,medium,2020-06-30T10:40:29,English,Regular,individual,343,EMP000075,True,active,2020-06-30T10:40:29,2026-05-16T12:49:59
CUST000100,Sachi,Chada,1980-04-10T03:55:56,46,Female,cust000100@mailsim.in,+919147136659,"114
Rai Street",Pali,Tamil Nadu,819265,India,QYZQB3521W,XXXX-XXXX-9787,Self-Employed,2416105.48,Married,Indian,verified,low,2016-07-10T00:12:38,Hindi,HNI,individual,497,EMP000003,True,active,2016-07-10T00:12:38,2022-12-13T09:11:52
CUST000101,Nathan,Patel,1957-09-08T11:50:01,69,Male,cust000101@mailsim.in,+919400993184,"H.No. 047, Madan Path",Mira-Bhayandar,Kerala,669097,India,SEEJT5510T,XXXX-XXXX-3627,Salaried,417090.19,Married,Indian,verified,medium,2023-04-04T13:29:59,Hindi,Regular,individual,818,EMP000049,True,active,2023-04-04T13:29:59,2026-05-18T06:14:34
CUST000102,Caleb,Grover,1979-10-11T03:18:49,46,Male,cust000102@mailsim.in,+917272050780,"88
Reddy Circle",Indore,Uttarakhand,958835,India,KNMOP6285N,XXXX-XXXX-6276,Salaried,487789.03,Single,Indian,verified,high,2019-01-23T18:25:57,Tamil,Student,individual,797,EMP000025,True,active,2019-01-23T18:25:57,2019-11-26T14:02:01
CUST000103,Chanchal,Pandya,1981-06-11T16:13:24,45,Female,cust000103@mailsim.in,+919535323133,"95/60, Sachdev Road",Guwahati,Telangana,151470,India,JPBYF9051C,XXXX-XXXX-8668,Salaried,1661733.91,Single,Indian,verified,medium,2023-05-03T04:37:12,Telugu,HNI,individual,359,EMP000079,True,active,2023-05-03T04:37:12,2024-06-19T02:56:42
CUST000104,Keya,Verma,1975-09-06T14:07:42,51,Female,cust000104@mailsim.in,+919231172272,"62/244, Tailor Road",Rajkot,Delhi,206142,India,SNENG3931R,XXXX-XXXX-7802,Self-Employed,2289103.45,Divorced,Indian,verified,medium,2016-04-29T06:33:53,Telugu,Student,individual,484,EMP000071,False,blocked,2016-04-29T06:33:53,2023-02-27T11:06:39
CUST000105,Geetika,Saran,1991-05-02T04:02:12,35,Female,cust000105@mailsim.in,+918513220374,"47
Patel Zila",Shahjahanpur,Madhya Pradesh,676802,India,ZIJTL6299T,XXXX-XXXX-4943,Self-Employed,1776805.17,Married,Indian,verified,medium,2025-03-16T17:55:05,Hindi,Regular,individual,706,EMP000001,True,active,2025-03-16T17:55:05,2025-04-12T16:04:52
CUST000106,Yachana,Hayre,1990-03-23T06:00:36,36,Female,cust000106@mailsim.in,+918296400037,"H.No. 240
Natarajan Marg",Ozhukarai,Maharashtra,414922,India,ZFIUY5521R,XXXX-XXXX-9376,Homemaker,111264.62,Married,Indian,verified,low,2017-04-19T09:26:25,Tamil,Regular,individual,896,EMP000032,False,closed,2017-04-19T09:26:25,2021-04-06T04:02:45
CUST000107,Thomas,Natt,1993-10-27T12:50:53,32,Male,cust000107@mailsim.in,+917933885988,"92/459
Srinivas Ganj",Belgaum,Tamil Nadu,858729,India,IMMXS2562T,XXXX-XXXX-5921,Salaried,363531.71,Widowed,Indian,verified,low,2021-10-20T06:14:08,Hindi,Regular,individual,726,EMP000016,True,active,2021-10-20T06:14:08,2023-09-24T15:31:49
CUST000108,Sneha,Nagar,1955-10-12T04:52:26,71,Female,cust000108@mailsim.in,+919252209366,"79/356
Ramaswamy Road",Raipur,Karnataka,434827,India,ODNFB7436O,XXXX-XXXX-9269,Business Owner,1355788.05,Widowed,Indian,verified,low,2021-07-04T16:35:24,Tamil,Regular,individual,350,EMP000071,True,active,2021-07-04T16:35:24,2024-11-25T22:27:02
CUST000109,Harish,Gole,1984-07-26T08:02:33,42,Male,cust000109@mailsim.in,+919065546403,"73/741, Tata Marg",Avadi,Uttarakhand,307731,India,MQFQT5034H,XXXX-XXXX-2173,Salaried,752637.05,Widowed,Indian,verified,high,2017-03-21T02:57:17,English,Regular,individual,674,EMP000045,True,active,2017-03-21T02:57:17,2020-06-16T18:50:38
CUST000110,Kavya,Krishnan,1956-08-24T15:56:11,70,Female,cust000110@mailsim.in,+918502020490,"66/179, Rattan Chowk",Tinsukia,Himachal Pradesh,961493,India,ZLDBV4271V,XXXX-XXXX-7124,Salaried,565185.07,Single,Indian,verified,low,2020-03-09T01:52:54,Tamil,Student,individual,314,EMP000044,True,active,2020-03-09T01:52:54,2026-02-01T15:00:11
CUST000111,Andrew,Parsa,1987-01-24T11:58:03,39,Male,cust000111@mailsim.in,+919310715848,"H.No. 352, Basu",Bathinda,Uttar Pradesh,313701,India,OTOQZ1301M,XXXX-XXXX-9631,Student,13044.6,Married,Indian,verified,low,2015-05-22T08:26:40,Hindi,Regular,individual,308,EMP000009,True,active,2015-05-22T08:26:40,2021-12-31T07:24:34
CUST000112,Upasna,Cherian,1999-12-02T21:12:40,26,Female,cust000112@mailsim.in,+917081940786,"H.No. 438, Kant Circle",Dindigul,Kerala,780956,India,KZNSX8940T,XXXX-XXXX-9709,Business Owner,1336196.35,Married,Indian,verified,low,2021-02-16T07:46:18,English,Regular,corporate,612,EMP000043,False,inactive,2021-02-16T07:46:18,2025-04-18T11:48:44
CUST000113,Rohan,Sheth,1978-08-07T06:16:12,48,Male,cust000113@mailsim.in,+918298481206,"H.No. 07, Merchant Zila",Guwahati,West Bengal,625600,India,HBGKZ1482R,XXXX-XXXX-5590,Salaried,683490.59,Divorced,Indian,pending,medium,2020-12-26T17:04:59,English,Premium,individual,532,EMP000054,True,active,2020-12-26T17:04:59,2023-01-12T11:41:02
CUST000114,Dalbir,Dhar,1976-04-04T07:34:32,50,Male,cust000114@mailsim.in,+919328876246,"H.No. 57
Verma Ganj",Karnal,Gujarat,316800,India,QPRFD9582E,XXXX-XXXX-8046,Self-Employed,2987920.24,Married,Indian,verified,medium,2025-04-19T15:09:06,Tamil,Regular,individual,421,EMP000024,True,active,2025-04-19T15:09:06,2025-12-22T07:35:59
CUST000115,Wazir,Chatterjee,1957-01-02T19:30:02,69,Male,cust000115@mailsim.in,+918778288911,"75/140
Bajaj Zila",Moradabad,Bihar,418083,India,LYXYH4079D,XXXX-XXXX-3155,Retired,266271.85,Divorced,Indian,verified,medium,2020-06-03T06:06:56,Tamil,Regular,individual,381,EMP000089,False,inactive,2020-06-03T06:06:56,2024-06-23T00:09:10
CUST000116,Gayathri,Kohli,1986-11-25T04:19:09,39,Female,cust000116@mailsim.in,+918664129261,"25/86, Kata Chowk",Udaipur,Assam,596864,India,DFATA5421N,XXXX-XXXX-4646,Salaried,1562023.32,Married,Indian,pending,low,2021-05-12T16:52:04,Telugu,Student,individual,632,EMP000059,True,active,2021-05-12T16:52:04,2023-06-18T10:24:16
CUST000117,Idika,Sankaran,1996-05-15T04:20:42,30,Female,cust000117@mailsim.in,+918692864410,"H.No. 937
Sanghvi",Kolkata,Himachal Pradesh,878533,India,ONQSB2791O,XXXX-XXXX-8485,Self-Employed,2515628.28,Single,Indian,pending,low,2021-06-21T13:30:27,Telugu,Senior,individual,696,EMP000067,True,active,2021-06-21T13:30:27,2021-11-21T17:14:33
CUST000118,Hredhaan,Jha,1975-09-22T17:37:27,51,Male,cust000118@mailsim.in,+918814461270,"19/182
Nanda Path",Berhampore,Kerala,742917,India,XRXMQ2481X,XXXX-XXXX-9202,Salaried,492391.7,Married,Indian,verified,low,2019-11-12T14:40:26,English,Regular,individual,506,EMP000059,True,active,2019-11-12T14:40:26,2020-08-18T18:57:25
CUST000119,Deepa,Lala,2003-06-01T16:13:59,23,Female,cust000119@mailsim.in,+917530618370,"59/69
Comar Marg",Nagercoil,Tamil Nadu,219710,India,SQCSS9383T,XXXX-XXXX-3619,Salaried,943753.67,Widowed,Indian,verified,low,2017-10-16T00:33:41,Hindi,Premium,individual,453,EMP000021,True,active,2017-10-16T00:33:41,2020-04-01T13:58:34
CUST000120,Vasudha,Gera,1983-07-21T18:13:43,43,Female,cust000120@mailsim.in,+918916664525,"91/25
Khare Zila",Bhiwandi,Kerala,756883,India,EXYAT1200O,XXXX-XXXX-9153,Salaried,1754198.8,Single,Indian,verified,low,2020-03-29T05:33:57,Tamil,Premium,individual,719,EMP000057,True,active,2020-03-29T05:33:57,2020-11-30T22:25:32
CUST000121,Gavin,Prakash,1992-03-31T05:59:14,34,Male,cust000121@mailsim.in,+919394653192,"66/92, Rajagopal",Gaya,Uttar Pradesh,151295,India,EBJDA5889K,XXXX-XXXX-2436,Business Owner,965797.95,Widowed,Indian,rejected,low,2019-09-25T03:12:25,Hindi,Premium,individual,886,EMP000072,True,active,2019-09-25T03:12:25,2021-03-29T08:32:46
CUST000122,Widisha,Yogi,1979-07-06T12:53:45,47,Female,cust000122@mailsim.in,+918285460026,"27/42, Murty Street",Udupi,Madhya Pradesh,486473,India,XVTVB8713E,XXXX-XXXX-2999,Homemaker,138923.89,Divorced,Indian,verified,low,2015-08-11T16:51:18,Tamil,Premium,individual,411,EMP000074,True,active,2015-08-11T16:51:18,2026-04-24T00:56:31
CUST000123,Avi,Parmer,2004-04-09T23:02:46,22,Male,cust000123@mailsim.in,+918233460089,"23, Tiwari Marg",Alappuzha,Bihar,738419,India,WGOQY9132Q,XXXX-XXXX-9154,Self-Employed,1579012.47,Married,Indian,pending,low,2025-04-15T23:02:06,Hindi,Senior,individual,324,EMP000060,False,blocked,2025-04-15T23:02:06,2026-08-14T18:28:05
CUST000124,Xalak,Sagar,1969-02-09T05:39:40,57,Female,cust000124@mailsim.in,+918433626831,"21
Balasubramanian",Jalna,Punjab,687638,India,UFQRG2111J,XXXX-XXXX-5919,Student,152006.89,Divorced,Indian,pending,low,2022-01-20T10:25:09,Hindi,Regular,individual,329,EMP000023,True,active,2022-01-20T10:25:09,2023-09-15T05:16:10
CUST000125,Amol,Maharaj,2000-10-05T09:44:36,25,Male,cust000125@mailsim.in,+917152721525,"42/79, Vaidya Chowk",Chapra,Gujarat,604884,India,ELWXM7782X,XXXX-XXXX-1917,Salaried,1719679.75,Divorced,Indian,verified,medium,2023-02-25T01:48:13,English,Regular,individual,662,EMP000009,False,blocked,2023-02-25T01:48:13,2023-10-15T00:17:38
CUST000126,Dakshesh,Loyal,1980-07-14T15:50:38,46,Male,cust000126@mailsim.in,+919452347464,"07/83
Chaudry Marg",Bihar Sharif,Himachal Pradesh,508489,India,EDUIW1518I,XXXX-XXXX-7780,Salaried,447556.23,Married,Indian,verified,medium,2024-02-02T20:35:24,Hindi,Regular,individual,414,EMP000048,False,inactive,2024-02-02T20:35:24,2024-03-31T22:46:40
CUST000127,Anamika,Sengupta,1985-03-14T01:33:31,41,Female,cust000127@mailsim.in,+919073022618,"H.No. 17
Khalsa Zila",Giridih,Jharkhand,261562,India,EYTNU3347Y,XXXX-XXXX-2609,Student,246641.56,Married,Indian,verified,low,2023-08-11T03:23:53,Telugu,Premium,individual,304,EMP000040,True,active,2023-08-11T03:23:53,2023-10-18T12:57:14
CUST000128,Pushti,Sangha,1960-12-04T06:47:40,65,Female,cust000128@mailsim.in,+917198168828,"23/30, Panchal",Kavali,Delhi,645865,India,TTATQ4438K,XXXX-XXXX-4285,Business Owner,2329183.58,Divorced,Indian,verified,medium,2020-09-01T23:46:15,English,Regular,individual,417,EMP000002,True,active,2020-09-01T23:46:15,2025-12-20T09:54:49
CUST000129,Frado,Naik,1991-12-02T14:59:11,34,Male,cust000129@mailsim.in,+918164159934,"H.No. 94
Chandran Circle",Bulandshahr,Gujarat,838568,India,UOEIX9856O,XXXX-XXXX-1831,Self-Employed,564207.21,Widowed,Indian,pending,low,2020-12-16T19:13:36,Telugu,Regular,individual,483,EMP000091,True,active,2020-12-16T19:13:36,2026-01-11T21:15:24
CUST000130,Bhanumati,Malhotra,2001-12-18T03:32:11,24,Female,cust000130@mailsim.in,+918341922388,"23/253, Suri Marg",Gangtok,Madhya Pradesh,957150,India,FTVCX8629S,XXXX-XXXX-3159,Retired,183624.56,Widowed,Indian,verified,low,2022-08-02T07:55:21,Telugu,Regular,corporate,447,EMP000079,True,active,2022-08-02T07:55:21,2023-09-07T04:49:36
CUST000131,Krish,Sachdeva,2002-08-11T00:22:30,24,Male,cust000131@mailsim.in,+918394838271,"11
Varma Marg",Arrah,Odisha,611187,India,AMJLE6711T,XXXX-XXXX-3087,Retired,557154.7,Widowed,Indian,pending,medium,2020-08-14T14:04:31,Hindi,Premium,individual,609,EMP000069,True,active,2020-08-14T14:04:31,2024-07-16T18:51:06
CUST000132,Utkarsh,Sura,1997-04-01T22:16:07,29,Male,cust000132@mailsim.in,+919071783372,"01/75
Warrior Zila",Bellary,Haryana,169268,India,IVPUL6606R,XXXX-XXXX-4869,Self-Employed,684639.28,Single,Indian,verified,medium,2019-02-23T05:50:40,Telugu,Regular,individual,633,EMP000072,True,active,2019-02-23T05:50:40,2019-12-23T15:26:50
CUST000133,Tanish,Kakar,1982-08-13T01:22:21,44,Male,cust000133@mailsim.in,+919944237345,"H.No. 54
De Path",Tiruvottiyur,Himachal Pradesh,908812,India,VIQBF3276S,XXXX-XXXX-1003,Student,227123.32,Married,Indian,verified,low,2016-03-08T12:38:34,Telugu,Regular,individual,624,EMP000039,True,active,2016-03-08T12:38:34,2025-11-20T02:25:29
CUST000134,Arunima,Batra,1984-08-01T04:46:31,42,Female,cust000134@mailsim.in,+919502793324,"70/127, Acharya Chowk",Panihati,Maharashtra,741194,India,ZKDHJ9992B,XXXX-XXXX-1013,Student,211006.24,Divorced,Indian,verified,low,2020-11-09T04:27:43,English,Regular,individual,703,EMP000081,False,closed,2020-11-09T04:27:43,2023-07-25T13:45:11
CUST000135,Dominic,Mittal,1984-08-12T16:58:26,42,Male,cust000135@mailsim.in,+917744790751,"H.No. 15, Butala Road",Dehradun,Assam,245824,India,EJYVE3056E,XXXX-XXXX-1190,Business Owner,1181586.97,Single,Indian,verified,medium,2024-04-10T06:00:23,Telugu,Senior,individual,440,EMP000083,True,active,2024-04-10T06:00:23,2026-01-16T06:13:18
CUST000136,Ati,Randhawa,2002-04-28T00:36:06,24,Female,cust000136@mailsim.in,+919676831869,"36/110
Sood Ganj",Mira-Bhayandar,Rajasthan,576467,India,NOLJE1121S,XXXX-XXXX-9161,Retired,862123.5,Married,Indian,verified,low,2025-04-13T19:03:41,Hindi,Regular,individual,794,EMP000091,False,blocked,2025-04-13T19:03:41,2026-01-25T01:51:52
CUST000137,Isaiah,Venkataraman,2001-12-27T09:39:58,24,Male,cust000137@mailsim.in,+919260905359,"H.No. 051
Deo Marg",Madurai,Telangana,587521,India,NNPGQ2279V,XXXX-XXXX-9834,Salaried,1656767.01,Divorced,Indian,verified,high,2016-05-12T11:52:34,English,Regular,individual,780,EMP000074,True,active,2016-05-12T11:52:34,2022-01-01T10:49:31
CUST000138,Jyoti,Rajagopal,1975-01-18T18:26:58,51,Female,cust000138@mailsim.in,+919985221988,"11/554, Raja Street",Asansol,Himachal Pradesh,885829,India,HUGQP1845V,XXXX-XXXX-5780,Self-Employed,2464908.18,Single,Indian,verified,low,2019-12-03T01:53:21,English,Student,individual,435,EMP000079,True,active,2019-12-03T01:53:21,2022-04-24T00:40:30
CUST000139,Bakhshi,Wali,2005-06-15T07:43:34,21,Male,cust000139@mailsim.in,+919541633324,"27/53, Sabharwal Street",Bellary,Gujarat,791174,India,LVGSM9640B,XXXX-XXXX-6617,Salaried,1972921.82,Married,Indian,verified,medium,2016-11-24T03:27:09,Telugu,HNI,individual,692,EMP000031,True,active,2016-11-24T03:27:09,2024-05-21T08:35:54
CUST000140,Caleb,Chaudhry,1994-04-26T05:42:33,32,Male,cust000140@mailsim.in,+918135569990,"H.No. 965, Murty Marg",Shahjahanpur,Delhi,155074,India,EKHTT9724H,XXXX-XXXX-7222,Business Owner,6993344.61,Widowed,Indian,verified,low,2020-11-14T05:25:19,Telugu,Regular,corporate,759,EMP000049,True,active,2020-11-14T05:25:19,2026-08-23T05:33:26
CUST000141,Manya,Chad,1957-10-16T11:57:39,68,Female,cust000141@mailsim.in,+919737715893,"99/94, Mitra Nagar",Kadapa,Punjab,985249,India,LXWIG2610I,XXXX-XXXX-7408,Salaried,1083884.61,Married,Indian,verified,medium,2016-08-28T00:01:09,Tamil,Premium,individual,484,EMP000041,False,blocked,2016-08-28T00:01:09,2025-12-21T17:55:24
CUST000142,Girindra,Ramanathan,1959-08-16T22:55:21,67,Male,cust000142@mailsim.in,+919255992861,"03/761
Tata Ganj",Dehri,Delhi,818798,India,LFHFA2506B,XXXX-XXXX-4552,Salaried,1915831.23,Single,Indian,verified,low,2015-03-16T07:48:55,Tamil,Regular,individual,879,EMP000024,True,active,2015-03-16T07:48:55,2017-02-02T02:13:58
CUST000143,Abeer,Patel,1986-10-11T05:51:11,39,Male,cust000143@mailsim.in,+918187058341,"696
Gera Path",Srinagar,Bihar,825846,India,XUIEB2022M,XXXX-XXXX-7366,Business Owner,3660220.0,Single,Indian,verified,medium,2016-04-15T11:18:59,Tamil,Regular,individual,505,EMP000079,True,active,2016-04-15T11:18:59,2022-12-20T05:12:31
CUST000144,Abhiram,Bir,1964-10-15T23:20:49,61,Male,cust000144@mailsim.in,+917937962865,"H.No. 30, Rao Nagar",Orai,Himachal Pradesh,774588,India,CLGAB5105Y,XXXX-XXXX-8305,Salaried,331900.15,Widowed,Indian,verified,medium,2024-03-13T08:54:36,English,Premium,individual,637,EMP000051,True,active,2024-03-13T08:54:36,2026-08-23T01:03:05
CUST000145,Triya,Sampath,1988-05-22T21:41:49,38,Female,cust000145@mailsim.in,+917301075867,"H.No. 889
Mall Street",Tirupati,Uttarakhand,336817,India,AYVMO6880K,XXXX-XXXX-5961,Salaried,981045.16,Single,Indian,verified,medium,2023-02-19T01:19:10,Hindi,Regular,individual,596,EMP000083,True,active,2023-02-19T01:19:10,2023-12-31T14:11:58
CUST000146,Balveer,Vaidya,1981-02-21T10:33:24,45,Male,cust000146@mailsim.in,+918675487027,"856, Bhatti",Junagadh,Delhi,761249,India,RMXLE1584G,XXXX-XXXX-1415,Salaried,1523556.36,Married,Indian,verified,low,2018-04-01T20:27:20,Hindi,Regular,corporate,760,EMP000003,True,active,2018-04-01T20:27:20,2018-07-25T22:33:29
CUST000147,Jagdish,Bhardwaj,2004-01-24T20:24:28,22,Male,cust000147@mailsim.in,+917909150816,"H.No. 617, Bhakta",Akola,Jharkhand,580636,India,YWNTG2180B,XXXX-XXXX-3319,Salaried,1131121.01,Single,Indian,verified,high,2015-09-24T00:57:57,English,Regular,individual,314,EMP000023,True,active,2015-09-24T00:57:57,2026-06-29T06:16:50
CUST000148,Darpan,Arora,1961-08-15T05:04:52,65,Male,cust000148@mailsim.in,+919538508163,"02/758, Lad Circle",Serampore,Tamil Nadu,957525,India,VCPQB4320N,XXXX-XXXX-6527,Salaried,1679585.75,Widowed,Indian,verified,high,2022-10-05T15:10:36,Tamil,Regular,corporate,518,EMP000098,True,active,2022-10-05T15:10:36,2022-12-15T10:45:58
CUST000149,Dev,Luthra,1963-03-21T03:29:33,63,Male,cust000149@mailsim.in,+918783074271,"H.No. 564, Bhatt Circle",Gangtok,Rajasthan,830119,India,JEGPD7162Y,XXXX-XXXX-3584,Self-Employed,243764.91,Widowed,Indian,verified,low,2019-08-29T21:56:18,English,Premium,individual,590,EMP000054,True,active,2019-08-29T21:56:18,2025-07-23T13:18:33
CUST000150,Brinda,Taneja,2002-02-11T15:50:07,24,Female,cust000150@mailsim.in,+919748030488,"50/79
Pillai Street",Rohtak,Telangana,648496,India,LGERP9190T,XXXX-XXXX-2442,Student,188157.5,Divorced,Indian,verified,low,2017-02-27T11:34:10,Tamil,Regular,corporate,397,EMP000080,True,active,2017-02-27T11:34:10,2023-04-26T06:12:12
CUST000151,Dalaja,D’Alia,1989-07-15T23:51:14,37,Other,cust000151@mailsim.in,+919690643430,"80/003, Sodhi Nagar",Yamunanagar,Uttar Pradesh,389854,India,BCDVX9151F,XXXX-XXXX-3617,Retired,703128.37,Single,Indian,verified,low,2018-09-24T12:49:37,Tamil,Regular,individual,764,EMP000006,True,active,2018-09-24T12:49:37,2019-08-14T23:01:41
CUST000152,Falguni,Gola,1966-12-20T17:02:41,59,Female,cust000152@mailsim.in,+919083322831,"63/53, Nagarajan Marg",Solapur,Jharkhand,221703,India,BGLPK6336H,XXXX-XXXX-2804,Business Owner,3598256.13,Single,Indian,verified,low,2017-09-09T01:28:11,Tamil,Regular,individual,782,EMP000075,True,active,2017-09-09T01:28:11,2025-12-06T01:35:03
CUST000153,Quincy,Dar,1969-09-16T19:32:29,57,Male,cust000153@mailsim.in,+918663571006,"380, Biswas Marg",Ichalkaranji,Punjab,243030,India,LFJHI1525W,XXXX-XXXX-1977,Salaried,777027.06,Single,Indian,pending,low,2025-05-14T21:19:07,Tamil,HNI,individual,602,EMP000078,True,active,2025-05-14T21:19:07,2025-09-13T16:03:39
CUST000154,Nimrat,Narang,1996-08-12T14:42:55,30,Female,cust000154@mailsim.in,+919374067376,"70/53, Modi Road",Madhyamgram,West Bengal,190674,India,KNWFM8581I,XXXX-XXXX-1237,Student,219005.33,Married,Indian,verified,low,2017-11-21T22:36:57,Tamil,Student,individual,452,EMP000074,True,active,2017-11-21T22:36:57,2017-12-23T11:50:21
CUST000155,Qarin,Tak,1987-01-11T03:13:45,39,Male,cust000155@mailsim.in,+919281150458,"83/206, Kaul Nagar",Bangalore,Haryana,602550,India,VSCMC1203W,XXXX-XXXX-7662,Self-Employed,2859814.91,Married,Indian,verified,low,2023-07-31T02:11:22,English,Regular,individual,465,EMP000091,True,active,2023-07-31T02:11:22,2025-07-13T13:29:40
CUST000156,Oviya,Agarwal,1956-08-29T19:12:15,70,Female,cust000156@mailsim.in,+917595385173,"41/383
Swamy Marg",Ajmer,Haryana,293929,India,UJMQW2158M,XXXX-XXXX-6454,Retired,577828.29,Divorced,Indian,verified,low,2022-09-27T06:46:33,Tamil,HNI,individual,643,EMP000095,True,active,2022-09-27T06:46:33,2022-12-21T10:18:11
CUST000157,Meera,Chander,1979-10-09T00:48:08,46,Female,cust000157@mailsim.in,+918570200796,"865, Chad Chowk",Dibrugarh,Odisha,749208,India,BJQSO4354E,XXXX-XXXX-6487,Self-Employed,868171.58,Single,Indian,verified,medium,2015-11-17T09:34:10,Tamil,HNI,individual,628,EMP000046,True,active,2015-11-17T09:34:10,2020-06-04T16:51:42
CUST000158,Ekalinga,Ramesh,1958-09-15T14:39:17,68,Male,cust000158@mailsim.in,+918943088958,"90/62, Manne Ganj",Satna,Assam,625808,India,NDSRN5788O,XXXX-XXXX-7031,Self-Employed,2439730.83,Single,Indian,verified,medium,2016-01-29T18:17:50,English,Regular,corporate,595,EMP000010,True,active,2016-01-29T18:17:50,2017-12-09T07:58:36
CUST000159,Ronith,Narain,1965-01-25T10:01:31,61,Male,cust000159@mailsim.in,+917877273527,"43
Jain Zila",Bhimavaram,Jharkhand,757746,India,AKRYM7883O,XXXX-XXXX-1351,Salaried,795578.56,Single,Indian,verified,medium,2023-06-12T01:54:20,Hindi,Regular,individual,634,EMP000063,True,active,2023-06-12T01:54:20,2025-12-19T19:52:02
CUST000160,Darika,Dugal,1992-04-28T06:19:51,34,Female,cust000160@mailsim.in,+919436327339,"775, Dara Marg",Dhule,Gujarat,927691,India,HUFJH1775E,XXXX-XXXX-6785,Business Owner,3201629.32,Married,Indian,verified,low,2022-07-29T17:25:58,Hindi,Regular,individual,457,EMP000021,True,active,2022-07-29T17:25:58,2023-08-03T07:11:10
CUST000161,Varsha,Morar,1994-02-04T21:36:52,32,Other,cust000161@mailsim.in,+918587729771,"H.No. 11
Modi Street",Thrissur,Rajasthan,315120,India,OAIIJ9845F,XXXX-XXXX-9743,Salaried,812651.61,Single,Indian,verified,low,2017-02-24T21:05:51,Tamil,Senior,corporate,459,EMP000001,True,active,2017-02-24T21:05:51,2026-06-11T12:13:47
CUST000162,Nihal,Divan,2003-01-03T02:07:36,23,Male,cust000162@mailsim.in,+918244798250,"35/680, Lad Road",Ludhiana,Goa,799282,India,DOXLR8847B,XXXX-XXXX-3284,Homemaker,135601.67,Single,Indian,verified,low,2020-01-11T12:38:07,Tamil,Regular,individual,356,EMP000078,True,active,2020-01-11T12:38:07,2025-06-26T00:22:22
CUST000163,Tanmayi,Sethi,1973-11-29T22:00:50,52,Female,cust000163@mailsim.in,+919312463191,"H.No. 712, Arora Zila",Korba,Odisha,809952,India,RCNFI9381B,XXXX-XXXX-6915,Salaried,975848.6,Widowed,Indian,verified,low,2018-05-01T03:14:15,Hindi,Regular,individual,756,EMP000072,True,active,2018-05-01T03:14:15,2019-01-28T07:03:54
CUST000164,Eiravati,Hora,2005-06-17T18:29:13,21,Female,cust000164@mailsim.in,+918239673672,"H.No. 19
Lad",Lucknow,Rajasthan,944809,India,SXSKV2410E,XXXX-XXXX-4404,Salaried,815492.94,Divorced,Indian,verified,high,2022-01-26T12:13:17,Telugu,Regular,individual,579,EMP000054,False,inactive,2022-01-26T12:13:17,2023-07-23T21:11:22
CUST000165,Bhavini,Hora,1964-04-26T08:09:36,62,Female,cust000165@mailsim.in,+918639687675,"151
Shenoy Nagar",Gulbarga,Kerala,680771,India,MVHPM8593H,XXXX-XXXX-1439,Self-Employed,2415414.73,Married,Indian,verified,high,2018-05-23T03:26:30,Telugu,Regular,individual,594,EMP000054,True,active,2018-05-23T03:26:30,2019-12-01T10:24:37
CUST000166,Upma,Rana,1971-08-28T07:13:16,55,Female,cust000166@mailsim.in,+918190638090,"H.No. 662
Kala Path",Panipat,Assam,169966,India,PJMLG8799W,XXXX-XXXX-2959,Self-Employed,1244966.2,Single,Indian,pending,low,2015-06-26T17:39:59,English,Regular,individual,438,EMP000046,True,active,2015-06-26T17:39:59,2018-04-06T12:02:54
CUST000167,Logan,Sehgal,1998-04-19T00:11:56,28,Male,cust000167@mailsim.in,+918252687769,"H.No. 999, Merchant Ganj",Bulandshahr,Jharkhand,769983,India,YNTEC3738R,XXXX-XXXX-6285,Salaried,1783153.33,Divorced,Indian,verified,medium,2021-01-21T00:13:50,Hindi,Regular,individual,447,EMP000002,True,active,2021-01-21T00:13:50,2022-03-22T11:55:16
CUST000168,Wriddhish,Bhat,1987-12-31T05:32:00,38,Male,cust000168@mailsim.in,+917700204852,"H.No. 62, Iyengar Marg",Tinsukia,Delhi,328459,India,EFEXP9612R,XXXX-XXXX-2867,Self-Employed,1368569.52,Single,Indian,verified,low,2022-01-04T01:04:24,English,Regular,individual,671,EMP000018,True,active,2022-01-04T01:04:24,2025-10-08T02:21:06
CUST000169,Adya,Raja,1978-04-11T13:52:10,48,Female,cust000169@mailsim.in,+917123521259,"87
Thakkar Path",Munger,Delhi,333159,India,DSRHF2287N,XXXX-XXXX-2830,Retired,169961.77,Widowed,Indian,pending,low,2017-12-06T01:23:33,English,Regular,individual,360,EMP000061,True,active,2017-12-06T01:23:33,2019-12-15T00:21:30
CUST000170,Krishna,Gole,1975-07-12T10:43:52,51,Male,cust000170@mailsim.in,+917531689268,"H.No. 93, Mand Nagar",Chittoor,Himachal Pradesh,315378,India,PFRAD5544S,XXXX-XXXX-6698,Retired,416982.95,Married,Indian,verified,low,2015-03-05T19:55:49,English,Premium,individual,588,EMP000022,True,active,2015-03-05T19:55:49,2024-04-24T10:02:19
CUST000171,Zilmil,Parmar,1969-07-25T09:08:59,57,Female,cust000171@mailsim.in,+919038887576,"133, Walla Road",Muzaffarnagar,Punjab,832045,India,PLYEJ7219N,XXXX-XXXX-4510,Salaried,1174226.7,Widowed,Indian,verified,high,2023-07-30T23:02:55,English,Regular,individual,807,EMP000098,False,inactive,2023-07-30T23:02:55,2025-02-11T03:26:30
CUST000172,Sara,Pant,1957-10-06T07:57:06,69,Female,cust000172@mailsim.in,+917497024805,"395, Bala Path",Tezpur,Haryana,397388,India,LTRVF7672J,XXXX-XXXX-8011,Business Owner,2293457.36,Single,Indian,pending,medium,2016-05-26T01:42:09,Hindi,Regular,corporate,803,EMP000087,True,active,2016-05-26T01:42:09,2018-03-10T14:04:15
CUST000173,Ekta,Guha,2001-01-13T23:06:15,25,Female,cust000173@mailsim.in,+918695702318,"42/70
Bhalla Zila",Madanapalle,Haryana,828799,India,PCYZB4261K,XXXX-XXXX-4281,Salaried,1311433.41,Widowed,Indian,verified,medium,2016-06-12T05:00:02,Telugu,Regular,individual,895,EMP000076,True,active,2016-06-12T05:00:02,2021-02-02T09:39:12
CUST000174,Januja,Bahri,1982-03-27T21:47:29,44,Female,cust000174@mailsim.in,+919590575789,"H.No. 593
Oak Street",North Dumdum,Haryana,608069,India,NDLDM4781U,XXXX-XXXX-3205,Student,8917.06,Single,Indian,pending,low,2021-01-21T17:04:47,English,Senior,individual,634,EMP000020,True,active,2021-01-21T17:04:47,2023-08-20T07:57:02
CUST000175,Ayushman,Bains,1960-03-16T20:19:16,66,Male,cust000175@mailsim.in,+919001548533,"21/85, Prakash Zila",Dharmavaram,Uttar Pradesh,407823,India,RMGIW9955A,XXXX-XXXX-1517,Business Owner,9911759.87,Single,Indian,verified,low,2023-11-05T20:24:07,Telugu,Regular,individual,481,EMP000072,True,active,2023-11-05T20:24:07,2026-08-26T05:01:36
CUST000176,Chandresh,Nayar,2003-01-18T04:43:27,23,Male,cust000176@mailsim.in,+917577622607,"H.No. 22
Sur Marg",Akola,Kerala,850490,India,KTOMO9837S,XXXX-XXXX-8697,Retired,528319.95,Married,Indian,verified,low,2017-10-16T22:57:49,Telugu,Premium,individual,661,EMP000099,True,active,2017-10-16T22:57:49,2022-08-19T09:21:49
CUST000177,Pranav,Kapoor,1958-01-26T10:12:31,68,Male,cust000177@mailsim.in,+918498414375,"44, Goel Street",Chapra,Goa,128206,India,TQJLZ7749L,XXXX-XXXX-1924,Salaried,1424108.01,Married,Indian,verified,low,2017-03-07T14:16:49,English,Student,individual,612,EMP000015,False,inactive,2017-03-07T14:16:49,2022-12-04T07:59:06
CUST000178,Shivani,Bali,1957-07-18T00:37:10,69,Female,cust000178@mailsim.in,+918814507883,"59/39, Taneja Zila",Bathinda,Goa,639764,India,XGSPZ7188S,XXXX-XXXX-7394,Salaried,848116.33,Single,Indian,pending,low,2022-11-03T23:47:22,Tamil,Regular,individual,647,EMP000022,True,active,2022-11-03T23:47:22,2025-06-16T02:14:02
CUST000179,Brinda,Khanna,1968-09-23T17:42:25,58,Female,cust000179@mailsim.in,+917323502003,"H.No. 21
Sekhon Path",Bilaspur,Uttarakhand,324479,India,HBZKF2506W,XXXX-XXXX-2552,Salaried,1306169.91,Divorced,Indian,verified,medium,2023-06-15T22:48:39,Telugu,Regular,individual,378,EMP000084,True,active,2023-06-15T22:48:39,2024-09-26T20:28:59
CUST000180,Henry,Krish,2000-02-24T07:20:07,26,Male,cust000180@mailsim.in,+918779466167,"H.No. 41, Bava Nagar",Bahraich,Haryana,363470,India,QLTEA9457F,XXXX-XXXX-9178,Self-Employed,796267.85,Widowed,Indian,verified,medium,2024-03-09T02:49:09,Telugu,Senior,individual,361,EMP000067,True,active,2024-03-09T02:49:09,2025-01-14T19:31:11
CUST000181,Shaurya,Ganesan,1965-03-29T00:25:58,61,Male,cust000181@mailsim.in,+918762054424,"65
Prashad Circle",Nangloi Jat,Madhya Pradesh,970542,India,XQVGH3631I,XXXX-XXXX-4868,Salaried,989972.1,Single,Indian,verified,low,2020-02-09T20:21:15,Hindi,Regular,individual,746,EMP000055,False,inactive,2020-02-09T20:21:15,2025-08-11T18:21:29
CUST000182,Isaiah,Gaba,1973-07-23T07:01:21,53,Male,cust000182@mailsim.in,+918193021614,"H.No. 040
Lal Path",Srinagar,Uttarakhand,284533,India,QBSUB2375K,XXXX-XXXX-5882,Retired,880454.6,Widowed,Indian,pending,medium,2017-04-27T18:00:36,English,Regular,individual,443,EMP000031,True,active,2017-04-27T18:00:36,2019-03-24T06:34:26
CUST000183,Onveer,Garde,1963-03-18T14:07:24,63,Male,cust000183@mailsim.in,+919492883791,"181
Subramanian Path",Chinsurah,Jharkhand,364039,India,MCPUI7388Z,XXXX-XXXX-4865,Self-Employed,2819400.27,Married,Indian,verified,low,2023-11-18T07:57:11,Hindi,Regular,individual,357,EMP000063,True,active,2023-11-18T07:57:11,2026-02-24T01:09:18
CUST000184,Gayathri,Saraf,1976-07-15T09:36:26,50,Female,cust000184@mailsim.in,+919932339303,"H.No. 153, Rout Ganj",Ichalkaranji,West Bengal,391224,India,WYJSV1345U,XXXX-XXXX-1570,Salaried,1730504.04,Single,Indian,verified,medium,2024-04-14T03:23:52,Tamil,Regular,individual,671,EMP000088,True,active,2024-04-14T03:23:52,2024-10-20T17:53:31
CUST000185,Manthan,Khanna,1985-02-07T23:33:00,41,Male,cust000185@mailsim.in,+918687817209,"H.No. 698, Dube Chowk",Karimnagar,Telangana,415504,India,CVGFX8190U,XXXX-XXXX-6196,Self-Employed,2662508.29,Widowed,Indian,pending,low,2021-08-10T20:59:50,English,HNI,corporate,782,EMP000095,True,active,2021-08-10T20:59:50,2025-02-13T21:37:29
CUST000186,Aarav,Sane,1983-09-28T23:07:48,43,Male,cust000186@mailsim.in,+919999958155,"H.No. 97, Chatterjee Ganj",Tiruppur,Telangana,630930,India,BKSOI1448Y,XXXX-XXXX-1853,Retired,677235.52,Married,Indian,verified,medium,2016-09-15T20:04:19,Tamil,Regular,individual,612,EMP000041,False,inactive,2016-09-15T20:04:19,2026-07-03T18:59:09
CUST000187,Frederick,Manne,1990-02-20T08:15:02,36,Male,cust000187@mailsim.in,+919945288333,"14, Sinha Marg",Bilaspur,Bihar,931145,India,YLWDE6367Z,XXXX-XXXX-5616,Salaried,637728.32,Widowed,Indian,verified,low,2017-03-19T08:52:01,Telugu,Senior,corporate,529,EMP000003,False,inactive,2017-03-19T08:52:01,2017-08-09T02:24:54
CUST000188,Chandani,Ram,1997-08-22T21:46:45,29,Female,cust000188@mailsim.in,+918986099771,"H.No. 65, Sehgal Street",Firozabad,Uttar Pradesh,374499,India,SEKLG2459L,XXXX-XXXX-3787,Retired,952519.16,Single,Indian,verified,low,2018-11-22T03:17:46,Telugu,HNI,individual,529,EMP000092,False,blocked,2018-11-22T03:17:46,2020-08-14T06:54:45
CUST000189,Urvi,Shroff,1973-02-11T12:10:59,53,Female,cust000189@mailsim.in,+918640993275,"490
Chatterjee Street",Hapur,Gujarat,552259,India,WPZHR7853F,XXXX-XXXX-7693,Salaried,1647188.01,Single,Indian,verified,low,2019-11-25T08:00:06,Telugu,Student,individual,769,EMP000011,True,active,2019-11-25T08:00:06,2019-12-27T09:32:04
CUST000190,Triveni,Karan,2002-02-28T04:39:18,24,Female,cust000190@mailsim.in,+918647100434,"86, Soman Circle",Fatehpur,Bihar,871861,India,PBOBY8715L,XXXX-XXXX-1745,Self-Employed,215010.76,Widowed,Indian,verified,low,2021-10-06T07:39:21,Hindi,Regular,corporate,342,EMP000075,True,active,2021-10-06T07:39:21,2023-04-16T14:37:05
CUST000191,Mason,Brar,1978-01-30T06:48:09,48,Male,cust000191@mailsim.in,+918362867804,"08/989
Din",Sultan Pur Majra,Jharkhand,553959,India,DDBDW5603X,XXXX-XXXX-6907,Salaried,1874602.97,Divorced,Indian,pending,low,2022-12-18T13:52:29,Hindi,Premium,individual,468,EMP000041,True,active,2022-12-18T13:52:29,2026-02-05T06:21:03
CUST000192,Harini,Ganesh,1965-04-17T16:56:10,61,Female,cust000192@mailsim.in,+919823595144,"206, Saran Zila",Siliguri,Odisha,155807,India,EBEME8653N,XXXX-XXXX-2900,Homemaker,199040.35,Widowed,Indian,verified,low,2024-06-14T20:13:06,Telugu,Regular,individual,451,EMP000016,False,inactive,2024-06-14T20:13:06,2025-12-09T22:24:41
CUST000193,Leela,Nagarajan,1967-04-18T04:52:54,59,Female,cust000193@mailsim.in,+918171630795,"H.No. 686, Nanda Circle",Saharsa,Goa,795350,India,PPZNO7822C,XXXX-XXXX-5033,Salaried,1606030.83,Single,Indian,pending,low,2017-11-11T17:58:11,English,Regular,individual,408,EMP000042,True,active,2017-11-11T17:58:11,2020-06-24T06:37:50
CUST000194,Veer,Arora,2003-02-28T03:27:40,23,Male,cust000194@mailsim.in,+918156713879,"H.No. 622
Chaudhry",Phusro,Himachal Pradesh,789969,India,AZRYI3118G,XXXX-XXXX-1797,Salaried,1662648.54,Divorced,Indian,verified,low,2023-03-01T17:10:42,English,Premium,individual,394,EMP000052,True,active,2023-03-01T17:10:42,2024-04-01T02:22:41
CUST000195,Daksha,Mangal,1982-02-23T03:24:59,44,Female,cust000195@mailsim.in,+917894309868,"46
Solanki Chowk",Malegaon,Rajasthan,507374,India,UHTRD9042Z,XXXX-XXXX-8083,Salaried,1551011.78,Divorced,Indian,pending,medium,2016-07-08T04:43:28,Hindi,Premium,individual,824,EMP000026,True,active,2016-07-08T04:43:28,2024-11-05T14:36:13
CUST000196,Lakshit,Rau,1973-04-09T02:12:00,53,Male,cust000196@mailsim.in,+917387502046,"96/06, Khanna Path",Fatehpur,Bihar,950389,India,JEQCN8594V,XXXX-XXXX-4673,Self-Employed,2013309.73,Married,Indian,rejected,low,2024-07-30T17:09:24,English,Regular,individual,789,EMP000039,True,active,2024-07-30T17:09:24,2024-11-23T03:22:59
CUST000197,Lipika,Pradhan,1975-06-11T16:44:27,51,Female,cust000197@mailsim.in,+918269083941,"H.No. 44, Swamy Road",Ambattur,Goa,150046,India,OXNNK8612V,XXXX-XXXX-5151,Homemaker,71091.53,Single,Indian,pending,low,2019-03-26T01:53:55,Telugu,Regular,individual,702,EMP000006,True,active,2019-03-26T01:53:55,2019-12-09T20:29:35
CUST000198,Ekani,Mital,1976-05-13T04:17:47,50,Female,cust000198@mailsim.in,+919878744215,"H.No. 46
Chakraborty",Mango,Odisha,754112,India,VIXVF2281X,XXXX-XXXX-5248,Self-Employed,2640524.23,Single,Indian,verified,low,2024-12-27T18:51:41,Telugu,Regular,individual,788,EMP000059,True,active,2024-12-27T18:51:41,2026-06-18T03:03:51
CUST000199,Jagvi,Ray,2005-08-24T08:31:36,21,Female,cust000199@mailsim.in,+918300516022,"50/82
Mukhopadhyay Zila",Bhavnagar,Himachal Pradesh,952631,India,ZJRRK5958C,XXXX-XXXX-3049,Self-Employed,578319.05,Married,Indian,verified,low,2025-03-28T23:57:36,Tamil,Student,individual,448,EMP000084,True,active,2025-03-28T23:57:36,2025-10-02T19:04:11
CUST000200,Zaitra,Balakrishnan,1991-08-26T12:59:48,35,Female,cust000200@mailsim.in,+918990397616,"303, Shan Nagar",Karimnagar,Gujarat,597013,India,KDXTL8947P,XXXX-XXXX-1321,Self-Employed,2607430.05,Married,Indian,verified,medium,2018-04-01T07:13:37,Telugu,Regular,individual,742,EMP000054,True,active,2018-04-01T07:13:37,2025-06-19T20:38:29
CUST000201,Ira,Mahal,2004-10-01T01:20:30,21,Female,cust000201@mailsim.in,+917158987731,"86
Balasubramanian Zila",Serampore,Assam,519095,India,MPPRV8993H,XXXX-XXXX-1994,Self-Employed,1679264.67,Widowed,Indian,verified,medium,2024-06-06T07:52:54,Hindi,Student,individual,784,EMP000015,False,closed,2024-06-06T07:52:54,2026-07-14T22:56:42
CUST000202,Wishi,Sehgal,1985-07-05T04:30:44,41,Female,cust000202@mailsim.in,+918236996883,"98, Padmanabhan Path",Rampur,Uttar Pradesh,592034,India,IGFXI8675E,XXXX-XXXX-5806,Business Owner,7368452.53,Widowed,Indian,rejected,medium,2022-06-03T15:20:01,Hindi,HNI,individual,465,EMP000080,True,active,2022-06-03T15:20:01,2023-04-21T12:37:47
CUST000203,Chandani,Mane,2000-05-23T18:40:31,26,Female,cust000203@mailsim.in,+917856778208,"02, Kala",Kamarhati,Rajasthan,735173,India,MUYMG1770A,XXXX-XXXX-6878,Salaried,1797540.38,Divorced,Indian,verified,low,2023-03-20T13:44:29,English,HNI,individual,416,EMP000080,True,active,2023-03-20T13:44:29,2024-03-06T17:22:00
CUST000204,Harshil,Luthra,1972-07-18T04:53:41,54,Male,cust000204@mailsim.in,+917200473425,"00/72
Anand Street",Nizamabad,Uttarakhand,380484,India,XWWPC1826O,XXXX-XXXX-8489,Salaried,1936500.09,Single,Indian,rejected,medium,2020-10-15T16:49:31,English,HNI,individual,407,EMP000022,True,active,2020-10-15T16:49:31,2026-02-23T19:31:15
CUST000205,Michael,Maharaj,1979-08-11T13:43:57,47,Male,cust000205@mailsim.in,+918896304975,"57
Kamdar Road",Barasat,Jharkhand,622600,India,TCQID4307O,XXXX-XXXX-7811,Salaried,1607672.81,Single,Indian,verified,medium,2017-09-02T18:23:25,Hindi,Regular,individual,572,EMP000048,True,active,2017-09-02T18:23:25,2024-09-24T12:57:33
CUST000206,Yoshita,Ranganathan,1965-04-26T07:36:34,61,Female,cust000206@mailsim.in,+917980034265,"H.No. 858, Mandal",Moradabad,Gujarat,940715,India,LXXYN6927A,XXXX-XXXX-8251,Salaried,547493.32,Single,Indian,verified,low,2024-01-05T03:10:26,English,Regular,individual,468,EMP000056,True,active,2024-01-05T03:10:26,2024-04-09T14:52:45
CUST000207,Wridesh,Bhatt,1998-08-26T17:13:50,28,Male,cust000207@mailsim.in,+917248291317,"H.No. 54
Misra Road",Jalgaon,Jharkhand,410089,India,KXSWS6139L,XXXX-XXXX-1129,Salaried,1705906.04,Married,Indian,verified,low,2017-07-26T23:36:29,Tamil,Student,individual,752,EMP000090,False,blocked,2017-07-26T23:36:29,2023-06-11T07:06:39
CUST000208,Yauvani,Khosla,1982-07-12T01:03:07,44,Female,cust000208@mailsim.in,+917361983810,"65/20, Merchant Chowk",Gurgaon,Karnataka,663539,India,ISTDZ5651G,XXXX-XXXX-2520,Retired,560504.45,Divorced,Indian,verified,medium,2018-05-10T22:52:30,Tamil,Regular,corporate,852,EMP000076,False,inactive,2018-05-10T22:52:30,2020-07-22T16:12:46
CUST000209,Tanmayi,Rama,2004-06-09T11:38:55,22,Female,cust000209@mailsim.in,+917474344355,"93/53, Soni Circle",Guna,Karnataka,982464,India,JQJBQ3043O,XXXX-XXXX-5881,Salaried,1273139.98,Single,Indian,verified,high,2022-03-11T20:26:05,Tamil,Regular,individual,886,EMP000087,False,closed,2022-03-11T20:26:05,2023-05-20T17:27:55
CUST000210,Mason,Garde,1971-11-07T23:02:15,54,Male,cust000210@mailsim.in,+919501256025,"H.No. 17, Kuruvilla Street",Thanjavur,Uttar Pradesh,962813,India,ULDLK2511B,XXXX-XXXX-7961,Business Owner,8940838.32,Widowed,Indian,verified,low,2016-10-15T20:34:35,Telugu,Premium,individual,704,EMP000034,True,active,2016-10-15T20:34:35,2025-04-11T11:05:44
CUST000211,Chanchal,Kapadia,2001-11-20T15:09:41,24,Other,cust000211@mailsim.in,+918790667841,"465
Lad Path",Madhyamgram,Rajasthan,251357,India,NMLZN9669D,XXXX-XXXX-4483,Business Owner,4826607.55,Single,Indian,verified,high,2023-04-30T21:39:19,Hindi,Student,individual,718,EMP000015,True,active,2023-04-30T21:39:19,2023-11-04T15:52:56
CUST000212,Daniel,Singhal,1990-07-29T16:55:35,36,Male,cust000212@mailsim.in,+918309641145,"99/917, Tella Ganj",Eluru,Punjab,417991,India,HADUK5999J,XXXX-XXXX-4532,Salaried,611231.13,Widowed,Indian,verified,low,2017-08-10T14:25:34,English,Student,individual,886,EMP000040,True,active,2017-08-10T14:25:34,2025-04-21T13:23:25
CUST000213,Zilmil,Misra,1987-05-04T20:16:23,39,Female,cust000213@mailsim.in,+917594948687,"H.No. 223
Rout Path",Asansol,Jharkhand,767376,India,LLLWI7711M,XXXX-XXXX-4814,Retired,910219.98,Divorced,Indian,verified,high,2025-04-21T17:58:44,Telugu,Premium,individual,469,EMP000091,True,active,2025-04-21T17:58:44,2025-05-11T00:21:38
CUST000214,Nisha,Gole,2003-02-20T11:51:03,23,Female,cust000214@mailsim.in,+917531637964,"52, Bhardwaj Path",Bidhannagar,Uttarakhand,189288,India,FQOBO4103Y,XXXX-XXXX-8796,Self-Employed,1607388.64,Single,Indian,verified,high,2020-04-03T02:45:48,Tamil,Senior,individual,510,EMP000032,True,active,2020-04-03T02:45:48,2026-04-04T09:25:57
CUST000215,Mahika,Kadakia,1960-10-04T22:27:53,66,Female,cust000215@mailsim.in,+918725708681,"27/12, Saraf",Sambhal,Goa,147168,India,MYIEA9649K,XXXX-XXXX-7258,Retired,331460.01,Single,Indian,rejected,low,2024-01-29T07:49:42,Hindi,Regular,individual,391,EMP000020,True,active,2024-01-29T07:49:42,2025-05-19T21:56:44
CUST000216,Upadhriti,Sood,1959-01-04T07:24:38,67,Female,cust000216@mailsim.in,+917251263235,"H.No. 083
Atwal Path",Bettiah,Kerala,508881,India,CDXGY2981B,XXXX-XXXX-4318,Homemaker,47924.59,Married,Indian,verified,medium,2020-07-14T06:51:55,Telugu,Senior,individual,625,EMP000060,True,active,2020-07-14T06:51:55,2025-03-28T18:33:46
CUST000217,Girish,Badami,1982-09-24T07:30:40,44,Male,cust000217@mailsim.in,+917079984471,"33/542, Rajagopal Zila",Rourkela,Telangana,680990,India,ZRGOU5990S,XXXX-XXXX-7664,Self-Employed,1448750.32,Married,Indian,pending,low,2018-12-23T09:54:08,Tamil,HNI,individual,733,EMP000072,False,blocked,2018-12-23T09:54:08,2022-10-26T22:13:38
CUST000218,Bhavini,Bath,1997-03-29T07:49:17,29,Female,cust000218@mailsim.in,+917718898818,"H.No. 78
Viswanathan",Raebareli,Maharashtra,163098,India,YMPVJ6757U,XXXX-XXXX-4485,Salaried,1294770.58,Divorced,Indian,verified,medium,2019-12-03T08:00:17,English,Regular,individual,425,EMP000018,True,active,2019-12-03T08:00:17,2026-02-02T01:25:28
CUST000219,Ekalinga,Oommen,1984-05-24T11:37:48,42,Male,cust000219@mailsim.in,+918367105004,"H.No. 32
Bahl Marg",Rajahmundry,Madhya Pradesh,766023,India,GTLGZ6597G,XXXX-XXXX-8533,Self-Employed,2885179.5,Divorced,Indian,verified,medium,2018-08-03T04:15:27,English,Premium,individual,309,EMP000087,True,active,2018-08-03T04:15:27,2020-01-24T08:02:28
CUST000220,Ekaja,Kakar,2002-11-10T14:35:48,23,Female,cust000220@mailsim.in,+919311256997,"82/15, Prashad Nagar",Deoghar,Tamil Nadu,925549,India,WQOXV8293V,XXXX-XXXX-3022,Self-Employed,1188385.25,Widowed,Indian,pending,low,2023-04-27T09:29:33,Tamil,HNI,individual,308,EMP000016,True,active,2023-04-27T09:29:33,2025-04-15T03:55:13
CUST000221,Arjun,Bava,1955-08-21T17:25:37,71,Male,cust000221@mailsim.in,+918207463396,"00/167, Dasgupta Marg",Bhalswa Jahangir Pur,Punjab,300814,India,CPHSG9090L,XXXX-XXXX-1602,Salaried,777285.81,Married,Indian,verified,high,2018-10-08T11:34:15,Telugu,Regular,individual,812,EMP000064,True,active,2018-10-08T11:34:15,2020-03-21T03:15:51
CUST000222,Ganga,Jha,1993-06-30T17:23:54,33,Female,cust000222@mailsim.in,+917280721742,"H.No. 61, Madan Circle",Gurgaon,Goa,234476,India,TDYWW5494G,XXXX-XXXX-1378,Self-Employed,2977463.79,Divorced,Indian,verified,medium,2025-04-04T17:47:01,English,Senior,individual,353,EMP000042,True,active,2025-04-04T17:47:01,2026-03-06T17:03:57
CUST000223,Charles,Vaidya,1963-04-14T07:26:03,63,Male,cust000223@mailsim.in,+918552509738,"H.No. 11, Issac Chowk",Firozabad,Jharkhand,895891,India,BSBXN6181A,XXXX-XXXX-7420,Retired,275147.33,Single,Indian,pending,medium,2023-10-26T13:47:35,Tamil,Senior,individual,376,EMP000032,True,active,2023-10-26T13:47:35,2024-08-27T09:53:34
CUST000224,Harrison,Parmar,1997-08-07T04:22:38,29,Male,cust000224@mailsim.in,+918855206571,"H.No. 20
Taneja Circle",Ongole,Maharashtra,721313,India,UYVGM6583B,XXXX-XXXX-6465,Salaried,1183447.58,Married,Indian,rejected,medium,2016-08-24T00:50:29,Telugu,HNI,individual,892,EMP000016,True,active,2016-08-24T00:50:29,2018-02-06T12:41:58
CUST000225,Oni,Keer,1980-09-06T04:57:59,46,Female,cust000225@mailsim.in,+919977974275,"H.No. 119, Dixit Chowk",Sasaram,Tamil Nadu,920664,India,DXLHQ2077D,XXXX-XXXX-1914,Homemaker,111851.61,Divorced,Indian,pending,low,2020-04-30T15:36:54,Telugu,Regular,individual,310,EMP000059,False,inactive,2020-04-30T15:36:54,2023-08-06T10:46:01
CUST000226,Baljiwan,Chaudhuri,1997-03-16T10:05:36,29,Male,cust000226@mailsim.in,+919902436255,"37/447
Chaudhry Nagar",Thane,Maharashtra,576133,India,NPCAS4172S,XXXX-XXXX-3064,Self-Employed,1984618.46,Divorced,Indian,verified,low,2016-09-21T07:39:32,Telugu,Regular,individual,345,EMP000008,True,active,2016-09-21T07:39:32,2018-11-23T16:47:35
CUST000227,Maanav,Parsa,1999-05-08T05:09:44,27,Male,cust000227@mailsim.in,+919324194503,"11
Andra Nagar",Tirunelveli,Gujarat,254569,India,MPHZN3369B,XXXX-XXXX-4889,Salaried,1162083.37,Single,Indian,verified,low,2021-01-31T22:35:54,Tamil,Premium,individual,370,EMP000044,True,active,2021-01-31T22:35:54,2022-09-12T05:58:23
CUST000228,Omya,Parmar,1986-10-22T08:23:04,39,Female,cust000228@mailsim.in,+919484255247,"41/55
Comar Street",Silchar,Goa,451965,India,QKELU1691P,XXXX-XXXX-4594,Business Owner,9239559.13,Married,Indian,verified,low,2025-03-15T19:02:13,Tamil,Regular,individual,639,EMP000095,True,active,2025-03-15T19:02:13,2026-01-01T18:32:27
CUST000229,Vedant,Magar,1955-06-17T03:51:01,71,Male,cust000229@mailsim.in,+918537111540,"76/212
Dutta Nagar",Erode,Maharashtra,681636,India,CHFPT1719A,XXXX-XXXX-4262,Salaried,636302.49,Married,Indian,verified,low,2021-03-04T11:12:55,Tamil,Regular,individual,482,EMP000026,True,active,2021-03-04T11:12:55,2021-05-10T05:46:37
CUST000230,Wyatt,Sarma,1961-11-20T02:19:10,64,Male,cust000230@mailsim.in,+917589456484,"65/90, Subramanian Street",Gorakhpur,Haryana,786680,India,UCYHG7100V,XXXX-XXXX-3807,Salaried,1899974.98,Widowed,Indian,pending,low,2015-05-11T10:48:58,Tamil,Student,individual,494,EMP000025,False,inactive,2015-05-11T10:48:58,2024-06-01T15:07:53
CUST000231,Samesh,Sastry,1995-10-19T21:00:20,30,Male,cust000231@mailsim.in,+918050332690,"H.No. 450, Kapur Circle",Kadapa,Karnataka,900149,India,QENUI1872U,XXXX-XXXX-5588,Salaried,1783847.54,Widowed,Indian,verified,low,2022-04-23T01:40:16,Telugu,HNI,individual,471,EMP000066,False,closed,2022-04-23T01:40:16,2025-08-10T21:41:08
CUST000232,Yutika,Chandran,1989-08-25T04:53:16,37,Female,cust000232@mailsim.in,+918994012789,"37/562
Bhagat Circle",Sangli-Miraj & Kupwad,Rajasthan,437456,India,SNMYM7569U,XXXX-XXXX-1599,Student,62159.88,Married,Indian,verified,low,2021-05-14T14:36:18,Tamil,Regular,corporate,885,EMP000021,True,active,2021-05-14T14:36:18,2024-07-19T22:04:17
CUST000233,Zayyan,Singh,1960-09-19T12:44:44,66,Male,cust000233@mailsim.in,+918510002930,"175
Narayanan Ganj",Dhanbad,West Bengal,712328,India,BNILL7021Z,XXXX-XXXX-9151,Salaried,838934.72,Widowed,Indian,verified,low,2020-01-08T08:44:59,Hindi,Premium,individual,384,EMP000038,True,active,2020-01-08T08:44:59,2024-04-15T07:03:13
CUST000234,Yashica,Kapoor,1973-10-23T13:54:14,52,Female,cust000234@mailsim.in,+917306440248,"31
Sawhney Chowk",Hubli–Dharwad,Punjab,140140,India,OIRGT5496G,XXXX-XXXX-3258,Self-Employed,2995534.27,Divorced,Indian,verified,low,2018-11-16T03:17:19,Hindi,HNI,individual,715,EMP000075,True,active,2018-11-16T03:17:19,2025-04-27T13:24:17
CUST000235,Zaid,Sekhon,1989-11-19T21:49:45,36,Male,cust000235@mailsim.in,+917977442187,"H.No. 701
Sachar Marg",Proddatur,West Bengal,858472,India,TMNUT8559K,XXXX-XXXX-2406,Business Owner,3474210.92,Married,Indian,verified,high,2017-07-16T14:25:01,Telugu,Regular,individual,871,EMP000004,False,inactive,2017-07-16T14:25:01,2023-11-30T21:45:22
CUST000236,Aachal,Chand,1975-10-18T00:45:33,50,Female,cust000236@mailsim.in,+919829731150,"83/75
Bhagat Path",Malda,Punjab,456329,India,FLTTR5909K,XXXX-XXXX-1380,Salaried,1264881.63,Single,Indian,pending,low,2015-03-02T03:45:31,Hindi,Premium,individual,887,EMP000051,True,active,2015-03-02T03:45:31,2021-08-26T14:06:18
CUST000237,Noah,Solanki,1991-05-16T20:03:06,35,Male,cust000237@mailsim.in,+917466598191,"71/130
Pant Path",Motihari,Madhya Pradesh,697179,India,ZQHER3910B,XXXX-XXXX-9005,Salaried,345625.46,Married,Indian,verified,high,2021-07-29T05:11:28,Hindi,Regular,individual,836,EMP000009,True,active,2021-07-29T05:11:28,2025-06-10T19:22:23
CUST000238,Rachit,Cherian,1966-09-10T18:01:54,60,Male,cust000238@mailsim.in,+918764635577,"726, Kumar Zila",Maheshtala,Haryana,264663,India,ZDKTK4382E,XXXX-XXXX-4369,Salaried,826587.2,Widowed,Indian,verified,medium,2020-07-23T11:46:56,Hindi,Premium,individual,769,EMP000036,False,inactive,2020-07-23T11:46:56,2022-04-11T03:49:41
CUST000239,Darpan,Ramaswamy,1959-05-09T23:37:01,67,Male,cust000239@mailsim.in,+918060170258,"35, Sachdeva Zila",Giridih,Jharkhand,444867,India,XWLOT5717U,XXXX-XXXX-8476,Salaried,889529.13,Divorced,Indian,verified,medium,2021-10-16T18:31:25,Tamil,Regular,individual,742,EMP000059,True,active,2021-10-16T18:31:25,2025-01-23T21:13:27
CUST000240,David,Seshadri,1993-09-11T00:13:19,33,Male,cust000240@mailsim.in,+917187537466,"98/270
Bava Circle",Bhimavaram,West Bengal,265603,India,HQHXS4559P,XXXX-XXXX-7738,Retired,993150.75,Single,Indian,rejected,low,2016-08-16T15:05:19,English,Premium,individual,719,EMP000058,True,active,2016-08-16T15:05:19,2019-06-06T21:40:41
CUST000241,Wyatt,Trivedi,1986-06-14T05:38:46,40,Male,cust000241@mailsim.in,+919982793436,"92/216, Nagy",Gurgaon,Odisha,499670,India,IKFAG3236K,XXXX-XXXX-8606,Salaried,1124090.7,Single,Indian,verified,medium,2015-06-16T00:27:32,Telugu,Regular,individual,465,EMP000022,True,active,2015-06-16T00:27:32,2015-10-06T06:40:31
CUST000242,Jeet,Mahal,1963-06-13T19:11:02,63,Male,cust000242@mailsim.in,+917723501739,"H.No. 47
Devi Street",Madanapalle,Tamil Nadu,804005,India,TRDJF1564V,XXXX-XXXX-9721,Business Owner,2553581.75,Single,Indian,pending,medium,2024-02-05T05:21:28,English,Regular,individual,353,EMP000077,True,active,2024-02-05T05:21:28,2024-02-12T11:18:32
CUST000243,Mason,Murthy,1968-09-23T05:25:55,58,Male,cust000243@mailsim.in,+918024522901,"394, Deo Path",Ambala,Uttar Pradesh,195825,India,AAAVR2035H,XXXX-XXXX-2582,Salaried,1654771.08,Married,Indian,verified,low,2019-04-01T13:55:48,English,HNI,individual,494,EMP000080,True,active,2019-04-01T13:55:48,2021-01-04T01:51:54
CUST000244,Neel,D’Alia,1984-02-13T00:32:26,42,Male,cust000244@mailsim.in,+917454773975,"79/96
Mangal Circle",Ahmedabad,Punjab,439075,India,EKIKL2081V,XXXX-XXXX-5562,Homemaker,129989.0,Divorced,Indian,verified,medium,2017-01-20T15:35:34,Telugu,Regular,individual,404,EMP000092,True,active,2017-01-20T15:35:34,2026-03-06T08:46:39
CUST000245,Yutika,Chhabra,1993-09-25T16:02:42,33,Female,cust000245@mailsim.in,+917406924807,"20, Iyengar Nagar",Nanded,Himachal Pradesh,440110,India,ZSRZS6440F,XXXX-XXXX-6209,Student,293406.46,Widowed,Indian,verified,low,2017-12-01T09:50:11,Telugu,Regular,individual,538,EMP000065,True,active,2017-12-01T09:50:11,2018-02-22T00:02:07
CUST000246,Mekhala,Krishna,1963-06-11T10:23:07,63,Female,cust000246@mailsim.in,+918840384331,"H.No. 438, Parmer Nagar",Kota,West Bengal,749871,India,CDMFJ1621H,XXXX-XXXX-8270,Salaried,1556734.58,Divorced,Indian,verified,low,2020-04-03T02:50:44,English,Premium,corporate,595,EMP000097,True,active,2020-04-03T02:50:44,2020-06-15T17:32:54
CUST000247,Jasmit,Ramachandran,1978-04-28T13:27:48,48,Female,cust000247@mailsim.in,+917232245954,"40/66, Munshi Marg",Ahmedabad,West Bengal,940383,India,RSPJI8247U,XXXX-XXXX-1099,Salaried,409848.7,Widowed,Indian,verified,low,2019-02-14T06:47:12,Tamil,Senior,individual,477,EMP000076,True,active,2019-02-14T06:47:12,2023-10-16T11:47:33
CUST000248,Ladli,Jain,1971-01-30T12:28:52,55,Female,cust000248@mailsim.in,+919006068638,"598
Hegde",Durg,Kerala,272132,India,SGEGH8344U,XXXX-XXXX-4299,Retired,344674.71,Widowed,Indian,verified,high,2023-08-20T00:38:03,Telugu,Regular,individual,732,EMP000065,True,active,2023-08-20T00:38:03,2026-03-23T16:29:50
CUST000249,Vanya,Goel,1987-10-20T04:38:06,38,Female,cust000249@mailsim.in,+918835657356,"281, Baria Marg",Alwar,Tamil Nadu,895720,India,XHNOE7233O,XXXX-XXXX-6011,Business Owner,4809229.51,Widowed,Indian,verified,low,2015-05-04T02:26:31,Hindi,Regular,individual,458,EMP000025,True,active,2015-05-04T02:26:31,2015-05-30T01:53:27
CUST000250,Kevin,De,2004-05-11T13:22:21,22,Male,cust000250@mailsim.in,+918785934003,"40/57, Baral Street",North Dumdum,Haryana,878246,India,JMQPK1636D,XXXX-XXXX-7304,Salaried,1884620.25,Married,Indian,verified,low,2021-05-14T13:22:12,Hindi,HNI,individual,656,EMP000066,True,active,2021-05-14T13:22:12,2025-07-10T15:39:18
CUST000251,Atharv,Mitra,1958-12-05T06:08:43,67,Male,cust000251@mailsim.in,+918059962775,"85/15
Kannan Circle",Saharsa,West Bengal,600931,India,AVQRS3422I,XXXX-XXXX-8462,Business Owner,9470519.61,Married,Indian,verified,medium,2021-07-22T09:02:42,Tamil,Regular,individual,693,EMP000051,False,blocked,2021-07-22T09:02:42,2026-07-17T12:20:03
CUST000252,Bahadurjit,Tiwari,1967-11-07T05:27:27,58,Male,cust000252@mailsim.in,+918833399032,"88, Chanda Marg",Korba,Telangana,825443,India,HZRJI7743Y,XXXX-XXXX-2456,Homemaker,21854.81,Divorced,Indian,pending,low,2022-03-13T02:06:33,Tamil,Senior,individual,615,EMP000001,True,active,2022-03-13T02:06:33,2023-08-18T06:49:32
CUST000253,Hredhaan,Narula,1959-10-02T22:04:19,67,Male,cust000253@mailsim.in,+919811147132,"H.No. 43
Wali",Kishanganj,Kerala,868650,India,LEEDM9234D,XXXX-XXXX-8383,Student,170127.64,Married,Indian,verified,low,2022-02-09T08:45:31,Tamil,HNI,individual,718,EMP000057,True,active,2022-02-09T08:45:31,2023-01-14T14:57:40
CUST000254,Aayush,Contractor,1974-12-12T16:13:21,51,Male,cust000254@mailsim.in,+918188684621,"39
Kohli",Pondicherry,Tamil Nadu,458772,India,AGMTA5359Y,XXXX-XXXX-1118,Retired,698790.05,Single,Indian,verified,low,2016-06-16T13:33:49,English,Regular,individual,572,EMP000063,True,active,2016-06-16T13:33:49,2024-07-05T03:00:07
CUST000255,Sai,Comar,1977-11-26T00:00:52,48,Female,cust000255@mailsim.in,+918473506403,"H.No. 84
Varughese Nagar",Kottayam,Madhya Pradesh,956526,India,GJKPZ6410Z,XXXX-XXXX-2641,Student,925.4,Widowed,Indian,verified,medium,2021-04-22T23:29:07,Tamil,Regular,individual,843,EMP000036,True,active,2021-04-22T23:29:07,2023-06-04T03:47:41
CUST000256,Yashoda,Sehgal,1999-11-02T10:54:16,26,Female,cust000256@mailsim.in,+919835659453,"H.No. 435
Butala Circle",Rourkela,Uttar Pradesh,103281,India,ZYVAJ1749Z,XXXX-XXXX-6333,Salaried,1452480.01,Married,Indian,verified,low,2023-01-31T18:52:30,English,Regular,corporate,787,EMP000085,True,active,2023-01-31T18:52:30,2026-01-22T10:06:54
CUST000257,Aarini,Bhatti,1974-12-31T00:05:21,51,Female,cust000257@mailsim.in,+917614873708,"36/138, Bora Marg",Nagpur,Jharkhand,699672,India,USAMC9990O,XXXX-XXXX-3753,Retired,906767.72,Single,Indian,verified,low,2025-04-30T20:19:16,Tamil,Regular,individual,391,EMP000014,True,active,2025-04-30T20:19:16,2026-04-03T15:19:18
CUST000258,Victor,Narula,1977-03-21T05:18:38,49,Male,cust000258@mailsim.in,+917946507856,"H.No. 102, Bobal Road",Rampur,Telangana,798281,India,MXDDN9060C,XXXX-XXXX-6452,Homemaker,174388.12,Single,Indian,verified,low,2021-07-10T22:08:45,Telugu,Premium,individual,747,EMP000030,True,active,2021-07-10T22:08:45,2023-06-05T11:18:15
CUST000259,Samar,Rama,1962-07-31T10:15:57,64,Male,cust000259@mailsim.in,+919543481704,"66/506
Warrior Zila",Tadipatri,Uttar Pradesh,880788,India,YODIJ1027J,XXXX-XXXX-2013,Salaried,1303101.63,Married,Indian,pending,high,2016-07-07T21:26:05,Hindi,HNI,individual,429,EMP000067,True,active,2016-07-07T21:26:05,2026-07-26T20:20:07
CUST000260,Azad,Bath,1991-08-19T08:14:43,35,Male,cust000260@mailsim.in,+918274847434,"H.No. 81, Mitra Road",Ichalkaranji,West Bengal,624112,India,RDHTW1562T,XXXX-XXXX-6245,Salaried,825115.43,Single,Indian,verified,medium,2022-11-02T02:03:48,Telugu,Premium,individual,598,EMP000091,True,active,2022-11-02T02:03:48,2024-06-09T06:46:44
CUST000261,Urvashi,Raj,1965-05-23T10:25:48,61,Female,cust000261@mailsim.in,+917966675720,"07/283
Raman Street",Asansol,Karnataka,913735,India,EMKZR3608A,XXXX-XXXX-9977,Salaried,966885.47,Widowed,Indian,verified,high,2018-08-01T16:53:59,Telugu,Regular,individual,589,EMP000037,False,inactive,2018-08-01T16:53:59,2024-07-04T06:28:52
CUST000262,Neha,Prakash,1992-04-16T20:43:09,34,Female,cust000262@mailsim.in,+918389072233,"82/10, Ramesh Nagar",Farrukhabad,Goa,944178,India,BYHRP8239W,XXXX-XXXX-8904,Retired,361973.41,Married,Indian,verified,medium,2021-09-12T19:36:17,Tamil,Premium,individual,889,EMP000014,True,active,2021-09-12T19:36:17,2022-12-15T09:51:56
CUST000263,Jagrati,Padmanabhan,2001-03-27T16:53:04,25,Other,cust000263@mailsim.in,+917412521863,"82, Gour Street",Tadepalligudem,Punjab,596894,India,EBZQP3434U,XXXX-XXXX-7619,Salaried,716501.71,Single,Indian,verified,low,2017-11-11T07:13:08,Tamil,Premium,individual,391,EMP000100,False,blocked,2017-11-11T07:13:08,2025-10-01T11:15:48
CUST000264,Lajita,Hari,1973-09-23T12:45:38,53,Female,cust000264@mailsim.in,+917515397731,"908, Bora Chowk",Jabalpur,Delhi,186651,India,DQXFP8856I,XXXX-XXXX-2549,Retired,814909.34,Married,Indian,verified,high,2022-07-28T20:50:58,Telugu,Regular,individual,633,EMP000009,True,active,2022-07-28T20:50:58,2025-08-10T16:03:16
CUST000265,Ladli,Chaudhari,1967-08-01T11:05:22,59,Female,cust000265@mailsim.in,+917084810081,"97/552, Chaudhry Ganj",Udupi,Haryana,683071,India,VUNBV9830W,XXXX-XXXX-3033,Retired,778157.39,Married,Indian,rejected,medium,2021-11-23T15:16:03,Tamil,Student,individual,305,EMP000072,False,inactive,2021-11-23T15:16:03,2025-09-13T03:22:03
CUST000266,Bakhshi,Hari,1963-10-07T17:43:55,63,Male,cust000266@mailsim.in,+917692392816,"75
Mohan",Buxar,Tamil Nadu,689820,India,GTCDH9919F,XXXX-XXXX-7931,Student,293130.93,Single,Indian,verified,low,2024-10-13T10:17:58,Hindi,Premium,individual,890,EMP000063,True,active,2024-10-13T10:17:58,2026-04-06T07:55:49
CUST000267,Rajata,Mutti,1978-12-17T22:02:54,47,Female,cust000267@mailsim.in,+917901253806,"053
Sarin Ganj",Karimnagar,Delhi,794804,India,VGEHV3198T,XXXX-XXXX-4539,Salaried,1306031.34,Divorced,Indian,verified,medium,2025-04-24T14:56:24,English,Premium,individual,467,EMP000052,True,active,2025-04-24T14:56:24,2026-04-13T20:39:32
CUST000268,Ekalinga,Narula,1983-12-11T23:11:47,42,Male,cust000268@mailsim.in,+917303044487,"75
Sur Road",Akola,Telangana,763874,India,SFJRV3687N,XXXX-XXXX-3514,Salaried,837812.58,Widowed,Indian,verified,high,2017-06-09T02:05:08,Tamil,Regular,individual,412,EMP000088,True,active,2017-06-09T02:05:08,2024-05-10T17:42:17
CUST000269,Chaitaly,Mand,1979-09-09T22:14:57,47,Female,cust000269@mailsim.in,+917628480977,"34/11, Tripathi Nagar",Amaravati,West Bengal,386939,India,AJZJC3023F,XXXX-XXXX-9625,Salaried,1538156.61,Divorced,Indian,verified,medium,2020-09-03T09:42:42,English,Premium,individual,588,EMP000071,True,active,2020-09-03T09:42:42,2022-12-24T12:57:37
CUST000270,Tanmayi,Kala,1966-08-14T22:48:07,60,Female,cust000270@mailsim.in,+918673161789,"48/87, Pau Street",Rajahmundry,Rajasthan,461940,India,URUOW7597P,XXXX-XXXX-3090,Business Owner,2961079.8,Married,Indian,verified,low,2020-05-29T23:03:30,Hindi,Regular,individual,679,EMP000091,False,blocked,2020-05-29T23:03:30,2022-07-12T22:10:02
CUST000271,Maanav,Desai,1986-02-25T08:20:16,40,Male,cust000271@mailsim.in,+918520424503,"81/65
Anne Circle",Srikakulam,Odisha,626625,India,HYNSY4748J,XXXX-XXXX-2424,Business Owner,9500819.16,Widowed,Indian,pending,medium,2018-02-11T18:31:33,English,Regular,individual,395,EMP000022,True,active,2018-02-11T18:31:33,2019-02-03T12:21:10
CUST000272,Fitan,Varkey,1988-07-15T20:47:35,38,Male,cust000272@mailsim.in,+918820995777,"22, Dhingra",Secunderabad,Jharkhand,866296,India,DMRRN3042M,XXXX-XXXX-1227,Salaried,1347687.23,Single,Indian,verified,medium,2015-03-08T10:54:20,Hindi,Regular,individual,840,EMP000088,False,closed,2015-03-08T10:54:20,2025-07-18T20:26:28
CUST000273,Anmol,Kanda,1966-06-20T21:27:13,60,Male,cust000273@mailsim.in,+917750821255,"145
Basak Ganj",Kadapa,Tamil Nadu,484880,India,VNYKJ7115D,XXXX-XXXX-6537,Salaried,1853876.8,Married,Indian,pending,medium,2023-11-28T00:25:33,English,Regular,individual,571,EMP000028,False,blocked,2023-11-28T00:25:33,2023-12-01T11:43:36
CUST000274,Radha,Rama,1969-10-19T01:50:52,56,Female,cust000274@mailsim.in,+919761550738,"00
Chauhan Path",Firozabad,Jharkhand,965837,India,XYXWB1096T,XXXX-XXXX-8542,Business Owner,3621242.11,Divorced,Indian,verified,low,2020-03-09T02:01:20,Tamil,Regular,individual,741,EMP000063,False,blocked,2020-03-09T02:01:20,2021-11-12T20:00:11
CUST000275,Gagan,Puri,1965-06-17T11:59:04,61,Male,cust000275@mailsim.in,+919093419287,"H.No. 91
Krishnamurthy Circle",Rajahmundry,Maharashtra,263190,India,UGMJJ3984R,XXXX-XXXX-5415,Salaried,484781.49,Widowed,Indian,verified,low,2021-12-27T02:51:53,Tamil,Regular,individual,667,EMP000091,True,active,2021-12-27T02:51:53,2023-09-04T17:27:34
CUST000276,Samaksh,Pandit,1964-02-05T15:25:23,62,Male,cust000276@mailsim.in,+918422551191,"79
Thaker Nagar",Gandhidham,Karnataka,268099,India,RYYZD9012R,XXXX-XXXX-9119,Salaried,1659694.15,Married,Indian,verified,medium,2021-09-17T14:57:54,Telugu,Premium,corporate,698,EMP000017,True,active,2021-09-17T14:57:54,2022-08-24T13:14:03
CUST000277,Gayathri,Karpe,1963-08-01T19:38:44,63,Female,cust000277@mailsim.in,+917058621792,"43/22, Pathak Street",Berhampur,West Bengal,154567,India,RIZTL5742J,XXXX-XXXX-8961,Homemaker,16522.98,Widowed,Indian,verified,low,2017-08-24T12:06:10,Tamil,Regular,individual,569,EMP000090,True,active,2017-08-24T12:06:10,2021-11-08T12:15:35
CUST000278,Sarthak,Narayanan,1987-04-01T16:04:50,39,Male,cust000278@mailsim.in,+919157507853,"77, Edwin Ganj",Lucknow,Himachal Pradesh,289989,India,EWQDD7574B,XXXX-XXXX-5486,Business Owner,9908788.56,Married,Indian,verified,medium,2016-10-02T10:09:02,English,Student,individual,837,EMP000040,True,active,2016-10-02T10:09:02,2020-09-09T11:08:37
CUST000279,Jairaj,Bassi,1959-03-05T20:32:12,67,Male,cust000279@mailsim.in,+917221858647,"92/28, Din Nagar",Rourkela,Kerala,215400,India,HHJKI1779F,XXXX-XXXX-1669,Salaried,300911.08,Divorced,Indian,verified,low,2023-09-04T04:23:04,English,Regular,individual,803,EMP000047,True,active,2023-09-04T04:23:04,2025-02-04T11:19:34
CUST000280,Kai,Gole,1955-12-06T13:26:59,70,Male,cust000280@mailsim.in,+917559668981,"90/41
Sen Ganj",Ongole,Madhya Pradesh,478083,India,TJUNJ5521G,XXXX-XXXX-7292,Salaried,448292.99,Single,Indian,verified,medium,2024-05-21T13:38:30,English,Regular,corporate,495,EMP000025,True,active,2024-05-21T13:38:30,2026-04-14T01:08:39
CUST000281,Frederick,Kanda,1992-03-12T07:05:12,34,Male,cust000281@mailsim.in,+919036667107,"29/29
Lalla Circle",Tiruvottiyur,Uttar Pradesh,659475,India,SBEOG6690L,XXXX-XXXX-8347,Retired,666878.17,Single,Indian,pending,low,2020-10-31T16:39:05,Telugu,Premium,corporate,322,EMP000022,True,active,2020-10-31T16:39:05,2025-12-06T04:47:11
CUST000282,Vasana,Biswas,1974-09-17T10:45:00,52,Female,cust000282@mailsim.in,+917261105621,"62, Babu Zila",Nagaon,Uttar Pradesh,876696,India,VMNNB8172Y,XXXX-XXXX-9344,Salaried,953055.71,Widowed,Indian,verified,low,2015-10-10T09:16:57,Tamil,Regular,individual,309,EMP000066,False,blocked,2015-10-10T09:16:57,2023-07-10T09:33:56
CUST000283,Yashawini,Saini,1972-08-12T08:51:58,54,Female,cust000283@mailsim.in,+918272872328,"12/79, Barad",Tiruchirappalli,Telangana,678972,India,DFNHQ5550E,XXXX-XXXX-5430,Self-Employed,2645471.96,Single,Indian,verified,low,2020-02-29T07:48:14,Tamil,Premium,individual,655,EMP000081,False,inactive,2020-02-29T07:48:14,2025-04-23T11:46:09
CUST000284,Wridesh,De,2003-01-03T08:18:17,23,Male,cust000284@mailsim.in,+917573857452,"68/650, Sanghvi Circle",Ongole,Bihar,741185,India,HZQAJ5582F,XXXX-XXXX-5194,Homemaker,194320.94,Single,Indian,verified,medium,2024-05-06T01:50:08,Hindi,Student,individual,864,EMP000027,True,active,2024-05-06T01:50:08,2026-03-23T23:40:59
CUST000285,Rayaan,Palla,1994-08-01T07:58:13,32,Male,cust000285@mailsim.in,+917995243301,"24, Kaul Chowk",Anantapuram,Bihar,486547,India,DMMLV3885G,XXXX-XXXX-9036,Salaried,1903703.6,Married,Indian,verified,low,2021-09-23T07:46:43,Tamil,Student,individual,492,EMP000009,True,active,2021-09-23T07:46:43,2022-12-13T05:34:53
CUST000286,Samarth,Kurian,1998-11-25T12:19:37,27,Male,cust000286@mailsim.in,+919262496662,"H.No. 098, Venkatesh Zila",Gandhinagar,Gujarat,862067,India,TACJC1222Y,XXXX-XXXX-1716,Salaried,524704.38,Single,Indian,verified,high,2021-11-06T01:47:29,English,HNI,individual,408,EMP000070,True,active,2021-11-06T01:47:29,2024-09-22T09:58:20
CUST000287,Harshil,Mutti,1964-06-22T13:59:20,62,Male,cust000287@mailsim.in,+918908366487,"H.No. 12
Kulkarni Marg",Jorhat,Rajasthan,422316,India,IEBRQ3016A,XXXX-XXXX-1729,Retired,192533.78,Divorced,Indian,verified,medium,2023-03-05T06:13:56,Telugu,Regular,corporate,324,EMP000030,True,active,2023-03-05T06:13:56,2024-12-27T18:59:43
CUST000288,Siddharth,Pau,1974-07-09T14:25:40,52,Male,cust000288@mailsim.in,+919939550656,"63/688
Gola Chowk",Karaikudi,Haryana,820126,India,WVCEC2666J,XXXX-XXXX-6854,Salaried,429692.9,Divorced,Indian,verified,high,2018-11-04T14:19:17,English,Student,individual,482,EMP000055,False,blocked,2018-11-04T14:19:17,2023-05-10T17:49:29
CUST000289,Wyatt,Kulkarni,1983-12-09T12:15:27,42,Male,cust000289@mailsim.in,+919951332828,"56/21
Sekhon Ganj",Salem,Kerala,755106,India,VJCXR5348Z,XXXX-XXXX-2251,Salaried,1641055.41,Married,Indian,pending,low,2017-07-22T10:26:07,Tamil,Regular,individual,789,EMP000009,False,inactive,2017-07-22T10:26:07,2019-06-25T14:40:43
CUST000290,Jalsa,Trivedi,1973-12-13T13:29:30,52,Female,cust000290@mailsim.in,+917547761887,"H.No. 89
Dyal Nagar",Kolkata,Rajasthan,904819,India,KILSK6463E,XXXX-XXXX-5028,Self-Employed,1272918.59,Widowed,Indian,verified,low,2017-06-17T22:25:46,Tamil,Regular,individual,731,EMP000068,True,active,2017-06-17T22:25:46,2021-03-11T19:53:03
CUST000291,Chakradev,Dhillon,1955-03-13T05:41:53,71,Male,cust000291@mailsim.in,+917073678674,"61/14
Prabhakar Ganj",Narasaraopet,Punjab,685498,India,MDCXJ3283J,XXXX-XXXX-8543,Business Owner,1869332.3,Widowed,Indian,verified,medium,2018-06-17T03:15:38,English,Premium,individual,446,EMP000049,False,closed,2018-06-17T03:15:38,2024-09-10T17:46:50
CUST000292,Anjali,Rajagopalan,1980-04-17T06:16:51,46,Female,cust000292@mailsim.in,+919846478071,"84/90
Talwar Street",Hyderabad,Goa,177353,India,MPEDD5014C,XXXX-XXXX-1204,Salaried,1267611.36,Widowed,Indian,verified,low,2015-12-03T01:29:32,Tamil,Premium,individual,606,EMP000061,True,active,2015-12-03T01:29:32,2022-12-03T04:10:20
CUST000293,Harrison,Vasa,1998-11-18T18:18:38,27,Male,cust000293@mailsim.in,+917669531015,"098
Kata Circle",Vadodara,Karnataka,773662,India,ATNAV8443R,XXXX-XXXX-5227,Business Owner,9231927.19,Divorced,Indian,verified,low,2015-03-24T01:55:54,Tamil,Regular,individual,686,EMP000017,True,active,2015-03-24T01:55:54,2018-10-30T13:25:04
CUST000294,Pranit,Khare,1981-09-11T10:40:25,45,Male,cust000294@mailsim.in,+919402150664,"146, Rana Path",Dharmavaram,Himachal Pradesh,982600,India,CSMQK7233F,XXXX-XXXX-1895,Self-Employed,2449349.93,Widowed,Indian,verified,low,2018-02-15T10:24:02,English,Regular,individual,643,EMP000004,False,inactive,2018-02-15T10:24:02,2022-03-14T19:41:27
CUST000295,Irya,Vasa,1959-06-12T12:24:02,67,Female,cust000295@mailsim.in,+918327660794,"11/848, Pall",Bally,Uttar Pradesh,678490,India,FYGCO1735S,XXXX-XXXX-8926,Salaried,377657.04,Divorced,Indian,verified,low,2018-08-09T18:18:05,Hindi,HNI,corporate,812,EMP000025,True,active,2018-08-09T18:18:05,2021-04-12T19:03:57
CUST000296,Jeevika,Hayer,1963-10-25T03:49:54,62,Female,cust000296@mailsim.in,+919162852783,"90
Gill Road",Guna,Delhi,626570,India,UDPJP1612J,XXXX-XXXX-3641,Student,45461.34,Widowed,Indian,verified,medium,2016-08-28T02:20:02,Tamil,Student,individual,444,EMP000099,True,active,2016-08-28T02:20:02,2019-05-25T19:24:25
CUST000297,Chatresh,Bora,2004-08-03T10:47:34,22,Male,cust000297@mailsim.in,+918466367500,"H.No. 18
Yogi Road",Mango,Odisha,923501,India,DHQYB7350H,XXXX-XXXX-4421,Homemaker,199401.9,Single,Indian,rejected,medium,2025-05-10T13:43:41,Telugu,Regular,individual,616,EMP000071,True,active,2025-05-10T13:43:41,2025-07-17T06:39:05
CUST000298,Ranbir,Sule,1966-07-20T08:30:43,60,Male,cust000298@mailsim.in,+918203094733,"H.No. 77, Bala",Bhiwandi,Goa,480977,India,JBSLZ5194Y,XXXX-XXXX-8242,Self-Employed,2020817.83,Married,Indian,rejected,high,2020-01-11T20:17:13,Telugu,Regular,corporate,710,EMP000053,True,active,2020-01-11T20:17:13,2025-04-20T03:14:15
CUST000299,Kai,Bir,1979-12-16T04:19:10,46,Male,cust000299@mailsim.in,+918347096776,"33/565
Wason Circle",Firozabad,Punjab,187546,India,RNGWR1934X,XXXX-XXXX-5011,Retired,729770.77,Single,Indian,verified,low,2023-09-20T10:26:42,Telugu,Regular,individual,374,EMP000029,False,inactive,2023-09-20T10:26:42,2025-05-15T12:26:50
CUST000300,Kritika,Mani,1978-09-29T21:36:08,48,Female,cust000300@mailsim.in,+919298304656,"51, Gokhale Circle",Satara,Odisha,214419,India,CTXXT4268M,XXXX-XXXX-6385,Retired,158024.38,Divorced,Indian,rejected,low,2022-12-04T20:42:08,Telugu,Regular,individual,858,EMP000020,True,active,2022-12-04T20:42:08,2024-12-03T22:21:44
CUST000301,Peter,Kamdar,1993-08-31T20:25:21,33,Male,cust000301@mailsim.in,+918633310909,"373
Khurana Ganj",Tiruppur,Karnataka,947808,India,JLMBW7929I,XXXX-XXXX-5129,Salaried,1380668.4,Single,Indian,verified,low,2015-07-14T15:15:41,English,Regular,individual,729,EMP000068,False,closed,2015-07-14T15:15:41,2019-03-06T00:53:54
CUST000302,Ishwar,Jain,1958-08-28T18:31:21,68,Male,cust000302@mailsim.in,+918840540799,"52/11, Tailor Zila",Hosur,Madhya Pradesh,889762,India,HFYMN3632W,XXXX-XXXX-8156,Business Owner,3869577.58,Widowed,Indian,pending,medium,2016-07-28T09:50:21,Tamil,Regular,individual,448,EMP000042,False,inactive,2016-07-28T09:50:21,2021-12-16T04:01:14
CUST000303,Anvi,Subramaniam,1965-01-13T19:10:24,61,Female,cust000303@mailsim.in,+917487937820,"57/94
Goswami Chowk",Sikar,Bihar,375568,India,NALVD8361U,XXXX-XXXX-2596,Salaried,362026.15,Married,Indian,verified,low,2023-07-01T10:44:08,Tamil,Premium,individual,514,EMP000025,False,inactive,2023-07-01T10:44:08,2026-05-22T05:06:46
CUST000304,Indrajit,Dave,1979-10-04T03:50:50,47,Male,cust000304@mailsim.in,+918318406441,"67/80, Palan Circle",Akola,Jharkhand,958837,India,WSQLK6770R,XXXX-XXXX-7977,Self-Employed,1664875.5,Divorced,Indian,verified,low,2015-04-11T14:37:02,Telugu,Regular,individual,466,EMP000070,True,active,2015-04-11T14:37:02,2022-09-10T01:10:55
CUST000305,Vasudha,Dara,2001-11-09T00:27:57,24,Female,cust000305@mailsim.in,+919664496735,"H.No. 00
Raghavan Ganj",Anantapur,Delhi,191876,India,UCQQK9133X,XXXX-XXXX-9924,Salaried,469493.52,Widowed,Indian,verified,medium,2022-06-11T11:47:05,Hindi,Student,individual,765,EMP000071,True,active,2022-06-11T11:47:05,2024-01-24T11:28:14
CUST000306,Radhika,Lad,1963-06-20T23:41:17,63,Female,cust000306@mailsim.in,+918992637739,"43/47, Oza",Udaipur,Bihar,960270,India,QUKYU9315J,XXXX-XXXX-5384,Salaried,1795332.17,Divorced,Indian,verified,high,2020-12-18T15:18:05,Telugu,Premium,individual,724,EMP000005,False,closed,2020-12-18T15:18:05,2021-02-04T21:18:25
CUST000307,Yahvi,Samra,1990-04-25T21:38:04,36,Female,cust000307@mailsim.in,+917731908588,"55, Mammen Marg",Bokaro,Goa,550908,India,GZFQV8030E,XXXX-XXXX-7396,Salaried,1961504.58,Married,Indian,verified,low,2025-03-16T22:23:03,Tamil,Regular,individual,429,EMP000065,True,active,2025-03-16T22:23:03,2025-06-16T21:00:42
CUST000308,Ekaja,Karnik,1997-09-09T01:59:13,29,Female,cust000308@mailsim.in,+917683128129,"43/866, Dhingra Ganj",Bhalswa Jahangir Pur,Madhya Pradesh,313660,India,CAAUD9907C,XXXX-XXXX-7265,Business Owner,740253.83,Married,Indian,rejected,medium,2019-06-06T00:19:40,Hindi,Regular,individual,527,EMP000039,False,inactive,2019-06-06T00:19:40,2021-01-28T05:15:32
CUST000309,Aayush,Goda,1980-09-23T21:35:07,46,Male,cust000309@mailsim.in,+918180964952,"28
Mutti Circle",Dewas,Tamil Nadu,250753,India,QQPCL3010D,XXXX-XXXX-3323,Self-Employed,990896.51,Married,Indian,verified,low,2019-06-07T13:33:06,Hindi,Student,individual,403,EMP000063,True,active,2019-06-07T13:33:06,2026-03-13T21:57:57
CUST000310,Jeremiah,Batta,1997-07-30T10:18:17,29,Male,cust000310@mailsim.in,+918803487332,"H.No. 203
Soni Road",Hospet,Haryana,428817,India,QLEHX1515D,XXXX-XXXX-6616,Salaried,1989357.28,Widowed,Indian,rejected,medium,2016-04-19T04:34:22,English,Regular,individual,424,EMP000025,True,active,2016-04-19T04:34:22,2026-08-11T10:21:48
CUST000311,Oliver,Lad,1989-10-28T11:36:51,36,Male,cust000311@mailsim.in,+918567193396,"H.No. 88
Padmanabhan Road",Bulandshahr,Delhi,327496,India,ADCRD5483P,XXXX-XXXX-4264,Salaried,1920489.91,Divorced,Indian,verified,medium,2017-08-04T15:29:05,Telugu,Premium,individual,824,EMP000052,True,active,2017-08-04T15:29:05,2020-11-16T05:49:12
CUST000312,Darsh,Panchal,2003-10-26T23:27:45,22,Male,cust000312@mailsim.in,+917441928942,"98/24, Nair Path",Amroha,Goa,931681,India,TIUYM8309N,XXXX-XXXX-5451,Salaried,1687016.74,Single,Indian,verified,low,2019-10-13T14:05:58,Hindi,Regular,individual,365,EMP000058,False,closed,2019-10-13T14:05:58,2021-03-16T05:05:33
CUST000313,Chaaya,Raj,1972-03-21T22:21:05,54,Female,cust000313@mailsim.in,+919593653847,"22
Sama Path",Madurai,Jharkhand,469364,India,KCVLE5019C,XXXX-XXXX-4525,Retired,691259.15,Divorced,Indian,verified,low,2024-12-25T16:17:07,English,Regular,individual,636,EMP000028,True,active,2024-12-25T16:17:07,2025-12-22T03:32:03
CUST000314,Balveer,Edwin,1970-10-31T12:22:48,55,Male,cust000314@mailsim.in,+918218113941,"554
Rana Road",Raiganj,Himachal Pradesh,322481,India,NCHPW2225S,XXXX-XXXX-7909,Self-Employed,2109969.38,Widowed,Indian,verified,low,2024-07-21T21:54:55,Tamil,Regular,individual,347,EMP000036,True,active,2024-07-21T21:54:55,2025-06-14T02:20:48
CUST000315,Pratyush,Verma,1995-12-05T15:22:35,30,Male,cust000315@mailsim.in,+918015424386,"22
Dass Nagar",Chandrapur,Goa,122301,India,HQWZX5659E,XXXX-XXXX-7599,Salaried,362913.93,Single,Indian,verified,low,2020-07-24T03:05:48,Telugu,Regular,individual,608,EMP000036,True,active,2020-07-24T03:05:48,2023-04-05T14:28:19
CUST000316,Balveer,Kade,1992-11-12T15:28:16,33,Male,cust000316@mailsim.in,+917202176030,"11, Solanki Zila",Indore,Haryana,412941,India,SLWZD7126T,XXXX-XXXX-2683,Student,8786.45,Single,Indian,pending,low,2020-04-29T23:59:26,Hindi,Student,individual,531,EMP000022,True,active,2020-04-29T23:59:26,2021-01-28T10:59:35
CUST000317,Sneha,Viswanathan,1980-02-07T13:12:44,46,Female,cust000317@mailsim.in,+919955973653,"H.No. 492, Ramakrishnan Zila",Berhampur,Karnataka,372302,India,WBBHG7218I,XXXX-XXXX-3790,Salaried,1872259.29,Widowed,Indian,verified,low,2024-02-23T06:30:50,Tamil,HNI,corporate,723,EMP000082,False,closed,2024-02-23T06:30:50,2026-01-17T07:40:11
CUST000318,Krishna,Mander,1971-05-15T05:49:25,55,Female,cust000318@mailsim.in,+919104979960,"22/820
Parikh Nagar",Fatehpur,Telangana,437548,India,UMCTS6783R,XXXX-XXXX-4971,Business Owner,6765067.39,Married,Indian,verified,low,2024-10-30T20:24:56,Telugu,Regular,individual,521,EMP000060,True,active,2024-10-30T20:24:56,2026-07-28T14:34:29
CUST000319,Vivaan,Zachariah,1978-03-02T22:25:05,48,Male,cust000319@mailsim.in,+919266216479,"72/82
Shan",Loni,Jharkhand,428580,India,TILEN3130H,XXXX-XXXX-6957,Salaried,955478.77,Widowed,Indian,pending,low,2018-07-20T13:51:06,Telugu,Regular,individual,468,EMP000088,False,inactive,2018-07-20T13:51:06,2021-02-28T20:22:31
CUST000320,Nilima,Palan,1961-12-11T19:45:33,64,Female,cust000320@mailsim.in,+917460306182,"31/74
Sachar Path",Bhatpara,Delhi,352248,India,ALGMN6766I,XXXX-XXXX-2938,Homemaker,185385.54,Single,Indian,verified,low,2017-07-04T05:26:13,Telugu,Premium,individual,354,EMP000057,True,active,2017-07-04T05:26:13,2022-02-22T00:50:06
CUST000321,Max,Anne,1981-01-11T15:34:27,45,Male,cust000321@mailsim.in,+917813679990,"25/47, Anand Circle",Morena,Haryana,285225,India,PNMLR5078D,XXXX-XXXX-4597,Salaried,495819.44,Single,Indian,verified,low,2022-03-10T20:56:47,English,Regular,corporate,714,EMP000051,True,active,2022-03-10T20:56:47,2025-07-13T12:36:25
CUST000322,Netra,Andra,2002-01-25T21:27:00,24,Female,cust000322@mailsim.in,+917734564463,"H.No. 93
Prakash Nagar",Bulandshahr,Uttar Pradesh,464519,India,QSHAE8811X,XXXX-XXXX-6002,Salaried,1749358.7,Married,Indian,verified,medium,2019-07-25T22:52:00,Tamil,Regular,corporate,445,EMP000002,True,active,2019-07-25T22:52:00,2025-03-25T05:45:57
CUST000323,Tejas,Rana,1967-01-30T03:50:56,59,Male,cust000323@mailsim.in,+917733258760,"663, Buch Road",Mathura,Maharashtra,722859,India,JMAWM1740A,XXXX-XXXX-5762,Self-Employed,2539005.29,Married,Indian,pending,medium,2019-06-28T09:30:27,English,Regular,individual,763,EMP000063,False,inactive,2019-06-28T09:30:27,2025-09-27T09:17:07
CUST000324,Yauvani,Magar,2000-02-23T02:35:44,26,Female,cust000324@mailsim.in,+918970319532,"84/631
Deshpande Street",Bhubaneswar,Maharashtra,967958,India,JSXUW8935D,XXXX-XXXX-5422,Salaried,1465833.07,Single,Indian,verified,low,2023-04-11T23:08:31,Tamil,Premium,individual,809,EMP000004,True,active,2023-04-11T23:08:31,2024-04-25T13:50:02
CUST000325,Vasatika,Sethi,1984-04-23T14:47:40,42,Female,cust000325@mailsim.in,+917383428853,"97/350
Bawa Street",Gaya,Uttar Pradesh,496129,India,QZWRX8360Q,XXXX-XXXX-3866,Self-Employed,942866.13,Divorced,Indian,pending,low,2021-02-11T08:35:07,Telugu,Senior,individual,495,EMP000006,True,active,2021-02-11T08:35:07,2026-01-16T20:29:32
CUST000326,Charan,Manda,1996-09-02T11:24:01,30,Male,cust000326@mailsim.in,+918954328975,"703
Dora Zila",Kumbakonam,Goa,931023,India,UHZMR8640V,XXXX-XXXX-3461,Self-Employed,1664921.27,Divorced,Indian,verified,medium,2017-02-03T01:18:45,Hindi,Regular,individual,601,EMP000002,True,active,2017-02-03T01:18:45,2024-10-24T05:33:02
CUST000327,Ikbal,Oommen,1995-05-11T21:00:12,31,Male,cust000327@mailsim.in,+918313493359,"H.No. 75
Balay Chowk",Jodhpur,Maharashtra,551226,India,JVBDW9224V,XXXX-XXXX-3540,Salaried,1921264.93,Divorced,Indian,verified,medium,2017-02-06T00:04:32,Telugu,Premium,individual,524,EMP000005,True,active,2017-02-06T00:04:32,2025-02-24T05:27:28
CUST000328,Elijah,Bhalla,2001-03-04T05:10:41,25,Male,cust000328@mailsim.in,+917421502469,"18
Golla Chowk",Chandrapur,Telangana,416693,India,PELWU3280V,XXXX-XXXX-4268,Homemaker,50004.09,Widowed,Indian,verified,low,2021-07-28T00:24:30,English,Regular,corporate,772,EMP000070,True,active,2021-07-28T00:24:30,2023-02-17T17:37:43
CUST000329,Sai,Arora,1984-09-24T00:43:05,42,Female,cust000329@mailsim.in,+918897951774,"36/730, Sharma Ganj",Saharsa,Madhya Pradesh,628288,India,YSMLK7721O,XXXX-XXXX-1453,Salaried,1851349.1,Single,Indian,rejected,low,2016-08-19T18:51:57,Tamil,Premium,individual,548,EMP000075,True,active,2016-08-19T18:51:57,2025-05-07T12:40:45
CUST000330,Ishita,Solanki,1993-06-27T10:23:21,33,Female,cust000330@mailsim.in,+918686458974,"45/208
Das Circle",Ongole,Gujarat,522515,India,RMTNV2387B,XXXX-XXXX-5426,Salaried,1710820.29,Single,Indian,verified,low,2019-12-28T18:30:25,Hindi,Premium,individual,362,EMP000016,True,active,2019-12-28T18:30:25,2026-04-16T08:10:15
CUST000331,Manthan,Issac,2003-10-15T22:09:31,22,Male,cust000331@mailsim.in,+919217337132,"H.No. 313
Nair Marg",Rourkela,Gujarat,689351,India,TMFRW5929U,XXXX-XXXX-6093,Self-Employed,2213597.72,Single,Indian,pending,medium,2015-11-26T10:57:19,Tamil,Regular,individual,423,EMP000067,True,active,2015-11-26T10:57:19,2017-07-20T08:18:28
CUST000332,Lakshit,Dar,1956-09-04T20:06:10,70,Male,cust000332@mailsim.in,+917239028498,"009
Dubey Chowk",Hubli–Dharwad,Delhi,414492,India,KZVVO8194V,XXXX-XXXX-3018,Salaried,1035001.29,Single,Indian,verified,medium,2023-08-09T23:02:07,Tamil,Regular,individual,859,EMP000026,True,active,2023-08-09T23:02:07,2025-08-18T15:30:25
CUST000333,Jeet,Dugar,1961-10-22T00:03:57,64,Male,cust000333@mailsim.in,+919867748200,"H.No. 950
Parekh Nagar",Jorhat,Telangana,510191,India,KUMVD5643O,XXXX-XXXX-2968,Self-Employed,1779785.44,Single,Indian,verified,low,2025-01-06T10:49:18,Telugu,Regular,corporate,442,EMP000060,True,active,2025-01-06T10:49:18,2026-07-22T01:44:06
CUST000334,Chatresh,Dass,1965-10-09T22:17:37,61,Male,cust000334@mailsim.in,+919161251707,"585
Hans Chowk",Burhanpur,Uttar Pradesh,465779,India,XNNED6558O,XXXX-XXXX-3294,Self-Employed,979352.4,Divorced,Indian,pending,low,2021-01-31T23:11:54,Telugu,Regular,individual,484,EMP000074,True,active,2021-01-31T23:11:54,2025-05-26T02:23:00
CUST000335,Rachita,Desai,1963-10-22T19:12:39,62,Female,cust000335@mailsim.in,+919494193674,"H.No. 778
Suri Road",Tezpur,Punjab,712885,India,QKBWE2581V,XXXX-XXXX-2740,Student,149830.17,Widowed,Indian,verified,low,2020-07-06T17:48:27,Tamil,Regular,corporate,693,EMP000097,True,active,2020-07-06T17:48:27,2024-02-01T19:27:52
CUST000336,Girik,Pall,1972-01-17T19:26:11,54,Male,cust000336@mailsim.in,+917313024503,"74/982
Wali Zila",Hospet,Odisha,900432,India,JQAEC8364M,XXXX-XXXX-3182,Retired,989983.78,Married,Indian,verified,low,2016-12-12T07:34:06,Hindi,Regular,individual,744,EMP000068,True,active,2016-12-12T07:34:06,2020-03-21T04:47:56
CUST000337,Manbir,Lall,2000-07-02T14:11:03,26,Male,cust000337@mailsim.in,+917603711730,"08
Goyal Marg",Udupi,Maharashtra,477027,India,UOWIR9653P,XXXX-XXXX-4115,Salaried,1715084.95,Widowed,Indian,verified,low,2016-08-20T19:17:44,Tamil,HNI,individual,685,EMP000010,True,active,2016-08-20T19:17:44,2026-04-27T09:27:24
CUST000338,Rajata,Khare,1975-04-18T11:19:35,51,Female,cust000338@mailsim.in,+917990305666,"18/638
Dube Chowk",North Dumdum,Karnataka,730707,India,OAVHV7396W,XXXX-XXXX-6863,Salaried,415519.79,Married,Indian,rejected,low,2016-09-19T01:14:16,Tamil,Student,corporate,812,EMP000040,True,active,2016-09-19T01:14:16,2023-07-05T17:11:19
CUST000339,Tara,Nagy,1962-07-18T19:11:54,64,Female,cust000339@mailsim.in,+918129804325,"H.No. 810, Gokhale Street",Panihati,Maharashtra,133842,India,IGITD9963X,XXXX-XXXX-6400,Business Owner,9279655.49,Single,Indian,verified,low,2024-11-30T05:20:10,English,Regular,individual,726,EMP000077,True,active,2024-11-30T05:20:10,2026-06-27T10:41:21
CUST000340,Chatresh,Sunder,1992-07-10T17:58:26,34,Male,cust000340@mailsim.in,+918161824754,"H.No. 096, Vora Chowk",Dhanbad,Karnataka,209116,India,ANQLH4731A,XXXX-XXXX-1906,Business Owner,750361.28,Married,Indian,verified,medium,2023-02-22T23:34:40,English,Premium,individual,686,EMP000090,False,blocked,2023-02-22T23:34:40,2023-09-05T12:45:58
CUST000341,Qadim,Kant,1964-05-17T07:15:54,62,Male,cust000341@mailsim.in,+919644210361,"H.No. 371, Bhat Chowk",Proddatur,Punjab,468877,India,FLBGP4721N,XXXX-XXXX-9785,Self-Employed,1790536.11,Single,Indian,pending,low,2016-12-19T05:00:58,English,Regular,individual,484,EMP000037,True,active,2016-12-19T05:00:58,2017-09-16T20:55:47
CUST000342,Triya,Pillay,1971-08-15T17:25:30,55,Female,cust000342@mailsim.in,+918708618083,"48/01, Brahmbhatt Road",Kadapa,Assam,789525,India,DBGOM6848H,XXXX-XXXX-8266,Salaried,1512327.56,Divorced,Indian,pending,low,2019-12-22T23:44:47,Tamil,Premium,individual,854,EMP000065,True,active,2019-12-22T23:44:47,2020-11-11T06:44:50
CUST000343,Chasmum,Chaudhuri,2003-01-04T08:08:23,23,Female,cust000343@mailsim.in,+917874261776,"63/38, Gola Ganj",Aligarh,Gujarat,982298,India,ZFTFJ3325B,XXXX-XXXX-4851,Salaried,1487181.3,Widowed,Indian,rejected,low,2023-04-10T04:32:51,English,Regular,individual,607,EMP000011,True,active,2023-04-10T04:32:51,2023-07-11T23:04:19
CUST000344,Rachita,Shanker,1988-09-16T04:15:31,38,Female,cust000344@mailsim.in,+918652116078,"H.No. 228
Thaman Marg",Sangli-Miraj & Kupwad,Odisha,146573,India,FJRNR1512R,XXXX-XXXX-6698,Salaried,1893280.61,Divorced,Indian,pending,high,2015-04-28T02:53:17,Tamil,HNI,individual,744,EMP000055,False,inactive,2015-04-28T02:53:17,2016-04-17T01:01:47
CUST000345,Vaishnavi,Pandey,2004-01-31T22:26:03,22,Female,cust000345@mailsim.in,+919296782642,"55/66
Khosla Path",Gandhinagar,Odisha,544423,India,OONEJ4903E,XXXX-XXXX-1248,Student,84210.04,Divorced,Indian,verified,low,2019-11-21T22:56:56,Hindi,Regular,individual,580,EMP000047,False,inactive,2019-11-21T22:56:56,2022-03-05T22:12:13
CUST000346,Lakshmi,Parsa,1996-05-16T21:38:13,30,Female,cust000346@mailsim.in,+919441435837,"60
Mane Nagar",Kadapa,Madhya Pradesh,976609,India,GEMLM6877P,XXXX-XXXX-4569,Business Owner,4381803.44,Single,Indian,verified,medium,2015-03-18T16:08:33,Hindi,Senior,individual,564,EMP000099,True,active,2015-03-18T16:08:33,2019-11-28T13:46:18
CUST000347,Ekansh,Mittal,1970-06-23T12:40:05,56,Male,cust000347@mailsim.in,+919654072061,"H.No. 33, Bains Path",Begusarai,Karnataka,343974,India,CBRWP1687R,XXXX-XXXX-4734,Salaried,403381.88,Divorced,Indian,rejected,low,2017-12-20T06:37:41,Hindi,Premium,individual,540,EMP000045,True,active,2017-12-20T06:37:41,2019-10-29T14:16:00
CUST000348,Faras,Chandra,1989-10-10T20:33:40,36,Male,cust000348@mailsim.in,+918399253304,"52, Lanka Street",Ballia,Goa,489398,India,VRBLH1404K,XXXX-XXXX-6902,Salaried,869475.83,Widowed,Indian,pending,low,2016-04-26T06:12:52,Hindi,Premium,individual,345,EMP000038,True,active,2016-04-26T06:12:52,2018-11-14T17:16:06
CUST000349,Jeet,Kaul,1996-06-11T17:24:19,30,Male,cust000349@mailsim.in,+919193852715,"H.No. 19
Kalla Marg",Anantapur,Jharkhand,921524,India,PIFVA3458M,XXXX-XXXX-2285,Retired,959661.41,Married,Indian,verified,high,2018-08-07T02:07:50,Telugu,Premium,individual,840,EMP000007,False,inactive,2018-08-07T02:07:50,2023-10-06T06:56:15
CUST000350,Warhi,Ghose,1985-01-04T13:08:10,41,Female,cust000350@mailsim.in,+919470653046,"91/940
Raj",Pimpri-Chinchwad,Kerala,355882,India,IUZGI2890W,XXXX-XXXX-4949,Self-Employed,1446020.96,Widowed,Indian,verified,low,2020-05-23T09:25:20,English,Student,individual,535,EMP000058,True,active,2020-05-23T09:25:20,2023-12-15T17:09:33
CUST000351,Oviya,Pall,1963-07-11T21:10:53,63,Female,cust000351@mailsim.in,+918750703556,"13
Apte",Meerut,Goa,798249,India,DGHIC7898Q,XXXX-XXXX-3431,Salaried,1279219.98,Married,Indian,pending,medium,2024-02-23T15:05:39,English,Regular,individual,867,EMP000092,True,active,2024-02-23T15:05:39,2026-02-22T12:45:16
CUST000352,Michael,Viswanathan,1957-04-26T22:55:38,69,Male,cust000352@mailsim.in,+917716983087,"H.No. 89, Narain Street",Jamnagar,Tamil Nadu,238808,India,NNKKD4955W,XXXX-XXXX-5806,Business Owner,1630781.61,Divorced,Indian,verified,medium,2022-05-04T17:59:37,English,Regular,corporate,759,EMP000053,True,active,2022-05-04T17:59:37,2026-03-02T02:03:39
CUST000353,Aryan,Ramaswamy,1987-06-20T12:50:38,39,Male,cust000353@mailsim.in,+919532132885,"98/13
Mann Marg",Siliguri,Jharkhand,187859,India,DAPRL6250O,XXXX-XXXX-3895,Business Owner,5332338.32,Divorced,Indian,rejected,low,2017-04-16T09:49:58,Hindi,Regular,individual,830,EMP000068,True,active,2017-04-16T09:49:58,2025-12-08T10:16:07
CUST000354,Dominic,Nayar,1976-12-19T05:44:46,49,Male,cust000354@mailsim.in,+917766290059,"90, Rastogi Circle",Guwahati,Gujarat,143971,India,VTZFN6150D,XXXX-XXXX-6690,Retired,356311.86,Single,Indian,verified,low,2021-07-14T12:20:02,Tamil,Student,individual,565,EMP000078,True,active,2021-07-14T12:20:02,2022-06-09T05:10:24
CUST000355,Sudiksha,Thaker,1964-08-05T15:38:38,62,Female,cust000355@mailsim.in,+919184842002,"22/783
Rana Chowk",Kishanganj,Rajasthan,128678,India,PBXNF9001A,XXXX-XXXX-7054,Retired,282826.85,Widowed,Indian,verified,low,2016-08-19T08:58:51,Telugu,Regular,individual,422,EMP000057,True,active,2016-08-19T08:58:51,2023-12-27T09:09:05
CUST000356,Jatin,Kibe,1964-04-23T15:08:05,62,Male,cust000356@mailsim.in,+917500203208,"H.No. 65, Chakraborty",Haridwar,Punjab,942678,India,CUSIN5523O,XXXX-XXXX-9402,Self-Employed,2081828.13,Single,Indian,verified,low,2019-09-27T05:57:02,English,Regular,corporate,833,EMP000041,True,active,2019-09-27T05:57:02,2021-05-10T19:06:17
CUST000357,Udyati,Pau,1997-08-09T07:44:41,29,Female,cust000357@mailsim.in,+919694168784,"559
Mody Nagar",Etawah,Maharashtra,357859,India,DJYRG3481P,XXXX-XXXX-4065,Retired,760204.62,Divorced,Indian,verified,medium,2015-08-10T10:27:10,English,Senior,corporate,519,EMP000001,False,blocked,2015-08-10T10:27:10,2022-12-30T04:45:52
CUST000358,Vaishnavi,Dhingra,1969-03-11T11:06:55,57,Female,cust000358@mailsim.in,+919954858727,"H.No. 335
Chada Street",Meerut,Telangana,743173,India,JPQMR3950J,XXXX-XXXX-4799,Salaried,1787566.42,Widowed,Indian,verified,medium,2018-01-11T18:26:18,Hindi,Premium,individual,524,EMP000015,True,active,2018-01-11T18:26:18,2022-12-01T19:26:53
CUST000359,Jairaj,Divan,1971-11-02T01:37:02,54,Male,cust000359@mailsim.in,+918996025623,"H.No. 514
Sinha Chowk",Bathinda,Madhya Pradesh,792702,India,CSSUM9014T,XXXX-XXXX-7750,Self-Employed,2124221.41,Single,Indian,verified,low,2022-03-25T00:30:13,Telugu,Regular,individual,567,EMP000087,True,active,2022-03-25T00:30:13,2024-12-05T19:50:42
CUST000360,Jagrati,Yogi,1983-12-08T09:15:11,42,Female,cust000360@mailsim.in,+917234648513,"884, Subramanian Circle",Surat,Telangana,609089,India,SIVIK3728R,XXXX-XXXX-4378,Self-Employed,2382745.61,Single,Indian,rejected,medium,2021-10-13T07:23:52,Hindi,Regular,individual,321,EMP000049,True,active,2021-10-13T07:23:52,2022-07-20T17:07:39
CUST000361,Raghav,Vyas,1979-01-01T10:07:19,47,Male,cust000361@mailsim.in,+917211377709,"H.No. 20, Iyer Road",Meerut,Jharkhand,320686,India,JFENW4757J,XXXX-XXXX-3644,Student,273196.13,Divorced,Indian,verified,medium,2024-05-28T13:33:30,Tamil,Senior,individual,320,EMP000097,True,active,2024-05-28T13:33:30,2026-08-24T12:57:57
CUST000362,Viraj,Anand,1987-12-31T06:05:14,38,Male,cust000362@mailsim.in,+918294788502,"45, Bahl Zila",Kharagpur,Maharashtra,341177,India,QRATV7190U,XXXX-XXXX-7565,Salaried,523028.42,Divorced,Indian,pending,low,2015-09-20T18:01:16,Telugu,Regular,individual,854,EMP000078,True,active,2015-09-20T18:01:16,2018-04-21T07:10:14
CUST000363,Kala,Rai,1981-08-13T10:29:41,45,Female,cust000363@mailsim.in,+918340844558,"H.No. 79, Chakrabarti Circle",Davanagere,Madhya Pradesh,545804,India,NAHFG8723M,XXXX-XXXX-5771,Salaried,1030208.77,Married,Indian,rejected,medium,2018-04-22T05:44:28,Telugu,Regular,individual,818,EMP000032,False,inactive,2018-04-22T05:44:28,2021-07-23T08:10:25
CUST000364,Zashil,Shankar,1981-10-15T02:29:42,44,Male,cust000364@mailsim.in,+917465163417,"H.No. 384, Suri Path",Sangli-Miraj & Kupwad,Odisha,334944,India,PAULM2785U,XXXX-XXXX-6089,Salaried,865140.31,Single,Indian,verified,low,2021-05-05T02:40:10,Telugu,Premium,individual,712,EMP000079,True,active,2021-05-05T02:40:10,2025-05-15T06:28:52
CUST000365,Adya,Palan,1970-10-26T01:45:08,55,Female,cust000365@mailsim.in,+918082434192,"H.No. 43
Majumdar Circle",Bardhaman,Bihar,426584,India,TVARP1091I,XXXX-XXXX-4427,Self-Employed,2314106.2,Widowed,Indian,verified,low,2016-01-02T04:43:11,Tamil,Regular,individual,826,EMP000072,True,active,2016-01-02T04:43:11,2017-05-22T05:04:59
CUST000366,Rishi,Balan,1960-04-10T09:12:11,66,Male,cust000366@mailsim.in,+917058516889,"256
Chahal Street",Saharsa,Rajasthan,645195,India,TELZB7949P,XXXX-XXXX-3797,Retired,663548.42,Widowed,Indian,verified,medium,2021-05-23T10:21:52,Telugu,Regular,individual,745,EMP000038,True,active,2021-05-23T10:21:52,2023-09-12T17:36:52
CUST000367,Jhalak,Sahni,1980-04-15T23:00:33,46,Female,cust000367@mailsim.in,+917607813459,"26/49, Sen Path",Tiruppur,Kerala,648668,India,RUYJP8735O,XXXX-XXXX-4450,Self-Employed,2821367.0,Married,Indian,verified,medium,2024-08-04T09:29:52,Telugu,Regular,individual,453,EMP000061,True,active,2024-08-04T09:29:52,2024-09-25T11:21:47
CUST000368,Ekapad,Jain,2002-09-25T23:57:16,24,Male,cust000368@mailsim.in,+917403073439,"H.No. 82, Dhillon Marg",Ratlam,Uttarakhand,580870,India,IBMEJ4703L,XXXX-XXXX-1231,Homemaker,185575.9,Divorced,Indian,verified,high,2018-03-12T04:02:23,Telugu,Premium,individual,712,EMP000033,True,active,2018-03-12T04:02:23,2022-12-19T11:36:18
CUST000369,Bhavna,Walia,1960-04-09T16:18:31,66,Female,cust000369@mailsim.in,+917929609034,"520, Sachdev Path",Avadi,Telangana,286987,India,GCUPT6409S,XXXX-XXXX-5542,Self-Employed,2906644.89,Widowed,Indian,verified,low,2025-01-30T12:45:10,Tamil,Senior,individual,450,EMP000019,True,active,2025-01-30T12:45:10,2025-06-07T13:11:24
CUST000370,Timothy,Mahal,1960-04-17T10:00:24,66,Male,cust000370@mailsim.in,+918888449953,"122, Loke Nagar",Kavali,Bihar,797137,India,MHTGK7316W,XXXX-XXXX-8773,Self-Employed,1193976.57,Divorced,Indian,verified,medium,2015-11-21T07:00:56,Tamil,Senior,corporate,584,EMP000092,True,active,2015-11-21T07:00:56,2018-04-27T03:25:19
CUST000371,Kala,Kashyap,1988-05-08T08:09:46,38,Female,cust000371@mailsim.in,+919396184086,"H.No. 17, Thakkar Street",Dindigul,Bihar,783768,India,JAJMR7948G,XXXX-XXXX-4129,Retired,444211.67,Married,Indian,rejected,high,2019-04-06T19:05:23,Tamil,Regular,individual,305,EMP000076,True,active,2019-04-06T19:05:23,2021-11-26T03:29:52
CUST000372,Hiral,Ram,1972-04-08T05:55:59,54,Female,cust000372@mailsim.in,+919606076280,"22
Kara Ganj",Alappuzha,Telangana,135156,India,QQKZS5492U,XXXX-XXXX-1937,Salaried,1950939.18,Single,Indian,pending,high,2023-07-22T05:58:44,Telugu,Regular,individual,858,EMP000014,False,blocked,2023-07-22T05:58:44,2023-09-19T13:56:21
CUST000373,Advika,Madan,2003-07-17T10:15:36,23,Female,cust000373@mailsim.in,+917759812661,"331
Sarna Street",Anantapur,Gujarat,186847,India,KVBQB2597R,XXXX-XXXX-5546,Salaried,1971785.83,Married,Indian,verified,medium,2017-08-09T21:36:34,Hindi,HNI,individual,624,EMP000091,True,active,2017-08-09T21:36:34,2020-06-26T08:33:42
CUST000374,Vasudha,Koshy,1979-12-04T08:33:17,46,Female,cust000374@mailsim.in,+919853985738,"09
Munshi Marg",Pudukkottai,Haryana,536604,India,VRBVN5368C,XXXX-XXXX-3827,Retired,499058.98,Divorced,Indian,verified,medium,2023-10-14T10:16:09,Telugu,Regular,individual,303,EMP000040,True,active,2023-10-14T10:16:09,2024-12-12T16:53:55
CUST000375,Anirudh,Verma,1986-09-23T18:19:04,40,Male,cust000375@mailsim.in,+917369776212,"70, Venkataraman Ganj",Thane,Goa,585496,India,CXECI1329Y,XXXX-XXXX-3774,Self-Employed,2408462.7,Married,Indian,verified,low,2024-08-31T12:08:18,Tamil,Regular,individual,495,EMP000096,False,inactive,2024-08-31T12:08:18,2026-04-10T13:52:41
CUST000376,Rishi,Varty,1980-10-23T19:30:04,45,Male,cust000376@mailsim.in,+917603125391,"476, Mangal Road",Rourkela,Goa,430868,India,KVHFZ5249W,XXXX-XXXX-8202,Business Owner,3013178.86,Widowed,Indian,verified,low,2019-11-19T19:57:33,Telugu,HNI,individual,474,EMP000005,True,active,2019-11-19T19:57:33,2024-11-11T01:20:52
CUST000377,Udyati,Menon,1969-05-03T01:15:08,57,Female,cust000377@mailsim.in,+919929243938,"82/771, Chowdhury Circle",Bhimavaram,Kerala,317523,India,IZOTG9409Y,XXXX-XXXX-4452,Salaried,738963.54,Widowed,Indian,verified,high,2022-05-19T20:54:30,Tamil,Regular,individual,630,EMP000048,True,active,2022-05-19T20:54:30,2025-08-05T23:55:55
CUST000378,Ekanta,Ramaswamy,1976-12-08T14:24:59,49,Female,cust000378@mailsim.in,+917033922944,"H.No. 70
Setty Street",Malda,Rajasthan,541878,India,MIXEJ3666O,XXXX-XXXX-9958,Business Owner,2268526.9,Single,Indian,verified,medium,2016-10-12T01:00:59,Telugu,Premium,individual,549,EMP000033,True,active,2016-10-12T01:00:59,2023-02-17T02:50:17
CUST000379,Chakradev,Krishna,1982-04-19T17:09:00,44,Male,cust000379@mailsim.in,+918006323925,"21/117
Chada Path",Sasaram,Jharkhand,213094,India,KUYKA9391F,XXXX-XXXX-5924,Business Owner,8922654.84,Married,Indian,rejected,medium,2020-02-09T05:05:12,Tamil,Regular,individual,355,EMP000012,True,active,2020-02-09T05:05:12,2022-09-27T02:11:35
CUST000380,Fariq,Radhakrishnan,1978-07-21T10:09:08,48,Male,cust000380@mailsim.in,+918978209240,"H.No. 259
Gaba Street",Mangalore,Maharashtra,790601,India,DWHCG4331N,XXXX-XXXX-2477,Student,217240.32,Married,Indian,verified,medium,2022-10-21T08:19:06,Hindi,Regular,individual,402,EMP000061,True,active,2022-10-21T08:19:06,2025-02-21T11:25:54
CUST000381,Ati,Saini,1987-02-21T05:28:20,39,Female,cust000381@mailsim.in,+918042568977,"H.No. 74
Dalal Street",Panihati,Delhi,506400,India,DTDUX7956T,XXXX-XXXX-7452,Business Owner,5574094.15,Divorced,Indian,verified,medium,2021-05-27T04:40:03,English,Regular,individual,540,EMP000048,False,inactive,2021-05-27T04:40:03,2024-06-25T18:15:18
CUST000382,Aadhya,Kulkarni,1996-07-19T17:06:57,30,Female,cust000382@mailsim.in,+917331870528,"77, Ahluwalia Circle",Patiala,West Bengal,244787,India,MBHCJ3947N,XXXX-XXXX-3469,Salaried,784439.01,Widowed,Indian,verified,low,2025-03-12T02:44:05,Hindi,Senior,individual,467,EMP000051,True,active,2025-03-12T02:44:05,2026-08-24T02:28:12
CUST000383,Ikbal,Soni,1960-08-16T00:57:40,66,Male,cust000383@mailsim.in,+917435531580,"71
Ahuja",Motihari,Haryana,942583,India,UEDNR1189P,XXXX-XXXX-7581,Self-Employed,1382879.79,Single,Indian,verified,low,2020-11-21T18:02:26,English,Premium,individual,761,EMP000065,True,active,2020-11-21T18:02:26,2024-01-24T01:54:38
CUST000384,Maya,Johal,1991-05-30T02:20:45,35,Female,cust000384@mailsim.in,+917768110072,"205, Dhillon Nagar",Gangtok,Bihar,657540,India,TWCAY5224G,XXXX-XXXX-9436,Student,243850.53,Widowed,Indian,verified,low,2021-03-17T04:08:02,English,Regular,individual,675,EMP000007,True,active,2021-03-17T04:08:02,2026-04-22T05:17:06
CUST000385,Manthan,Narula,1977-12-18T15:46:16,48,Male,cust000385@mailsim.in,+917101062079,"H.No. 162, Mane Street",Sirsa,Uttarakhand,380216,India,EJAIQ2829L,XXXX-XXXX-1599,Business Owner,5547051.08,Widowed,Indian,verified,low,2020-01-15T04:15:43,English,Regular,individual,805,EMP000056,True,active,2020-01-15T04:15:43,2022-05-17T15:05:52
CUST000386,Pranit,Banik,1997-01-01T14:40:42,29,Male,cust000386@mailsim.in,+919248667688,"H.No. 55, Bir Marg",Jamalpur,Goa,580687,India,BIAPS2656M,XXXX-XXXX-9398,Salaried,1966453.03,Single,Indian,verified,medium,2019-02-25T18:56:07,Hindi,Regular,individual,563,EMP000093,False,blocked,2019-02-25T18:56:07,2024-09-15T06:20:49
CUST000387,Bachittar,Master,1984-06-30T02:12:52,42,Male,cust000387@mailsim.in,+919451975887,"145
Sachdev Circle",Bhagalpur,Telangana,417929,India,QOUSB8748G,XXXX-XXXX-8158,Business Owner,3110474.16,Married,Indian,verified,medium,2016-12-24T10:37:05,Telugu,Student,individual,579,EMP000001,True,active,2016-12-24T10:37:05,2023-11-28T14:07:02
CUST000388,Barkha,Chopra,1999-09-22T02:41:53,27,Female,cust000388@mailsim.in,+918986169934,"94, Nadig Marg",Hajipur,Himachal Pradesh,928645,India,ZIFAI2044T,XXXX-XXXX-5715,Salaried,1537878.75,Widowed,Indian,verified,medium,2017-03-17T08:14:59,Hindi,Premium,individual,871,EMP000002,True,active,2017-03-17T08:14:59,2023-01-16T08:46:06
CUST000389,Peter,Dayal,1985-03-29T04:49:35,41,Male,cust000389@mailsim.in,+919143079797,"77/29
Mannan Ganj",Mumbai,Uttar Pradesh,658094,India,SRGAW2287U,XXXX-XXXX-8971,Salaried,1254253.75,Divorced,Indian,verified,medium,2017-08-01T02:52:10,Hindi,Regular,individual,762,EMP000087,True,active,2017-08-01T02:52:10,2025-07-14T07:38:37
CUST000390,Dhriti,Bajwa,1966-05-07T04:53:07,60,Female,cust000390@mailsim.in,+918784099319,"13/966
Nath Nagar",Karaikudi,Maharashtra,887887,India,ZOMGX3157M,XXXX-XXXX-3023,Salaried,464865.7,Married,Indian,verified,low,2020-12-24T22:19:34,Hindi,Regular,individual,710,EMP000071,True,active,2020-12-24T22:19:34,2024-06-16T03:30:02
CUST000391,Hitesh,Apte,1995-10-12T09:40:46,30,Male,cust000391@mailsim.in,+918559823360,"44/144, Naik Circle",Raipur,Delhi,796500,India,XYTIN7425H,XXXX-XXXX-7618,Salaried,1141216.46,Widowed,Indian,verified,high,2019-09-29T21:33:30,Tamil,Student,individual,595,EMP000001,True,active,2019-09-29T21:33:30,2024-04-10T19:59:31
CUST000392,Osha,Om,1999-08-27T16:56:54,27,Female,cust000392@mailsim.in,+917422294460,"99/023
Nigam Path",Bhalswa Jahangir Pur,Haryana,708339,India,QZKQQ3270T,XXXX-XXXX-9247,Student,299672.97,Widowed,Indian,rejected,low,2017-12-06T10:51:51,Tamil,Regular,individual,393,EMP000048,True,active,2017-12-06T10:51:51,2018-04-26T15:02:38
CUST000393,Anita,Deshpande,1999-07-07T03:25:07,27,Female,cust000393@mailsim.in,+917829064294,"785
Sachdev Chowk",Saharsa,Rajasthan,580005,India,JWEYX6287E,XXXX-XXXX-5800,Business Owner,1115721.82,Single,Indian,verified,low,2021-08-16T06:29:50,Tamil,Premium,individual,547,EMP000023,True,active,2021-08-16T06:29:50,2025-07-19T19:26:20
CUST000394,Mason,Mutti,1996-02-07T16:05:16,30,Male,cust000394@mailsim.in,+917684044771,"955, Dixit Zila",Ludhiana,West Bengal,584664,India,SBTRK9515P,XXXX-XXXX-7313,Self-Employed,397023.72,Widowed,Indian,rejected,medium,2020-08-20T08:57:26,English,Premium,individual,846,EMP000092,False,inactive,2020-08-20T08:57:26,2020-11-02T01:39:28
CUST000395,Pallavi,Prashad,1959-01-25T23:53:55,67,Female,cust000395@mailsim.in,+917171396931,"96/29, Morar Zila",Patna,Punjab,518832,India,SNQLD3391I,XXXX-XXXX-2831,Self-Employed,2221583.8,Divorced,Indian,verified,low,2019-12-26T09:49:08,Tamil,HNI,individual,399,EMP000043,False,inactive,2019-12-26T09:49:08,2025-06-12T03:27:39
CUST000396,Laban,Sachdev,2003-04-03T08:24:58,23,Male,cust000396@mailsim.in,+918116689578,"35, Mittal Chowk",Loni,Madhya Pradesh,409636,India,RILGH1585Y,XXXX-XXXX-3294,Business Owner,1906227.76,Divorced,Indian,verified,medium,2023-05-13T13:15:55,Hindi,Premium,individual,462,EMP000073,True,active,2023-05-13T13:15:55,2026-01-22T06:34:05
CUST000397,Nidhi,Gill,2000-10-25T10:23:56,25,Female,cust000397@mailsim.in,+919985356699,"H.No. 03, Sawhney Zila",Karawal Nagar,Gujarat,253643,India,PWGFW5963E,XXXX-XXXX-1197,Salaried,741015.99,Widowed,Indian,verified,high,2020-01-07T07:38:09,Hindi,Premium,individual,813,EMP000041,True,active,2020-01-07T07:38:09,2024-06-20T06:30:08
CUST000398,Yamini,Dube,1988-01-08T20:23:11,38,Female,cust000398@mailsim.in,+919070399674,"H.No. 78, Narang Road",Navi Mumbai,Rajasthan,607509,India,XAYII4675E,XXXX-XXXX-5559,Salaried,1334690.1,Single,Indian,verified,low,2017-11-16T21:07:58,Telugu,Premium,individual,312,EMP000096,False,inactive,2017-11-16T21:07:58,2021-10-05T22:19:54
CUST000399,Dominic,Jha,1957-03-27T06:08:31,69,Male,cust000399@mailsim.in,+918415256506,"68, Agrawal Zila",Varanasi,Jharkhand,170461,India,HZWNC1917O,XXXX-XXXX-9567,Business Owner,2855733.49,Divorced,Indian,pending,low,2021-10-12T03:19:05,Tamil,Regular,individual,481,EMP000006,True,active,2021-10-12T03:19:05,2024-01-15T20:04:07
CUST000400,Caleb,Nath,1967-12-06T19:51:52,58,Male,cust000400@mailsim.in,+917569293373,"H.No. 184
Muni Nagar",Pondicherry,Jharkhand,417467,India,BFPPM9797Z,XXXX-XXXX-1836,Self-Employed,1092803.35,Single,Indian,verified,low,2016-01-31T14:59:57,English,Regular,individual,520,EMP000077,False,blocked,2016-01-31T14:59:57,2024-05-16T04:06:09
CUST000401,Harish,Hans,1984-03-30T15:13:48,42,Male,cust000401@mailsim.in,+918901132111,"H.No. 85
Dalal Chowk",Jalgaon,Uttar Pradesh,717545,India,UPLAT5435P,XXXX-XXXX-3892,Salaried,858686.98,Widowed,Indian,verified,high,2016-11-23T23:38:59,Hindi,Regular,individual,649,EMP000036,True,active,2016-11-23T23:38:59,2026-06-12T13:27:06
CUST000402,Gaurangi,Mahal,1962-08-02T14:28:44,64,Female,cust000402@mailsim.in,+918370985965,"H.No. 988, Jhaveri Zila",Jamalpur,Jharkhand,593361,India,METRC8261K,XXXX-XXXX-9824,Self-Employed,2503161.51,Married,Indian,pending,medium,2018-02-06T00:41:34,Tamil,Regular,individual,843,EMP000061,True,active,2018-02-06T00:41:34,2019-11-07T12:48:19
CUST000403,Odika,Madan,1969-04-23T20:01:16,57,Female,cust000403@mailsim.in,+918390561934,"49/321, Nigam Road",Dhanbad,Rajasthan,301225,India,TUWPE9461P,XXXX-XXXX-7830,Business Owner,7907671.67,Divorced,Indian,verified,low,2024-09-18T02:56:52,Hindi,Regular,individual,662,EMP000096,True,active,2024-09-18T02:56:52,2025-05-21T01:26:07
CUST000404,Dhruv,Balakrishnan,1981-10-12T13:04:06,44,Male,cust000404@mailsim.in,+918735515159,"01/601
Ramanathan Marg",Kavali,Karnataka,528645,India,JUZTA4313G,XXXX-XXXX-5193,Self-Employed,1025431.29,Divorced,Indian,verified,low,2022-02-04T21:59:10,Telugu,Regular,individual,504,EMP000028,True,active,2022-02-04T21:59:10,2026-05-17T12:09:56
CUST000405,Udant,Parekh,1960-01-24T21:23:07,66,Male,cust000405@mailsim.in,+919060221499,"H.No. 38
Shroff Zila",Tiruchirappalli,Goa,592696,India,YYUKY8979H,XXXX-XXXX-5589,Self-Employed,2963401.75,Widowed,Indian,verified,low,2019-02-19T19:20:22,Hindi,Regular,individual,591,EMP000015,True,active,2019-02-19T19:20:22,2023-02-24T18:20:41
CUST000406,Vinaya,Chatterjee,1977-01-31T14:56:17,49,Female,cust000406@mailsim.in,+917646047163,"H.No. 77
Kapur Ganj",Tadepalligudem,Goa,413372,India,OOLIO5271R,XXXX-XXXX-9700,Salaried,1689426.99,Single,Indian,verified,medium,2022-01-15T02:57:18,Hindi,Senior,individual,756,EMP000096,False,inactive,2022-01-15T02:57:18,2023-11-13T12:33:35
CUST000407,Kai,Patla,1986-05-11T08:06:27,40,Male,cust000407@mailsim.in,+919910565317,"557
Balan Chowk",Fatehpur,Telangana,367762,India,PYDQL8968Z,XXXX-XXXX-1786,Salaried,1713846.56,Single,Indian,pending,low,2021-02-28T15:44:43,English,Premium,corporate,816,EMP000042,True,active,2021-02-28T15:44:43,2025-09-29T16:17:07
CUST000408,Dayita,Panchal,1998-03-03T10:44:23,28,Female,cust000408@mailsim.in,+919427974255,"24
Datta Path",Machilipatnam,Tamil Nadu,685410,India,UNUWC8675T,XXXX-XXXX-4127,Self-Employed,2305340.58,Widowed,Indian,pending,low,2016-02-22T00:05:24,Tamil,Premium,individual,889,EMP000044,True,active,2016-02-22T00:05:24,2023-11-13T08:29:52
CUST000409,Damyanti,Nanda,1984-06-04T06:57:32,42,Female,cust000409@mailsim.in,+918261920637,"H.No. 87, Sachdev Marg",Udupi,Maharashtra,753986,India,VAFLG4651S,XXXX-XXXX-6351,Self-Employed,1690619.97,Married,Indian,pending,medium,2015-05-14T11:51:23,Hindi,Student,individual,890,EMP000020,True,active,2015-05-14T11:51:23,2018-07-30T22:49:03
CUST000410,Jairaj,Dutt,1967-05-11T08:42:00,59,Male,cust000410@mailsim.in,+919585233001,"15
Sankar Ganj",Tezpur,Karnataka,917326,India,DJBWY4421G,XXXX-XXXX-5963,Student,48986.67,Divorced,Indian,verified,high,2016-09-18T22:46:34,Hindi,Regular,corporate,750,EMP000016,True,active,2016-09-18T22:46:34,2023-02-05T19:49:21
CUST000411,Pavani,Keer,2005-05-08T15:09:31,21,Female,cust000411@mailsim.in,+918919044584,"19/719, Sheth",Miryalaguda,Odisha,518568,India,FUPDZ9301S,XXXX-XXXX-9462,Salaried,506896.38,Married,Indian,verified,low,2018-07-20T02:21:08,Hindi,Premium,individual,495,EMP000027,True,active,2018-07-20T02:21:08,2019-04-28T04:13:05
CUST000412,Chanakya,Saxena,1972-05-16T03:09:20,54,Male,cust000412@mailsim.in,+918962601437,"H.No. 61, Chopra",Khammam,Maharashtra,107608,India,JKZCJ6078C,XXXX-XXXX-8113,Student,283782.18,Divorced,Indian,verified,medium,2023-08-28T04:06:01,Telugu,Student,individual,581,EMP000094,True,active,2023-08-28T04:06:01,2026-05-29T19:24:57
CUST000413,Yug,Bhat,1971-12-11T21:10:03,54,Male,cust000413@mailsim.in,+917549533765,"290, Dixit Street",Katihar,Jharkhand,263324,India,DMBPF5801L,XXXX-XXXX-7797,Retired,840925.63,Widowed,Indian,verified,high,2018-01-07T01:35:56,Tamil,Premium,individual,485,EMP000047,True,active,2018-01-07T01:35:56,2019-11-17T19:15:09
CUST000414,Madhav,Ramakrishnan,1968-11-20T08:36:47,57,Male,cust000414@mailsim.in,+918602813593,"354
Modi",Hapur,Telangana,752123,India,IUIXA3364N,XXXX-XXXX-1761,Student,161842.48,Married,Indian,verified,low,2020-03-16T19:41:38,Tamil,Regular,corporate,415,EMP000061,True,active,2020-03-16T19:41:38,2024-02-27T18:21:07
CUST000415,Chanchal,Anand,1991-07-11T10:14:45,35,Female,cust000415@mailsim.in,+919591029605,"405
Bera Circle",Karaikudi,Maharashtra,426558,India,MXGIO2579P,XXXX-XXXX-9074,Homemaker,149743.78,Married,Indian,verified,low,2022-06-29T15:34:08,Tamil,Regular,individual,397,EMP000092,True,active,2022-06-29T15:34:08,2024-03-17T23:45:38
CUST000416,Rachita,Choudhary,1971-12-31T06:51:21,54,Female,cust000416@mailsim.in,+919831969851,"H.No. 369
Nadkarni Marg",Machilipatnam,Kerala,444589,India,SMPNZ5370Y,XXXX-XXXX-3157,Salaried,857504.82,Divorced,Indian,verified,medium,2018-11-06T16:52:45,English,Premium,individual,349,EMP000026,True,active,2018-11-06T16:52:45,2020-05-25T16:38:35
CUST000417,Sai,Saran,1971-03-09T06:43:24,55,Female,cust000417@mailsim.in,+917050304852,"27/238, Parsa Marg",Jamnagar,Goa,604130,India,MIQVP8407G,XXXX-XXXX-8425,Salaried,1356231.35,Widowed,Indian,verified,low,2017-10-02T22:04:19,Hindi,Regular,corporate,561,EMP000044,True,active,2017-10-02T22:04:19,2026-01-17T05:44:22
CUST000418,Maanas,Dass,1961-07-26T14:31:40,65,Male,cust000418@mailsim.in,+918128989501,"H.No. 102, Sarkar Chowk",Guwahati,Tamil Nadu,919938,India,JQZDF8494D,XXXX-XXXX-2970,Student,165139.43,Divorced,Indian,verified,low,2020-10-28T10:39:50,Telugu,Regular,corporate,384,EMP000065,True,active,2020-10-28T10:39:50,2022-05-18T19:13:46
CUST000419,Ekantika,Sagar,1989-10-07T14:28:35,36,Female,cust000419@mailsim.in,+919923044658,"96/927
Samra Circle",Yamunanagar,West Bengal,913602,India,ATJPD9692Q,XXXX-XXXX-1769,Salaried,1660441.98,Divorced,Indian,verified,medium,2018-04-25T22:18:41,Tamil,Regular,individual,469,EMP000082,True,active,2018-04-25T22:18:41,2023-09-17T16:05:18
CUST000420,Peter,Kara,2003-09-24T09:55:07,23,Male,cust000420@mailsim.in,+919618493607,"90, Tara",Orai,Bihar,999987,India,FBZKK9548N,XXXX-XXXX-8807,Retired,521203.73,Married,Indian,verified,low,2017-08-02T19:30:03,English,Regular,individual,619,EMP000027,True,active,2017-08-02T19:30:03,2018-09-21T23:38:49
CUST000421,Krish,Roy,1964-10-13T23:00:36,61,Male,cust000421@mailsim.in,+918041370923,"H.No. 097
Chowdhury Path",Vijayawada,Haryana,924508,India,EKPGJ4707I,XXXX-XXXX-3300,Salaried,1817485.45,Single,Indian,verified,medium,2023-03-08T09:47:46,Tamil,Regular,individual,582,EMP000098,False,inactive,2023-03-08T09:47:46,2024-07-29T02:44:31
CUST000422,Ekavir,Vyas,1976-03-04T22:31:20,50,Male,cust000422@mailsim.in,+919699583369,"81
Chakrabarti Circle",Chittoor,Himachal Pradesh,593993,India,GLVOP3517C,XXXX-XXXX-6593,Salaried,1787900.31,Single,Indian,verified,medium,2023-12-02T12:28:41,English,Premium,individual,472,EMP000091,True,active,2023-12-02T12:28:41,2025-12-28T12:29:31
CUST000423,Balvan,Zacharia,1962-01-05T07:49:19,64,Male,cust000423@mailsim.in,+919591222771,"05/80
Setty Chowk",Chapra,Himachal Pradesh,480160,India,GWMSL1928U,XXXX-XXXX-2723,Student,259550.17,Divorced,Indian,pending,medium,2016-07-04T08:57:21,Hindi,Premium,individual,557,EMP000046,False,closed,2016-07-04T08:57:21,2017-12-02T16:44:10
CUST000424,Oni,Sama,1988-01-16T09:07:10,38,Female,cust000424@mailsim.in,+917950854790,"H.No. 42
Modi Nagar",Ghaziabad,Goa,554837,India,RCUSO7157T,XXXX-XXXX-9502,Salaried,1779668.89,Widowed,Indian,verified,low,2019-02-17T08:38:29,English,Premium,individual,544,EMP000047,True,active,2019-02-17T08:38:29,2024-01-24T17:40:38
CUST000425,Vritti,Gara,1983-09-15T14:59:42,43,Female,cust000425@mailsim.in,+917171218544,"49/047, Date Zila",Alwar,Punjab,778521,India,UWONY8074V,XXXX-XXXX-1420,Business Owner,2552375.58,Married,Indian,verified,high,2021-09-12T15:31:30,English,Regular,individual,329,EMP000094,True,active,2021-09-12T15:31:30,2025-08-01T07:48:58
CUST000426,Jonathan,Deo,2001-06-24T08:20:50,25,Male,cust000426@mailsim.in,+918068163030,"H.No. 40
Ghosh Zila",Amroha,Telangana,567672,India,UISQT3631G,XXXX-XXXX-9966,Retired,683458.22,Widowed,Indian,pending,medium,2020-11-07T20:24:50,Tamil,HNI,corporate,641,EMP000046,True,active,2020-11-07T20:24:50,2026-02-04T22:43:57
CUST000427,Reva,Gill,1970-06-27T07:20:39,56,Female,cust000427@mailsim.in,+917435072294,"37/280
Chad Path",Hindupur,Tamil Nadu,770513,India,KQQTF8953L,XXXX-XXXX-6521,Self-Employed,2456513.0,Divorced,Indian,pending,high,2020-05-20T20:59:35,Hindi,Regular,individual,617,EMP000065,False,inactive,2020-05-20T20:59:35,2026-05-05T09:47:57
CUST000428,Faraj,Tandon,1993-02-06T22:02:38,33,Male,cust000428@mailsim.in,+919656312638,"37
Kade Street",Meerut,Tamil Nadu,308267,India,CSXRW3388W,XXXX-XXXX-6573,Business Owner,5561863.65,Widowed,Indian,verified,low,2024-02-27T14:18:29,Hindi,Premium,corporate,631,EMP000029,True,active,2024-02-27T14:18:29,2026-01-15T01:14:52
CUST000429,Kevin,D’Alia,1965-07-19T20:08:55,61,Male,cust000429@mailsim.in,+917964085303,"767, Soni Road",Nadiad,West Bengal,357269,India,WLVDH1340T,XXXX-XXXX-8917,Student,251379.22,Widowed,Indian,verified,high,2019-08-29T06:16:13,Tamil,Regular,individual,894,EMP000052,True,active,2019-08-29T06:16:13,2024-12-29T01:48:03
CUST000430,Saumya,Som,1981-05-05T12:24:27,45,Female,cust000430@mailsim.in,+918563234619,"860
Sen Road",Satna,Telangana,552266,India,JXYIJ3203K,XXXX-XXXX-5045,Self-Employed,2427559.82,Married,Indian,verified,high,2019-06-13T20:33:19,Telugu,Premium,individual,533,EMP000093,True,active,2019-06-13T20:33:19,2022-05-31T02:52:33
CUST000431,Zilmil,Barman,1992-09-14T13:18:54,34,Female,cust000431@mailsim.in,+919466424284,"56/94, Madan Path",Navi Mumbai,Karnataka,582595,India,QMLYE8347R,XXXX-XXXX-1942,Business Owner,9010495.49,Widowed,Indian,pending,low,2018-10-23T15:54:10,Hindi,Regular,individual,883,EMP000033,True,active,2018-10-23T15:54:10,2026-06-09T01:56:44
CUST000432,Lakshmi,Raman,1988-05-26T03:27:32,38,Female,cust000432@mailsim.in,+917572763028,"39/385
Munshi Street",Bangalore,Haryana,325657,India,RISHG9322N,XXXX-XXXX-3363,Business Owner,7779852.38,Divorced,Indian,pending,high,2022-05-01T02:01:50,English,Premium,individual,422,EMP000100,True,active,2022-05-01T02:01:50,2022-12-07T17:10:22
CUST000433,Bhavna,Arora,2004-09-13T16:50:53,22,Female,cust000433@mailsim.in,+918068585846,"H.No. 817
Kanda Path",Chandrapur,Himachal Pradesh,911319,India,TEEQM2957K,XXXX-XXXX-2459,Business Owner,1394533.57,Widowed,Indian,verified,high,2017-09-28T16:57:47,Telugu,HNI,individual,785,EMP000018,True,active,2017-09-28T16:57:47,2023-08-01T20:52:30
CUST000434,Gopal,Bandi,1967-01-27T13:45:14,59,Male,cust000434@mailsim.in,+919146117090,"10/93, Dara",Chandigarh,Tamil Nadu,293531,India,GFJQC8401Y,XXXX-XXXX-2540,Salaried,1190574.37,Single,Indian,pending,low,2022-04-28T04:04:03,English,Premium,individual,301,EMP000068,False,inactive,2022-04-28T04:04:03,2022-06-06T05:59:13
CUST000435,Dhruv,Prashad,1956-11-18T07:59:16,69,Male,cust000435@mailsim.in,+917298024473,"H.No. 244, Borra Chowk",Bally,Rajasthan,297637,India,QMNZC3534T,XXXX-XXXX-7130,Salaried,1275774.52,Widowed,Indian,verified,medium,2024-08-30T22:01:44,Tamil,Premium,individual,755,EMP000004,True,active,2024-08-30T22:01:44,2025-12-27T02:29:21
CUST000436,Unni,Naik,1963-03-09T15:38:58,63,Female,cust000436@mailsim.in,+917462889778,"140
Rama Marg",Allahabad,Punjab,816211,India,ENXMP6527O,XXXX-XXXX-9978,Salaried,1714009.21,Widowed,Indian,rejected,medium,2020-04-20T14:54:18,English,Regular,individual,545,EMP000063,False,blocked,2020-04-20T14:54:18,2021-11-26T18:34:01
CUST000437,Kai,Lanka,1958-12-28T02:41:06,67,Male,cust000437@mailsim.in,+919833218213,"17, Ramaswamy Ganj",Pallavaram,Goa,203578,India,WCRXO9715Q,XXXX-XXXX-7458,Student,227077.04,Married,Indian,verified,low,2023-03-05T05:55:47,Tamil,Regular,individual,713,EMP000056,False,inactive,2023-03-05T05:55:47,2024-10-11T00:00:16
CUST000438,Chatura,Dhawan,1962-02-05T20:24:34,64,Male,cust000438@mailsim.in,+919618483657,"917
Chauhan Road",Srinagar,Haryana,420756,India,MUHRB1682G,XXXX-XXXX-2461,Salaried,822103.71,Married,Indian,verified,medium,2020-06-20T19:43:03,English,Regular,individual,492,EMP000046,True,active,2020-06-20T19:43:03,2025-01-16T14:16:59
CUST000439,Bimala,Krishna,1984-07-09T06:12:13,42,Female,cust000439@mailsim.in,+917765750213,"H.No. 720
Ramakrishnan Nagar",Saharanpur,Jharkhand,488837,India,RBFLE4630W,XXXX-XXXX-6247,Salaried,424037.92,Married,Indian,verified,medium,2023-08-25T22:20:58,English,Regular,individual,419,EMP000038,True,active,2023-08-25T22:20:58,2023-09-02T07:01:26
CUST000440,Omya,Raman,1977-07-04T20:28:23,49,Female,cust000440@mailsim.in,+917980849528,"77/66, Zachariah Zila",Delhi,Punjab,978483,India,KEPQG7927V,XXXX-XXXX-6074,Retired,284388.65,Divorced,Indian,verified,low,2018-01-05T04:45:54,Telugu,Regular,individual,494,EMP000100,False,closed,2018-01-05T04:45:54,2026-04-26T20:53:06
CUST000441,Rehaan,Subramaniam,2002-02-15T18:08:37,24,Male,cust000441@mailsim.in,+918928990967,"85/54, Bhakta Marg",Ambarnath,Gujarat,795167,India,RBCEU2089F,XXXX-XXXX-9797,Salaried,856543.56,Divorced,Indian,rejected,medium,2021-09-23T08:32:02,Telugu,Regular,individual,883,EMP000034,True,active,2021-09-23T08:32:02,2022-08-26T10:17:15
CUST000442,Onkar,Buch,1968-10-02T20:54:57,58,Male,cust000442@mailsim.in,+919138752908,"H.No. 32
Baral Circle",Jhansi,Uttar Pradesh,233289,India,NAMCA7358F,XXXX-XXXX-2369,Student,228762.42,Single,Indian,verified,medium,2016-06-21T12:16:17,Telugu,Premium,individual,342,EMP000085,True,active,2016-06-21T12:16:17,2025-01-14T21:25:24
CUST000443,Mason,Ramakrishnan,1969-04-27T07:11:31,57,Male,cust000443@mailsim.in,+917061036362,"57/173, Banik Street",Nagpur,Gujarat,457928,India,WGEMX1924M,XXXX-XXXX-7226,Student,45929.26,Divorced,Indian,verified,low,2020-05-29T11:51:46,Tamil,Regular,individual,325,EMP000057,True,active,2020-05-29T11:51:46,2020-12-31T01:25:30
CUST000444,Kashvi,Suresh,1974-08-02T11:17:17,52,Female,cust000444@mailsim.in,+919349876927,"H.No. 847
Sengupta Circle",Vadodara,Madhya Pradesh,159468,India,CBNAS6270L,XXXX-XXXX-1629,Retired,229137.83,Single,Indian,verified,low,2024-06-22T03:57:28,English,Premium,individual,880,EMP000016,True,active,2024-06-22T03:57:28,2025-06-05T22:35:53
CUST000445,Omkaar,Bhalla,1992-02-16T12:39:41,34,Male,cust000445@mailsim.in,+919046243700,"06/138
Yadav Chowk",Adoni,Goa,776111,India,KRKXG9037T,XXXX-XXXX-5096,Student,103543.88,Widowed,Indian,verified,medium,2016-04-04T08:20:52,Telugu,Premium,individual,447,EMP000037,True,active,2016-04-04T08:20:52,2019-03-23T17:46:28
CUST000446,Jackson,Bora,1972-07-03T00:18:26,54,Male,cust000446@mailsim.in,+917089924269,"27/079, Kibe Nagar",Kanpur,Bihar,944576,India,HBKWW7590E,XXXX-XXXX-6782,Homemaker,41620.18,Widowed,Indian,verified,low,2017-09-23T04:09:04,Telugu,Regular,individual,672,EMP000044,True,active,2017-09-23T04:09:04,2023-04-10T22:25:58
CUST000447,Gabriel,Bedi,1991-01-23T15:35:51,35,Male,cust000447@mailsim.in,+917820188741,"H.No. 792
Bhatt",Raipur,Goa,304054,India,YSUJM7688L,XXXX-XXXX-6028,Business Owner,2528379.99,Married,Indian,verified,low,2018-07-03T12:16:59,Telugu,Regular,individual,722,EMP000007,True,active,2018-07-03T12:16:59,2020-03-14T01:21:05
CUST000448,Yadavi,Kannan,1965-08-31T06:43:56,61,Female,cust000448@mailsim.in,+918854497381,"656, Dara Path",Pondicherry,Rajasthan,564498,India,AFOEZ3553U,XXXX-XXXX-7584,Salaried,1277617.54,Married,Indian,verified,low,2021-07-15T21:33:11,Tamil,Student,individual,798,EMP000041,False,blocked,2021-07-15T21:33:11,2026-01-19T09:04:11
CUST000449,Jalsa,Bath,2001-01-05T18:41:46,25,Female,cust000449@mailsim.in,+917368293703,"H.No. 11, Dhaliwal Road",Gulbarga,Maharashtra,109089,India,XWICY6844G,XXXX-XXXX-3467,Business Owner,9600587.55,Divorced,Indian,pending,low,2016-08-26T03:19:25,Hindi,Premium,individual,786,EMP000044,True,active,2016-08-26T03:19:25,2019-08-19T21:43:29
CUST000450,Qasim,Gala,1993-03-27T18:59:02,33,Male,cust000450@mailsim.in,+917652907614,"902
Puri Zila",Pune,Rajasthan,535353,India,DXKOQ5607W,XXXX-XXXX-5086,Salaried,1959412.04,Married,Indian,pending,low,2017-09-20T00:57:09,English,Regular,individual,688,EMP000062,False,blocked,2017-09-20T00:57:09,2020-08-14T05:29:06
CUST000451,Widisha,Buch,1979-08-30T02:36:41,47,Female,cust000451@mailsim.in,+917780969663,"H.No. 219, Saha Road",Cuttack,Odisha,120821,India,ZYOXZ7061C,XXXX-XXXX-3903,Student,40483.02,Divorced,Indian,verified,high,2022-07-02T21:13:10,English,Senior,individual,501,EMP000082,True,active,2022-07-02T21:13:10,2023-11-13T01:43:45
CUST000452,Ishanvi,Dhar,1960-08-26T18:47:42,66,Female,cust000452@mailsim.in,+919124934637,"76/32
Barad",Panchkula,Maharashtra,752069,India,XKEWE5591Q,XXXX-XXXX-1384,Salaried,1132335.39,Married,Indian,verified,low,2021-01-13T02:27:54,Hindi,Regular,corporate,645,EMP000006,True,active,2021-01-13T02:27:54,2023-05-10T18:37:56
CUST000453,Chanchal,Mitra,1986-03-04T19:50:59,40,Female,cust000453@mailsim.in,+917134749473,"08
Handa Ganj",Bettiah,Gujarat,754489,India,AOHFM7363B,XXXX-XXXX-5428,Business Owner,7120132.87,Divorced,Indian,verified,low,2016-05-13T14:52:48,Telugu,Regular,individual,654,EMP000093,True,active,2016-05-13T14:52:48,2020-10-25T01:42:00
CUST000454,Champak,Pathak,1973-02-23T04:21:50,53,Male,cust000454@mailsim.in,+919885393087,"34, Hari Nagar",Jalgaon,Tamil Nadu,944601,India,RINCV2753H,XXXX-XXXX-2219,Self-Employed,695900.21,Single,Indian,verified,medium,2016-06-01T15:30:33,English,Student,individual,313,EMP000095,False,blocked,2016-06-01T15:30:33,2022-03-22T09:13:05
CUST000455,Vritti,Tank,1965-08-19T11:03:01,61,Female,cust000455@mailsim.in,+918978962006,"005, Kadakia Road",Chandrapur,Madhya Pradesh,924318,India,RPBDX2329F,XXXX-XXXX-2502,Retired,746428.96,Single,Indian,verified,medium,2024-11-30T02:42:42,Tamil,Regular,individual,696,EMP000042,True,active,2024-11-30T02:42:42,2026-03-30T21:58:37
CUST000456,Oliver,Setty,1968-06-04T21:53:09,58,Male,cust000456@mailsim.in,+917799142588,"H.No. 082, Balakrishnan Street",Kottayam,Assam,402056,India,TPWLN2303F,XXXX-XXXX-4239,Self-Employed,937132.47,Married,Indian,verified,medium,2023-06-05T16:32:46,English,Regular,individual,533,EMP000021,True,active,2023-06-05T16:32:46,2025-02-07T18:50:04
CUST000457,Devika,Bobal,1995-12-08T16:54:59,30,Female,cust000457@mailsim.in,+918225796624,"79/956, Nanda Ganj",Bhubaneswar,Uttar Pradesh,547242,India,GIGAX5123J,XXXX-XXXX-3642,Business Owner,1114206.71,Single,Indian,verified,high,2022-01-05T19:56:46,English,Premium,individual,381,EMP000087,True,active,2022-01-05T19:56:46,2025-10-22T07:02:48
CUST000458,Omaja,Kari,1961-01-02T00:15:06,65,Female,cust000458@mailsim.in,+918552543854,"636, Borah Ganj",Bhimavaram,Himachal Pradesh,811139,India,YOSIJ8871L,XXXX-XXXX-9187,Salaried,810420.2,Widowed,Indian,verified,high,2020-06-01T10:57:31,Tamil,Regular,individual,661,EMP000053,True,active,2020-06-01T10:57:31,2024-05-15T23:45:24
CUST000459,Xavier,Bhagat,1982-06-10T15:01:57,44,Male,cust000459@mailsim.in,+918994550931,"397
Ram Street",Bhavnagar,Odisha,260101,India,DTKAD6189M,XXXX-XXXX-3447,Retired,459476.43,Single,Indian,verified,medium,2022-11-20T20:36:03,Tamil,Regular,corporate,522,EMP000013,False,inactive,2022-11-20T20:36:03,2022-12-16T07:38:26
CUST000460,Veer,Hari,1977-12-15T00:21:53,48,Male,cust000460@mailsim.in,+918684623187,"H.No. 35
Balay Street",Parbhani,Rajasthan,418266,India,VWHEP9177N,XXXX-XXXX-8128,Salaried,1910462.51,Married,Indian,verified,medium,2018-05-13T19:35:06,Hindi,Senior,individual,631,EMP000091,True,active,2018-05-13T19:35:06,2022-06-02T20:55:55
CUST000461,Ekansh,Choudhry,1990-04-20T22:00:09,36,Male,cust000461@mailsim.in,+918788189922,"62
Kannan Path",Mahbubnagar,Assam,113597,India,YQIIQ2996T,XXXX-XXXX-3120,Business Owner,5531548.84,Divorced,Indian,verified,medium,2023-05-30T01:09:22,Tamil,Regular,corporate,364,EMP000003,False,inactive,2023-05-30T01:09:22,2025-04-23T13:26:23
CUST000462,Farhan,Garde,1977-03-13T18:14:50,49,Male,cust000462@mailsim.in,+918342336360,"H.No. 687, Solanki Ganj",Alwar,Assam,925026,India,HIUSX6272Z,XXXX-XXXX-4750,Salaried,1503778.3,Married,Indian,pending,low,2018-12-21T12:50:57,Telugu,Student,individual,397,EMP000050,False,blocked,2018-12-21T12:50:57,2025-05-09T07:14:36
CUST000463,Abhimanyu,Sangha,1991-01-06T05:18:32,35,Male,cust000463@mailsim.in,+918142492761,"569, Dixit Ganj",Erode,Tamil Nadu,571319,India,KFUSJ1967P,XXXX-XXXX-5040,Salaried,679666.64,Single,Indian,verified,medium,2023-05-09T14:21:02,Telugu,Premium,individual,627,EMP000063,True,active,2023-05-09T14:21:02,2024-09-08T15:23:34
CUST000464,Anya,Baria,1998-12-13T11:30:24,27,Female,cust000464@mailsim.in,+919566617429,"80/686
Chaudhari Chowk",Shimla,Himachal Pradesh,226209,India,HBXNN5066Z,XXXX-XXXX-7160,Business Owner,4518417.59,Single,Indian,verified,low,2018-03-15T09:40:51,Hindi,Regular,individual,731,EMP000011,False,blocked,2018-03-15T09:40:51,2021-05-03T16:50:55
CUST000465,Kavya,Chacko,1965-01-16T23:37:35,61,Female,cust000465@mailsim.in,+919384842301,"63/254, Chana Ganj",Nangloi Jat,Rajasthan,722691,India,LIYLF8427J,XXXX-XXXX-3668,Self-Employed,1842144.94,Divorced,Indian,rejected,low,2022-08-07T14:30:35,Hindi,Premium,individual,622,EMP000093,True,active,2022-08-07T14:30:35,2024-03-12T04:36:21
CUST000466,Niharika,Edwin,1998-12-25T13:51:31,27,Female,cust000466@mailsim.in,+918402781263,"90/77
Ravi Street",Uluberia,Himachal Pradesh,976686,India,TQITB9383B,XXXX-XXXX-3160,Self-Employed,1590694.51,Single,Indian,verified,low,2020-07-05T13:07:03,Tamil,Senior,individual,668,EMP000046,True,active,2020-07-05T13:07:03,2023-05-22T04:00:34
CUST000467,Vincent,Agarwal,1959-09-26T08:00:53,67,Male,cust000467@mailsim.in,+917266934144,"58, Minhas Nagar",Gopalpur,Jharkhand,536577,India,QKEVV8348F,XXXX-XXXX-2888,Salaried,1596698.92,Divorced,Indian,verified,low,2023-05-19T00:19:01,English,Regular,individual,530,EMP000062,True,active,2023-05-19T00:19:01,2023-07-23T20:54:39
CUST000468,Ishita,Buch,1965-05-21T15:47:11,61,Female,cust000468@mailsim.in,+918387060784,"08/501
Pau Marg",Tadipatri,Haryana,892684,India,QKNHA7798R,XXXX-XXXX-2113,Salaried,368221.04,Single,Indian,verified,medium,2017-05-05T11:18:10,English,Regular,individual,676,EMP000066,True,active,2017-05-05T11:18:10,2020-02-19T15:28:35
CUST000469,Anmol,Pau,1955-07-02T16:24:39,71,Male,cust000469@mailsim.in,+918607608764,"818
Devi Ganj",Mathura,Jharkhand,507287,India,EFPII5265M,XXXX-XXXX-2952,Salaried,1405786.48,Widowed,Indian,verified,medium,2019-10-15T15:58:03,Telugu,Regular,individual,696,EMP000014,True,active,2019-10-15T15:58:03,2026-02-08T12:08:58
CUST000470,Dakshesh,Sridhar,1993-10-20T13:42:27,32,Male,cust000470@mailsim.in,+919895694146,"35/548, Malhotra Marg",Rajkot,Uttar Pradesh,722076,India,VJBQO5134G,XXXX-XXXX-9373,Homemaker,4762.51,Single,Indian,verified,low,2020-01-30T11:55:06,Hindi,Regular,corporate,697,EMP000093,False,inactive,2020-01-30T11:55:06,2022-11-12T13:33:33
CUST000471,Quincy,Pai,1966-03-31T11:48:36,60,Male,cust000471@mailsim.in,+919562980413,"88
Singhal Zila",Bidhannagar,Kerala,933621,India,ZWGQW1511T,XXXX-XXXX-1819,Self-Employed,2600064.74,Divorced,Indian,rejected,low,2023-05-14T04:58:23,Telugu,Premium,corporate,399,EMP000007,True,active,2023-05-14T04:58:23,2024-12-05T22:51:46
CUST000472,Qarin,Bhatti,1983-10-18T20:09:03,42,Male,cust000472@mailsim.in,+918793093121,"11, Gola Marg",Solapur,Maharashtra,411919,India,UXHGY4353D,XXXX-XXXX-1497,Salaried,1796493.96,Widowed,Indian,verified,low,2021-05-05T15:05:32,Tamil,Regular,corporate,870,EMP000035,True,active,2021-05-05T15:05:32,2023-08-22T16:44:06
CUST000473,Darika,Gala,1959-04-22T22:16:58,67,Female,cust000473@mailsim.in,+918707416730,"H.No. 272
Verma Ganj",Durg,Haryana,131350,India,ALMEA1721V,XXXX-XXXX-2032,Salaried,1931029.1,Divorced,Indian,verified,medium,2017-08-10T12:59:08,Tamil,HNI,individual,578,EMP000025,True,active,2017-08-10T12:59:08,2021-08-08T15:39:31
CUST000474,Turvi,Deo,1999-03-31T08:48:11,27,Female,cust000474@mailsim.in,+918869790372,"H.No. 67
Manne Nagar",Rajkot,Uttarakhand,837093,India,MGWBJ7017O,XXXX-XXXX-8741,Business Owner,5673612.05,Divorced,Indian,verified,low,2015-10-02T04:06:48,Tamil,Regular,individual,716,EMP000023,False,inactive,2015-10-02T04:06:48,2025-08-15T11:34:00
CUST000475,Advay,Kata,1978-08-23T14:18:52,48,Male,cust000475@mailsim.in,+919889043868,"95
Sunder Path",Berhampore,Assam,808534,India,OJLPX6452L,XXXX-XXXX-8644,Self-Employed,1462152.48,Married,Indian,pending,low,2019-12-23T05:14:08,Tamil,Premium,individual,463,EMP000074,True,active,2019-12-23T05:14:08,2021-02-28T16:41:51
CUST000476,Nidra,Deo,2002-03-04T22:44:19,24,Female,cust000476@mailsim.in,+918799488503,"437
Mani Path",Siliguri,Delhi,625738,India,ONOGO3698X,XXXX-XXXX-4715,Homemaker,136802.14,Divorced,Indian,verified,low,2021-09-28T20:01:23,Hindi,Premium,individual,702,EMP000029,True,active,2021-09-28T20:01:23,2026-08-26T13:42:37
CUST000477,Patrick,Mane,1962-03-30T05:57:20,64,Male,cust000477@mailsim.in,+918948429488,"928
Gopal Road",Jamnagar,Gujarat,974878,India,STSXZ2766P,XXXX-XXXX-3365,Salaried,1856934.28,Divorced,Indian,verified,low,2018-11-04T03:56:46,Tamil,Premium,individual,495,EMP000004,True,active,2018-11-04T03:56:46,2018-12-24T13:23:49
CUST000478,Faris,Khanna,1967-08-21T22:47:09,59,Male,cust000478@mailsim.in,+918943899441,"H.No. 592, Lad Chowk",Udaipur,Delhi,542412,India,YRAPI7142G,XXXX-XXXX-5977,Salaried,1028490.6,Widowed,Indian,verified,medium,2016-03-19T06:25:07,Telugu,Senior,individual,659,EMP000004,True,active,2016-03-19T06:25:07,2020-07-25T15:25:16
CUST000479,Ishanvi,Banerjee,1981-02-11T06:56:02,45,Female,cust000479@mailsim.in,+918815489827,"H.No. 25
Zacharia Chowk",Deoghar,Goa,750360,India,WYRZJ8986Y,XXXX-XXXX-2422,Business Owner,5011281.97,Single,Indian,verified,medium,2024-03-03T08:05:10,English,Regular,individual,547,EMP000078,True,active,2024-03-03T08:05:10,2026-03-02T08:05:38
CUST000480,Matthew,Dara,2002-11-29T00:16:06,23,Male,cust000480@mailsim.in,+918763544042,"72, Nagarajan Chowk",Kolkata,Delhi,110793,India,RPRAN2132Q,XXXX-XXXX-3969,Salaried,1087405.96,Widowed,Indian,pending,low,2022-09-04T15:40:13,English,Regular,individual,829,EMP000063,True,active,2022-09-04T15:40:13,2023-06-01T19:49:42
CUST000481,Zehaan,Narula,1966-01-28T01:52:56,60,Male,cust000481@mailsim.in,+918423419176,"49
Sathe Street",Gorakhpur,Bihar,215002,India,RZBMG7345Y,XXXX-XXXX-3893,Retired,795216.4,Single,Indian,verified,low,2015-09-05T09:51:58,Telugu,Regular,individual,418,EMP000013,True,active,2015-09-05T09:51:58,2018-06-23T03:56:05
CUST000482,Wakeeta,Baria,1996-03-08T11:25:27,30,Female,cust000482@mailsim.in,+919130929391,"81/406, Kannan",Raurkela Industrial Township,Punjab,932923,India,SANSQ2742N,XXXX-XXXX-8760,Salaried,357012.66,Widowed,Indian,verified,low,2024-07-28T22:27:31,English,Regular,corporate,666,EMP000061,True,active,2024-07-28T22:27:31,2025-06-05T15:44:08
CUST000483,Chakradhar,Narain,1964-05-11T06:12:50,62,Male,cust000483@mailsim.in,+917370988660,"39/83, Hayre Road",Gwalior,Goa,295864,India,RLZJG2094Z,XXXX-XXXX-4039,Self-Employed,1829937.43,Single,Indian,verified,low,2017-01-21T22:27:00,Tamil,Regular,individual,700,EMP000002,True,active,2017-01-21T22:27:00,2023-05-21T14:01:05
CUST000484,Vansha,Chahal,1962-09-03T11:32:00,64,Female,cust000484@mailsim.in,+919515016249,"759
Vaidya",Karimnagar,Jharkhand,109287,India,HVIGM4498G,XXXX-XXXX-8778,Salaried,1113068.24,Married,Indian,verified,low,2023-12-04T12:31:20,English,Regular,individual,822,EMP000019,True,active,2023-12-04T12:31:20,2024-03-19T03:31:22
CUST000485,Sneha,Divan,1959-12-10T05:40:34,66,Other,cust000485@mailsim.in,+919692690821,"H.No. 65
Mane Nagar",Etawah,Bihar,980563,India,QYVKT1703K,XXXX-XXXX-7465,Self-Employed,277462.66,Divorced,Indian,verified,medium,2024-08-18T23:30:44,Tamil,Premium,individual,821,EMP000053,True,active,2024-08-18T23:30:44,2026-01-02T18:35:18
CUST000486,Nikita,Sehgal,1971-06-04T13:16:44,55,Female,cust000486@mailsim.in,+919135172053,"767, Gade Road",Vijayanagaram,Tamil Nadu,553762,India,PKOSU1654L,XXXX-XXXX-5544,Retired,453940.61,Widowed,Indian,verified,high,2025-03-10T22:12:03,Hindi,Regular,individual,634,EMP000040,True,active,2025-03-10T22:12:03,2026-03-10T21:59:35
CUST000487,Ekaraj,Chadha,2001-11-06T13:25:46,24,Male,cust000487@mailsim.in,+919929957062,"478, Bhatti Path",Hubli–Dharwad,Himachal Pradesh,728455,India,ROMCM6610R,XXXX-XXXX-9470,Self-Employed,1925826.65,Single,Indian,verified,low,2025-01-11T09:43:25,Hindi,Student,individual,533,EMP000041,True,active,2025-01-11T09:43:25,2025-09-20T04:35:06
CUST000488,Aarini,Rout,1978-09-19T08:13:44,48,Female,cust000488@mailsim.in,+918438807522,"28
Devan Chowk",Gaya,Jharkhand,808942,India,KGLRT3281Z,XXXX-XXXX-5833,Retired,270969.45,Divorced,Indian,verified,medium,2020-03-18T13:52:15,Tamil,HNI,individual,477,EMP000016,True,active,2020-03-18T13:52:15,2026-05-17T19:25:06
CUST000489,Rayaan,Mann,1971-10-23T21:25:24,54,Male,cust000489@mailsim.in,+919720622276,"H.No. 494
Sheth Chowk",Indore,Madhya Pradesh,291971,India,XVJKS8521R,XXXX-XXXX-6593,Business Owner,1890229.22,Single,Indian,verified,high,2018-07-02T09:15:06,Telugu,Regular,individual,560,EMP000064,True,active,2018-07-02T09:15:06,2022-05-15T06:39:24
CUST000490,Aadhya,Dube,1973-11-09T03:36:53,52,Female,cust000490@mailsim.in,+917855514602,"H.No. 71
Sahni Road",Pallavaram,Telangana,153470,India,ZQMCL6130D,XXXX-XXXX-3289,Homemaker,36220.95,Divorced,Indian,pending,high,2023-09-11T23:30:06,English,HNI,individual,861,EMP000069,True,active,2023-09-11T23:30:06,2024-11-01T22:42:42
CUST000491,Jason,Balakrishnan,2005-07-24T22:33:26,21,Male,cust000491@mailsim.in,+919835953801,"H.No. 71, Pathak",Buxar,Goa,162788,India,AIQHL4776H,XXXX-XXXX-5370,Salaried,1877347.62,Divorced,Indian,pending,low,2022-03-15T01:41:07,Hindi,HNI,individual,692,EMP000027,True,active,2022-03-15T01:41:07,2022-05-08T06:08:54
CUST000492,Tejas,Kuruvilla,2005-05-22T03:16:22,21,Male,cust000492@mailsim.in,+917534995217,"15/890
Gaba Road",Ulhasnagar,Delhi,358152,India,VFLEE4610I,XXXX-XXXX-2759,Homemaker,633.67,Divorced,Indian,verified,medium,2019-08-04T00:55:36,Telugu,Regular,individual,383,EMP000053,False,inactive,2019-08-04T00:55:36,2025-08-25T11:11:09
CUST000493,Nathaniel,Shenoy,1981-03-01T04:34:46,45,Male,cust000493@mailsim.in,+918167042689,"H.No. 20, Patel Road",Raurkela Industrial Township,Uttar Pradesh,806017,India,MUNIM7355O,XXXX-XXXX-4366,Self-Employed,1244290.95,Single,Indian,verified,medium,2021-06-20T05:57:41,Telugu,Regular,individual,523,EMP000041,True,active,2021-06-20T05:57:41,2024-06-21T19:20:43
CUST000494,Arjun,Mann,1974-10-12T20:39:56,51,Male,cust000494@mailsim.in,+919017402064,"18/32
Ganesh Zila",Satna,Maharashtra,819839,India,YGSLU7371S,XXXX-XXXX-6655,Self-Employed,1206657.6,Single,Indian,verified,medium,2018-12-05T17:37:46,Telugu,Regular,individual,534,EMP000035,True,active,2018-12-05T17:37:46,2022-01-17T16:54:54
CUST000495,Matthew,Madan,1965-10-04T13:14:58,61,Male,cust000495@mailsim.in,+919514680091,"H.No. 895
Arya Street",Kadapa,Jharkhand,728207,India,NFAJB4745C,XXXX-XXXX-3601,Retired,183139.1,Single,Indian,verified,low,2017-11-13T06:45:15,Hindi,Regular,individual,746,EMP000036,True,active,2017-11-13T06:45:15,2021-01-12T04:04:39
CUST000496,Lohit,Pradhan,1990-06-03T07:06:00,36,Male,cust000496@mailsim.in,+917396300853,"52
Kamdar Zila",Ambala,Himachal Pradesh,154679,India,OUWWT5722R,XXXX-XXXX-8704,Salaried,1901427.38,Married,Indian,verified,medium,2016-02-19T22:47:31,Tamil,Premium,individual,403,EMP000035,True,active,2016-02-19T22:47:31,2019-03-06T13:01:50
CUST000497,Janya,Guha,1992-08-29T19:00:59,34,Female,cust000497@mailsim.in,+917655921426,"71, Deep Zila",Nangloi Jat,Uttarakhand,295881,India,GAWTN1339Q,XXXX-XXXX-9265,Self-Employed,2705546.92,Widowed,Indian,verified,low,2021-04-11T10:55:00,Tamil,HNI,individual,676,EMP000074,True,active,2021-04-11T10:55:00,2023-08-27T03:19:23
CUST000498,Owen,Muni,2003-05-01T08:17:01,23,Male,cust000498@mailsim.in,+917696157950,"798
Gera Path",Bhopal,Himachal Pradesh,891164,India,BZDHN9027V,XXXX-XXXX-7471,Self-Employed,1740884.1,Widowed,Indian,pending,low,2016-11-13T17:55:25,Hindi,HNI,individual,714,EMP000097,True,active,2016-11-13T17:55:25,2021-02-23T01:51:18
CUST000499,Daniel,Kapadia,1989-03-28T22:11:10,37,Male,cust000499@mailsim.in,+917156408439,"23/423, Brar Street",Gorakhpur,Uttar Pradesh,176983,India,PJHPK7159J,XXXX-XXXX-7121,Self-Employed,266852.38,Widowed,Indian,verified,low,2023-07-03T04:38:48,Telugu,HNI,individual,760,EMP000076,True,active,2023-07-03T04:38:48,2024-02-05T10:27:01
CUST000500,Balvan,Bahl,1971-08-21T21:01:50,55,Male,cust000500@mailsim.in,+917975264593,"03
Bali Zila",Nandyal,Odisha,365205,India,MMMWM7812B,XXXX-XXXX-5020,Business Owner,9503391.6,Single,Indian,verified,low,2017-06-03T07:36:01,Telugu,Student,corporate,743,EMP000010,True,active,2017-06-03T07:36:01,2022-06-03T20:45:24
CUST000501,Daniel,Kulkarni,1987-06-20T14:04:14,39,Male,cust000501@mailsim.in,+919059258639,"H.No. 401, Jha Zila",Udaipur,Tamil Nadu,469604,India,IINAC5417B,XXXX-XXXX-1404,Salaried,1166161.4,Divorced,Indian,verified,low,2015-09-09T19:26:19,Telugu,Regular,individual,676,EMP000007,False,blocked,2015-09-09T19:26:19,2024-06-26T07:41:47
CUST000502,Pushti,Balakrishnan,1988-03-05T07:06:55,38,Female,cust000502@mailsim.in,+917155288511,"495, Dyal Path",Dibrugarh,Uttarakhand,864060,India,TNZDV6409V,XXXX-XXXX-8206,Self-Employed,2248059.53,Divorced,Indian,verified,medium,2022-05-17T02:30:43,Tamil,Regular,individual,703,EMP000029,True,active,2022-05-17T02:30:43,2022-09-24T06:10:47
CUST000503,Bahadurjit,Chaudhary,1964-01-18T07:00:16,62,Male,cust000503@mailsim.in,+917831781660,"33/42, Agrawal Circle",Kakinada,Bihar,938306,India,VDOGX1009C,XXXX-XXXX-3677,Salaried,1760029.11,Divorced,Indian,verified,medium,2018-04-23T12:57:53,Tamil,Regular,corporate,805,EMP000015,True,active,2018-04-23T12:57:53,2018-12-27T23:55:29
CUST000504,Yashawini,Soman,1978-04-28T18:39:47,48,Female,cust000504@mailsim.in,+918108459602,"92/712
Raghavan Path",Kakinada,Goa,685701,India,OXTQI3549V,XXXX-XXXX-9520,Business Owner,6984713.6,Married,Indian,verified,low,2021-05-01T06:01:00,Telugu,Regular,corporate,607,EMP000064,False,inactive,2021-05-01T06:01:00,2024-10-09T15:18:49
CUST000505,Yasti,Kari,1972-07-13T17:36:26,54,Female,cust000505@mailsim.in,+919383767348,"H.No. 517
Venkatesh Zila",Shimla,West Bengal,985510,India,UWGXY9883Q,XXXX-XXXX-6947,Salaried,1001496.54,Widowed,Indian,verified,low,2016-10-23T17:57:15,English,Regular,individual,367,EMP000100,False,inactive,2016-10-23T17:57:15,2022-02-25T14:36:56
CUST000506,Pranit,Mani,1982-08-16T07:30:57,44,Male,cust000506@mailsim.in,+919032267443,"H.No. 571, Mander Marg",Ghaziabad,Maharashtra,449999,India,YDGWM7493S,XXXX-XXXX-4506,Retired,464785.93,Married,Indian,verified,medium,2022-05-09T09:31:14,Tamil,Regular,individual,685,EMP000011,True,active,2022-05-09T09:31:14,2023-03-18T03:15:43
CUST000507,Nimrat,Sawhney,1955-07-31T00:24:04,71,Female,cust000507@mailsim.in,+919115909085,"64/63, Soni Zila",Mangalore,Tamil Nadu,932138,India,VQZAE3186J,XXXX-XXXX-7009,Salaried,1453857.53,Divorced,Indian,verified,low,2017-07-21T08:31:06,Tamil,Student,individual,339,EMP000075,True,active,2017-07-21T08:31:06,2018-12-15T00:48:45
CUST000508,Abha,Swamy,1968-01-31T08:29:04,58,Female,cust000508@mailsim.in,+919106080549,"78, Dar Zila",Tenali,Delhi,380316,India,PQNVH2064O,XXXX-XXXX-5259,Homemaker,31478.81,Single,Indian,verified,low,2017-11-21T22:27:09,Hindi,Regular,corporate,466,EMP000089,False,inactive,2017-11-21T22:27:09,2025-12-06T22:39:57
CUST000509,Sai,Chaudry,1989-08-18T04:17:11,37,Male,cust000509@mailsim.in,+918722685738,"H.No. 535, Raval Ganj",Muzaffarpur,Bihar,946165,India,YUWRF8557E,XXXX-XXXX-3543,Student,11039.3,Single,Indian,verified,low,2020-03-18T21:29:43,English,Senior,individual,375,EMP000037,True,active,2020-03-18T21:29:43,2023-01-16T15:30:31
CUST000510,Unnati,Tata,2003-11-26T21:44:34,22,Female,cust000510@mailsim.in,+917526642463,"99/465
Ravel Chowk",Sasaram,Uttarakhand,864810,India,PYFMA3564M,XXXX-XXXX-4137,Business Owner,3778313.62,Single,Indian,verified,medium,2023-03-12T12:54:54,Hindi,Regular,individual,774,EMP000085,True,active,2023-03-12T12:54:54,2024-11-19T00:24:09
CUST000511,Maya,Din,1985-08-06T04:09:04,41,Female,cust000511@mailsim.in,+918813972560,"H.No. 147
Kashyap Chowk",Ludhiana,Madhya Pradesh,888019,India,OSAUY7812C,XXXX-XXXX-8977,Student,262656.29,Divorced,Indian,verified,medium,2017-04-05T19:58:10,Tamil,Premium,individual,584,EMP000026,False,inactive,2017-04-05T19:58:10,2020-05-01T12:00:26
CUST000512,Chavvi,Bera,1997-12-22T23:04:04,28,Female,cust000512@mailsim.in,+919640876309,"02, Narain Marg",Avadi,Punjab,453558,India,AMVNF6447V,XXXX-XXXX-9273,Self-Employed,965648.9,Widowed,Indian,pending,high,2021-02-19T11:35:19,Tamil,Regular,corporate,340,EMP000059,True,active,2021-02-19T11:35:19,2026-03-01T13:53:21
CUST000513,Chasmum,Bose,1986-01-22T18:54:04,40,Female,cust000513@mailsim.in,+917076943919,"34
Swaminathan Chowk",Hosur,Bihar,717947,India,QUMWY4783K,XXXX-XXXX-4651,Self-Employed,1457959.75,Divorced,Indian,pending,medium,2015-10-04T14:21:31,Tamil,Premium,individual,704,EMP000034,True,active,2015-10-04T14:21:31,2015-10-31T05:23:11
CUST000514,Onveer,Zachariah,1985-07-28T04:01:23,41,Male,cust000514@mailsim.in,+918846882161,"H.No. 616, Murty Chowk",Mango,Karnataka,179802,India,UHVOK9220X,XXXX-XXXX-6016,Self-Employed,2352922.41,Single,Indian,verified,medium,2019-01-24T23:16:32,Hindi,HNI,corporate,698,EMP000072,True,active,2019-01-24T23:16:32,2025-03-28T16:58:21
CUST000515,Veda,Banik,1968-08-17T10:00:08,58,Female,cust000515@mailsim.in,+917342209638,"842, Sankar Chowk",Bijapur,Madhya Pradesh,778264,India,GMCYT3769V,XXXX-XXXX-5789,Salaried,1442078.47,Widowed,Indian,verified,low,2015-03-30T07:21:01,Tamil,Regular,individual,595,EMP000040,True,active,2015-03-30T07:21:01,2024-06-20T03:54:05
CUST000516,Saumya,Sura,1960-03-09T14:26:37,66,Female,cust000516@mailsim.in,+917014294591,"78/89, Soni Chowk",Guna,West Bengal,169187,India,UUYZC8393K,XXXX-XXXX-2989,Business Owner,5254399.2,Widowed,Indian,verified,low,2017-08-24T16:04:25,Hindi,HNI,individual,394,EMP000046,False,inactive,2017-08-24T16:04:25,2020-08-24T18:31:50
CUST000517,Ayaan,Raman,1972-01-12T15:23:55,54,Male,cust000517@mailsim.in,+919664348449,"96
Pandit",Pondicherry,Tamil Nadu,166514,India,EINRF6757A,XXXX-XXXX-6573,Salaried,1750960.58,Widowed,Indian,verified,low,2015-04-24T06:17:17,Telugu,Regular,individual,795,EMP000100,False,blocked,2015-04-24T06:17:17,2025-04-14T17:48:18
CUST000518,Azaan,Bala,2005-09-03T09:46:49,21,Male,cust000518@mailsim.in,+919123325187,"559, Om Nagar",Jalandhar,Uttarakhand,908283,India,LIJXA4081A,XXXX-XXXX-6823,Business Owner,662652.63,Divorced,Indian,verified,low,2018-11-09T23:35:21,English,Senior,corporate,387,EMP000018,False,inactive,2018-11-09T23:35:21,2026-01-11T03:53:40
CUST000519,Upadhriti,Pai,1962-12-05T11:18:42,63,Female,cust000519@mailsim.in,+919123197363,"50
Kota Ganj",Bijapur,Uttarakhand,678399,India,SIQAV6194H,XXXX-XXXX-6112,Salaried,1213038.62,Widowed,Indian,verified,medium,2025-02-01T01:29:43,English,Senior,individual,440,EMP000090,True,active,2025-02-01T01:29:43,2025-08-20T16:12:34
CUST000520,Chaman,Bhatti,1974-02-06T01:02:00,52,Other,cust000520@mailsim.in,+917319533731,"H.No. 520
Nanda Circle",Jaunpur,Jharkhand,481456,India,BIHAZ6369F,XXXX-XXXX-2524,Student,260851.47,Single,Indian,verified,low,2020-10-13T07:42:17,Hindi,HNI,individual,426,EMP000024,False,inactive,2020-10-13T07:42:17,2025-09-08T04:03:03
CUST000521,Udyati,Varma,1970-10-03T10:41:34,56,Female,cust000521@mailsim.in,+919363127020,"H.No. 07
Bains",Burhanpur,Uttarakhand,183532,India,VOPRH5874D,XXXX-XXXX-7613,Salaried,1578913.28,Single,Indian,verified,medium,2015-11-01T23:08:48,English,Premium,individual,353,EMP000018,True,active,2015-11-01T23:08:48,2017-01-02T03:31:28
CUST000522,Saumya,Naidu,1955-04-10T15:43:56,71,Female,cust000522@mailsim.in,+917182642830,"13, Taneja Path",Rourkela,Assam,948822,India,JOGPO5056C,XXXX-XXXX-6473,Salaried,586245.67,Single,Indian,verified,low,2016-10-25T19:26:57,Tamil,Premium,individual,821,EMP000031,False,inactive,2016-10-25T19:26:57,2023-10-04T11:28:16
CUST000523,Netra,Patla,1973-08-07T06:23:56,53,Female,cust000523@mailsim.in,+917805520899,"718
Mani Ganj",Nashik,Assam,674162,India,GLPKV5795L,XXXX-XXXX-3231,Salaried,987685.01,Widowed,Indian,pending,low,2024-10-23T10:21:29,Tamil,Premium,corporate,730,EMP000033,True,active,2024-10-23T10:21:29,2026-03-11T00:14:49
CUST000524,Manthan,Ratti,1962-10-19T15:57:26,63,Male,cust000524@mailsim.in,+918086352754,"19/19, Mahajan Path",Tezpur,Gujarat,704625,India,EQDRD1658H,XXXX-XXXX-5095,Business Owner,7576361.4,Single,Indian,verified,low,2021-11-24T23:14:53,Tamil,Regular,individual,302,EMP000084,True,active,2021-11-24T23:14:53,2023-09-09T01:15:58
CUST000525,Zilmil,Soman,1955-12-09T00:06:50,70,Female,cust000525@mailsim.in,+917886195405,"514
Mital Circle",Panvel,Odisha,251397,India,DQDJZ7205V,XXXX-XXXX-9501,Business Owner,6962988.02,Widowed,Indian,verified,medium,2022-01-12T12:05:26,Tamil,Regular,individual,548,EMP000063,True,active,2022-01-12T12:05:26,2026-03-11T12:07:27
CUST000526,Naksh,Iyengar,1972-02-27T06:13:43,54,Male,cust000526@mailsim.in,+917681203727,"49
Setty Circle",Surat,Karnataka,919350,India,XBLHK5705E,XXXX-XXXX-5643,Homemaker,55865.62,Widowed,Indian,pending,low,2015-01-19T23:57:07,English,Premium,individual,529,EMP000058,True,active,2015-01-19T23:57:07,2018-06-21T11:54:41
CUST000527,Girik,Tata,1987-06-13T19:17:15,39,Male,cust000527@mailsim.in,+919063088799,"74/896, Bhasin",Bharatpur,West Bengal,559411,India,XAGMF9350U,XXXX-XXXX-3370,Business Owner,1543331.79,Divorced,Indian,verified,medium,2021-08-24T01:44:02,Hindi,Student,individual,617,EMP000096,True,active,2021-08-24T01:44:02,2025-01-29T08:53:13
CUST000528,Vedhika,Divan,1962-04-16T11:03:55,64,Female,cust000528@mailsim.in,+918082755964,"466, Bhatt Path",Haridwar,West Bengal,894544,India,YYWOY3997U,XXXX-XXXX-9143,Salaried,1961667.97,Single,Indian,verified,low,2019-02-07T22:11:37,Telugu,Premium,individual,498,EMP000024,False,inactive,2019-02-07T22:11:37,2020-01-10T22:01:19
CUST000529,Lila,Mangat,1983-11-29T16:06:31,42,Female,cust000529@mailsim.in,+918167980105,"H.No. 93, Khare Marg",Jalgaon,Goa,309156,India,QRYOJ7224P,XXXX-XXXX-4215,Business Owner,8957442.16,Divorced,Indian,verified,low,2019-04-10T16:50:38,Telugu,HNI,individual,804,EMP000030,True,active,2019-04-10T16:50:38,2022-12-09T05:20:56
CUST000530,Gopal,Bala,1960-03-10T15:47:52,66,Male,cust000530@mailsim.in,+917588392223,"H.No. 77, Sarin Circle",Vadodara,West Bengal,530687,India,WFKZB9987O,XXXX-XXXX-3223,Homemaker,44146.43,Married,Indian,verified,low,2016-10-03T05:10:05,Hindi,Regular,individual,423,EMP000036,True,active,2016-10-03T05:10:05,2024-05-29T09:42:21
CUST000531,Harrison,Dutta,1971-02-09T10:43:16,55,Male,cust000531@mailsim.in,+918075101944,"044
Goda Circle",Shivpuri,Himachal Pradesh,662971,India,TYGMH3736V,XXXX-XXXX-1104,Retired,933605.39,Widowed,Indian,pending,low,2025-05-29T10:21:24,Telugu,Student,individual,815,EMP000075,True,active,2025-05-29T10:21:24,2025-11-23T13:21:47
CUST000532,Advaith,Bhakta,1984-01-24T18:29:00,42,Male,cust000532@mailsim.in,+918942853385,"H.No. 94, Ray Zila",Mysore,Uttarakhand,829744,India,ETZOR4154F,XXXX-XXXX-3571,Retired,310797.6,Single,Indian,verified,low,2020-12-08T08:30:32,Tamil,Regular,individual,362,EMP000085,False,blocked,2020-12-08T08:30:32,2024-10-04T19:11:55
CUST000533,Rushil,Dey,1963-01-08T19:54:35,63,Male,cust000533@mailsim.in,+918286744893,"H.No. 981, Vohra Circle",Mehsana,Bihar,261406,India,RVEJE1575R,XXXX-XXXX-3868,Salaried,1463547.39,Widowed,Indian,verified,medium,2018-06-22T15:05:00,Tamil,Regular,individual,745,EMP000030,True,active,2018-06-22T15:05:00,2024-06-04T11:34:03
CUST000534,Chakradev,Khanna,1990-05-28T04:17:28,36,Male,cust000534@mailsim.in,+919280051256,"H.No. 59, Keer Marg",Bellary,Goa,714067,India,ZXEZN4532O,XXXX-XXXX-7961,Student,51640.5,Widowed,Indian,verified,low,2024-06-10T15:12:03,Tamil,Student,individual,320,EMP000026,False,inactive,2024-06-10T15:12:03,2026-03-03T01:07:26
CUST000535,Eshana,Chhabra,1986-08-20T08:47:30,40,Female,cust000535@mailsim.in,+917495413822,"476, Bhalla Road",Deoghar,Gujarat,156405,India,FSYCM3215B,XXXX-XXXX-9486,Salaried,605647.41,Married,Indian,pending,low,2016-07-19T14:35:36,English,Premium,individual,375,EMP000031,False,inactive,2016-07-19T14:35:36,2025-09-19T20:31:45
CUST000536,Rachit,Chowdhury,1991-08-01T06:53:33,35,Male,cust000536@mailsim.in,+918426254951,"67/34
Patil Street",Arrah,Uttarakhand,242795,India,VBMVD4612W,XXXX-XXXX-2464,Self-Employed,1650274.18,Widowed,Indian,verified,medium,2016-08-04T05:10:43,English,Premium,individual,468,EMP000088,True,active,2016-08-04T05:10:43,2021-04-17T03:42:06
CUST000537,Mitesh,Bail,1957-04-02T20:34:08,69,Male,cust000537@mailsim.in,+919855647032,"03/486, Patil Road",Deoghar,Maharashtra,948924,India,SCETQ2328C,XXXX-XXXX-4119,Homemaker,96155.98,Single,Indian,verified,medium,2015-03-13T15:25:14,Hindi,Regular,individual,326,EMP000093,True,active,2015-03-13T15:25:14,2017-09-29T07:31:28
CUST000538,Jagat,Savant,2000-09-28T02:07:48,26,Male,cust000538@mailsim.in,+919164749811,"H.No. 644
Keer Zila",Bhagalpur,Kerala,889084,India,HEODR9847P,XXXX-XXXX-5705,Homemaker,98227.84,Single,Indian,verified,medium,2016-12-16T13:32:20,Hindi,Premium,individual,621,EMP000049,True,active,2016-12-16T13:32:20,2024-12-08T01:09:23
CUST000539,Faris,Sarna,1956-10-14T11:32:46,69,Male,cust000539@mailsim.in,+917012006966,"60/417
Sachar Chowk",Bhusawal,Telangana,357543,India,JQCSH3456M,XXXX-XXXX-7188,Salaried,1257102.56,Married,Indian,verified,medium,2015-10-02T07:35:24,Tamil,Senior,individual,350,EMP000047,True,active,2015-10-02T07:35:24,2021-01-10T08:59:09
CUST000540,Daksha,Dyal,1980-07-16T18:23:52,46,Female,cust000540@mailsim.in,+917169118623,"15/69
Narain Circle",Bhopal,Assam,155613,India,KGPPL6817Z,XXXX-XXXX-1278,Student,231709.94,Married,Indian,verified,low,2015-09-18T04:34:37,English,Student,corporate,558,EMP000068,True,active,2015-09-18T04:34:37,2017-10-29T08:14:06
CUST000541,Ati,Gour,2005-04-03T16:07:03,21,Female,cust000541@mailsim.in,+918110943231,"20/634
Butala Path",Sangli-Miraj & Kupwad,Rajasthan,674071,India,YMYNJ4075Q,XXXX-XXXX-2051,Retired,459737.84,Married,Indian,verified,low,2015-01-31T21:26:19,Telugu,Premium,individual,474,EMP000067,True,active,2015-01-31T21:26:19,2024-10-21T13:49:44
CUST000542,Kritika,Varty,1975-12-04T20:51:58,50,Female,cust000542@mailsim.in,+917088946090,"65/77, Lad Street",Guntakal,West Bengal,540191,India,TDSVL2705J,XXXX-XXXX-5126,Business Owner,1280598.63,Single,Indian,pending,low,2021-12-07T23:51:51,Telugu,Regular,corporate,682,EMP000097,True,active,2021-12-07T23:51:51,2024-05-28T21:27:26
CUST000543,Nihal,Manda,1982-06-11T13:24:00,44,Male,cust000543@mailsim.in,+918585047446,"H.No. 652, Purohit Marg",Jaipur,Madhya Pradesh,669868,India,RHYXA2386P,XXXX-XXXX-7181,Retired,376956.52,Divorced,Indian,pending,low,2018-11-24T10:44:42,English,HNI,individual,677,EMP000031,True,active,2018-11-24T10:44:42,2023-08-18T03:50:40
CUST000544,Advay,Karnik,1973-09-28T22:18:04,53,Male,cust000544@mailsim.in,+917576615880,"34, Bawa Street",Tadipatri,Odisha,739731,India,VBRAR1942J,XXXX-XXXX-4912,Business Owner,2444078.8,Married,Indian,verified,medium,2020-08-22T04:30:10,Hindi,Regular,individual,622,EMP000091,True,active,2020-08-22T04:30:10,2021-09-05T18:56:07
CUST000545,Tanish,Lad,1964-08-15T21:58:30,62,Male,cust000545@mailsim.in,+919576358413,"H.No. 529, Atwal Zila",Malda,Odisha,651772,India,MWDBZ4950S,XXXX-XXXX-2497,Salaried,1372485.11,Married,Indian,verified,low,2016-09-26T21:32:20,Hindi,Senior,individual,716,EMP000005,True,active,2016-09-26T21:32:20,2018-01-17T08:50:31
CUST000546,Yachana,Dani,1996-08-21T05:45:12,30,Female,cust000546@mailsim.in,+918406348665,"33/447, De Marg",Tiruppur,Haryana,199937,India,MNKOW1137A,XXXX-XXXX-4028,Homemaker,41740.71,Single,Indian,rejected,low,2023-08-04T06:07:24,English,Regular,individual,862,EMP000017,True,active,2023-08-04T06:07:24,2026-02-16T23:13:43
CUST000547,Hritik,Mandal,2001-11-05T04:37:34,24,Male,cust000547@mailsim.in,+919735178754,"26, Balakrishnan Street",Firozabad,Assam,376705,India,SVPYX1050T,XXXX-XXXX-4501,Self-Employed,1296931.95,Divorced,Indian,verified,low,2021-06-02T09:43:51,Hindi,Premium,individual,838,EMP000082,True,active,2021-06-02T09:43:51,2026-04-23T22:56:30
CUST000548,Kamya,Seshadri,1970-05-15T09:14:40,56,Female,cust000548@mailsim.in,+919050189264,"H.No. 97, Anne Zila",Guntur,Madhya Pradesh,978775,India,ADZFV3583G,XXXX-XXXX-9287,Salaried,551399.94,Married,Indian,verified,low,2018-12-08T13:20:21,Telugu,Regular,individual,337,EMP000090,True,active,2018-12-08T13:20:21,2025-04-13T08:17:57
CUST000549,Neel,Rao,1990-05-13T17:20:17,36,Male,cust000549@mailsim.in,+917184054087,"66/941, Bhargava Zila",Thoothukudi,Punjab,761104,India,AUGYL1759Q,XXXX-XXXX-2572,Retired,204861.38,Married,Indian,verified,medium,2024-02-14T05:46:37,English,Senior,corporate,356,EMP000067,True,active,2024-02-14T05:46:37,2024-12-25T20:57:31
CUST000550,Jacob,Sinha,1996-05-02T16:33:39,30,Male,cust000550@mailsim.in,+917117121708,"90/04
Raj Circle",Tenali,Haryana,261472,India,RBYFY4581I,XXXX-XXXX-6579,Salaried,904852.08,Widowed,Indian,verified,low,2016-07-03T04:08:34,English,Regular,individual,734,EMP000098,False,inactive,2016-07-03T04:08:34,2026-01-20T09:49:59
CUST000551,Qasim,Deo,1969-05-07T22:03:43,57,Male,cust000551@mailsim.in,+918247262017,"24/28, Nori Chowk",Mira-Bhayandar,Karnataka,221455,India,GXANL4179K,XXXX-XXXX-5889,Business Owner,2755543.9,Married,Indian,verified,low,2023-12-04T01:56:11,Hindi,Premium,individual,404,EMP000086,False,inactive,2023-12-04T01:56:11,2025-07-01T17:31:11
CUST000552,Chanchal,Nadig,1996-03-20T07:25:09,30,Female,cust000552@mailsim.in,+919424344865,"415
Datta Nagar",Parbhani,Goa,841917,India,BHOYS8423I,XXXX-XXXX-3713,Self-Employed,1327994.19,Widowed,Indian,pending,medium,2015-10-23T02:24:36,Telugu,Student,individual,865,EMP000083,True,active,2015-10-23T02:24:36,2026-02-04T07:51:08
CUST000553,Radha,Sani,2000-12-29T19:11:31,25,Female,cust000553@mailsim.in,+919242885248,"H.No. 94
Munshi Circle",Dehradun,Kerala,252233,India,NJJYG6412S,XXXX-XXXX-2686,Student,88322.25,Divorced,Indian,verified,medium,2022-10-05T17:48:43,Tamil,Senior,corporate,410,EMP000024,True,active,2022-10-05T17:48:43,2026-05-01T08:56:51
CUST000554,Nisha,Swamy,1975-01-14T03:19:20,51,Female,cust000554@mailsim.in,+918846297321,"70/32, Karpe Nagar",Vadodara,Haryana,691307,India,OYKSZ8749E,XXXX-XXXX-7520,Student,192071.84,Widowed,Indian,pending,high,2017-05-27T23:01:22,English,Premium,individual,521,EMP000040,True,active,2017-05-27T23:01:22,2021-04-14T09:18:16
CUST000555,Wahab,Lad,2000-08-08T13:59:38,26,Male,cust000555@mailsim.in,+919792543023,"76/170, Parikh Chowk",Berhampore,West Bengal,645478,India,DXTVZ1050L,XXXX-XXXX-7676,Self-Employed,2684391.61,Single,Indian,rejected,high,2025-04-01T04:24:51,Telugu,Regular,individual,450,EMP000052,False,blocked,2025-04-01T04:24:51,2026-07-03T20:21:29
CUST000556,Xiti,Chowdhury,1964-12-23T01:37:33,61,Female,cust000556@mailsim.in,+917401568252,"H.No. 513, Gole Road",Danapur,Uttarakhand,501010,India,OIQYF8895Z,XXXX-XXXX-7978,Student,29475.83,Married,Indian,pending,medium,2022-05-21T16:28:49,Hindi,Premium,corporate,423,EMP000033,True,active,2022-05-21T16:28:49,2024-01-08T08:05:15
CUST000557,Laban,Kala,1965-02-19T05:21:16,61,Male,cust000557@mailsim.in,+918334629757,"92/61, Tara Ganj",Ozhukarai,Jharkhand,385109,India,QBAYM4665A,XXXX-XXXX-1106,Student,200314.9,Widowed,Indian,verified,high,2019-02-04T00:59:30,Telugu,Regular,individual,696,EMP000065,True,active,2019-02-04T00:59:30,2020-10-23T19:34:43
CUST000558,Amara,Mane,1996-08-21T14:31:18,30,Female,cust000558@mailsim.in,+917109458663,"59, Naik Zila",Bhopal,Karnataka,169439,India,JBQCQ2198X,XXXX-XXXX-6265,Salaried,392350.01,Widowed,Indian,pending,medium,2020-09-11T15:06:20,Tamil,Student,corporate,721,EMP000081,False,inactive,2020-09-11T15:06:20,2021-12-01T22:17:09
CUST000559,Banjeet,Sharma,1998-05-20T05:17:03,28,Male,cust000559@mailsim.in,+919127163285,"49
Narayan Nagar",Bidhannagar,Odisha,564199,India,PKBYX7606Y,XXXX-XXXX-7744,Salaried,1441368.82,Married,Indian,verified,medium,2019-10-05T14:50:03,English,Premium,individual,785,EMP000050,True,active,2019-10-05T14:50:03,2020-03-01T19:14:21
CUST000560,Omaja,Dayal,1995-12-14T18:36:17,30,Female,cust000560@mailsim.in,+918131920912,"H.No. 450, Raj Zila",Silchar,Maharashtra,516577,India,YRGZF8436H,XXXX-XXXX-2461,Homemaker,187448.34,Divorced,Indian,verified,high,2016-02-20T01:03:32,Tamil,Regular,corporate,411,EMP000060,True,active,2016-02-20T01:03:32,2025-05-27T14:26:04
CUST000561,Joshua,Gokhale,1968-12-11T05:46:32,57,Male,cust000561@mailsim.in,+917337561177,"10, Gaba Ganj",Sambhal,Himachal Pradesh,271319,India,ACTGN6206E,XXXX-XXXX-8663,Retired,546173.28,Divorced,Indian,verified,low,2017-10-17T18:08:47,Telugu,Regular,individual,603,EMP000040,True,active,2017-10-17T18:08:47,2022-04-18T21:57:37
CUST000562,Meghana,Dube,1966-06-24T21:38:09,60,Female,cust000562@mailsim.in,+917604951003,"H.No. 76, Deep Road",Jalandhar,Haryana,408298,India,NZCHZ4874O,XXXX-XXXX-4356,Self-Employed,2109736.47,Single,Indian,verified,low,2024-11-05T13:53:05,Tamil,Student,individual,811,EMP000086,True,active,2024-11-05T13:53:05,2025-12-09T08:10:57
CUST000563,Qarin,Vala,1955-12-15T07:23:20,70,Male,cust000563@mailsim.in,+919111299952,"76, Loyal Chowk",Mysore,Goa,662292,India,VCFNZ3811S,XXXX-XXXX-9947,Salaried,878233.84,Widowed,Indian,pending,medium,2017-09-30T09:11:11,Telugu,Regular,individual,537,EMP000070,True,active,2017-09-30T09:11:11,2021-11-18T12:21:20
CUST000564,Udyati,Pillay,1967-01-22T17:49:26,59,Female,cust000564@mailsim.in,+918367696408,"61, Varghese Nagar",Madhyamgram,Bihar,130573,India,IOLTM9922X,XXXX-XXXX-8023,Retired,462503.26,Single,Indian,verified,medium,2024-03-31T06:20:48,Telugu,Student,individual,714,EMP000067,True,active,2024-03-31T06:20:48,2024-11-13T21:54:33
CUST000565,Isaac,Dubey,1955-02-25T23:03:11,71,Male,cust000565@mailsim.in,+917362291262,"81/47
Buch Marg",Dewas,Rajasthan,289214,India,FJRCK6997A,XXXX-XXXX-6489,Retired,585167.07,Widowed,Indian,rejected,medium,2021-05-26T02:36:27,Telugu,Premium,individual,835,EMP000084,True,active,2021-05-26T02:36:27,2022-11-18T08:59:57
CUST000566,Falguni,Datta,1977-04-12T09:15:37,49,Female,cust000566@mailsim.in,+918961622029,"864
Batta",Ranchi,Himachal Pradesh,141350,India,ONRGQ9877J,XXXX-XXXX-9957,Salaried,1775732.01,Married,Indian,verified,high,2024-08-29T14:28:15,Hindi,HNI,corporate,535,EMP000085,True,active,2024-08-29T14:28:15,2026-06-14T10:05:13
CUST000567,Yashvi,Chokshi,1995-09-16T21:50:56,31,Female,cust000567@mailsim.in,+918253561824,"17
Kulkarni",Rohtak,Gujarat,412619,India,WITNQ2376J,XXXX-XXXX-6681,Self-Employed,1465218.24,Widowed,Indian,rejected,medium,2019-04-08T05:43:36,English,Premium,individual,665,EMP000023,True,active,2019-04-08T05:43:36,2021-04-08T05:32:37
CUST000568,Banjeet,Thakur,1981-07-28T20:02:55,45,Male,cust000568@mailsim.in,+919820619867,"H.No. 722, Bath Marg",Erode,Rajasthan,127491,India,YLJCP8559P,XXXX-XXXX-9719,Retired,543224.06,Married,Indian,pending,medium,2023-02-15T17:05:19,Telugu,Premium,individual,457,EMP000017,True,active,2023-02-15T17:05:19,2024-06-26T23:53:18
CUST000569,Manthan,Murthy,1957-08-06T23:12:46,69,Male,cust000569@mailsim.in,+919252224016,"79/452
Goyal Ganj",Mahbubnagar,Maharashtra,517955,India,QRUJS1489V,XXXX-XXXX-6904,Self-Employed,2315588.02,Widowed,Indian,verified,medium,2024-01-20T14:34:06,Telugu,Premium,individual,427,EMP000022,True,active,2024-01-20T14:34:06,2025-03-29T22:42:11
CUST000570,Kai,Cherian,2005-10-18T16:21:57,20,Male,cust000570@mailsim.in,+918152436119,"00/61
Garg Nagar",Jaunpur,Telangana,291423,India,YKPFJ5819F,XXXX-XXXX-5040,Retired,670554.12,Married,Indian,verified,medium,2020-10-30T00:54:39,Hindi,HNI,individual,527,EMP000025,False,inactive,2020-10-30T00:54:39,2025-06-22T23:11:55
CUST000571,Tanmayi,Sur,1962-01-06T15:06:17,64,Female,cust000571@mailsim.in,+918119819986,"95/64
Dass Zila",Kanpur,Tamil Nadu,817718,India,RINIZ8918F,XXXX-XXXX-6625,Homemaker,77815.31,Married,Indian,verified,medium,2020-10-14T20:13:26,Tamil,Regular,individual,678,EMP000014,True,active,2020-10-14T20:13:26,2022-09-09T09:35:33
CUST000572,Ikshita,Choudhury,1962-03-24T21:06:19,64,Female,cust000572@mailsim.in,+918585836900,"30/372, Sarin Ganj",Chandigarh,Punjab,126905,India,YMGKW6314A,XXXX-XXXX-6250,Retired,780389.11,Divorced,Indian,pending,low,2024-07-11T07:20:19,Tamil,Regular,individual,824,EMP000074,True,active,2024-07-11T07:20:19,2024-11-04T01:15:33
CUST000573,Matthew,Sheth,1987-09-30T17:19:38,39,Male,cust000573@mailsim.in,+917201390335,"60, Ganesan Zila",Raiganj,Uttar Pradesh,646877,India,VIGUC6967G,XXXX-XXXX-7463,Retired,376822.43,Divorced,Indian,verified,low,2025-03-11T01:30:36,Hindi,Regular,individual,477,EMP000047,True,active,2025-03-11T01:30:36,2026-07-05T03:34:52
CUST000574,Watika,Sinha,1987-05-20T10:56:30,39,Female,cust000574@mailsim.in,+918830730164,"93, Menon Ganj",Faridabad,Odisha,992924,India,IAQYD2787J,XXXX-XXXX-2427,Retired,131672.97,Divorced,Indian,verified,low,2023-12-04T06:48:16,English,Premium,individual,874,EMP000008,True,active,2023-12-04T06:48:16,2026-07-01T05:30:53
CUST000575,Ojas,Anand,1987-07-13T02:21:13,39,Male,cust000575@mailsim.in,+917557383228,"66/799, Mannan Circle",Morbi,West Bengal,985734,India,NOTKX6421R,XXXX-XXXX-8014,Business Owner,4452789.5,Divorced,Indian,pending,medium,2015-02-11T19:07:59,Telugu,HNI,individual,752,EMP000036,True,active,2015-02-11T19:07:59,2020-03-12T13:04:29
CUST000576,Ryan,Sunder,2003-01-19T06:02:29,23,Male,cust000576@mailsim.in,+919874685014,"080
Mutti Marg",Agartala,Telangana,667646,India,QTKJW5719F,XXXX-XXXX-9225,Retired,216007.16,Single,Indian,rejected,medium,2020-09-30T13:53:14,Telugu,Senior,individual,306,EMP000006,True,active,2020-09-30T13:53:14,2021-02-10T18:52:27
CUST000577,Sathvik,Solanki,1998-06-30T12:47:48,28,Male,cust000577@mailsim.in,+917996817103,"95, Sarin Chowk",Nanded,Tamil Nadu,347905,India,DWWVU6199C,XXXX-XXXX-4413,Salaried,309468.5,Divorced,Indian,verified,low,2018-11-27T12:27:53,Telugu,Premium,individual,402,EMP000037,True,active,2018-11-27T12:27:53,2021-06-26T17:21:02
CUST000578,Maanas,Handa,1996-12-24T08:17:45,29,Male,cust000578@mailsim.in,+919662717650,"H.No. 73
Kanda Circle",Madanapalle,Assam,251070,India,MWZFL8226X,XXXX-XXXX-5795,Salaried,1393347.51,Married,Indian,verified,low,2021-07-08T07:10:30,Tamil,Student,individual,371,EMP000068,True,active,2021-07-08T07:10:30,2023-05-17T23:08:24
CUST000579,Vivaan,Deep,1991-12-23T09:40:32,34,Male,cust000579@mailsim.in,+917817863634,"66/572
Johal",Chandigarh,Tamil Nadu,232430,India,FDVAH2517B,XXXX-XXXX-7179,Student,221488.93,Single,Indian,verified,low,2016-10-19T19:09:57,Telugu,Regular,individual,774,EMP000045,True,active,2016-10-19T19:09:57,2017-03-19T07:55:01
CUST000580,Warhi,Dayal,1982-06-30T02:30:55,44,Female,cust000580@mailsim.in,+919856828872,"297, Sagar Zila",Avadi,Odisha,285536,India,UXMIT6950R,XXXX-XXXX-5352,Self-Employed,1554733.38,Widowed,Indian,verified,medium,2023-10-28T23:21:40,English,Regular,individual,823,EMP000100,True,active,2023-10-28T23:21:40,2025-10-02T13:47:55
CUST000581,Kamya,Kadakia,1971-05-29T07:09:25,55,Female,cust000581@mailsim.in,+919359543699,"H.No. 545, Ghosh Street",Rajkot,Rajasthan,853180,India,LDMBR4249O,XXXX-XXXX-4559,Salaried,1873851.46,Married,Indian,rejected,high,2016-09-27T08:37:03,Hindi,Regular,individual,880,EMP000079,True,active,2016-09-27T08:37:03,2020-05-19T17:17:56
CUST000582,Pahal,Sani,1961-11-10T15:32:07,64,Female,cust000582@mailsim.in,+919822854797,"31/83, Kuruvilla Chowk",Raichur,Goa,179023,India,QGOGE6958W,XXXX-XXXX-5006,Business Owner,7998841.07,Married,Indian,verified,high,2022-04-07T21:46:33,Hindi,Regular,individual,774,EMP000095,True,active,2022-04-07T21:46:33,2026-06-17T22:06:36
CUST000583,Aradhana,Loke,1974-09-22T01:57:38,52,Female,cust000583@mailsim.in,+919452614095,"89/107, Choudhry Chowk",Phagwara,Madhya Pradesh,373718,India,WPYMS2908F,XXXX-XXXX-8320,Salaried,1326132.62,Widowed,Indian,verified,medium,2019-03-16T15:29:12,Telugu,Regular,individual,552,EMP000086,False,blocked,2019-03-16T15:29:12,2024-04-10T00:41:48
CUST000584,Dalaja,Barman,1988-11-13T10:09:27,37,Female,cust000584@mailsim.in,+918403925038,"135, Master Street",Guna,Gujarat,707732,India,YYNDA2614E,XXXX-XXXX-6968,Self-Employed,1311968.72,Single,Indian,verified,low,2016-11-30T03:10:07,English,Regular,individual,776,EMP000067,True,active,2016-11-30T03:10:07,2025-06-24T12:40:15
CUST000585,Yahvi,Chaudhary,1978-10-09T05:16:25,47,Female,cust000585@mailsim.in,+918598556286,"55/213, Sagar Chowk",Sambalpur,Jharkhand,474723,India,EQKBV1662G,XXXX-XXXX-1284,Self-Employed,978764.53,Divorced,Indian,verified,low,2018-08-01T12:49:13,English,HNI,corporate,887,EMP000042,True,active,2018-08-01T12:49:13,2019-07-07T16:18:11
CUST000586,Warjas,Om,1966-02-03T12:07:02,60,Male,cust000586@mailsim.in,+919450348080,"21/45
Patel Marg",Saharanpur,Tamil Nadu,123950,India,UQEYY6705V,XXXX-XXXX-1393,Self-Employed,458930.16,Married,Indian,verified,medium,2018-07-29T05:08:14,Tamil,Regular,individual,305,EMP000074,False,inactive,2018-07-29T05:08:14,2022-02-09T09:21:23
CUST000587,Shivansh,Kari,2001-09-25T20:22:03,25,Male,cust000587@mailsim.in,+919614334582,"66, Varty Chowk",Ludhiana,Delhi,252236,India,KQTDE8542N,XXXX-XXXX-8644,Homemaker,150531.97,Married,Indian,verified,medium,2025-02-04T18:53:35,English,Regular,individual,407,EMP000017,True,active,2025-02-04T18:53:35,2025-06-25T03:30:55
CUST000588,Vaishnavi,Dhingra,1957-03-04T07:26:47,69,Female,cust000588@mailsim.in,+918472911495,"81/155, Gala Marg",Ghaziabad,Jharkhand,896867,India,LGYTF5810S,XXXX-XXXX-4153,Salaried,1033462.54,Divorced,Indian,verified,low,2022-08-06T09:33:52,Tamil,Regular,corporate,608,EMP000100,True,active,2022-08-06T09:33:52,2024-10-23T17:34:50
CUST000589,Shravya,Bansal,1974-03-12T06:23:20,52,Female,cust000589@mailsim.in,+918221705335,"08/46, Modi Marg",Hapur,Maharashtra,928204,India,OKNXW6351E,XXXX-XXXX-3459,Salaried,1313749.54,Widowed,Indian,verified,medium,2017-12-30T11:28:41,Tamil,Premium,individual,658,EMP000093,True,active,2017-12-30T11:28:41,2024-06-20T19:05:51
CUST000590,Aayush,Mammen,2005-07-02T07:04:55,21,Male,cust000590@mailsim.in,+917921777997,"67/389, Sathe",Machilipatnam,Goa,725163,India,IUPVU4749O,XXXX-XXXX-2943,Retired,227691.12,Married,Indian,verified,low,2015-01-08T16:20:12,Hindi,Premium,individual,433,EMP000028,False,inactive,2015-01-08T16:20:12,2015-06-25T17:09:16
CUST000591,Hardik,Mitra,2005-07-15T13:14:18,21,Male,cust000591@mailsim.in,+919069540519,"H.No. 856, Venkatesh Street",Kakinada,Karnataka,542981,India,DPMOH3725T,XXXX-XXXX-2007,Salaried,1053294.78,Single,Indian,verified,medium,2017-08-28T09:50:35,English,Regular,individual,588,EMP000068,True,active,2017-08-28T09:50:35,2019-06-24T12:45:25
CUST000592,Chakradhar,Vaidya,1965-10-16T23:39:20,60,Male,cust000592@mailsim.in,+918226023307,"52/00
Kuruvilla Circle",Avadi,Karnataka,361826,India,BAJXY8396L,XXXX-XXXX-7933,Salaried,1818172.31,Divorced,Indian,verified,low,2015-02-17T02:02:07,Hindi,Regular,individual,476,EMP000032,True,active,2015-02-17T02:02:07,2019-05-28T11:48:24
CUST000593,Siddharth,Tiwari,1972-02-02T02:43:09,54,Male,cust000593@mailsim.in,+917474852605,"05/485, Batta Zila",Sultan Pur Majra,Karnataka,681898,India,BDUDF7759R,XXXX-XXXX-4765,Self-Employed,481056.13,Widowed,Indian,verified,high,2022-11-09T04:32:09,Telugu,Regular,individual,857,EMP000002,True,active,2022-11-09T04:32:09,2025-01-20T02:10:20
CUST000594,Neha,Ahluwalia,1979-12-04T00:59:21,46,Female,cust000594@mailsim.in,+919545830617,"H.No. 39
Walla",Etawah,Maharashtra,854757,India,CIBCN7694O,XXXX-XXXX-2665,Salaried,719055.11,Widowed,Indian,verified,low,2022-08-14T06:59:31,English,HNI,individual,843,EMP000036,True,active,2022-08-14T06:59:31,2024-09-16T15:18:59
CUST000595,Netra,Mane,1966-11-28T04:00:37,59,Female,cust000595@mailsim.in,+917106472872,"68/315, Hans Circle",Malda,Maharashtra,692583,India,LJWRL8036T,XXXX-XXXX-5157,Salaried,1143496.04,Married,Indian,verified,low,2016-12-10T15:36:43,Tamil,Senior,individual,505,EMP000078,True,active,2016-12-10T15:36:43,2023-10-17T04:40:15
CUST000596,Chavvi,Din,1984-11-27T05:47:03,41,Female,cust000596@mailsim.in,+918690602500,"11
Sandal Nagar",Fatehpur,Bihar,963180,India,DJBGD8782A,XXXX-XXXX-1525,Salaried,397887.51,Divorced,Indian,verified,low,2019-04-29T16:12:11,Hindi,Senior,individual,325,EMP000097,False,inactive,2019-04-29T16:12:11,2019-11-26T08:34:32
CUST000597,Hredhaan,Sehgal,1995-01-18T14:26:50,31,Male,cust000597@mailsim.in,+917533965008,"H.No. 86, Venkataraman",Bilaspur,Telangana,139165,India,ARPOY2113W,XXXX-XXXX-5416,Student,172250.66,Divorced,Indian,verified,high,2023-04-06T17:55:34,English,Regular,individual,561,EMP000079,True,active,2023-04-06T17:55:34,2025-11-07T13:28:12
CUST000598,Yahvi,Sampath,1975-04-03T14:31:55,51,Female,cust000598@mailsim.in,+918696512978,"76/228
Sundaram Street",Bikaner,Himachal Pradesh,654893,India,ZQQFP2970N,XXXX-XXXX-7262,Self-Employed,1888363.55,Divorced,Indian,verified,high,2025-03-04T10:16:55,English,Regular,individual,350,EMP000063,False,inactive,2025-03-04T10:16:55,2026-03-12T04:06:53
CUST000599,Daniel,Kala,1966-11-08T15:36:48,59,Male,cust000599@mailsim.in,+917905960716,"02
Pingle Circle",Madanapalle,Jharkhand,802264,India,PHOCP1240C,XXXX-XXXX-5327,Self-Employed,662399.64,Widowed,Indian,pending,high,2020-06-25T19:46:27,Tamil,Regular,individual,827,EMP000059,True,active,2020-06-25T19:46:27,2025-01-30T06:07:41
CUST000600,Samarth,Choudhary,1982-12-14T01:06:02,43,Male,cust000600@mailsim.in,+919837925186,"H.No. 94, Virk Nagar",Kochi,Maharashtra,761467,India,UQCYY2371H,XXXX-XXXX-7051,Retired,715911.54,Widowed,Indian,pending,medium,2015-12-08T06:37:55,English,Senior,corporate,850,EMP000065,False,inactive,2015-12-08T06:37:55,2026-08-01T20:39:12
CUST000601,Quincy,Mody,2000-01-06T07:58:26,26,Male,cust000601@mailsim.in,+917303265004,"H.No. 47
Dhar Nagar",Giridih,Uttarakhand,518383,India,XHDTL6833Q,XXXX-XXXX-9407,Self-Employed,2264847.6,Married,Indian,verified,low,2023-08-24T22:53:13,Hindi,Regular,individual,476,EMP000008,True,active,2023-08-24T22:53:13,2023-10-03T20:47:21
CUST000602,Shivansh,Bava,1987-04-11T23:31:34,39,Male,cust000602@mailsim.in,+917402425853,"H.No. 32
Agate Chowk",Motihari,Rajasthan,983025,India,EOHKT2376F,XXXX-XXXX-9370,Salaried,1814682.91,Divorced,Indian,pending,medium,2020-06-12T15:24:28,Telugu,Premium,individual,774,EMP000093,True,active,2020-06-12T15:24:28,2023-10-13T20:50:26
CUST000603,Priya,Bir,1987-06-21T06:32:30,39,Other,cust000603@mailsim.in,+919529055771,"79, Sethi Road",Burhanpur,Punjab,340477,India,SGUUL6809N,XXXX-XXXX-1721,Self-Employed,1584195.33,Married,Indian,verified,low,2015-11-07T20:19:31,Tamil,Regular,individual,409,EMP000100,True,active,2015-11-07T20:19:31,2023-09-06T16:12:49
CUST000604,Vyanjana,Deo,1999-10-27T08:47:16,26,Female,cust000604@mailsim.in,+919748773178,"77/72, Chakraborty Path",Munger,Karnataka,734122,India,YSHPJ5073X,XXXX-XXXX-5338,Self-Employed,2819558.22,Widowed,Indian,verified,low,2021-10-10T01:39:07,Hindi,Regular,individual,456,EMP000072,True,active,2021-10-10T01:39:07,2024-08-25T06:05:40
CUST000605,Jackson,Rana,1979-03-13T18:34:47,47,Male,cust000605@mailsim.in,+919707187272,"07/41
Bakshi Street",Kishanganj,Bihar,388586,India,ODNOU4637I,XXXX-XXXX-9759,Salaried,980221.92,Married,Indian,verified,medium,2024-11-12T23:28:48,Tamil,Senior,individual,454,EMP000097,True,active,2024-11-12T23:28:48,2025-12-27T11:22:25
CUST000606,Diya,Chada,1983-12-01T07:20:08,42,Female,cust000606@mailsim.in,+917272343789,"89/09, Gulati Circle",Ambala,Tamil Nadu,414467,India,BZCXZ5067L,XXXX-XXXX-3674,Self-Employed,2996021.16,Married,Indian,verified,low,2015-05-18T01:03:17,Tamil,Regular,individual,300,EMP000044,True,active,2015-05-18T01:03:17,2018-07-20T09:56:08
CUST000607,Aditya,Dara,1972-04-26T22:38:19,54,Male,cust000607@mailsim.in,+917405425827,"H.No. 433, Sawhney",Deoghar,Haryana,448599,India,USXJY5949P,XXXX-XXXX-3369,Homemaker,52436.55,Single,Indian,verified,medium,2020-06-18T23:26:03,Tamil,Premium,individual,880,EMP000054,True,active,2020-06-18T23:26:03,2023-11-20T03:33:16
CUST000608,Naveen,Ratti,2005-05-19T03:21:57,21,Male,cust000608@mailsim.in,+917280605593,"05, Gole Marg",Nagpur,Jharkhand,232935,India,SPOOB9864X,XXXX-XXXX-1046,Retired,879668.88,Widowed,Indian,pending,low,2023-03-28T23:02:29,Hindi,Regular,individual,829,EMP000014,False,inactive,2023-03-28T23:02:29,2026-08-02T22:51:01
CUST000609,Nathan,Raja,1967-07-27T22:35:33,59,Male,cust000609@mailsim.in,+918138279943,"H.No. 118
Mangal Street",South Dumdum,Uttarakhand,542693,India,QNUGZ7485W,XXXX-XXXX-8214,Salaried,829746.84,Widowed,Indian,verified,medium,2021-09-17T11:02:00,English,Regular,individual,621,EMP000085,True,active,2021-09-17T11:02:00,2022-02-17T15:08:50
CUST000610,Lakshmi,Chakraborty,2004-02-27T21:24:04,22,Female,cust000610@mailsim.in,+917251633857,"H.No. 62, Nanda Nagar",Indore,Assam,478867,India,GYXBC8773C,XXXX-XXXX-7921,Salaried,1460702.29,Single,Indian,verified,medium,2025-03-11T17:28:50,Telugu,Regular,individual,720,EMP000091,True,active,2025-03-11T17:28:50,2026-07-27T17:57:51
CUST000611,Ayush,Misra,1972-09-07T23:34:38,54,Male,cust000611@mailsim.in,+917239707971,"H.No. 526
Kuruvilla Path",Jamshedpur,Haryana,609092,India,AAROU5894Q,XXXX-XXXX-5099,Salaried,604176.82,Divorced,Indian,pending,high,2020-07-28T23:16:58,Hindi,HNI,individual,870,EMP000079,True,active,2020-07-28T23:16:58,2024-04-10T04:22:29
CUST000612,Atharv,Jain,1977-03-30T12:13:27,49,Male,cust000612@mailsim.in,+917061654580,"93/78, Rajan Circle",Agartala,Kerala,430036,India,LJTIX8382Z,XXXX-XXXX-6054,Self-Employed,2350415.09,Married,Indian,verified,low,2022-05-31T23:48:05,English,Regular,individual,678,EMP000034,True,active,2022-05-31T23:48:05,2025-10-24T02:04:09
CUST000613,Azaan,Nadkarni,1963-11-26T04:53:44,62,Male,cust000613@mailsim.in,+918445287994,"61/70
Kaur Marg",Agartala,Kerala,156824,India,CQPJY1150W,XXXX-XXXX-7971,Self-Employed,648739.59,Married,Indian,verified,low,2018-02-19T08:35:22,Tamil,Senior,individual,738,EMP000062,True,active,2018-02-19T08:35:22,2026-03-14T08:54:07
CUST000614,Chandresh,Koshy,1976-07-03T08:28:13,50,Male,cust000614@mailsim.in,+917445200444,"H.No. 96, Chacko Chowk",Ajmer,Tamil Nadu,285469,India,HZCXW5115R,XXXX-XXXX-9471,Salaried,1387010.39,Single,Indian,verified,high,2016-02-23T09:18:57,English,Regular,individual,705,EMP000062,True,active,2016-02-23T09:18:57,2024-07-23T07:36:12
CUST000615,Rachit,Zachariah,1960-05-20T20:09:46,66,Male,cust000615@mailsim.in,+918539165622,"868, Barman Chowk",Madhyamgram,Odisha,923754,India,XYHDS5310F,XXXX-XXXX-7963,Homemaker,15227.94,Single,Indian,pending,low,2017-12-10T07:05:58,Hindi,Regular,individual,790,EMP000044,True,active,2017-12-10T07:05:58,2021-10-26T21:20:13
CUST000616,Mohini,Ganesh,2004-08-22T17:27:01,22,Female,cust000616@mailsim.in,+919286167917,"H.No. 749, Rai Road",Rajpur Sonarpur,Karnataka,583607,India,OZQJG9422F,XXXX-XXXX-6075,Self-Employed,558166.77,Married,Indian,verified,medium,2021-07-25T17:01:21,Hindi,HNI,corporate,574,EMP000007,False,inactive,2021-07-25T17:01:21,2021-10-31T09:01:31
CUST000617,Lohit,Bath,1975-10-16T07:41:16,50,Male,cust000617@mailsim.in,+919006712036,"89/141, Das Marg",Miryalaguda,Madhya Pradesh,875702,India,DFWCY3525W,XXXX-XXXX-8331,Business Owner,3211926.63,Widowed,Indian,verified,medium,2021-04-02T02:43:15,English,Regular,corporate,707,EMP000098,True,active,2021-04-02T02:43:15,2023-01-03T00:04:03
CUST000618,Logan,Sankaran,1998-08-27T22:59:57,28,Male,cust000618@mailsim.in,+917131877388,"85/54, Mahajan Chowk",Pondicherry,Uttar Pradesh,973048,India,OJEBM1206U,XXXX-XXXX-9894,Salaried,403322.96,Single,Indian,verified,low,2017-10-30T17:02:58,Tamil,HNI,individual,499,EMP000005,True,active,2017-10-30T17:02:58,2024-05-29T00:57:33
CUST000619,Panini,Kade,1970-08-15T08:34:10,56,Female,cust000619@mailsim.in,+919160546004,"50/20
Soni",Bangalore,Gujarat,379723,India,QFWWA2701Q,XXXX-XXXX-2132,Business Owner,7293976.15,Widowed,Indian,verified,low,2020-07-12T11:28:11,English,HNI,individual,476,EMP000036,True,active,2020-07-12T11:28:11,2022-09-09T22:43:59
CUST000620,Harini,Sachdev,1979-06-18T12:54:15,47,Female,cust000620@mailsim.in,+917229725789,"81
Yohannan Zila",Raiganj,Uttarakhand,320479,India,VWRMQ8378W,XXXX-XXXX-2755,Salaried,326468.31,Divorced,Indian,verified,medium,2019-06-14T20:29:18,Tamil,Premium,corporate,824,EMP000085,True,active,2019-06-14T20:29:18,2021-08-16T12:43:33
CUST000621,Diya,Pandit,1997-05-02T08:27:19,29,Female,cust000621@mailsim.in,+919518250326,"56/20
Shere Zila",Nellore,Jharkhand,639484,India,UXTPH6152P,XXXX-XXXX-3176,Retired,853759.4,Single,Indian,verified,low,2024-08-29T19:10:05,Tamil,Regular,individual,391,EMP000094,True,active,2024-08-29T19:10:05,2025-12-07T10:44:52
CUST000622,Vamakshi,Andra,2003-05-07T21:24:56,23,Female,cust000622@mailsim.in,+917567799688,"04/531, Mitter",Muzaffarpur,Uttar Pradesh,972039,India,OFLNG2690E,XXXX-XXXX-2846,Self-Employed,2958925.43,Widowed,Indian,verified,high,2019-04-19T19:23:52,Tamil,Senior,individual,476,EMP000067,True,active,2019-04-19T19:23:52,2023-09-04T21:00:49
CUST000623,Xiti,Patil,1992-11-27T10:47:21,33,Female,cust000623@mailsim.in,+917520234731,"H.No. 79, Amble Ganj",Tenali,Karnataka,955862,India,DEEAB9552M,XXXX-XXXX-8558,Retired,490573.47,Single,Indian,verified,low,2018-08-10T21:19:16,Telugu,Premium,individual,860,EMP000011,True,active,2018-08-10T21:19:16,2025-07-25T19:08:08
CUST000624,Christopher,Mall,1961-04-29T01:09:09,65,Male,cust000624@mailsim.in,+918010312874,"839
Gill",Giridih,Uttarakhand,403419,India,YQQCN1776Z,XXXX-XXXX-8906,Salaried,769818.09,Married,Indian,verified,low,2019-11-30T07:35:34,Hindi,HNI,individual,335,EMP000001,True,active,2019-11-30T07:35:34,2021-08-08T04:58:54
CUST000625,Eesha,Bhattacharyya,1986-02-06T21:24:07,40,Other,cust000625@mailsim.in,+917015068079,"H.No. 93, Mahal Circle",Lucknow,Punjab,957074,India,VYYPL2221K,XXXX-XXXX-1320,Business Owner,9077924.15,Single,Indian,verified,high,2021-11-17T02:15:37,Telugu,Regular,individual,313,EMP000083,False,blocked,2021-11-17T02:15:37,2025-03-22T01:31:22
CUST000626,Jonathan,Setty,1960-11-21T00:09:49,65,Male,cust000626@mailsim.in,+917965489088,"05, Ray Marg",Bhilai,Kerala,101662,India,VOCPX5405Y,XXXX-XXXX-8691,Retired,137761.9,Single,Indian,verified,medium,2016-07-15T01:57:23,Tamil,Regular,individual,601,EMP000071,True,active,2016-07-15T01:57:23,2018-12-07T03:33:30
CUST000627,Yochana,Shukla,1993-06-03T06:02:38,33,Female,cust000627@mailsim.in,+919606758445,"H.No. 80
Batta Ganj",Bidar,Odisha,923039,India,AGLOX2938P,XXXX-XXXX-9669,Salaried,1991511.06,Widowed,Indian,pending,low,2021-11-23T04:13:01,English,Regular,individual,484,EMP000047,True,active,2021-11-23T04:13:01,2025-10-02T06:11:05
CUST000628,Zinal,Sen,1980-08-28T17:48:41,46,Female,cust000628@mailsim.in,+918016822993,"H.No. 635
Bakshi Zila",Bhusawal,Gujarat,123359,India,YDWTJ9552S,XXXX-XXXX-4060,Retired,442126.38,Divorced,Indian,rejected,medium,2015-05-26T05:43:42,English,HNI,corporate,885,EMP000048,True,active,2015-05-26T05:43:42,2017-10-07T04:46:02
CUST000629,Bishakha,Krish,1979-07-31T20:19:04,47,Female,cust000629@mailsim.in,+917505855037,"541, Bala Zila",Bhiwani,Odisha,610297,India,LSRDH4029Z,XXXX-XXXX-2222,Homemaker,19314.4,Married,Indian,verified,medium,2020-09-16T10:26:51,Telugu,Senior,individual,481,EMP000021,True,active,2020-09-16T10:26:51,2021-11-28T05:42:10
CUST000630,Advik,Natt,1989-11-09T11:10:02,36,Male,cust000630@mailsim.in,+917229327912,"173
Bhagat Path",Saharsa,Telangana,856029,India,TGDVJ5811L,XXXX-XXXX-8964,Business Owner,8417670.28,Single,Indian,verified,medium,2024-12-30T10:27:52,Tamil,Regular,individual,429,EMP000047,True,active,2024-12-30T10:27:52,2026-01-20T10:11:23
CUST000631,Kashish,Bora,1956-03-24T22:17:34,70,Female,cust000631@mailsim.in,+918714973730,"H.No. 791
Bhat Zila",Burhanpur,West Bengal,838330,India,XKYLF3228I,XXXX-XXXX-8700,Retired,992691.52,Married,Indian,pending,medium,2015-11-06T07:53:15,Hindi,Regular,individual,832,EMP000084,True,active,2015-11-06T07:53:15,2024-08-21T01:17:30
CUST000632,Nirja,Bhattacharyya,2003-10-19T00:56:49,22,Female,cust000632@mailsim.in,+917585188092,"H.No. 704, Sankaran",Kota,Bihar,176009,India,KYYUJ8888C,XXXX-XXXX-1965,Salaried,1636712.01,Single,Indian,verified,medium,2022-09-13T12:10:42,English,Premium,individual,411,EMP000085,True,active,2022-09-13T12:10:42,2023-01-25T08:57:53
CUST000633,Ayaan,Ben,2005-11-13T23:55:41,20,Male,cust000633@mailsim.in,+917976730375,"61
Roy",Khora ,Odisha,155826,India,VDBMV6143V,XXXX-XXXX-1240,Salaried,307825.95,Widowed,Indian,verified,medium,2015-09-29T01:01:28,English,Student,individual,619,EMP000072,True,active,2015-09-29T01:01:28,2021-04-23T08:55:13
CUST000634,Abdul,Setty,1998-12-13T22:20:00,27,Male,cust000634@mailsim.in,+919241556196,"69
Chaudhuri",Indore,Odisha,533276,India,POWKD5212I,XXXX-XXXX-8736,Business Owner,7776915.52,Widowed,Indian,pending,low,2017-05-25T04:57:40,Tamil,Senior,individual,618,EMP000069,True,active,2017-05-25T04:57:40,2018-10-20T17:29:55
CUST000635,Vasana,Varughese,1959-10-24T20:03:22,66,Female,cust000635@mailsim.in,+917195008421,"31/10
Bir",Chapra,Gujarat,468883,India,URKRB5862G,XXXX-XXXX-6897,Salaried,1044345.67,Married,Indian,verified,high,2015-08-09T17:22:34,Telugu,Premium,individual,579,EMP000070,True,active,2015-08-09T17:22:34,2023-01-05T08:10:12
CUST000636,Dev,Upadhyay,1968-03-08T20:02:23,58,Male,cust000636@mailsim.in,+918079629894,"H.No. 67
Saxena",Latur,Kerala,668267,India,NOZIF5881M,XXXX-XXXX-3259,Salaried,1218326.6,Divorced,Indian,verified,low,2025-01-03T11:34:04,Telugu,Student,individual,702,EMP000047,True,active,2025-01-03T11:34:04,2025-12-18T05:16:00
CUST000637,Ekapad,Basu,1979-10-14T18:55:56,46,Male,cust000637@mailsim.in,+919424814195,"496, Parmar Circle",Ballia,Rajasthan,864607,India,VPOIT2755B,XXXX-XXXX-9083,Business Owner,6474968.56,Divorced,Indian,verified,medium,2021-10-03T06:45:28,English,Student,individual,385,EMP000013,True,active,2021-10-03T06:45:28,2025-09-09T20:08:57
CUST000638,Eta,Din,1961-06-13T03:23:37,65,Female,cust000638@mailsim.in,+917082019307,"H.No. 95
Pillay Road",Kadapa,Gujarat,444492,India,USLKR3902F,XXXX-XXXX-1389,Student,121836.87,Divorced,Indian,pending,low,2025-03-23T15:38:43,Hindi,Premium,individual,481,EMP000001,False,closed,2025-03-23T15:38:43,2025-05-26T21:09:16
CUST000639,Elijah,Bhandari,1976-05-08T05:22:44,50,Male,cust000639@mailsim.in,+917255640911,"80/65, Iyer Ganj",Coimbatore,Maharashtra,265579,India,WTSBI6525G,XXXX-XXXX-3999,Business Owner,9111803.19,Divorced,Indian,rejected,medium,2024-08-17T07:40:45,Hindi,Regular,corporate,647,EMP000005,True,active,2024-08-17T07:40:45,2025-07-23T13:44:27
CUST000640,Panini,Gulati,1988-07-02T11:57:36,38,Female,cust000640@mailsim.in,+917821467597,"79/599
Mistry Path",Ozhukarai,Gujarat,586220,India,PBJTR1459H,XXXX-XXXX-2077,Salaried,381845.64,Widowed,Indian,verified,medium,2016-09-12T17:07:56,Tamil,Senior,individual,312,EMP000027,True,active,2016-09-12T17:07:56,2026-07-20T08:37:18
CUST000641,Finn,Cheema,1963-07-31T03:37:58,63,Male,cust000641@mailsim.in,+918839999414,"H.No. 730
Karpe Ganj",Kakinada,Karnataka,631085,India,PZHBH2536H,XXXX-XXXX-6518,Salaried,1796850.22,Married,Indian,rejected,low,2015-07-15T07:35:15,Tamil,Student,individual,648,EMP000019,False,inactive,2015-07-15T07:35:15,2016-04-24T07:33:09
CUST000642,Jagdish,Srivastava,1959-01-14T12:40:11,67,Male,cust000642@mailsim.in,+919445530679,"63/620
Anne Path",Secunderabad,Goa,113682,India,QKLXV1963C,XXXX-XXXX-9957,Salaried,957657.56,Widowed,Indian,verified,low,2021-12-07T11:18:57,Tamil,Senior,individual,428,EMP000092,False,closed,2021-12-07T11:18:57,2023-10-15T03:57:21
CUST000643,Amruta,Contractor,1974-08-31T12:55:11,52,Female,cust000643@mailsim.in,+918610478031,"H.No. 73, Parsa",Ludhiana,West Bengal,121507,India,AMJWE6375A,XXXX-XXXX-4571,Business Owner,2026461.07,Divorced,Indian,pending,low,2020-03-21T02:53:00,Tamil,Senior,individual,433,EMP000051,True,active,2020-03-21T02:53:00,2021-10-12T16:26:20
CUST000644,Hardik,Hora,1972-05-03T08:55:17,54,Male,cust000644@mailsim.in,+919696107066,"342
Korpal Path",Thiruvananthapuram,Rajasthan,793624,India,YSDUI2560C,XXXX-XXXX-1249,Salaried,1553288.91,Single,Indian,verified,medium,2018-02-15T21:48:23,Telugu,HNI,individual,550,EMP000001,True,active,2018-02-15T21:48:23,2025-03-03T10:38:18
CUST000645,Advay,Goda,1965-04-22T17:28:03,61,Male,cust000645@mailsim.in,+918686127169,"H.No. 026
Nigam Zila",Farrukhabad,Odisha,330628,India,UQAXI8479K,XXXX-XXXX-9897,Self-Employed,1463213.31,Married,Indian,verified,medium,2016-12-25T19:50:57,Telugu,Regular,individual,536,EMP000031,True,active,2016-12-25T19:50:57,2024-02-11T21:37:44
CUST000646,Vasatika,Khatri,1955-07-30T13:22:41,71,Female,cust000646@mailsim.in,+918519229233,"H.No. 28
Saraf",Kochi,Jharkhand,295599,India,CMMAP1017O,XXXX-XXXX-2876,Business Owner,1362924.04,Divorced,Indian,pending,low,2017-05-29T00:50:05,English,Regular,individual,472,EMP000013,True,active,2017-05-29T00:50:05,2020-04-25T01:47:40
CUST000647,Eshana,De,1990-09-08T20:25:32,36,Female,cust000647@mailsim.in,+919099521748,"865, Sanghvi Path",Ranchi,Maharashtra,819737,India,JCCCL9774L,XXXX-XXXX-6444,Salaried,1235404.73,Single,Indian,verified,medium,2017-02-12T13:43:58,Telugu,Premium,individual,396,EMP000049,True,active,2017-02-12T13:43:58,2026-07-30T12:23:46
CUST000648,Ijaya,Wason,1978-02-11T12:40:31,48,Female,cust000648@mailsim.in,+919593618560,"530
Date Road",Bhagalpur,Uttar Pradesh,170431,India,OJYNP3824Z,XXXX-XXXX-9340,Self-Employed,973110.72,Divorced,Indian,pending,medium,2019-01-08T12:33:29,Tamil,Regular,individual,466,EMP000001,True,active,2019-01-08T12:33:29,2019-06-25T05:10:36
CUST000649,Banjeet,Singhal,1975-01-16T23:15:41,51,Male,cust000649@mailsim.in,+917981994732,"868, Tara Path",Mangalore,Gujarat,794666,India,YBCHZ4463X,XXXX-XXXX-3157,Salaried,1871743.1,Single,Indian,verified,high,2024-02-17T15:43:55,Hindi,Premium,individual,310,EMP000087,True,active,2024-02-17T15:43:55,2024-09-01T05:13:25
CUST000650,Oeshi,Prakash,1963-09-07T00:50:19,63,Female,cust000650@mailsim.in,+917217787786,"77/496
Bansal",Muzaffarnagar,Telangana,849096,India,SFDSM3083W,XXXX-XXXX-2691,Business Owner,2815142.93,Married,Indian,verified,medium,2015-08-13T09:57:36,Tamil,Premium,individual,348,EMP000053,True,active,2015-08-13T09:57:36,2019-12-05T09:29:53
CUST000651,Harrison,Seth,1958-11-28T16:57:59,67,Male,cust000651@mailsim.in,+919554950583,"34, Purohit Marg",Dindigul,West Bengal,968406,India,LLKPP4674E,XXXX-XXXX-2163,Salaried,1462437.89,Married,Indian,rejected,low,2020-11-10T05:46:23,English,Regular,individual,341,EMP000021,True,active,2020-11-10T05:46:23,2025-10-23T13:50:35
CUST000652,Lakshmi,Chad,1963-02-14T00:05:32,63,Female,cust000652@mailsim.in,+919324488919,"H.No. 478, Karpe Path",Kirari Suleman Nagar,Telangana,170129,India,QKDCW2941N,XXXX-XXXX-8976,Business Owner,632924.99,Single,Indian,verified,medium,2015-07-01T06:23:22,Hindi,Senior,individual,702,EMP000059,True,active,2015-07-01T06:23:22,2016-03-09T10:01:28
CUST000653,Yashvi,Nayar,1965-05-30T03:09:12,61,Female,cust000653@mailsim.in,+918690999016,"76
Pillai Marg",Ratlam,Punjab,479239,India,BPUUH1592O,XXXX-XXXX-8069,Salaried,965577.62,Married,Indian,verified,medium,2016-06-06T15:47:26,Tamil,Premium,individual,652,EMP000002,True,active,2016-06-06T15:47:26,2021-07-29T02:09:49
CUST000654,Laban,Raja,1985-11-13T16:05:32,40,Male,cust000654@mailsim.in,+917725605981,"734, Parmer Zila",Durg,Haryana,241232,India,LVCZG7732V,XXXX-XXXX-3251,Business Owner,9236533.95,Divorced,Indian,rejected,medium,2018-03-25T04:57:46,Hindi,Regular,individual,827,EMP000066,True,active,2018-03-25T04:57:46,2023-08-22T21:52:31
CUST000655,Zashil,Varghese,2005-01-05T08:03:42,21,Male,cust000655@mailsim.in,+919551719683,"H.No. 31, Bora Zila",Agra,Himachal Pradesh,202850,India,TYDGI2386V,XXXX-XXXX-7230,Retired,337302.74,Married,Indian,verified,medium,2023-05-22T08:20:31,Tamil,Premium,corporate,588,EMP000059,False,blocked,2023-05-22T08:20:31,2024-03-07T07:29:36
CUST000656,Irya,Nath,1979-10-25T22:25:48,46,Female,cust000656@mailsim.in,+918054511440,"54/443, Devi",Bangalore,Telangana,312134,India,YARCS6993V,XXXX-XXXX-9667,Retired,549557.42,Single,Indian,verified,medium,2024-01-17T10:13:34,Hindi,Student,individual,699,EMP000089,True,active,2024-01-17T10:13:34,2026-06-11T03:03:45
CUST000657,Mason,Manda,1985-11-11T14:01:26,40,Male,cust000657@mailsim.in,+918152129982,"69
Sodhi Nagar",Sikar,Madhya Pradesh,309052,India,JGJMW7439M,XXXX-XXXX-9237,Business Owner,4131923.79,Single,Indian,verified,high,2021-10-30T01:37:19,Tamil,Regular,individual,678,EMP000003,True,active,2021-10-30T01:37:19,2026-05-20T18:23:01
CUST000658,Ishaan,Karan,1977-08-05T21:49:35,49,Male,cust000658@mailsim.in,+918467549493,"38, Sidhu",Mau,Rajasthan,897355,India,KDUJJ5949O,XXXX-XXXX-3977,Business Owner,1571995.88,Married,Indian,verified,medium,2020-03-18T14:08:54,Hindi,Regular,individual,421,EMP000035,True,active,2020-03-18T14:08:54,2021-10-03T18:40:41
CUST000659,Chaman,Munshi,1974-06-16T11:04:42,52,Female,cust000659@mailsim.in,+918137186695,"63, Sengupta Chowk",Dindigul,Uttarakhand,711866,India,FUEKD6189J,XXXX-XXXX-4497,Salaried,1521270.35,Single,Indian,verified,low,2015-11-24T02:06:57,Telugu,Regular,corporate,318,EMP000004,False,closed,2015-11-24T02:06:57,2024-12-25T05:30:58
CUST000660,Ekiya,Dave,1988-09-24T06:04:46,38,Female,cust000660@mailsim.in,+917717311953,"07/553
Sandal Marg",Siwan,Gujarat,226088,India,CSLXO6215F,XXXX-XXXX-4426,Business Owner,3946107.02,Divorced,Indian,verified,low,2024-01-12T11:08:39,Telugu,Regular,individual,810,EMP000007,False,inactive,2024-01-12T11:08:39,2024-07-05T02:47:12
CUST000661,Netra,Nanda,1966-02-18T07:35:02,60,Female,cust000661@mailsim.in,+918764897146,"02/25, Raman",Kurnool,Madhya Pradesh,878013,India,VFLLP7558V,XXXX-XXXX-6307,Self-Employed,1338865.38,Married,Indian,verified,low,2015-06-07T07:15:26,English,Premium,individual,665,EMP000020,True,active,2015-06-07T07:15:26,2022-11-27T04:39:17
CUST000662,Rohan,Bhatt,1980-01-03T22:55:10,46,Male,cust000662@mailsim.in,+919827313812,"715
Seth",Tiruchirappalli,Karnataka,138133,India,ADWED6065F,XXXX-XXXX-6239,Homemaker,92622.94,Married,Indian,verified,low,2020-07-15T11:38:23,Hindi,Regular,individual,426,EMP000099,True,active,2020-07-15T11:38:23,2022-05-22T14:18:55
CUST000663,Harinakshi,Chawla,1997-09-14T18:04:55,29,Female,cust000663@mailsim.in,+917706429421,"H.No. 970, Issac Street",Kharagpur,Karnataka,308099,India,DJISN7402F,XXXX-XXXX-1438,Student,180279.91,Married,Indian,verified,medium,2016-06-23T15:12:16,Telugu,HNI,individual,682,EMP000079,True,active,2016-06-23T15:12:16,2022-06-21T10:21:57
CUST000664,Meghana,Jha,2001-06-21T05:04:36,25,Female,cust000664@mailsim.in,+917637195351,"H.No. 81, Bhandari Chowk",Kadapa,Rajasthan,258100,India,QULSE9555T,XXXX-XXXX-3855,Student,427.25,Divorced,Indian,pending,medium,2018-08-17T19:58:41,Tamil,HNI,individual,532,EMP000055,False,blocked,2018-08-17T19:58:41,2022-04-04T22:05:40
CUST000665,Abdul,Garg,1957-05-13T22:12:17,69,Male,cust000665@mailsim.in,+917210259835,"62
Dayal Zila",Morena,Uttarakhand,581416,India,BEPUD9284Z,XXXX-XXXX-3595,Salaried,1710600.33,Married,Indian,verified,low,2022-12-27T15:14:33,Telugu,Regular,individual,662,EMP000083,True,active,2022-12-27T15:14:33,2026-08-01T19:07:20
CUST000666,Bhavya,Ramachandran,1970-02-15T08:04:26,56,Other,cust000666@mailsim.in,+919714934783,"346, Dutt Chowk",Dharmavaram,Rajasthan,840385,India,CWRVL5294R,XXXX-XXXX-5231,Homemaker,155870.14,Widowed,Indian,verified,low,2024-07-01T00:07:28,Hindi,Regular,individual,521,EMP000089,True,active,2024-07-01T00:07:28,2025-02-23T07:39:49
CUST000667,Harrison,Thakkar,2003-06-16T14:49:30,23,Male,cust000667@mailsim.in,+917455827339,"H.No. 30
Sehgal Street",Silchar,Himachal Pradesh,406222,India,GEORT3527W,XXXX-XXXX-4016,Salaried,603684.96,Divorced,Indian,verified,low,2023-08-25T19:52:50,Hindi,Regular,individual,698,EMP000032,True,active,2023-08-25T19:52:50,2026-05-08T22:29:30
CUST000668,Jatin,Vora,1971-08-25T14:41:37,55,Male,cust000668@mailsim.in,+917492806130,"77/79
Chand Nagar",Sirsa,Uttarakhand,158114,India,HRMCG8955V,XXXX-XXXX-6165,Student,68734.55,Divorced,Indian,pending,medium,2016-02-19T06:24:56,Hindi,Regular,corporate,373,EMP000029,False,inactive,2016-02-19T06:24:56,2022-09-09T20:28:34
CUST000669,Prisha,Mishra,1989-08-14T06:05:41,37,Female,cust000669@mailsim.in,+917984572295,"26/32
Sankaran",Yamunanagar,Goa,968401,India,SRKIH8801B,XXXX-XXXX-6923,Salaried,841314.75,Single,Indian,pending,high,2019-11-18T06:15:46,English,Regular,individual,574,EMP000010,True,active,2019-11-18T06:15:46,2020-07-16T00:34:19
CUST000670,Hemani,Chandran,1978-04-15T22:43:42,48,Female,cust000670@mailsim.in,+917072614944,"03/248
Bhavsar Road",Kumbakonam,Goa,803096,India,CSPFI9964P,XXXX-XXXX-6861,Self-Employed,2453589.93,Single,Indian,verified,low,2020-08-12T05:27:34,Tamil,Regular,individual,462,EMP000086,True,active,2020-08-12T05:27:34,2020-09-27T13:09:00
CUST000671,Tripti,Dara,1988-10-05T09:19:09,37,Female,cust000671@mailsim.in,+919841689479,"H.No. 185
Seshadri Marg",Nizamabad,Tamil Nadu,256941,India,HYOTL7611O,XXXX-XXXX-9715,Salaried,1263100.14,Widowed,Indian,verified,medium,2016-08-20T02:34:25,Telugu,Regular,individual,802,EMP000062,True,active,2016-08-20T02:34:25,2020-07-27T12:08:22
CUST000672,Ishita,Toor,1967-08-13T12:04:09,59,Female,cust000672@mailsim.in,+918672475044,"01, Raj Chowk",Silchar,Maharashtra,582745,India,YSZNM9924N,XXXX-XXXX-6773,Salaried,703293.42,Married,Indian,rejected,medium,2017-03-30T07:08:12,Hindi,Regular,individual,691,EMP000043,True,active,2017-03-30T07:08:12,2022-06-30T21:45:50
CUST000673,Indali,Ranganathan,2000-09-26T11:18:53,26,Female,cust000673@mailsim.in,+917780348350,"H.No. 412, Shetty Path",Surendranagar Dudhrej,West Bengal,230746,India,DEPJA6719P,XXXX-XXXX-7195,Salaried,762888.65,Divorced,Indian,verified,low,2024-11-01T22:10:44,Hindi,Regular,individual,301,EMP000018,True,active,2024-11-01T22:10:44,2025-09-24T19:40:08
CUST000674,Bahadurjit,Butala,1975-11-01T21:43:54,50,Male,cust000674@mailsim.in,+918869420742,"72/742, Badami Street",Belgaum,Assam,520388,India,HLLIY7877G,XXXX-XXXX-7318,Homemaker,178105.28,Widowed,Indian,verified,low,2020-04-05T05:16:52,Hindi,Regular,individual,661,EMP000041,True,active,2020-04-05T05:16:52,2026-03-17T00:51:16
CUST000675,Manan,Dash,1995-01-27T06:38:40,31,Male,cust000675@mailsim.in,+919426855422,"104
Sastry Street",Mangalore,Bihar,746403,India,EMCWO6867E,XXXX-XXXX-7228,Salaried,678658.27,Married,Indian,verified,low,2021-07-27T06:31:32,Telugu,Premium,individual,658,EMP000015,False,closed,2021-07-27T06:31:32,2022-12-11T01:43:58
CUST000676,Hritik,Banerjee,2000-11-22T19:53:09,25,Male,cust000676@mailsim.in,+918008332610,"08, Ramakrishnan Zila",Raiganj,Tamil Nadu,994776,India,IHNWV6495T,XXXX-XXXX-7446,Self-Employed,1176306.64,Divorced,Indian,verified,low,2018-07-06T08:08:06,Hindi,Senior,individual,599,EMP000096,True,active,2018-07-06T08:08:06,2020-05-24T05:24:41
CUST000677,Atharv,Agrawal,1959-12-20T06:34:29,66,Male,cust000677@mailsim.in,+918698753745,"33, Khare Path",Mysore,Goa,732795,India,PTGSW5518S,XXXX-XXXX-8387,Salaried,784651.1,Divorced,Indian,pending,low,2020-03-12T09:28:05,Tamil,Regular,individual,636,EMP000065,True,active,2020-03-12T09:28:05,2023-10-08T16:30:01
CUST000678,Adweta,Sama,2004-03-27T20:01:27,22,Female,cust000678@mailsim.in,+919873366854,"H.No. 531, Char Ganj",Rourkela,Uttarakhand,773757,India,UNWHG2697A,XXXX-XXXX-8299,Salaried,519450.89,Married,Indian,verified,low,2018-09-19T21:00:02,English,Regular,individual,831,EMP000045,False,closed,2018-09-19T21:00:02,2020-05-10T14:58:34
CUST000679,Anya,Sagar,1983-02-03T03:55:40,43,Female,cust000679@mailsim.in,+919515154827,"H.No. 58, Johal Ganj",Haldia,Gujarat,915525,India,DGBHL5987M,XXXX-XXXX-2050,Salaried,552248.89,Married,Indian,verified,medium,2021-04-21T11:31:51,Tamil,Student,corporate,409,EMP000018,True,active,2021-04-21T11:31:51,2022-04-13T03:32:43
CUST000680,Dipta,Kata,1977-09-06T16:12:12,49,Female,cust000680@mailsim.in,+919271028427,"H.No. 552, Ratti Nagar",Ahmedabad,Himachal Pradesh,510628,India,EPQVZ8049Z,XXXX-XXXX-2292,Salaried,1868586.39,Married,Indian,rejected,low,2021-09-11T00:20:03,Hindi,Premium,individual,635,EMP000051,False,inactive,2021-09-11T00:20:03,2024-12-29T03:13:57
CUST000681,Robert,Kala,1991-11-20T11:18:28,34,Male,cust000681@mailsim.in,+917879195131,"149
Bassi Path",Bellary,Kerala,292484,India,EKYTA5074G,XXXX-XXXX-6079,Salaried,1077782.8,Married,Indian,verified,low,2024-05-15T02:49:13,English,Regular,individual,761,EMP000092,True,active,2024-05-15T02:49:13,2026-02-19T20:41:18
CUST000682,Tripti,Mitra,1999-10-12T11:48:59,26,Female,cust000682@mailsim.in,+919320451762,"H.No. 892
Chandran Road",Munger,Maharashtra,134256,India,OXYIS3307S,XXXX-XXXX-5597,Self-Employed,1268001.47,Single,Indian,verified,medium,2021-09-28T04:20:45,English,Premium,corporate,748,EMP000037,True,active,2021-09-28T04:20:45,2022-04-16T07:11:59
CUST000683,Ekalinga,Natarajan,1957-07-22T01:24:25,69,Male,cust000683@mailsim.in,+918368105846,"57/150, Sen",Sasaram,Karnataka,262703,India,FUVYE5592N,XXXX-XXXX-7403,Self-Employed,1147353.27,Widowed,Indian,pending,medium,2020-02-21T04:07:48,Tamil,Regular,individual,456,EMP000080,True,active,2020-02-21T04:07:48,2022-02-16T11:31:02
CUST000684,Jackson,Thakur,1977-06-20T21:26:45,49,Male,cust000684@mailsim.in,+917463028098,"091, Khalsa Road",Latur,Uttar Pradesh,314340,India,WFFGM2109X,XXXX-XXXX-3012,Salaried,1439556.79,Widowed,Indian,pending,low,2021-10-29T10:07:00,English,Regular,individual,789,EMP000079,True,active,2021-10-29T10:07:00,2024-10-12T16:09:33
CUST000685,Balveer,Bhasin,2005-12-05T09:41:42,20,Male,cust000685@mailsim.in,+919756316500,"H.No. 74, Doshi Ganj",Kurnool,Punjab,320839,India,BYEGP5232P,XXXX-XXXX-3795,Student,70496.34,Married,Indian,verified,high,2015-12-19T02:34:39,Tamil,Regular,individual,769,EMP000009,True,active,2015-12-19T02:34:39,2025-11-09T14:16:14
CUST000686,Anjali,Khanna,1956-02-12T06:20:41,70,Female,cust000686@mailsim.in,+917700269780,"52/450
Sachdeva Circle",Nagpur,Rajasthan,794070,India,UHWBV7776I,XXXX-XXXX-9953,Student,138770.98,Single,Indian,pending,low,2016-07-18T15:03:59,Telugu,Regular,individual,408,EMP000080,True,active,2016-07-18T15:03:59,2019-08-28T23:37:18
CUST000687,Ishwar,Narula,1979-06-25T21:38:56,47,Male,cust000687@mailsim.in,+918892818922,"380
Kapadia Ganj",Saharsa,Gujarat,926927,India,RQIWB3548K,XXXX-XXXX-1657,Retired,822398.01,Divorced,Indian,verified,medium,2024-03-19T12:49:27,Hindi,Premium,corporate,450,EMP000032,True,active,2024-03-19T12:49:27,2026-04-12T16:22:30
CUST000688,Naveen,Goswami,1994-01-08T00:27:50,32,Male,cust000688@mailsim.in,+917428335739,"01/713
Dhaliwal Nagar",Cuttack,Gujarat,188642,India,CBNZB6679W,XXXX-XXXX-7814,Salaried,1672482.11,Single,Indian,verified,medium,2016-04-19T04:02:36,English,Regular,individual,796,EMP000038,True,active,2016-04-19T04:02:36,2016-11-29T04:45:19
CUST000689,Chandani,Ghose,1995-09-17T22:31:10,31,Female,cust000689@mailsim.in,+919524396876,"816, Mukhopadhyay Chowk",Davanagere,Himachal Pradesh,747234,India,GJPTX2792P,XXXX-XXXX-2671,Student,51799.05,Married,Indian,pending,high,2017-07-27T14:17:49,Hindi,Regular,individual,486,EMP000021,True,active,2017-07-27T14:17:49,2017-12-07T23:14:34
CUST000690,Jason,Samra,1964-10-27T15:20:05,61,Male,cust000690@mailsim.in,+918618705186,"34/49, Jaggi Chowk",Ongole,Madhya Pradesh,818378,India,VPQWF4199X,XXXX-XXXX-1024,Salaried,1477005.33,Married,Indian,verified,low,2016-12-03T01:49:26,Hindi,Regular,corporate,318,EMP000040,True,active,2016-12-03T01:49:26,2025-06-19T15:48:57
CUST000691,Balveer,Parsa,1995-10-11T16:50:33,30,Male,cust000691@mailsim.in,+917050438252,"27
Sami Chowk",Bhatpara,Telangana,587194,India,AEWPJ9314V,XXXX-XXXX-6723,Retired,164234.3,Divorced,Indian,verified,medium,2024-11-13T16:21:49,Telugu,Regular,individual,486,EMP000051,False,blocked,2024-11-13T16:21:49,2025-10-11T10:48:20
CUST000692,Wridesh,Bahri,1995-09-04T17:25:16,31,Male,cust000692@mailsim.in,+918151083277,"14
Yogi",Begusarai,Rajasthan,574323,India,XMUEJ3516A,XXXX-XXXX-7854,Business Owner,1265257.41,Widowed,Indian,verified,low,2020-05-20T20:44:00,Tamil,Regular,individual,461,EMP000020,True,active,2020-05-20T20:44:00,2025-06-04T18:54:36
CUST000693,Gagan,Kurian,1982-12-08T08:22:25,43,Male,cust000693@mailsim.in,+919540096835,"47
Prashad Road",Madurai,Madhya Pradesh,431145,India,TSKLM3525U,XXXX-XXXX-7694,Salaried,593012.8,Divorced,Indian,verified,high,2018-09-18T21:08:37,English,Regular,individual,565,EMP000080,True,active,2018-09-18T21:08:37,2023-02-02T23:30:15
CUST000694,Osha,Deshpande,1978-02-10T20:36:27,48,Female,cust000694@mailsim.in,+917459429001,"230
Tella Nagar",Pallavaram,West Bengal,786504,India,NWBOW4677W,XXXX-XXXX-3572,Salaried,409194.98,Single,Indian,verified,low,2016-08-26T08:00:41,Tamil,HNI,individual,603,EMP000066,True,active,2016-08-26T08:00:41,2018-07-27T08:00:10
CUST000695,Tanmayi,Sagar,1984-08-18T22:12:31,42,Female,cust000695@mailsim.in,+919145351342,"56/749
Rege Zila",Amravati,Haryana,412427,India,XCPNG9802B,XXXX-XXXX-7380,Business Owner,3438386.93,Divorced,Indian,pending,medium,2024-03-30T19:37:39,English,Regular,individual,883,EMP000065,True,active,2024-03-30T19:37:39,2026-05-13T04:00:04
CUST000696,Sanya,Gaba,1971-08-23T08:55:25,55,Female,cust000696@mailsim.in,+918665230912,"45, Suresh Circle",Howrah,Haryana,395456,India,YKITP3118G,XXXX-XXXX-5852,Self-Employed,2043811.21,Single,Indian,verified,medium,2020-05-03T03:06:36,Telugu,HNI,individual,497,EMP000024,True,active,2020-05-03T03:06:36,2020-06-25T06:45:23
CUST000697,Reyansh,Samra,1974-05-07T20:44:41,52,Male,cust000697@mailsim.in,+919284482549,"705, Divan Nagar",Mahbubnagar,Uttar Pradesh,934496,India,ZHMNW2833C,XXXX-XXXX-8717,Salaried,1766591.45,Widowed,Indian,verified,medium,2017-10-10T10:30:40,Hindi,Premium,individual,464,EMP000066,True,active,2017-10-10T10:30:40,2021-02-28T23:46:26
CUST000698,Vasatika,Din,1958-11-18T01:36:54,67,Female,cust000698@mailsim.in,+918813542786,"992
Dada Nagar",Yamunanagar,Bihar,121953,India,TTSBJ4222X,XXXX-XXXX-3642,Salaried,1216710.33,Married,Indian,verified,low,2018-09-24T22:22:35,English,Regular,individual,634,EMP000023,False,inactive,2018-09-24T22:22:35,2021-01-11T06:25:44
CUST000699,Sneha,Buch,1970-12-27T13:08:41,55,Female,cust000699@mailsim.in,+918525907620,"26, Mittal Road",Dharmavaram,Uttarakhand,822586,India,EKVEU2023B,XXXX-XXXX-8390,Salaried,976782.88,Widowed,Indian,verified,low,2024-05-09T13:05:10,Telugu,Senior,corporate,481,EMP000072,True,active,2024-05-09T13:05:10,2025-03-26T19:29:20
CUST000700,Mitesh,Sabharwal,1981-03-23T06:53:46,45,Male,cust000700@mailsim.in,+919077270310,"H.No. 952, Kadakia Road",Aizawl,Bihar,883269,India,CICQO7594F,XXXX-XXXX-7515,Retired,509388.22,Married,Indian,verified,low,2018-06-20T15:48:49,English,Regular,individual,458,EMP000085,True,active,2018-06-20T15:48:49,2022-10-09T06:05:20
CUST000701,Aarush,Ganguly,1970-05-09T12:54:37,56,Male,cust000701@mailsim.in,+919890628541,"H.No. 116
Saha Circle",Chinsurah,Uttarakhand,990396,India,NZJET2037Q,XXXX-XXXX-8813,Student,97610.05,Single,Indian,verified,medium,2025-05-10T18:55:46,Telugu,Regular,individual,732,EMP000097,True,active,2025-05-10T18:55:46,2026-02-22T08:35:33
CUST000702,Frederick,Goda,1998-03-14T03:22:23,28,Male,cust000702@mailsim.in,+919809721166,"237
Thakkar Street",Hospet,Telangana,359378,India,UQMLK8547Q,XXXX-XXXX-2813,Student,105702.99,Widowed,Indian,verified,low,2024-02-27T10:07:04,Tamil,Premium,individual,809,EMP000023,True,active,2024-02-27T10:07:04,2024-03-24T06:21:50
CUST000703,Jagvi,Grewal,1965-04-03T01:18:43,61,Female,cust000703@mailsim.in,+919989001593,"H.No. 234, Sastry Marg",Rourkela,Haryana,659799,India,JEWOC6303O,XXXX-XXXX-4344,Homemaker,61609.58,Married,Indian,verified,low,2021-08-25T06:42:53,Hindi,Premium,individual,309,EMP000098,True,active,2021-08-25T06:42:53,2025-06-05T18:55:52
CUST000704,Chaaya,Memon,1994-06-04T08:44:46,32,Female,cust000704@mailsim.in,+918151554074,"14, Oommen Zila",Bhimavaram,Assam,249652,India,TKPZB8174S,XXXX-XXXX-7493,Business Owner,5102096.54,Single,Indian,verified,medium,2025-05-04T22:08:45,Hindi,Premium,individual,872,EMP000046,True,active,2025-05-04T22:08:45,2026-08-27T18:54:06
CUST000705,Jacob,Sridhar,1973-10-08T00:52:33,53,Male,cust000705@mailsim.in,+917831253326,"10/040
Barman",Rajpur Sonarpur,Himachal Pradesh,940939,India,NHKGV9503U,XXXX-XXXX-6625,Retired,285632.09,Single,Indian,rejected,low,2016-04-12T16:46:22,English,Regular,individual,470,EMP000085,False,blocked,2016-04-12T16:46:22,2025-01-14T08:47:21
CUST000706,Yutika,Amble,1977-03-25T08:27:49,49,Female,cust000706@mailsim.in,+917134857828,"84/77
Sanghvi Path",Uluberia,Rajasthan,517827,India,DLKHP2002A,XXXX-XXXX-9918,Student,53742.45,Divorced,Indian,verified,low,2017-11-27T22:39:24,Tamil,Regular,corporate,886,EMP000072,True,active,2017-11-27T22:39:24,2021-02-20T06:38:01
CUST000707,Pavani,Murty,1977-06-13T05:05:39,49,Female,cust000707@mailsim.in,+919322963566,"H.No. 66, Bhandari",Bathinda,Uttarakhand,348471,India,QTGWZ6695N,XXXX-XXXX-4875,Retired,113112.0,Widowed,Indian,pending,high,2023-03-17T22:47:05,English,Regular,individual,653,EMP000093,True,active,2023-03-17T22:47:05,2024-11-13T09:06:23
CUST000708,Chandresh,Aggarwal,1995-04-19T13:28:16,31,Male,cust000708@mailsim.in,+917873191606,"62/091
Mammen Circle",Arrah,Maharashtra,474799,India,KCGOV9869V,XXXX-XXXX-5820,Student,129597.96,Single,Indian,verified,low,2025-02-23T03:36:47,English,Premium,individual,465,EMP000054,True,active,2025-02-23T03:36:47,2026-07-07T09:08:14
CUST000709,Upkaar,Soman,1997-12-10T04:06:44,28,Male,cust000709@mailsim.in,+919954646054,"30/505
Nanda Nagar",Muzaffarpur,Delhi,149917,India,GXHZD1708M,XXXX-XXXX-8929,Student,82277.62,Divorced,Indian,rejected,medium,2018-06-21T21:22:58,Telugu,HNI,individual,608,EMP000005,True,active,2018-06-21T21:22:58,2021-09-07T18:24:55
CUST000710,Watika,Ratta,1962-12-13T19:18:15,63,Female,cust000710@mailsim.in,+919625435461,"H.No. 67, Rajan Zila",Medininagar,Himachal Pradesh,557376,India,WDYTE3962D,XXXX-XXXX-1129,Salaried,864034.87,Married,Indian,rejected,medium,2020-07-03T19:48:54,Hindi,Regular,individual,810,EMP000040,False,blocked,2020-07-03T19:48:54,2024-08-04T09:03:30
CUST000711,Gunbir,Dhar,1974-08-21T12:55:00,52,Male,cust000711@mailsim.in,+917957079053,"714, Sibal Circle",Amroha,Himachal Pradesh,558304,India,ICVGF1100P,XXXX-XXXX-2340,Retired,972504.24,Divorced,Indian,verified,low,2020-07-16T16:58:01,English,Regular,individual,357,EMP000001,True,active,2020-07-16T16:58:01,2022-08-29T17:57:25
CUST000712,Devika,Subramaniam,1961-03-21T20:57:17,65,Female,cust000712@mailsim.in,+919028519189,"321, Saran Zila",Nanded,West Bengal,916631,India,QQMEU9782U,XXXX-XXXX-9938,Salaried,1543560.88,Divorced,Indian,verified,medium,2016-02-27T11:19:23,Hindi,Premium,individual,898,EMP000086,False,blocked,2016-02-27T11:19:23,2021-05-08T09:03:30
CUST000713,Omisha,Rajagopal,1964-07-10T07:18:51,62,Female,cust000713@mailsim.in,+917496739408,"471
Warrior Street",Mysore,Jharkhand,443609,India,MPLBX9668U,XXXX-XXXX-1772,Salaried,917563.78,Single,Indian,verified,low,2020-04-26T14:26:21,Hindi,Regular,individual,519,EMP000046,True,active,2020-04-26T14:26:21,2021-07-09T03:03:11
CUST000714,Osha,Kapur,2004-10-18T23:47:00,21,Female,cust000714@mailsim.in,+918981028339,"56/686, Kapoor Ganj",Bhiwandi,Delhi,473719,India,PSZLG4328B,XXXX-XXXX-6461,Salaried,693325.62,Single,Indian,verified,low,2020-01-13T00:23:09,Tamil,Regular,corporate,370,EMP000089,True,active,2020-01-13T00:23:09,2021-09-28T14:57:30
CUST000715,Mohini,Chahal,1995-11-21T20:07:21,30,Female,cust000715@mailsim.in,+917160780227,"H.No. 593, Pillai Zila",Satara,Jharkhand,597480,India,NXVOJ3852P,XXXX-XXXX-9901,Salaried,1107870.32,Single,Indian,verified,medium,2018-02-06T06:35:21,Tamil,Regular,individual,485,EMP000016,True,active,2018-02-06T06:35:21,2025-09-03T11:12:06
CUST000716,Ranveer,Agarwal,1999-12-22T14:31:38,26,Male,cust000716@mailsim.in,+917972493117,"H.No. 983
Sampath Marg",Bharatpur,Assam,951619,India,UNCOC7960V,XXXX-XXXX-8837,Business Owner,2285919.48,Divorced,Indian,pending,low,2018-08-14T17:09:01,Telugu,Regular,individual,466,EMP000076,False,blocked,2018-08-14T17:09:01,2025-07-02T09:56:38
CUST000717,Edhitha,Venkatesh,1976-02-14T19:49:29,50,Female,cust000717@mailsim.in,+918701038041,"H.No. 608, Mutti Chowk",Sagar,Gujarat,716206,India,PGJUG6594B,XXXX-XXXX-1475,Salaried,1472139.34,Single,Indian,verified,medium,2018-10-26T21:27:52,Hindi,Regular,individual,844,EMP000030,True,active,2018-10-26T21:27:52,2025-11-25T21:07:02
CUST000718,Januja,Tata,1966-02-21T10:15:45,60,Female,cust000718@mailsim.in,+919320581916,"942
Nagarajan Nagar",Ambala,Himachal Pradesh,529495,India,RHHQK9431Y,XXXX-XXXX-9465,Homemaker,59508.16,Widowed,Indian,verified,low,2016-08-14T13:12:09,Hindi,HNI,corporate,636,EMP000082,True,active,2016-08-14T13:12:09,2026-05-02T17:04:56
CUST000719,David,Mahal,1990-04-09T17:35:09,36,Male,cust000719@mailsim.in,+917220512797,"37/460
Dua Path",Kamarhati,Rajasthan,250427,India,BTMOR2212E,XXXX-XXXX-5902,Salaried,1198987.67,Married,Indian,verified,high,2016-11-21T17:39:38,Telugu,Student,individual,636,EMP000097,False,inactive,2016-11-21T17:39:38,2025-11-22T13:53:19
CUST000720,Ati,Gola,1977-05-15T15:57:26,49,Female,cust000720@mailsim.in,+917885238643,"64/208
Nazareth Marg",Bhalswa Jahangir Pur,Bihar,620449,India,TEZZC3985X,XXXX-XXXX-4565,Salaried,1384932.05,Married,Indian,verified,low,2016-09-06T10:16:56,Telugu,HNI,individual,383,EMP000074,True,active,2016-09-06T10:16:56,2020-11-11T12:55:18
CUST000721,Priya,Raman,1991-08-31T05:10:34,35,Other,cust000721@mailsim.in,+918445511486,"H.No. 844
Ramesh Ganj",Mira-Bhayandar,Goa,111908,India,XAURW3734D,XXXX-XXXX-8295,Business Owner,4946098.09,Single,Indian,verified,low,2016-05-10T18:36:22,Telugu,Student,individual,526,EMP000048,True,active,2016-05-10T18:36:22,2017-11-17T11:24:50
CUST000722,Ojasvi,Bhagat,2005-08-30T23:37:03,21,Female,cust000722@mailsim.in,+917088766347,"29
Sathe Street",Jalna,Odisha,885385,India,AVIDK2991D,XXXX-XXXX-4950,Business Owner,7979015.66,Single,Indian,verified,high,2023-08-02T10:17:49,Tamil,Student,corporate,614,EMP000018,True,active,2023-08-02T10:17:49,2026-05-02T10:47:23
CUST000723,Elijah,Kadakia,1971-07-24T11:31:09,55,Male,cust000723@mailsim.in,+917253707175,"30/591, Puri Street",Gulbarga,Jharkhand,444027,India,VUWSB6369B,XXXX-XXXX-3222,Retired,369403.17,Widowed,Indian,verified,low,2022-04-04T17:59:50,Hindi,Senior,individual,843,EMP000064,True,active,2022-04-04T17:59:50,2024-01-03T15:44:41
CUST000724,Ayaan,Char,1984-12-07T01:09:06,41,Male,cust000724@mailsim.in,+918497564726,"20
Varma Zila",Guntakal,Jharkhand,855629,India,POFGQ1116U,XXXX-XXXX-6470,Salaried,1225739.54,Widowed,Indian,verified,medium,2016-05-05T01:20:04,Hindi,Regular,individual,642,EMP000050,True,active,2016-05-05T01:20:04,2022-09-24T18:55:31
CUST000725,Teerth,Dixit,1967-08-27T11:58:25,59,Male,cust000725@mailsim.in,+917496885473,"013
Suresh Marg",Kavali,Delhi,498281,India,HKRBD9324H,XXXX-XXXX-8725,Salaried,1126470.39,Widowed,Indian,verified,low,2021-01-27T17:53:33,Telugu,Senior,individual,719,EMP000001,True,active,2021-01-27T17:53:33,2023-12-29T18:25:57
CUST000726,Gabriel,Prashad,1990-06-21T11:46:54,36,Male,cust000726@mailsim.in,+918094733121,"64, Pillai Chowk",Jamshedpur,Telangana,172024,India,VRBXQ8566K,XXXX-XXXX-4354,Retired,401285.9,Divorced,Indian,verified,low,2016-05-25T19:34:00,Hindi,Senior,individual,873,EMP000070,True,active,2016-05-25T19:34:00,2016-06-02T09:52:03
CUST000727,Devika,Butala,1955-07-25T14:46:28,71,Other,cust000727@mailsim.in,+918802591028,"83, Srinivasan Nagar",Bareilly,Uttar Pradesh,542730,India,DWWGG5433O,XXXX-XXXX-2901,Salaried,1199076.53,Married,Indian,verified,medium,2019-06-29T19:17:50,English,Premium,individual,345,EMP000054,True,active,2019-06-29T19:17:50,2023-09-15T15:19:35
CUST000728,Hemangini,Rajagopalan,1999-11-12T09:13:57,26,Female,cust000728@mailsim.in,+919972355330,"64/921
Bhatt Path",Machilipatnam,Maharashtra,697339,India,ENTHP8443Y,XXXX-XXXX-5417,Self-Employed,2639272.54,Divorced,Indian,verified,medium,2025-04-28T14:23:22,Hindi,Premium,corporate,439,EMP000063,True,active,2025-04-28T14:23:22,2025-08-02T08:36:17
CUST000729,Aishani,Ramesh,1956-06-12T17:49:51,70,Female,cust000729@mailsim.in,+919404969736,"H.No. 898
Johal Zila",Bokaro,Delhi,927154,India,CJVHS1575G,XXXX-XXXX-5998,Self-Employed,2851910.88,Single,Indian,verified,low,2022-03-24T17:29:14,Telugu,Regular,individual,824,EMP000029,False,inactive,2022-03-24T17:29:14,2024-03-20T20:30:29
CUST000730,Gautam,Ahluwalia,1987-04-26T14:41:46,39,Male,cust000730@mailsim.in,+918078332679,"H.No. 10
Jhaveri Street",Chandigarh,Delhi,343844,India,SPQCY4162Q,XXXX-XXXX-7867,Salaried,1947851.86,Married,Indian,verified,low,2022-08-25T03:21:40,Hindi,Regular,individual,340,EMP000034,True,active,2022-08-25T03:21:40,2022-12-08T11:52:36
CUST000731,Kabir,Banerjee,1970-10-31T09:24:24,55,Male,cust000731@mailsim.in,+919801920103,"H.No. 845, Garg Circle",Mumbai,Punjab,572079,India,MATBB9105W,XXXX-XXXX-5458,Business Owner,1447195.45,Married,Indian,verified,low,2016-06-12T03:00:09,Tamil,HNI,individual,360,EMP000080,True,active,2016-06-12T03:00:09,2024-08-28T15:36:09
CUST000732,Jeet,Mital,1998-03-01T09:46:59,28,Male,cust000732@mailsim.in,+918189911452,"48/72, Swaminathan",Nagaon,Uttarakhand,588233,India,ASODK5190S,XXXX-XXXX-7666,Business Owner,2444517.94,Married,Indian,verified,high,2017-06-16T12:52:49,Hindi,HNI,individual,314,EMP000034,True,active,2017-06-16T12:52:49,2021-02-05T04:37:30
CUST000733,Patrick,Yohannan,1991-04-23T22:32:38,35,Male,cust000733@mailsim.in,+918312021303,"10/303, Mistry Street",Guntur,Haryana,651383,India,LRFMD7543O,XXXX-XXXX-3782,Salaried,395353.93,Married,Indian,pending,low,2015-11-17T17:47:23,Hindi,HNI,individual,724,EMP000093,True,active,2015-11-17T17:47:23,2018-03-08T23:16:18
CUST000734,Hritik,Parmer,1982-11-07T11:09:34,43,Male,cust000734@mailsim.in,+917042848293,"961
Kumer Circle",Eluru,Madhya Pradesh,587426,India,MIBMD1201A,XXXX-XXXX-8559,Salaried,667519.4,Widowed,Indian,verified,medium,2024-04-01T10:37:25,English,Premium,individual,395,EMP000014,True,active,2024-04-01T10:37:25,2025-02-12T15:31:20
CUST000735,Finn,Ratta,1957-10-22T10:25:46,68,Male,cust000735@mailsim.in,+917324572842,"H.No. 462
Jani Circle",Agartala,Haryana,619689,India,DDUGW5576X,XXXX-XXXX-7676,Self-Employed,2418572.1,Widowed,Indian,verified,low,2023-08-31T18:43:12,English,Regular,individual,562,EMP000040,True,active,2023-08-31T18:43:12,2024-09-15T04:26:55
CUST000736,Inaya,Pradhan,1964-11-05T12:45:41,61,Other,cust000736@mailsim.in,+918259008480,"25, Raghavan Marg",Mahbubnagar,Gujarat,292588,India,JCKDE5421Y,XXXX-XXXX-2348,Self-Employed,597365.01,Single,Indian,verified,low,2018-11-02T17:21:29,Telugu,HNI,individual,484,EMP000049,True,active,2018-11-02T17:21:29,2024-02-01T18:00:27
CUST000737,Krishna,Brahmbhatt,1983-08-17T17:11:44,43,Female,cust000737@mailsim.in,+917964861396,"H.No. 818
Bhatti Marg",Hubli–Dharwad,Gujarat,593171,India,KQPHO3194I,XXXX-XXXX-6651,Salaried,1706174.11,Divorced,Indian,verified,low,2021-01-03T05:24:20,Telugu,Regular,individual,888,EMP000086,True,active,2021-01-03T05:24:20,2021-12-12T08:25:00
CUST000738,Radhika,Nath,1994-07-26T19:46:19,32,Female,cust000738@mailsim.in,+918846264921,"340
Purohit Zila",Burhanpur,Uttarakhand,524257,India,ZSTUX5182P,XXXX-XXXX-8011,Salaried,1644978.31,Widowed,Indian,verified,low,2016-07-18T22:47:38,English,Student,individual,575,EMP000040,True,active,2016-07-18T22:47:38,2024-04-22T14:15:26
CUST000739,Charles,Dasgupta,1970-09-13T14:36:13,56,Male,cust000739@mailsim.in,+919394402355,"49/71, Palla Circle",Suryapet,Tamil Nadu,691978,India,CAHWD8162J,XXXX-XXXX-1714,Salaried,385598.24,Married,Indian,verified,high,2022-06-16T15:18:48,Tamil,HNI,individual,535,EMP000036,False,inactive,2022-06-16T15:18:48,2024-10-03T00:22:00
CUST000740,Krishna,Chaudhary,1985-07-23T03:11:21,41,Male,cust000740@mailsim.in,+917503663754,"562, Wali Path",Morena,West Bengal,701970,India,ZKHES1159F,XXXX-XXXX-2080,Salaried,1996380.82,Married,Indian,verified,low,2015-08-31T18:56:32,Tamil,Student,individual,636,EMP000001,True,active,2015-08-31T18:56:32,2019-03-17T02:37:46
CUST000741,Devansh,Lad,1956-05-27T13:00:59,70,Male,cust000741@mailsim.in,+918618787635,"82/226, Loke",Uluberia,West Bengal,931813,India,HSKGC1079A,XXXX-XXXX-9456,Student,156327.68,Single,Indian,verified,low,2015-04-23T22:15:35,English,Regular,corporate,394,EMP000050,True,active,2015-04-23T22:15:35,2024-12-19T14:24:57
CUST000742,Kritika,Sahota,1970-12-31T08:47:31,55,Female,cust000742@mailsim.in,+917865614250,"757
Mangat Circle",Haldia,Odisha,878215,India,VRYPL1732M,XXXX-XXXX-1145,Student,162533.11,Divorced,Indian,verified,high,2017-05-12T20:51:31,English,Senior,corporate,860,EMP000055,True,active,2017-05-12T20:51:31,2025-07-12T15:57:26
CUST000743,Ishwar,Mody,1957-10-06T21:00:56,69,Male,cust000743@mailsim.in,+919562915380,"H.No. 65, Buch Zila",Mathura,Goa,640069,India,HFLXS5002O,XXXX-XXXX-2351,Homemaker,185913.82,Single,Indian,verified,medium,2015-11-11T19:17:42,Hindi,Premium,individual,444,EMP000098,True,active,2015-11-11T19:17:42,2025-08-13T08:37:36
CUST000744,Chakradhar,Gandhi,1956-03-27T15:29:23,70,Male,cust000744@mailsim.in,+919854996647,"H.No. 487, Samra Nagar",Nangloi Jat,Maharashtra,171736,India,JIGKA6269M,XXXX-XXXX-5102,Homemaker,56676.71,Divorced,Indian,pending,low,2018-03-21T02:30:39,Tamil,Premium,individual,863,EMP000018,True,active,2018-03-21T02:30:39,2020-06-27T15:13:02
CUST000745,Yadavi,Varma,1964-06-23T19:14:51,62,Female,cust000745@mailsim.in,+919958022716,"09, Amble Ganj",Deoghar,Jharkhand,259601,India,XQNPT1018E,XXXX-XXXX-7407,Retired,226664.57,Divorced,Indian,verified,low,2024-03-03T16:40:13,Hindi,Premium,corporate,778,EMP000030,False,blocked,2024-03-03T16:40:13,2025-09-11T14:55:45
CUST000746,Orinder,Konda,1976-03-15T04:33:24,50,Male,cust000746@mailsim.in,+917954638875,"72/83, Borde Street",Guntur,Punjab,576508,India,AHECU3285R,XXXX-XXXX-6439,Business Owner,1518237.28,Single,Indian,verified,high,2017-09-19T18:32:39,Tamil,HNI,corporate,654,EMP000073,False,blocked,2017-09-19T18:32:39,2018-01-08T23:49:30
CUST000747,Yasti,Pandit,1982-01-20T23:20:41,44,Female,cust000747@mailsim.in,+917261272571,"76, Prakash Street",Sonipat,Odisha,730839,India,EBLAC4969Q,XXXX-XXXX-3348,Salaried,1079078.1,Single,Indian,verified,medium,2016-12-11T23:53:03,Tamil,Regular,corporate,881,EMP000095,False,inactive,2016-12-11T23:53:03,2024-03-19T14:54:24
CUST000748,Jeet,Zacharia,1956-12-30T20:56:46,69,Male,cust000748@mailsim.in,+918607439886,"H.No. 47, Lanka Road",Delhi,Maharashtra,621937,India,TLIYU5236J,XXXX-XXXX-7255,Salaried,1533190.36,Divorced,Indian,verified,medium,2019-07-02T11:53:59,Telugu,Regular,individual,607,EMP000050,False,blocked,2019-07-02T11:53:59,2026-07-09T08:34:14
CUST000749,Ronith,Kalla,1960-12-30T01:12:27,65,Male,cust000749@mailsim.in,+918571747339,"80/797
Parekh Nagar",Tadepalligudem,Assam,854113,India,TQFTM3439I,XXXX-XXXX-4848,Homemaker,69944.47,Widowed,Indian,verified,high,2020-08-30T13:05:37,Tamil,Regular,individual,403,EMP000096,True,active,2020-08-30T13:05:37,2026-06-11T08:00:18
CUST000750,Victor,Narasimhan,1967-06-22T06:31:53,59,Male,cust000750@mailsim.in,+917016292318,"H.No. 10
Grewal Path",Raichur,Jharkhand,511025,India,WSKJS7556E,XXXX-XXXX-3130,Salaried,769305.31,Single,Indian,rejected,medium,2021-09-15T17:29:33,Telugu,Student,individual,858,EMP000057,True,active,2021-09-15T17:29:33,2026-01-19T05:19:33
CUST000751,Aayush,Chaudhuri,1997-06-07T07:16:04,29,Male,cust000751@mailsim.in,+917345829053,"31
Varkey Circle",Bulandshahr,Rajasthan,706266,India,BFAKY9360J,XXXX-XXXX-9201,Retired,609062.78,Divorced,Indian,rejected,low,2019-12-29T10:42:20,Hindi,Student,individual,614,EMP000007,True,active,2019-12-29T10:42:20,2022-08-10T00:04:23
CUST000752,Diya,Sura,1980-10-01T06:35:57,46,Female,cust000752@mailsim.in,+917474434332,"437, Prasad Marg",Bharatpur,Gujarat,191100,India,IQVPT3680L,XXXX-XXXX-5207,Business Owner,5960904.48,Married,Indian,verified,low,2024-04-26T04:31:19,Hindi,HNI,individual,390,EMP000099,True,active,2024-04-26T04:31:19,2024-11-04T09:18:59
CUST000753,Upadhriti,Gopal,1988-07-21T00:19:40,38,Female,cust000753@mailsim.in,+917344919612,"H.No. 772
Pandya Street",Kolkata,Jharkhand,253880,India,MARGF5710Q,XXXX-XXXX-9236,Salaried,1670695.64,Single,Indian,verified,low,2018-04-30T04:44:01,Telugu,Premium,corporate,714,EMP000034,True,active,2018-04-30T04:44:01,2025-09-11T07:09:00
CUST000754,Praneel,Issac,1961-09-10T05:50:54,65,Male,cust000754@mailsim.in,+917780588158,"402, Sama Marg",Patna,Tamil Nadu,268818,India,VJFTC4055H,XXXX-XXXX-1480,Student,35539.16,Widowed,Indian,verified,medium,2016-09-18T01:53:55,Telugu,Regular,corporate,808,EMP000019,False,closed,2016-09-18T01:53:55,2018-06-04T10:34:45
CUST000755,Gaurika,Issac,1989-05-19T17:15:10,37,Female,cust000755@mailsim.in,+917251058730,"41/678
Datta Chowk",Silchar,Uttar Pradesh,271081,India,BSCLV1810C,XXXX-XXXX-2465,Business Owner,8172083.43,Single,Indian,rejected,low,2021-07-20T14:54:05,Telugu,HNI,individual,808,EMP000096,True,active,2021-07-20T14:54:05,2022-05-23T21:31:36
CUST000756,Zashil,Ramachandran,1999-05-21T07:16:38,27,Male,cust000756@mailsim.in,+917450809572,"H.No. 102, Padmanabhan Street",Patiala,Haryana,263145,India,TYRQT1834X,XXXX-XXXX-9312,Self-Employed,923437.43,Divorced,Indian,pending,medium,2024-06-09T06:10:35,Hindi,Student,corporate,423,EMP000010,True,active,2024-06-09T06:10:35,2025-04-25T07:38:39
CUST000757,Atharv,Oommen,1977-12-24T12:11:17,48,Male,cust000757@mailsim.in,+917512732580,"06/74
Sunder Road",Haldia,Maharashtra,595502,India,XORVN1056P,XXXX-XXXX-3254,Homemaker,155877.92,Single,Indian,verified,low,2024-01-07T23:36:16,Telugu,Regular,individual,824,EMP000015,True,active,2024-01-07T23:36:16,2026-08-21T05:41:50
CUST000758,Krishna,Dua,1963-10-31T15:52:37,62,Female,cust000758@mailsim.in,+919525778549,"414, Sanghvi Ganj",Bhalswa Jahangir Pur,Haryana,363522,India,MUNMV1660O,XXXX-XXXX-7868,Self-Employed,1767042.96,Single,Indian,pending,low,2018-06-14T04:07:01,Hindi,Premium,individual,862,EMP000047,True,active,2018-06-14T04:07:01,2025-02-14T03:35:22
CUST000759,Dalaja,Thakkar,1989-01-22T00:39:14,37,Female,cust000759@mailsim.in,+919797448977,"923, Deo Zila",Agra,Telangana,801633,India,WFTFK4051F,XXXX-XXXX-2991,Salaried,964195.22,Single,Indian,pending,low,2015-07-15T14:18:51,Telugu,Premium,individual,565,EMP000051,True,active,2015-07-15T14:18:51,2023-07-27T11:53:17
CUST000760,Mahika,Handa,2001-06-05T04:09:59,25,Female,cust000760@mailsim.in,+919661779132,"09, Chand Ganj",Nadiad,Delhi,357853,India,PZYSY3327C,XXXX-XXXX-6273,Salaried,393361.81,Single,Indian,pending,medium,2021-01-24T06:13:25,Tamil,Regular,individual,309,EMP000028,True,active,2021-01-24T06:13:25,2022-09-30T06:12:28
CUST000761,Tanvi,Vohra,1999-02-24T10:59:29,27,Female,cust000761@mailsim.in,+917672337401,"33/567
Uppal Nagar",Faridabad,Kerala,989753,India,FTCNF3243J,XXXX-XXXX-9877,Salaried,1753975.07,Single,Indian,verified,low,2023-11-22T19:57:03,English,Premium,individual,376,EMP000002,True,active,2023-11-22T19:57:03,2025-03-28T07:55:48
CUST000762,Max,Choudhary,1961-11-13T17:28:33,64,Male,cust000762@mailsim.in,+918619447437,"H.No. 45
Koshy Marg",Nashik,Assam,854655,India,JUOKH5015H,XXXX-XXXX-6406,Retired,309405.29,Single,Indian,verified,low,2021-04-07T13:01:10,English,Student,individual,810,EMP000054,False,blocked,2021-04-07T13:01:10,2023-06-23T00:27:32
CUST000763,Gavin,Baria,1989-05-27T20:52:42,37,Male,cust000763@mailsim.in,+917525186371,"H.No. 534, Mammen Chowk",Chinsurah,Madhya Pradesh,595408,India,GITXC9945Y,XXXX-XXXX-2251,Student,271749.85,Widowed,Indian,verified,low,2024-12-15T08:30:45,Tamil,Premium,individual,809,EMP000065,True,active,2024-12-15T08:30:45,2025-03-01T19:59:03
CUST000764,George,Krishnan,1980-08-11T23:44:17,46,Male,cust000764@mailsim.in,+919570786706,"H.No. 54
Chatterjee Zila",Suryapet,Odisha,268586,India,FJDUL7058Y,XXXX-XXXX-5590,Salaried,1018847.55,Widowed,Indian,verified,low,2015-10-11T10:31:08,English,Regular,individual,508,EMP000008,True,active,2015-10-11T10:31:08,2024-04-13T13:55:33
CUST000765,Dhruv,Narula,1972-12-08T04:16:36,53,Male,cust000765@mailsim.in,+919754007489,"59/895
Majumdar Ganj",Bhimavaram,West Bengal,604526,India,RBCIZ9684A,XXXX-XXXX-4042,Self-Employed,2688268.37,Divorced,Indian,pending,medium,2023-03-06T20:50:40,Hindi,Premium,individual,692,EMP000007,True,active,2023-03-06T20:50:40,2023-11-13T12:33:16
CUST000766,Rehaan,Chahal,1981-11-03T13:00:41,44,Male,cust000766@mailsim.in,+917633510117,"910, Halder",Amroha,Odisha,294968,India,OVZLL3229A,XXXX-XXXX-8296,Self-Employed,2027567.42,Widowed,Indian,verified,low,2023-12-26T08:35:45,English,Student,individual,646,EMP000027,True,active,2023-12-26T08:35:45,2026-04-26T09:46:46
CUST000767,Chandran,Borde,1983-06-01T17:35:10,43,Male,cust000767@mailsim.in,+917538504511,"H.No. 73
Dube Circle",Warangal,Uttar Pradesh,654711,India,LNMBX1494Z,XXXX-XXXX-5313,Homemaker,103402.5,Widowed,Indian,verified,low,2017-05-09T18:12:35,English,Premium,individual,540,EMP000034,True,active,2017-05-09T18:12:35,2017-06-16T04:56:13
CUST000768,Gopal,Sahota,1990-09-18T15:04:51,36,Male,cust000768@mailsim.in,+919036954255,"55/71
Bir Marg",Gurgaon,Uttar Pradesh,705773,India,KCXPL5216Y,XXXX-XXXX-1144,Salaried,834260.02,Divorced,Indian,verified,low,2025-04-11T00:38:24,Telugu,Premium,corporate,811,EMP000091,True,active,2025-04-11T00:38:24,2025-12-30T08:04:31
CUST000769,Zayan,Bains,1960-03-28T05:02:37,66,Male,cust000769@mailsim.in,+917118632377,"42/40, Bhat",Sikar,West Bengal,971548,India,UGVMW3133O,XXXX-XXXX-4379,Salaried,606446.05,Married,Indian,verified,medium,2024-12-24T14:31:40,Telugu,Regular,individual,775,EMP000048,True,active,2024-12-24T14:31:40,2026-05-14T10:41:08
CUST000770,Yug,Walia,1963-03-19T19:35:18,63,Male,cust000770@mailsim.in,+917706013949,"786, Ramakrishnan Circle",Medininagar,Karnataka,917299,India,HQOCG7621S,XXXX-XXXX-4812,Retired,129143.75,Married,Indian,rejected,medium,2023-05-15T01:29:06,English,Regular,corporate,483,EMP000024,True,active,2023-05-15T01:29:06,2023-06-30T00:36:16
CUST000771,Madhavi,Jhaveri,1993-09-11T14:18:47,33,Female,cust000771@mailsim.in,+918143067209,"H.No. 293, Andra",Ambala,Rajasthan,811572,India,KMCKA2170O,XXXX-XXXX-8611,Retired,895184.27,Single,Indian,pending,medium,2024-05-08T01:15:21,English,Regular,individual,340,EMP000044,True,active,2024-05-08T01:15:21,2024-05-24T19:10:29
CUST000772,Kai,Mitter,1968-06-29T09:19:09,58,Male,cust000772@mailsim.in,+918970694258,"H.No. 48, Garg Zila",Ranchi,Rajasthan,366134,India,XJFCV3619S,XXXX-XXXX-5565,Homemaker,156503.95,Widowed,Indian,rejected,high,2018-07-20T16:24:17,English,Premium,corporate,333,EMP000095,True,active,2018-07-20T16:24:17,2021-12-07T06:57:24
CUST000773,Jagat,Manne,1959-02-21T19:43:56,67,Male,cust000773@mailsim.in,+919644764535,"24/240, Kade Ganj",Mumbai,Himachal Pradesh,957340,India,ZISFP3084O,XXXX-XXXX-3588,Student,297391.94,Widowed,Indian,verified,medium,2017-08-29T01:13:53,Tamil,Student,individual,696,EMP000029,False,inactive,2017-08-29T01:13:53,2023-07-31T19:57:02
CUST000774,Oscar,Pillay,1993-04-29T17:11:24,33,Male,cust000774@mailsim.in,+918848756157,"H.No. 842
Menon Marg",Howrah,Bihar,574546,India,KIEWO5976L,XXXX-XXXX-4365,Business Owner,6087064.99,Divorced,Indian,verified,medium,2022-04-21T04:36:16,Hindi,Regular,individual,817,EMP000070,True,active,2022-04-21T04:36:16,2026-01-01T05:18:01
CUST000775,Abdul,Parekh,2005-11-30T04:57:08,20,Male,cust000775@mailsim.in,+918772890675,"42/408, Cherian",Bardhaman,Maharashtra,277886,India,BASCY3814T,XXXX-XXXX-1761,Salaried,582036.71,Single,Indian,pending,medium,2023-06-04T19:51:55,Hindi,Student,individual,333,EMP000036,False,closed,2023-06-04T19:51:55,2024-07-11T05:52:37
CUST000776,Ishanvi,Sathe,1994-10-17T19:48:06,31,Female,cust000776@mailsim.in,+917673783531,"H.No. 43, Rana",Amroha,Punjab,301775,India,GEYGB3522Z,XXXX-XXXX-7131,Self-Employed,2736430.96,Divorced,Indian,verified,high,2018-10-31T03:52:03,English,Premium,individual,645,EMP000037,True,active,2018-10-31T03:52:03,2021-08-16T23:08:10
CUST000777,Kala,Saraf,1957-04-09T22:03:33,69,Female,cust000777@mailsim.in,+919494926164,"717
Sharaf Street",Belgaum,Jharkhand,952659,India,OOSFF5023G,XXXX-XXXX-3657,Student,88362.98,Married,Indian,verified,low,2018-11-05T12:58:47,Telugu,Regular,individual,327,EMP000045,False,inactive,2018-11-05T12:58:47,2023-08-24T20:31:19
CUST000778,Ijaya,Swaminathan,1998-11-25T06:47:33,27,Female,cust000778@mailsim.in,+918157346745,"40/422, Guha Marg",Asansol,Telangana,194860,India,EPLIP6129T,XXXX-XXXX-3193,Business Owner,9538099.03,Single,Indian,verified,high,2018-12-03T05:22:26,Telugu,Regular,individual,616,EMP000076,True,active,2018-12-03T05:22:26,2022-01-31T00:58:52
CUST000779,Balendra,Sandhu,1956-01-06T00:43:16,70,Male,cust000779@mailsim.in,+918151917506,"61, Devan Circle",Madanapalle,Tamil Nadu,693868,India,FLQUP3962M,XXXX-XXXX-8312,Salaried,429222.99,Married,Indian,verified,low,2021-07-13T15:54:28,Telugu,Regular,individual,580,EMP000061,True,active,2021-07-13T15:54:28,2024-03-29T05:07:57
CUST000780,Daksha,Purohit,1997-11-03T16:22:16,28,Female,cust000780@mailsim.in,+917441890360,"H.No. 100
Kothari Street",Agartala,Gujarat,835281,India,AQDVF1073S,XXXX-XXXX-3594,Salaried,1421736.11,Divorced,Indian,verified,low,2021-10-13T01:46:38,English,Regular,individual,364,EMP000046,True,active,2021-10-13T01:46:38,2023-09-28T12:04:46
CUST000781,Ekbal,Arya,1976-08-16T20:08:13,50,Male,cust000781@mailsim.in,+917599465828,"H.No. 851, Dewan Ganj",Phusro,Delhi,710152,India,QHRBW8948S,XXXX-XXXX-8552,Retired,673940.13,Divorced,Indian,verified,high,2016-08-07T15:17:32,Hindi,Premium,individual,434,EMP000020,True,active,2016-08-07T15:17:32,2018-03-11T03:44:11
CUST000782,Tristan,Gade,1972-04-23T11:00:38,54,Male,cust000782@mailsim.in,+919317996539,"H.No. 72
Bhalla Ganj",Tinsukia,Delhi,719394,India,EYAUM1679N,XXXX-XXXX-9072,Self-Employed,1975332.59,Married,Indian,rejected,medium,2020-06-19T17:06:33,Tamil,Premium,corporate,740,EMP000046,True,active,2020-06-19T17:06:33,2021-04-11T17:19:42
CUST000783,Diya,Bail,1958-11-21T17:08:48,67,Female,cust000783@mailsim.in,+919331745069,"H.No. 841, Sagar Circle",Mumbai,Kerala,554338,India,HWINU9639Q,XXXX-XXXX-4147,Salaried,1710221.96,Married,Indian,rejected,low,2017-10-28T01:08:58,Telugu,Premium,individual,714,EMP000023,True,active,2017-10-28T01:08:58,2018-02-16T19:55:54
CUST000784,Isaac,Bajwa,1987-10-26T12:19:38,38,Male,cust000784@mailsim.in,+917722764628,"62, Mangat Path",Yamunanagar,Punjab,419966,India,YWQIJ7419F,XXXX-XXXX-3605,Business Owner,2139828.35,Divorced,Indian,verified,low,2017-02-17T18:27:31,Tamil,Regular,individual,715,EMP000022,True,active,2017-02-17T18:27:31,2022-03-27T03:10:07
CUST000785,Dayita,Swamy,1967-11-04T05:41:33,58,Female,cust000785@mailsim.in,+917774297122,"H.No. 314, Bose Path",Kochi,Maharashtra,195042,India,WEEXC3867T,XXXX-XXXX-1187,Self-Employed,2406570.82,Widowed,Indian,verified,medium,2025-01-07T19:25:09,Telugu,Regular,individual,300,EMP000034,True,active,2025-01-07T19:25:09,2025-09-30T23:38:42
CUST000786,Pranit,Chad,1994-07-08T16:28:07,32,Male,cust000786@mailsim.in,+917795048055,"22/68, Golla Path",Jalgaon,Tamil Nadu,600395,India,VQAGB2382S,XXXX-XXXX-4598,Student,73683.1,Married,Indian,verified,low,2021-02-23T01:55:53,Tamil,Regular,individual,388,EMP000076,True,active,2021-02-23T01:55:53,2023-01-14T09:49:34
CUST000787,Matthew,Mangat,1958-03-08T15:30:46,68,Male,cust000787@mailsim.in,+919271507717,"H.No. 475
Bose Road",Jalgaon,Gujarat,583816,India,MAKKY7848B,XXXX-XXXX-8766,Salaried,1958547.98,Married,Indian,verified,low,2022-02-21T23:51:14,Hindi,Regular,individual,533,EMP000060,False,closed,2022-02-21T23:51:14,2023-08-14T22:16:42
CUST000788,Ethan,Nagarajan,1985-04-05T21:38:37,41,Male,cust000788@mailsim.in,+917957483041,"77, Chowdhury Zila",Alwar,Delhi,315572,India,ZXUCQ5243J,XXXX-XXXX-2526,Salaried,1940495.92,Divorced,Indian,verified,low,2022-03-29T15:40:15,English,Regular,individual,594,EMP000015,True,active,2022-03-29T15:40:15,2023-11-30T13:16:19
CUST000789,Elijah,Chana,1999-10-23T21:59:15,26,Male,cust000789@mailsim.in,+919047019156,"265
Talwar Path",Ongole,Bihar,888583,India,AWFGH1737I,XXXX-XXXX-8021,Self-Employed,2464785.59,Widowed,Indian,verified,low,2021-08-10T04:39:48,Telugu,Regular,individual,806,EMP000080,True,active,2021-08-10T04:39:48,2026-05-30T10:40:19
CUST000790,Samuel,Nath,1967-06-09T07:53:07,59,Male,cust000790@mailsim.in,+918232789314,"36/687, Walla Circle",Katihar,Uttarakhand,329840,India,LGGTE5401L,XXXX-XXXX-8018,Salaried,1627538.15,Married,Indian,verified,low,2015-09-13T20:39:55,Hindi,Regular,individual,311,EMP000022,False,inactive,2015-09-13T20:39:55,2021-10-22T04:59:35
CUST000791,Jyoti,Rajagopalan,1980-02-28T12:26:04,46,Female,cust000791@mailsim.in,+917587618001,"68/93, Keer Zila",Delhi,Bihar,686585,India,OHMFL5361C,XXXX-XXXX-1198,Retired,981327.57,Single,Indian,verified,low,2018-11-01T13:15:49,Hindi,Premium,individual,574,EMP000023,True,active,2018-11-01T13:15:49,2019-08-12T10:19:23
CUST000792,Harsh,Badal,1976-11-11T15:12:43,49,Male,cust000792@mailsim.in,+917139592368,"72/10
Patel Path",Durg,Goa,918950,India,FNGLH7726X,XXXX-XXXX-2537,Salaried,799120.03,Widowed,Indian,verified,high,2025-01-13T22:09:45,Hindi,Regular,individual,705,EMP000094,True,active,2025-01-13T22:09:45,2025-11-01T07:57:32
CUST000793,Veda,Dhawan,1999-05-11T04:52:31,27,Female,cust000793@mailsim.in,+918101260601,"330
Dalal Street",Burhanpur,Bihar,990324,India,MRKGO2100L,XXXX-XXXX-5864,Salaried,1799855.68,Single,Indian,verified,medium,2020-12-23T12:58:09,English,Senior,individual,786,EMP000090,False,inactive,2020-12-23T12:58:09,2022-05-26T04:42:22
CUST000794,Agastya,Samra,1990-03-08T16:20:56,36,Male,cust000794@mailsim.in,+919995758188,"H.No. 191
Dugar Chowk",Siliguri,Odisha,781377,India,VOAZJ8018B,XXXX-XXXX-6528,Self-Employed,2718390.77,Married,Indian,verified,low,2020-03-29T06:02:50,Telugu,Premium,individual,327,EMP000051,True,active,2020-03-29T06:02:50,2024-05-08T00:38:26
CUST000795,Rajeshri,Dhaliwal,1956-07-07T02:31:51,70,Female,cust000795@mailsim.in,+917516438779,"109, Doctor Marg",Nandyal,Uttarakhand,242228,India,EEKWX5607Y,XXXX-XXXX-2331,Business Owner,6335929.47,Widowed,Indian,verified,low,2021-11-18T19:05:40,Hindi,Regular,individual,347,EMP000050,True,active,2021-11-18T19:05:40,2025-11-20T07:07:57
CUST000796,Ekiya,Wable,1968-11-27T03:43:15,57,Female,cust000796@mailsim.in,+917726536501,"65
Arya Chowk",Bhubaneswar,Jharkhand,827291,India,QWTZA6159Z,XXXX-XXXX-6286,Student,254448.16,Divorced,Indian,verified,low,2020-03-08T05:09:51,English,Premium,individual,874,EMP000055,True,active,2020-03-08T05:09:51,2026-02-20T12:47:16
CUST000797,Garima,Bhasin,1982-04-27T15:48:29,44,Female,cust000797@mailsim.in,+918678276347,"28/20, Sampath Marg",Begusarai,Uttar Pradesh,295893,India,VTKEY1242P,XXXX-XXXX-4140,Student,283051.61,Married,Indian,pending,low,2022-07-14T08:25:28,English,Premium,individual,849,EMP000021,True,active,2022-07-14T08:25:28,2024-08-14T09:00:32
CUST000798,Kai,Thaker,2002-10-19T22:34:46,23,Male,cust000798@mailsim.in,+917876489118,"36/241
Purohit Circle",Rajpur Sonarpur,West Bengal,586172,India,CTXNV6045T,XXXX-XXXX-5299,Salaried,591746.64,Divorced,Indian,verified,low,2020-06-29T04:05:54,Tamil,Senior,individual,543,EMP000042,False,closed,2020-06-29T04:05:54,2023-01-24T23:09:20
CUST000799,Suhani,Bhalla,2002-02-10T22:19:25,24,Female,cust000799@mailsim.in,+918541002185,"28, Brahmbhatt",Morena,Goa,740151,India,ZLZPB6570R,XXXX-XXXX-8195,Business Owner,2303583.73,Divorced,Indian,verified,medium,2015-04-30T18:53:50,Tamil,Senior,individual,874,EMP000066,True,active,2015-04-30T18:53:50,2020-01-21T19:43:40
CUST000800,Naksh,Ravel,1958-09-11T17:17:51,68,Male,cust000800@mailsim.in,+919979581293,"056
Madan Ganj",Vasai-Virar,Tamil Nadu,588540,India,SCMWA7175U,XXXX-XXXX-5441,Business Owner,6801574.96,Single,Indian,verified,medium,2017-06-30T13:12:12,English,Regular,individual,558,EMP000099,True,active,2017-06-30T13:12:12,2019-11-29T09:22:50
CUST000801,Brinda,Patil,1961-05-04T08:17:54,65,Female,cust000801@mailsim.in,+918927445160,"H.No. 342
Chhabra Circle",Rajpur Sonarpur,Karnataka,219996,India,MYZKH8311B,XXXX-XXXX-4335,Retired,127979.04,Single,Indian,verified,medium,2020-08-03T15:32:54,English,Regular,individual,841,EMP000022,True,active,2020-08-03T15:32:54,2025-09-12T18:23:03
CUST000802,Aashi,More,1999-04-27T16:50:11,27,Female,cust000802@mailsim.in,+919261632439,"30/34, Basu Zila",Ranchi,Madhya Pradesh,888807,India,YRADN6552S,XXXX-XXXX-4012,Homemaker,128317.19,Widowed,Indian,verified,low,2020-01-14T04:05:57,Telugu,Premium,individual,415,EMP000093,False,inactive,2020-01-14T04:05:57,2025-02-19T19:28:13
CUST000803,Arjun,Murty,1962-07-01T12:08:57,64,Male,cust000803@mailsim.in,+918744377398,"H.No. 05, Rao Road",Satna,Haryana,238864,India,AADAQ8475B,XXXX-XXXX-3870,Retired,994838.86,Widowed,Indian,verified,high,2017-12-01T14:31:03,Hindi,Regular,individual,690,EMP000081,True,active,2017-12-01T14:31:03,2021-01-17T04:45:14
CUST000804,Rohan,Parekh,1990-07-08T09:48:27,36,Male,cust000804@mailsim.in,+917348850089,"15/681, Doctor Circle",Dharmavaram,Rajasthan,111484,India,THRRH7126G,XXXX-XXXX-7681,Business Owner,6168372.17,Single,Indian,rejected,low,2023-03-30T21:46:34,Tamil,Regular,individual,487,EMP000071,False,inactive,2023-03-30T21:46:34,2024-05-17T12:40:23
CUST000805,Rayaan,Sood,2002-12-03T09:11:06,23,Male,cust000805@mailsim.in,+918618010926,"H.No. 22, Brar Chowk",Ahmednagar,Odisha,100806,India,DTGIV6051B,XXXX-XXXX-6766,Self-Employed,1193607.46,Widowed,Indian,verified,medium,2016-01-01T08:42:29,Telugu,HNI,individual,585,EMP000087,True,active,2016-01-01T08:42:29,2016-04-11T10:49:03
CUST000806,Janaki,Dhaliwal,2002-10-01T12:13:59,24,Female,cust000806@mailsim.in,+919190522643,"89/85, Deep Chowk",Ramagundam,Uttarakhand,254004,India,DWOZG7052I,XXXX-XXXX-7554,Homemaker,82222.77,Married,Indian,rejected,low,2019-08-18T00:11:22,English,Regular,individual,841,EMP000053,False,inactive,2019-08-18T00:11:22,2022-01-15T10:40:43
CUST000807,Pranit,Sankar,1994-07-27T16:26:18,32,Male,cust000807@mailsim.in,+919081349171,"63/399, Dua Zila",Jalandhar,Rajasthan,241440,India,TYENE7729S,XXXX-XXXX-3110,Self-Employed,231022.98,Widowed,Indian,verified,high,2020-04-12T19:59:03,Telugu,Regular,corporate,686,EMP000079,True,active,2020-04-12T19:59:03,2025-04-19T22:12:34
CUST000808,Advika,Dhar,1999-09-24T09:16:39,27,Female,cust000808@mailsim.in,+919590734889,"17/17
Gara Path",Nanded,Uttarakhand,359992,India,FTTWK9433O,XXXX-XXXX-9117,Retired,505845.83,Married,Indian,verified,medium,2017-08-16T21:51:22,English,Regular,individual,837,EMP000023,True,active,2017-08-16T21:51:22,2018-06-16T11:45:02
CUST000809,Bhavna,Mammen,1972-02-11T06:54:50,54,Female,cust000809@mailsim.in,+917410794928,"H.No. 11
Sharma Street",Bhalswa Jahangir Pur,Madhya Pradesh,309864,India,PTZPE3065M,XXXX-XXXX-1161,Self-Employed,282126.69,Single,Indian,verified,low,2025-05-06T00:49:50,Telugu,Student,individual,368,EMP000040,False,inactive,2025-05-06T00:49:50,2025-10-29T05:13:37
CUST000810,Lavanya,Sathe,2004-10-01T07:41:15,21,Female,cust000810@mailsim.in,+918290719288,"H.No. 970, Mangat Path",Alappuzha,Delhi,117493,India,FVMDQ9905P,XXXX-XXXX-3169,Retired,129854.81,Widowed,Indian,verified,medium,2024-08-05T17:12:22,Telugu,Regular,individual,438,EMP000038,True,active,2024-08-05T17:12:22,2026-07-12T10:33:52
CUST000811,Eiravati,Sastry,2003-04-11T18:04:51,23,Female,cust000811@mailsim.in,+917784482038,"95/51
Toor Marg",Firozabad,West Bengal,453195,India,VAYZL2676T,XXXX-XXXX-5276,Salaried,1249788.84,Widowed,Indian,verified,high,2017-07-29T08:12:48,English,Premium,corporate,711,EMP000069,True,active,2017-07-29T08:12:48,2019-10-25T18:01:16
CUST000812,Ansh,Bhandari,1999-11-02T14:16:32,26,Male,cust000812@mailsim.in,+917011932066,"80/214, Dutt Marg",Srinagar,Odisha,745594,India,KCNOZ3505Y,XXXX-XXXX-5757,Retired,864616.7,Single,Indian,verified,medium,2021-03-14T21:29:08,Hindi,Regular,individual,467,EMP000041,True,active,2021-03-14T21:29:08,2023-02-13T14:50:28
CUST000813,Jasmit,Rama,1987-10-24T04:45:29,38,Female,cust000813@mailsim.in,+917416324649,"15/778
Chopra Chowk",Bokaro,Maharashtra,154347,India,MMQBZ6728B,XXXX-XXXX-4698,Homemaker,83808.74,Married,Indian,rejected,low,2020-05-15T23:50:05,Hindi,HNI,individual,897,EMP000077,False,inactive,2020-05-15T23:50:05,2026-07-07T21:28:04
CUST000814,Chatura,Ranganathan,1987-12-15T19:49:22,38,Male,cust000814@mailsim.in,+917173150671,"651
Oommen Path",Rajpur Sonarpur,Uttar Pradesh,412758,India,TVWIW5695R,XXXX-XXXX-1001,Salaried,1625542.23,Widowed,Indian,verified,low,2018-04-16T14:21:15,Telugu,Student,individual,622,EMP000009,True,active,2018-04-16T14:21:15,2026-02-21T06:35:38
CUST000815,Wazir,Contractor,1987-01-05T18:01:27,39,Male,cust000815@mailsim.in,+919612632124,"08
Singhal Street",Kakinada,Tamil Nadu,924629,India,MAXOU6853C,XXXX-XXXX-8918,Homemaker,139015.3,Married,Indian,pending,medium,2022-01-13T15:23:03,English,Regular,individual,561,EMP000005,True,active,2022-01-13T15:23:03,2022-08-29T14:35:15
CUST000816,Nathaniel,Balay,1955-02-06T04:18:49,71,Male,cust000816@mailsim.in,+917339533150,"H.No. 567
Bhagat Ganj",Lucknow,Delhi,436551,India,XLHUK6992H,XXXX-XXXX-2916,Self-Employed,2781111.4,Single,Indian,verified,medium,2020-11-09T11:41:58,English,Regular,individual,551,EMP000002,True,active,2020-11-09T11:41:58,2023-07-05T05:30:33
CUST000817,Siddharth,Madan,1991-09-20T05:45:54,35,Male,cust000817@mailsim.in,+918067920310,"21/214
Bumb Marg",Bidhannagar,Himachal Pradesh,926762,India,SDCOR7268M,XXXX-XXXX-3626,Salaried,1604206.3,Single,Indian,verified,low,2019-09-13T19:33:49,Telugu,Premium,individual,321,EMP000085,False,closed,2019-09-13T19:33:49,2023-06-26T19:27:05
CUST000818,Shaurya,Vohra,1981-08-28T19:17:23,45,Male,cust000818@mailsim.in,+919997090533,"42/016, Mishra Path",Davanagere,Madhya Pradesh,194941,India,ZJRSF4337X,XXXX-XXXX-4878,Self-Employed,1159128.23,Widowed,Indian,verified,low,2020-06-21T22:46:39,Tamil,Premium,individual,569,EMP000003,True,active,2020-06-21T22:46:39,2024-10-02T03:25:56
CUST000819,Priya,Saini,1984-05-25T11:33:34,42,Female,cust000819@mailsim.in,+919598966800,"82
Pant Marg",Hyderabad,Uttarakhand,606428,India,ZBEZS2518R,XXXX-XXXX-5622,Retired,879087.45,Single,Indian,verified,medium,2023-04-17T11:40:25,Tamil,HNI,individual,398,EMP000043,True,active,2023-04-17T11:40:25,2025-07-29T20:43:47
CUST000820,Hardik,Brahmbhatt,1958-03-15T07:51:07,68,Male,cust000820@mailsim.in,+918715155243,"H.No. 50, Shanker Street",Panchkula,West Bengal,295528,India,RCRAZ3603E,XXXX-XXXX-1296,Salaried,833017.06,Widowed,Indian,verified,low,2020-10-31T18:28:46,Hindi,Regular,individual,791,EMP000093,True,active,2020-10-31T18:28:46,2021-04-25T22:43:18
CUST000821,Nitara,Comar,2001-03-14T10:32:10,25,Female,cust000821@mailsim.in,+917844761343,"H.No. 80
Dass Chowk",Adoni,Tamil Nadu,565350,India,THTVO4995S,XXXX-XXXX-5461,Retired,479102.09,Widowed,Indian,pending,high,2017-05-04T22:24:22,Tamil,Student,individual,634,EMP000090,False,blocked,2017-05-04T22:24:22,2023-09-26T20:41:32
CUST000822,Chanakya,Bansal,1955-12-05T06:20:39,70,Male,cust000822@mailsim.in,+917316420724,"36/829, Kalita Marg",Bhagalpur,Uttarakhand,415838,India,AJVXA7361Q,XXXX-XXXX-7574,Retired,143576.82,Single,Indian,verified,low,2017-05-06T16:21:02,Telugu,Regular,individual,679,EMP000006,True,active,2017-05-06T16:21:02,2019-07-18T21:50:57
CUST000823,Ikshita,Atwal,1960-12-20T12:59:48,65,Female,cust000823@mailsim.in,+917034421098,"H.No. 04
Thakkar Road",Panchkula,Himachal Pradesh,671493,India,PAFBD3701B,XXXX-XXXX-4887,Business Owner,6571398.12,Married,Indian,verified,low,2022-04-19T07:23:41,Hindi,Regular,individual,771,EMP000097,True,active,2022-04-19T07:23:41,2025-06-15T01:12:20
CUST000824,Vasatika,Sachdev,1979-12-14T14:02:23,46,Female,cust000824@mailsim.in,+919467364667,"H.No. 58
Virk Marg",Raipur,Rajasthan,511485,India,BQNBW8593L,XXXX-XXXX-9077,Self-Employed,2816445.32,Divorced,Indian,verified,low,2018-12-08T00:46:06,Tamil,Regular,individual,870,EMP000078,False,inactive,2018-12-08T00:46:06,2021-04-30T16:06:51
CUST000825,Hema,Shanker,1970-04-27T14:42:48,56,Female,cust000825@mailsim.in,+919394177739,"H.No. 28
Gaba",Eluru,Maharashtra,761254,India,OSPJJ4462J,XXXX-XXXX-5636,Business Owner,7739846.08,Widowed,Indian,rejected,low,2023-09-28T14:37:18,Tamil,Premium,individual,452,EMP000016,True,active,2023-09-28T14:37:18,2025-11-02T23:03:10
CUST000826,Lucky,Sarkar,2002-08-05T23:07:13,24,Male,cust000826@mailsim.in,+918008173750,"91/111
Sabharwal Nagar",Mehsana,Bihar,207530,India,VVIKL5855O,XXXX-XXXX-3527,Business Owner,7698809.6,Widowed,Indian,verified,low,2021-12-06T12:04:25,English,Regular,individual,372,EMP000048,True,active,2021-12-06T12:04:25,2023-08-16T22:09:05
CUST000827,Chandresh,Sawhney,1970-09-05T14:37:52,56,Male,cust000827@mailsim.in,+917403251958,"46/337, Raj Circle",Thiruvananthapuram,Madhya Pradesh,543806,India,BNOJE5951C,XXXX-XXXX-4427,Business Owner,2830302.08,Divorced,Indian,verified,medium,2016-07-14T06:32:55,English,Premium,corporate,674,EMP000028,True,active,2016-07-14T06:32:55,2018-03-09T11:14:45
CUST000828,Wahab,Dash,1986-10-25T17:25:45,39,Male,cust000828@mailsim.in,+918976694331,"66
Prasad Nagar",Guna,Delhi,700487,India,YCQNO7518N,XXXX-XXXX-5920,Business Owner,8552317.81,Widowed,Indian,verified,low,2024-12-04T21:30:04,Telugu,Student,individual,499,EMP000042,True,active,2024-12-04T21:30:04,2026-06-12T01:47:22
CUST000829,Lucky,Loyal,2000-08-18T16:14:07,26,Male,cust000829@mailsim.in,+919349083473,"H.No. 63
Sachdeva Nagar",Kanpur,Maharashtra,492435,India,RBEGT8835P,XXXX-XXXX-2453,Business Owner,5649578.4,Married,Indian,pending,medium,2024-07-09T00:33:18,English,Premium,individual,668,EMP000056,True,active,2024-07-09T00:33:18,2026-08-07T10:54:32
CUST000830,Agastya,Dube,1964-10-10T14:24:54,62,Male,cust000830@mailsim.in,+917913545677,"95/52
Sani",Miryalaguda,Gujarat,320550,India,OWHBW3185K,XXXX-XXXX-4933,Salaried,1597247.16,Widowed,Indian,rejected,medium,2025-04-09T06:55:27,Telugu,Regular,corporate,491,EMP000034,True,active,2025-04-09T06:55:27,2025-08-15T17:02:45
CUST000831,Shivani,Hans,1997-04-28T15:18:12,29,Female,cust000831@mailsim.in,+919297453111,"H.No. 962
Ghose Marg",Ratlam,Madhya Pradesh,783362,India,DDRAC1002C,XXXX-XXXX-7935,Self-Employed,1927172.55,Married,Indian,pending,low,2017-09-17T19:27:08,Hindi,Regular,individual,604,EMP000064,True,active,2017-09-17T19:27:08,2018-11-30T12:24:08
CUST000832,Yauvani,Dutt,1996-05-19T14:29:51,30,Female,cust000832@mailsim.in,+919075634898,"128
Ramanathan Zila",Begusarai,Madhya Pradesh,959704,India,ICVRD7373B,XXXX-XXXX-8250,Business Owner,3574270.83,Single,Indian,verified,high,2015-02-26T12:00:54,English,Regular,individual,702,EMP000037,True,active,2015-02-26T12:00:54,2019-05-04T04:33:16
CUST000833,Fariq,Naidu,1984-06-06T17:53:24,42,Male,cust000833@mailsim.in,+919116401538,"H.No. 106, Dua Nagar",Tadipatri,Odisha,590145,India,MFBXN1553M,XXXX-XXXX-7583,Salaried,1878585.64,Widowed,Indian,verified,medium,2017-07-24T11:19:15,English,Regular,individual,543,EMP000049,False,blocked,2017-07-24T11:19:15,2018-02-24T04:16:04
CUST000834,Balveer,Raja,1997-06-16T05:47:16,29,Male,cust000834@mailsim.in,+917580989010,"27/523, Mishra Ganj",Jorhat,Kerala,188934,India,SAMSS3167P,XXXX-XXXX-5427,Salaried,331454.47,Widowed,Indian,verified,medium,2023-07-26T03:55:56,Tamil,Regular,individual,680,EMP000073,True,active,2023-07-26T03:55:56,2023-07-29T22:10:10
CUST000835,Jason,Radhakrishnan,1965-11-18T08:40:49,60,Male,cust000835@mailsim.in,+918052740569,"04/120
Chauhan",Jaunpur,Haryana,300183,India,URJWV7611Z,XXXX-XXXX-5298,Retired,951277.84,Single,Indian,verified,low,2015-03-27T17:01:14,Hindi,Premium,individual,513,EMP000014,False,inactive,2015-03-27T17:01:14,2024-02-16T18:28:17
CUST000836,Divya,Chhabra,2002-07-26T07:29:32,24,Other,cust000836@mailsim.in,+919466665907,"H.No. 42, Brahmbhatt Zila",Mirzapur,Uttarakhand,842462,India,HZUGX9291N,XXXX-XXXX-1563,Retired,630349.58,Divorced,Indian,pending,low,2024-09-16T09:51:33,Hindi,Premium,individual,512,EMP000019,True,active,2024-09-16T09:51:33,2026-06-18T01:52:13
CUST000837,Ishita,Raman,1975-03-09T00:06:26,51,Female,cust000837@mailsim.in,+917955337009,"06, Sur Zila",Bhagalpur,Goa,369756,India,XCCSP9743Z,XXXX-XXXX-2222,Self-Employed,2049492.09,Single,Indian,verified,low,2018-09-07T03:34:32,Hindi,Regular,individual,374,EMP000024,True,active,2018-09-07T03:34:32,2024-07-05T13:03:10
CUST000838,Ubika,Prashad,1966-02-12T01:30:27,60,Female,cust000838@mailsim.in,+919540809770,"72/240
Balay Street",Tiruvottiyur,Jharkhand,837357,India,XYHVY3647K,XXXX-XXXX-7515,Self-Employed,2202370.81,Widowed,Indian,verified,low,2017-05-04T05:06:42,Tamil,Student,individual,761,EMP000068,False,blocked,2017-05-04T05:06:42,2026-08-18T03:56:04
CUST000839,Oscar,Sule,1999-09-23T09:32:15,27,Male,cust000839@mailsim.in,+918246069247,"841, Balan Ganj",Kadapa,Tamil Nadu,506777,India,NJCTS5184S,XXXX-XXXX-7063,Business Owner,4307733.49,Widowed,Indian,verified,medium,2024-04-19T19:10:59,Hindi,Regular,individual,632,EMP000066,False,closed,2024-04-19T19:10:59,2026-02-14T06:23:49
CUST000840,Yashvi,Dua,1993-08-11T00:47:52,33,Female,cust000840@mailsim.in,+919913150697,"H.No. 13, Narang Nagar",Muzaffarnagar,Uttarakhand,353170,India,ZWWLF2955B,XXXX-XXXX-9896,Business Owner,1063862.76,Married,Indian,verified,low,2021-07-31T14:51:52,Tamil,Regular,individual,664,EMP000041,True,active,2021-07-31T14:51:52,2025-05-28T12:51:22
CUST000841,Benjamin,Date,1973-11-26T08:02:42,52,Male,cust000841@mailsim.in,+919245144827,"H.No. 73
Pall Zila",Bhind,Haryana,438138,India,ITXJZ3820I,XXXX-XXXX-8704,Business Owner,4594057.23,Single,Indian,verified,low,2020-08-15T22:17:25,Telugu,Regular,individual,724,EMP000068,True,active,2020-08-15T22:17:25,2021-10-02T12:00:37
CUST000842,Yug,Sarin,1959-11-07T22:48:16,66,Male,cust000842@mailsim.in,+918096737071,"423
Ramaswamy Road",Ballia,Madhya Pradesh,211685,India,EXWGU8738J,XXXX-XXXX-1080,Salaried,544324.51,Married,Indian,verified,low,2022-01-21T00:00:12,Telugu,Regular,individual,625,EMP000061,True,active,2022-01-21T00:00:12,2022-05-31T04:02:13
CUST000843,Nachiket,Gandhi,1971-09-07T05:54:42,55,Male,cust000843@mailsim.in,+919672375671,"76/769, Nagar Road",Medininagar,Kerala,949231,India,YEFQB1740Z,XXXX-XXXX-6452,Business Owner,7447559.13,Married,Indian,verified,medium,2021-12-11T12:34:38,Hindi,Premium,individual,892,EMP000002,True,active,2021-12-11T12:34:38,2025-08-18T14:39:42
CUST000844,Sanaya,Sanghvi,1987-05-14T20:34:50,39,Female,cust000844@mailsim.in,+919473284386,"55/17, Bandi Street",Dharmavaram,Assam,241483,India,VIDGF7377T,XXXX-XXXX-5428,Business Owner,5502954.28,Divorced,Indian,verified,low,2025-02-22T18:07:52,Tamil,Regular,individual,803,EMP000039,True,active,2025-02-22T18:07:52,2026-03-25T10:46:12
CUST000845,Samarth,Memon,1976-11-26T01:46:59,49,Male,cust000845@mailsim.in,+917956798523,"01
Naidu Street",Gaya,Goa,363417,India,RXPQO3299V,XXXX-XXXX-8081,Homemaker,217.95,Divorced,Indian,verified,medium,2023-06-24T02:42:59,English,HNI,corporate,662,EMP000068,True,active,2023-06-24T02:42:59,2026-01-11T21:39:34
CUST000846,Praneel,Korpal,1990-06-05T04:45:42,36,Male,cust000846@mailsim.in,+917075429229,"552, Das Path",Imphal,Odisha,300498,India,VDFOL8533P,XXXX-XXXX-5680,Homemaker,106518.08,Widowed,Indian,verified,low,2019-10-09T03:18:31,English,Premium,individual,735,EMP000095,True,active,2019-10-09T03:18:31,2022-01-16T14:59:55
CUST000847,Aashi,Narasimhan,2004-02-09T07:45:44,22,Female,cust000847@mailsim.in,+919151178412,"95, Bhatti Ganj",Anantapuram,Jharkhand,891270,India,SVIQW9426Z,XXXX-XXXX-5529,Homemaker,21204.24,Widowed,Indian,verified,medium,2017-09-14T18:51:50,Tamil,Regular,corporate,331,EMP000095,True,active,2017-09-14T18:51:50,2023-11-03T10:36:52
CUST000848,Hitesh,Vyas,1997-05-17T13:19:37,29,Male,cust000848@mailsim.in,+918803843323,"H.No. 849, Sama Zila",Ratlam,Assam,406745,India,YFWLS7290M,XXXX-XXXX-3978,Business Owner,8512531.65,Married,Indian,verified,medium,2019-10-06T13:18:04,English,Regular,corporate,842,EMP000098,True,active,2019-10-06T13:18:04,2020-07-13T04:39:07
CUST000849,Nathaniel,Hora,1975-01-25T19:19:34,51,Male,cust000849@mailsim.in,+918553978509,"H.No. 770, Sama Road",Amravati,Madhya Pradesh,690480,India,IQPAK3502H,XXXX-XXXX-3187,Self-Employed,1488470.97,Married,Indian,verified,low,2017-06-30T10:43:02,Telugu,Premium,corporate,327,EMP000020,False,inactive,2017-06-30T10:43:02,2020-05-29T15:16:43
CUST000850,Varsha,Garg,1994-01-03T04:24:22,32,Female,cust000850@mailsim.in,+918840021031,"63/90
Badami Road",Surendranagar Dudhrej,Madhya Pradesh,963944,India,HUOQB5596Z,XXXX-XXXX-8635,Salaried,1973532.25,Divorced,Indian,verified,low,2015-12-18T18:53:42,Telugu,Regular,individual,507,EMP000076,True,active,2015-12-18T18:53:42,2024-11-21T23:24:53
CUST000851,Meghana,Deep,1992-01-24T06:01:54,34,Female,cust000851@mailsim.in,+917170903382,"H.No. 880
Babu Path",Nandyal,Odisha,885327,India,FNJBM1951R,XXXX-XXXX-5956,Salaried,928309.6,Widowed,Indian,verified,medium,2024-03-14T07:59:23,Tamil,Premium,individual,753,EMP000053,True,active,2024-03-14T07:59:23,2025-01-27T08:28:41
CUST000852,Charvi,Sagar,1956-02-24T21:46:11,70,Female,cust000852@mailsim.in,+917648272397,"H.No. 55
Buch Marg",Kumbakonam,West Bengal,722516,India,KCCQR1456U,XXXX-XXXX-6467,Self-Employed,2267037.69,Single,Indian,verified,medium,2023-02-24T07:40:03,Telugu,HNI,individual,400,EMP000066,True,active,2023-02-24T07:40:03,2026-05-30T20:05:59
CUST000853,Arunima,Ramaswamy,1999-02-26T09:41:02,27,Female,cust000853@mailsim.in,+918725674759,"77/159
Balakrishnan Zila",Nashik,Haryana,850013,India,TZADL3161H,XXXX-XXXX-8881,Salaried,1624870.81,Married,Indian,verified,medium,2023-04-24T03:35:21,Tamil,Regular,corporate,823,EMP000085,True,active,2023-04-24T03:35:21,2025-03-02T11:24:44
CUST000854,Aashi,Dewan,1985-11-26T05:58:33,40,Female,cust000854@mailsim.in,+918357994892,"H.No. 63, Chakrabarti Street",Arrah,Karnataka,541160,India,MLPWU4691G,XXXX-XXXX-6543,Business Owner,3865975.75,Widowed,Indian,verified,low,2015-10-15T04:51:07,Tamil,Premium,individual,523,EMP000013,True,active,2015-10-15T04:51:07,2021-04-12T15:52:37
CUST000855,Aahana,Ben,2001-05-13T22:27:21,25,Female,cust000855@mailsim.in,+917140593851,"H.No. 104
Lalla Zila",Pudukkottai,Punjab,233146,India,QNQRT9463I,XXXX-XXXX-5590,Salaried,747792.79,Divorced,Indian,verified,low,2020-05-31T19:06:16,Tamil,Regular,individual,365,EMP000040,True,active,2020-05-31T19:06:16,2024-07-11T15:49:02
CUST000856,Sachi,Madan,2002-09-28T09:15:43,24,Female,cust000856@mailsim.in,+917974191887,"971, Nagar Street",Bhimavaram,Madhya Pradesh,992161,India,BKZCQ7447Y,XXXX-XXXX-9746,Homemaker,120348.1,Single,Indian,verified,low,2016-09-28T07:24:05,Telugu,Premium,individual,445,EMP000030,True,active,2016-09-28T07:24:05,2021-11-21T07:23:54
CUST000857,Triveni,Sekhon,1979-04-22T06:32:15,47,Female,cust000857@mailsim.in,+918131314104,"83/97, Mand Chowk",Karawal Nagar,Bihar,596006,India,OHXZV7934X,XXXX-XXXX-8000,Student,286133.65,Single,Indian,verified,low,2022-04-03T06:10:17,Tamil,Premium,individual,810,EMP000065,True,active,2022-04-03T06:10:17,2024-01-10T11:05:09
CUST000858,Isaiah,Chanda,1988-11-26T07:29:19,37,Male,cust000858@mailsim.in,+917687911847,"H.No. 15
Kibe Circle",Solapur,Himachal Pradesh,837464,India,RRGNZ4414W,XXXX-XXXX-1618,Retired,223034.64,Single,Indian,verified,low,2021-03-24T13:33:15,Hindi,Premium,corporate,532,EMP000030,True,active,2021-03-24T13:33:15,2022-09-19T10:15:13
CUST000859,Baljiwan,Talwar,2005-02-10T00:33:28,21,Male,cust000859@mailsim.in,+918490179603,"037, Guha Marg",Vasai-Virar,Telangana,663655,India,GLKYX5913J,XXXX-XXXX-7296,Salaried,1739150.36,Divorced,Indian,verified,medium,2021-05-05T19:10:00,Hindi,Premium,individual,857,EMP000037,True,active,2021-05-05T19:10:00,2022-01-16T14:13:00
CUST000860,Onkar,Joshi,2005-05-28T18:52:50,21,Male,cust000860@mailsim.in,+917273340394,"H.No. 72
Cherian Circle",Muzaffarnagar,Odisha,103080,India,IYXBR7627S,XXXX-XXXX-2176,Retired,680977.39,Divorced,Indian,pending,low,2025-05-16T21:54:22,Hindi,HNI,individual,695,EMP000090,True,active,2025-05-16T21:54:22,2025-07-01T09:47:51
CUST000861,Qabil,Rajan,1993-04-10T20:06:20,33,Male,cust000861@mailsim.in,+918931655058,"83/63
Mall Zila",Dehradun,Kerala,127085,India,TDVWN5728V,XXXX-XXXX-4954,Business Owner,9725387.61,Single,Indian,pending,low,2018-06-17T20:33:33,Hindi,Senior,individual,888,EMP000093,True,active,2018-06-17T20:33:33,2023-12-15T07:36:59
CUST000862,Nikita,Chaudry,1967-09-27T00:01:48,59,Female,cust000862@mailsim.in,+917810063530,"11, Babu Ganj",Gaya,Bihar,495430,India,LDTZK2277A,XXXX-XXXX-3286,Self-Employed,2992669.29,Widowed,Indian,pending,low,2016-12-25T08:55:57,English,Regular,individual,431,EMP000018,True,active,2016-12-25T08:55:57,2020-09-23T12:35:15
CUST000863,Lila,Balakrishnan,1957-09-11T16:57:29,69,Female,cust000863@mailsim.in,+917896603489,"87/541
Chad Circle",Chinsurah,Odisha,543942,India,OXMQA8771O,XXXX-XXXX-2182,Salaried,856576.31,Divorced,Indian,verified,low,2016-03-25T16:40:31,Hindi,Regular,individual,516,EMP000032,False,inactive,2016-03-25T16:40:31,2022-03-12T09:20:08
CUST000864,Hitesh,Dora,1981-11-29T00:50:21,44,Male,cust000864@mailsim.in,+918319284655,"68/50
Mahajan Chowk",Navi Mumbai,Gujarat,948302,India,JBOGT7219G,XXXX-XXXX-2089,Salaried,1264939.81,Divorced,Indian,verified,medium,2021-02-18T01:08:07,Hindi,Regular,individual,487,EMP000063,True,active,2021-02-18T01:08:07,2024-11-11T22:51:47
CUST000865,Arya,Raja,1961-04-22T14:42:00,65,Female,cust000865@mailsim.in,+917113068487,"436
Majumdar Street",Kadapa,Uttar Pradesh,931324,India,XOAEU6624C,XXXX-XXXX-4412,Salaried,1713963.93,Divorced,Indian,pending,high,2020-01-30T15:01:00,Hindi,Student,individual,444,EMP000024,True,active,2020-01-30T15:01:00,2024-08-13T23:33:55
CUST000866,Tarak,Chopra,1955-01-20T17:24:51,71,Male,cust000866@mailsim.in,+918035947548,"31/310, Lata Nagar",Amritsar,West Bengal,169315,India,GJJTC8900J,XXXX-XXXX-4243,Retired,233935.21,Single,Indian,verified,medium,2020-02-12T10:09:04,Telugu,Premium,individual,624,EMP000028,True,active,2020-02-12T10:09:04,2020-08-27T19:07:01
CUST000867,Zinal,Chaudhuri,1974-09-13T21:22:08,52,Female,cust000867@mailsim.in,+918225847667,"966
Chaudhuri Marg",Agartala,West Bengal,562225,India,MLCFS7127Q,XXXX-XXXX-1845,Salaried,401616.72,Widowed,Indian,rejected,low,2015-03-28T18:27:50,Tamil,Premium,individual,366,EMP000033,True,active,2015-03-28T18:27:50,2019-02-17T17:33:07
CUST000868,Yachana,Jha,1966-08-17T00:12:32,60,Female,cust000868@mailsim.in,+917063488815,"549, Aggarwal Road",Udaipur,Assam,937216,India,OOCPK9593K,XXXX-XXXX-7934,Self-Employed,1043338.44,Divorced,Indian,pending,medium,2016-10-07T12:24:34,Telugu,Premium,individual,302,EMP000019,False,blocked,2016-10-07T12:24:34,2024-01-17T20:37:10
CUST000869,Yashasvi,Sood,1971-08-19T08:58:46,55,Female,cust000869@mailsim.in,+918130770182,"32/512
Natarajan Street",Ajmer,Rajasthan,841058,India,TAAEB9228N,XXXX-XXXX-6492,Student,293042.04,Divorced,Indian,pending,low,2016-03-24T00:37:46,Hindi,Student,individual,595,EMP000095,True,active,2016-03-24T00:37:46,2017-11-07T22:01:14
CUST000870,Abha,Som,1956-11-09T18:09:17,69,Female,cust000870@mailsim.in,+917157488668,"H.No. 02
Bose Road",Bangalore,Delhi,430340,India,BIPDC7583N,XXXX-XXXX-5093,Salaried,649871.33,Married,Indian,verified,medium,2021-11-13T14:28:02,Hindi,Regular,corporate,537,EMP000076,True,active,2021-11-13T14:28:02,2022-12-24T00:38:02
CUST000871,Patrick,Som,1980-05-06T00:03:46,46,Male,cust000871@mailsim.in,+917118246046,"37, Bath Zila",Tezpur,Delhi,795473,India,TTWCF9752J,XXXX-XXXX-4425,Salaried,680166.18,Single,Indian,verified,medium,2021-06-05T10:44:40,Hindi,Regular,individual,419,EMP000028,True,active,2021-06-05T10:44:40,2022-10-10T08:13:39
CUST000872,Mohini,Kari,1977-10-31T18:27:29,48,Female,cust000872@mailsim.in,+918431326069,"114, Sethi Path",Etawah,Gujarat,327098,India,HNHUP8015Z,XXXX-XXXX-1081,Salaried,594546.49,Widowed,Indian,verified,low,2022-01-02T08:12:05,English,Premium,individual,665,EMP000032,True,active,2022-01-02T08:12:05,2025-09-21T21:04:23
CUST000873,Lavanya,Sur,1987-03-24T05:37:40,39,Female,cust000873@mailsim.in,+919460365193,"H.No. 70
Mitra Path",Kadapa,Uttarakhand,767917,India,QEMGK2509K,XXXX-XXXX-3909,Student,299183.64,Widowed,Indian,verified,low,2019-02-15T20:39:50,English,Regular,individual,699,EMP000021,True,active,2019-02-15T20:39:50,2022-04-09T13:52:32
CUST000874,Warhi,Chowdhury,1989-10-07T09:56:28,36,Female,cust000874@mailsim.in,+918789093053,"80/263
Parikh Street",Ludhiana,Bihar,414726,India,CMZFK7076F,XXXX-XXXX-5727,Student,263447.08,Divorced,Indian,pending,low,2016-01-12T10:08:47,Hindi,Premium,individual,874,EMP000075,True,active,2016-01-12T10:08:47,2022-12-19T22:04:40
CUST000875,Krisha,Sankar,1994-03-28T03:23:03,32,Female,cust000875@mailsim.in,+918073061710,"136
Mahal Zila",Hajipur,Gujarat,403705,India,FXTKY3469J,XXXX-XXXX-2691,Salaried,875883.1,Single,Indian,verified,low,2024-05-19T13:19:50,Telugu,Senior,individual,860,EMP000029,False,inactive,2024-05-19T13:19:50,2025-10-04T20:14:20
CUST000876,Harita,Lanka,1974-07-03T23:00:41,52,Female,cust000876@mailsim.in,+919148391133,"H.No. 69
Majumdar Marg",Jhansi,Bihar,358317,India,RAUKN5850S,XXXX-XXXX-8706,Salaried,1303404.1,Married,Indian,verified,medium,2021-12-27T18:33:28,English,Regular,individual,529,EMP000087,True,active,2021-12-27T18:33:28,2026-03-30T12:11:58
CUST000877,Ansh,Venkatesh,1990-01-24T01:57:40,36,Male,cust000877@mailsim.in,+917379608535,"16/79
Mani Path",Bangalore,Maharashtra,356736,India,AUMJM3720Y,XXXX-XXXX-1066,Salaried,1903074.24,Divorced,Indian,verified,low,2018-05-07T11:07:51,Telugu,Senior,corporate,319,EMP000072,True,active,2018-05-07T11:07:51,2025-12-20T23:26:16
CUST000878,Yahvi,Din,1994-01-18T21:23:30,32,Female,cust000878@mailsim.in,+917526073741,"28/498
Mitter Street",Tumkur,Kerala,517576,India,UPHUK6297U,XXXX-XXXX-5554,Salaried,1725158.66,Married,Indian,verified,medium,2018-07-16T12:10:00,Hindi,HNI,individual,495,EMP000077,True,active,2018-07-16T12:10:00,2019-06-19T19:12:11
CUST000879,Bhavini,Menon,1994-10-25T05:25:04,31,Female,cust000879@mailsim.in,+918290960691,"03, Dasgupta Road",Unnao,Maharashtra,325686,India,KONRZ2799F,XXXX-XXXX-7776,Self-Employed,2167044.46,Widowed,Indian,verified,medium,2025-01-05T15:02:35,English,Premium,individual,326,EMP000053,True,active,2025-01-05T15:02:35,2026-06-19T07:06:10
CUST000880,Michael,Ahluwalia,1977-05-13T07:20:59,49,Male,cust000880@mailsim.in,+917141139004,"H.No. 00
Devi Road",Anantapuram,Delhi,508556,India,CJUAK5045S,XXXX-XXXX-5458,Retired,758243.45,Single,Indian,pending,low,2018-10-03T05:14:16,Tamil,Regular,corporate,520,EMP000061,True,active,2018-10-03T05:14:16,2026-07-24T05:34:31
CUST000881,Yashasvi,Dubey,1999-09-11T15:21:55,27,Female,cust000881@mailsim.in,+918175240348,"42/369, Mannan Zila",Patna,Uttarakhand,933162,India,CBOUG2017C,XXXX-XXXX-8113,Business Owner,5189426.15,Married,Indian,verified,high,2018-06-28T13:29:13,English,Regular,individual,589,EMP000075,False,blocked,2018-06-28T13:29:13,2024-01-21T21:01:29
CUST000882,Vritti,Pant,1960-08-25T22:05:01,66,Female,cust000882@mailsim.in,+918338099303,"66/614, Mukhopadhyay Road",Phusro,Rajasthan,140530,India,DOWWY7622R,XXXX-XXXX-1540,Business Owner,7605902.42,Single,Indian,pending,medium,2015-06-04T19:38:10,Tamil,Regular,individual,505,EMP000034,True,active,2015-06-04T19:38:10,2023-12-18T18:58:11
CUST000883,Urmi,Naidu,1975-07-30T06:48:08,51,Female,cust000883@mailsim.in,+917669741461,"34/268, Mitra Ganj",Guwahati,Karnataka,319707,India,IBBMZ2575P,XXXX-XXXX-2633,Retired,284868.01,Widowed,Indian,verified,low,2024-06-01T10:28:17,Telugu,Regular,individual,388,EMP000064,True,active,2024-06-01T10:28:17,2024-11-28T15:29:36
CUST000884,Manthan,Shenoy,2003-01-02T10:35:30,23,Male,cust000884@mailsim.in,+918329022086,"61, Vyas Street",Satara,Maharashtra,241933,India,HMWEY2446J,XXXX-XXXX-2507,Salaried,502692.87,Widowed,Indian,pending,low,2016-08-30T11:11:10,Tamil,Student,corporate,376,EMP000099,True,active,2016-08-30T11:11:10,2020-04-15T18:57:09
CUST000885,Zayan,Parmar,1989-09-17T00:26:04,37,Male,cust000885@mailsim.in,+918265142848,"H.No. 67
Roy Marg",Bhopal,Bihar,296631,India,PGUCX9180J,XXXX-XXXX-2821,Homemaker,131524.26,Widowed,Indian,verified,medium,2021-04-08T19:03:37,Hindi,Regular,individual,421,EMP000045,True,active,2021-04-08T19:03:37,2023-09-08T00:34:09
CUST000886,Agastya,Sama,1971-02-28T07:32:01,55,Male,cust000886@mailsim.in,+917935422357,"943, Vala",Warangal,Madhya Pradesh,153895,India,KRZEB9976I,XXXX-XXXX-6642,Retired,403421.64,Divorced,Indian,verified,medium,2016-05-27T00:33:09,Hindi,Student,individual,672,EMP000037,False,blocked,2016-05-27T00:33:09,2024-09-05T09:27:36
CUST000887,Manan,Bera,2003-02-25T03:54:45,23,Male,cust000887@mailsim.in,+919565000359,"607
Sharma Circle",Guwahati,Himachal Pradesh,389320,India,NXJKH4619B,XXXX-XXXX-1501,Business Owner,4007820.15,Divorced,Indian,verified,low,2022-12-09T00:11:11,Telugu,Regular,individual,816,EMP000038,True,active,2022-12-09T00:11:11,2023-07-23T06:12:31
CUST000888,Ayaan,Madan,1998-06-05T08:12:49,28,Male,cust000888@mailsim.in,+918673818668,"H.No. 91, Subramaniam Road",Ghaziabad,Haryana,239742,India,TJJGW8805A,XXXX-XXXX-1701,Retired,174702.8,Divorced,Indian,verified,low,2016-06-21T00:11:09,Telugu,Premium,corporate,731,EMP000024,True,active,2016-06-21T00:11:09,2020-11-26T19:09:34
CUST000889,Divya,Vaidya,1985-04-15T12:23:25,41,Female,cust000889@mailsim.in,+917014733383,"38/287, Kapoor Street",Barasat,Bihar,529054,India,OBHZT8960E,XXXX-XXXX-9786,Salaried,539221.61,Widowed,Indian,verified,low,2016-09-29T13:55:36,English,Regular,corporate,465,EMP000018,False,inactive,2016-09-29T13:55:36,2020-08-24T19:49:58
CUST000890,Nachiket,Ahuja,1966-11-28T09:08:31,59,Male,cust000890@mailsim.in,+917056568838,"31/10
Dara Street",Shahjahanpur,Uttarakhand,391208,India,MWNJP5868B,XXXX-XXXX-1021,Salaried,763963.21,Single,Indian,verified,medium,2024-06-17T06:37:53,Telugu,Premium,individual,681,EMP000014,True,active,2024-06-17T06:37:53,2024-12-13T15:20:14
CUST000891,Harsh,Chawla,1957-01-08T05:29:14,69,Male,cust000891@mailsim.in,+918902654475,"H.No. 876
Dara Nagar",Machilipatnam,Gujarat,272734,India,TNDVU8154J,XXXX-XXXX-2927,Homemaker,127911.32,Divorced,Indian,rejected,medium,2020-05-07T17:29:38,English,Premium,individual,546,EMP000004,True,active,2020-05-07T17:29:38,2021-06-08T05:57:34
CUST000892,Wyatt,Gour,1959-12-15T03:41:07,66,Male,cust000892@mailsim.in,+917439489667,"49/79, Sankaran Zila",Lucknow,Himachal Pradesh,401673,India,XSIHP3068Z,XXXX-XXXX-9364,Retired,784855.41,Single,Indian,pending,low,2015-05-28T10:49:08,Telugu,Premium,individual,594,EMP000094,False,inactive,2015-05-28T10:49:08,2026-02-06T17:28:26
CUST000893,George,Dhar,1960-10-13T17:56:08,65,Male,cust000893@mailsim.in,+919620974404,"883, Srinivasan Chowk",Ramagundam,West Bengal,123669,India,KTMXQ1408V,XXXX-XXXX-4724,Salaried,1089920.56,Single,Indian,verified,low,2023-09-04T15:40:24,Telugu,Regular,corporate,545,EMP000093,True,active,2023-09-04T15:40:24,2025-05-21T21:51:58
CUST000894,Chandresh,Tailor,1977-08-03T06:09:32,49,Male,cust000894@mailsim.in,+918479532982,"46/617
Sandal Marg",Bhopal,Assam,922343,India,JOSAT4056S,XXXX-XXXX-1010,Self-Employed,2535523.61,Widowed,Indian,verified,low,2024-05-26T10:10:07,Hindi,Regular,individual,856,EMP000055,True,active,2024-05-26T10:10:07,2024-06-18T08:56:02
CUST000895,Meghana,Shankar,1981-06-09T09:37:52,45,Female,cust000895@mailsim.in,+918033337951,"60/94, Saxena Nagar",Raichur,West Bengal,574320,India,TJXCI8277N,XXXX-XXXX-2527,Salaried,1874953.92,Widowed,Indian,verified,low,2020-08-22T05:43:51,English,Regular,individual,320,EMP000066,True,active,2020-08-22T05:43:51,2023-01-10T06:21:25
CUST000896,Ekiya,Sidhu,1996-11-30T21:33:37,29,Female,cust000896@mailsim.in,+918708407738,"H.No. 02
Tella Path",Karnal,Kerala,382437,India,HUMXI1149R,XXXX-XXXX-5620,Salaried,1448030.6,Married,Indian,verified,high,2017-09-25T17:38:52,Tamil,Regular,individual,332,EMP000036,True,active,2017-09-25T17:38:52,2019-02-04T22:34:30
CUST000897,Robert,Varghese,1962-07-12T05:59:43,64,Male,cust000897@mailsim.in,+918710772564,"259, Sharaf Path",Alwar,Himachal Pradesh,213259,India,IILVP1471M,XXXX-XXXX-3852,Self-Employed,2535469.79,Widowed,Indian,verified,low,2020-08-18T17:24:16,Hindi,Regular,individual,518,EMP000029,True,active,2020-08-18T17:24:16,2026-03-22T10:43:45
CUST000898,Nidra,Ramesh,2000-12-23T12:48:53,25,Female,cust000898@mailsim.in,+917778605123,"76/792, Tripathi",Bikaner,West Bengal,989531,India,CQXDK1755I,XXXX-XXXX-1331,Salaried,1849802.32,Married,Indian,verified,low,2025-03-15T22:14:18,English,Regular,individual,602,EMP000021,True,active,2025-03-15T22:14:18,2026-06-25T03:30:00
CUST000899,Neel,Pall,1975-07-22T03:11:06,51,Male,cust000899@mailsim.in,+919326043063,"H.No. 002
Char Ganj",Panchkula,Rajasthan,225014,India,JGEKP8779A,XXXX-XXXX-7491,Salaried,676194.34,Married,Indian,pending,medium,2016-06-24T16:17:56,Tamil,Regular,individual,460,EMP000065,True,active,2016-06-24T16:17:56,2017-04-01T06:42:03
CUST000900,Vyanjana,Naik,1979-05-20T09:23:23,47,Female,cust000900@mailsim.in,+917193631153,"31/266, Bhatia Zila",Raipur,Bihar,199845,India,RBOQF4697P,XXXX-XXXX-8982,Salaried,444079.46,Single,Indian,verified,medium,2015-02-17T03:53:35,Tamil,Premium,individual,740,EMP000013,True,active,2015-02-17T03:53:35,2021-07-16T09:49:35
CUST000901,Anjali,Bora,1980-08-16T18:29:53,46,Female,cust000901@mailsim.in,+917274836410,"H.No. 90
Nagi Street",Hospet,Jharkhand,875906,India,JZISP3336H,XXXX-XXXX-1007,Salaried,785612.94,Divorced,Indian,verified,high,2019-10-11T15:53:57,Tamil,Premium,individual,694,EMP000084,True,active,2019-10-11T15:53:57,2025-02-11T07:31:34
CUST000902,Saanvi,Deol,1991-05-16T10:31:49,35,Female,cust000902@mailsim.in,+918618534656,"477, Kar Road",Nanded,Kerala,562518,India,TVLUD5844Y,XXXX-XXXX-6779,Self-Employed,748272.78,Single,Indian,pending,medium,2016-04-13T22:43:07,Telugu,Regular,individual,738,EMP000044,True,active,2016-04-13T22:43:07,2017-04-11T21:56:38
CUST000903,Urishilla,Wadhwa,1999-02-07T16:16:07,27,Female,cust000903@mailsim.in,+917113828266,"H.No. 901, Bandi Ganj",Kolkata,Goa,267899,India,OVQMB2215Z,XXXX-XXXX-1980,Salaried,564995.43,Married,Indian,verified,low,2022-02-10T22:10:16,Telugu,Premium,individual,752,EMP000004,True,active,2022-02-10T22:10:16,2025-05-26T08:54:06
CUST000904,Pranit,Reddy,1984-02-05T12:12:59,42,Male,cust000904@mailsim.in,+917581896260,"H.No. 28, Gupta Chowk",Aurangabad,Gujarat,308061,India,RDJEW7202U,XXXX-XXXX-9467,Business Owner,7344386.35,Divorced,Indian,verified,high,2018-06-24T16:55:06,English,Regular,individual,619,EMP000025,True,active,2018-06-24T16:55:06,2018-08-30T17:33:05
CUST000905,Vritti,Tella,1971-08-30T13:28:22,55,Female,cust000905@mailsim.in,+918055093684,"H.No. 98
Bhavsar Street",Purnia,Goa,888887,India,NXDGS4394E,XXXX-XXXX-5254,Salaried,1043501.38,Widowed,Indian,verified,low,2022-09-19T07:09:15,Telugu,HNI,individual,564,EMP000014,False,inactive,2022-09-19T07:09:15,2024-10-20T20:48:48
CUST000906,Raghav,Bobal,2001-06-24T08:05:28,25,Male,cust000906@mailsim.in,+919448666908,"841, Tara Zila",Faridabad,Tamil Nadu,457383,India,XXDCU1496M,XXXX-XXXX-6785,Business Owner,2054840.95,Widowed,Indian,verified,low,2023-06-15T19:55:00,Telugu,Student,corporate,677,EMP000009,True,active,2023-06-15T19:55:00,2024-01-26T07:15:50
CUST000907,Oni,Bajaj,1976-07-01T07:13:03,50,Other,cust000907@mailsim.in,+918069048011,"H.No. 46, Bir Path",Tumkur,Assam,974955,India,JKYKM7729I,XXXX-XXXX-9666,Self-Employed,1435603.1,Divorced,Indian,verified,low,2020-11-16T09:41:31,Hindi,HNI,individual,676,EMP000016,True,active,2020-11-16T09:41:31,2021-01-22T18:17:11
CUST000908,Bishakha,Warrior,1976-06-05T22:00:54,50,Female,cust000908@mailsim.in,+919485044295,"98/46, Bhandari",Ballia,Gujarat,695048,India,KJYWD1888N,XXXX-XXXX-3070,Salaried,1576179.49,Widowed,Indian,verified,low,2015-02-06T02:58:52,Tamil,Premium,individual,751,EMP000075,False,blocked,2015-02-06T02:58:52,2018-10-07T06:17:24
CUST000909,Vrishti,Lall,1964-06-04T00:21:07,62,Female,cust000909@mailsim.in,+917473507431,"H.No. 564, Natt Ganj",Kolhapur,Kerala,558318,India,WRXEU5795P,XXXX-XXXX-8560,Salaried,1235176.57,Single,Indian,verified,low,2016-03-29T06:58:39,Telugu,Premium,individual,440,EMP000048,True,active,2016-03-29T06:58:39,2018-03-21T10:34:17
CUST000910,Harsh,Narayan,1999-08-09T00:44:37,27,Male,cust000910@mailsim.in,+917874505985,"719, Banik",Madurai,West Bengal,781291,India,PDHOV3359Y,XXXX-XXXX-4981,Retired,273761.08,Married,Indian,verified,high,2015-11-19T17:47:18,Hindi,Regular,individual,704,EMP000063,True,active,2015-11-19T17:47:18,2022-09-10T12:05:34
CUST000911,Sathvik,Buch,1981-11-28T07:41:38,44,Male,cust000911@mailsim.in,+917943645983,"401
Taneja Nagar",Etawah,Gujarat,989928,India,WZNFC3266Z,XXXX-XXXX-3482,Student,8119.99,Single,Indian,pending,medium,2018-05-09T22:12:36,Hindi,Premium,individual,697,EMP000033,True,active,2018-05-09T22:12:36,2024-12-06T06:46:38
CUST000912,Upasna,Sridhar,1968-12-03T04:20:06,57,Female,cust000912@mailsim.in,+918938571532,"000
Warrior Ganj",Surat,Goa,499534,India,AUEZO7643P,XXXX-XXXX-2405,Homemaker,139462.37,Widowed,Indian,verified,low,2018-08-13T12:43:24,Hindi,Premium,individual,745,EMP000077,True,active,2018-08-13T12:43:24,2019-09-30T23:56:46
CUST000913,Warda,Ben,1983-07-14T22:04:38,43,Other,cust000913@mailsim.in,+917223332163,"26
Devi Marg",Bahraich,Delhi,296919,India,DQTCO4525L,XXXX-XXXX-1817,Salaried,1702279.28,Single,Indian,verified,medium,2019-10-06T10:26:46,Hindi,Regular,individual,843,EMP000092,True,active,2019-10-06T10:26:46,2025-08-22T01:24:27
CUST000914,Dhriti,Pillai,1991-10-22T23:27:28,34,Female,cust000914@mailsim.in,+919250230688,"560
Kata Ganj",Giridih,Jharkhand,705109,India,QSAGB5617B,XXXX-XXXX-5455,Retired,317791.26,Divorced,Indian,verified,medium,2015-10-31T03:43:46,Hindi,Regular,individual,638,EMP000025,True,active,2015-10-31T03:43:46,2024-09-19T11:43:51
CUST000915,Abdul,Karan,1990-01-18T16:14:27,36,Male,cust000915@mailsim.in,+918967444966,"89/003
Bose Nagar",Cuttack,Madhya Pradesh,469375,India,NFQAX9459K,XXXX-XXXX-7249,Business Owner,3177406.25,Single,Indian,verified,medium,2018-09-11T21:23:53,Hindi,Regular,corporate,338,EMP000020,True,active,2018-09-11T21:23:53,2026-04-03T14:31:13
CUST000916,Urvashi,Gole,1961-12-27T19:23:53,64,Female,cust000916@mailsim.in,+919263942873,"H.No. 559
Master Ganj",Medininagar,Uttarakhand,777210,India,SMCCJ7377N,XXXX-XXXX-9476,Self-Employed,2937744.79,Single,Indian,verified,medium,2021-11-20T07:55:09,Telugu,Regular,individual,833,EMP000026,False,inactive,2021-11-20T07:55:09,2023-08-01T05:48:41
CUST000917,Rushil,Srinivas,1957-11-02T01:43:29,68,Male,cust000917@mailsim.in,+918429534589,"11/483, Parikh Chowk",Raiganj,Uttarakhand,317453,India,JGQBJ6360O,XXXX-XXXX-3456,Salaried,1227234.96,Married,Indian,verified,low,2020-06-16T16:15:31,Tamil,Premium,individual,821,EMP000021,False,inactive,2020-06-16T16:15:31,2022-11-10T17:13:37
CUST000918,Matthew,Peri,1964-08-31T01:58:16,62,Male,cust000918@mailsim.in,+919070079016,"38/458
Chawla Circle",Sri Ganganagar,Madhya Pradesh,686739,India,BROGL9979P,XXXX-XXXX-4408,Salaried,307310.79,Married,Indian,verified,medium,2016-08-08T17:43:06,Hindi,Regular,corporate,773,EMP000023,True,active,2016-08-08T17:43:06,2024-10-02T01:51:45
CUST000919,Samesh,Sunder,1993-02-13T05:46:11,33,Male,cust000919@mailsim.in,+917299068736,"H.No. 328
Mody Ganj",Bhilai,Punjab,950401,India,TBIWJ5912N,XXXX-XXXX-2744,Student,290484.24,Single,Indian,pending,low,2018-10-11T07:50:38,Tamil,Senior,individual,877,EMP000061,True,active,2018-10-11T07:50:38,2019-11-03T21:06:56
CUST000920,Ria,Dhar,1998-06-24T03:48:26,28,Female,cust000920@mailsim.in,+917961043082,"771, Tara Nagar",Gopalpur,Uttarakhand,849757,India,VYUMX2899D,XXXX-XXXX-9212,Retired,363240.48,Divorced,Indian,verified,medium,2022-10-08T17:03:14,Telugu,Regular,individual,362,EMP000002,True,active,2022-10-08T17:03:14,2024-08-26T05:49:57
CUST000921,Liam,Rajagopalan,1958-04-09T06:54:49,68,Male,cust000921@mailsim.in,+918196827278,"H.No. 049
Tandon Marg",Eluru,Gujarat,302859,India,HHFRB8920W,XXXX-XXXX-8324,Retired,986910.05,Single,Indian,pending,medium,2017-05-29T14:21:52,Telugu,Senior,individual,896,EMP000081,True,active,2017-05-29T14:21:52,2025-06-26T12:14:24
CUST000922,Rehaan,Sawhney,1996-07-03T11:48:46,30,Male,cust000922@mailsim.in,+918712665275,"362, Walia Marg",Farrukhabad,Haryana,907052,India,LHPSJ4842G,XXXX-XXXX-5711,Salaried,1624263.76,Single,Indian,verified,medium,2022-05-23T21:42:30,Tamil,Regular,individual,588,EMP000018,True,active,2022-05-23T21:42:30,2025-08-16T02:15:43
CUST000923,Amol,Pall,1986-03-24T20:21:20,40,Male,cust000923@mailsim.in,+917782968126,"54/93, Om Nagar",Purnia,Gujarat,978484,India,CBGZS8514A,XXXX-XXXX-6928,Business Owner,7086154.75,Widowed,Indian,verified,low,2018-05-29T13:31:17,English,Regular,individual,900,EMP000015,False,blocked,2018-05-29T13:31:17,2019-02-10T05:49:07
CUST000924,Ayush,Chopra,2005-09-17T14:00:58,21,Male,cust000924@mailsim.in,+918704953530,"48/769
Venkataraman",Ujjain,Gujarat,539415,India,ANDJO4423V,XXXX-XXXX-5286,Retired,860225.94,Divorced,Indian,verified,medium,2016-08-20T15:48:31,Tamil,Regular,individual,812,EMP000092,True,active,2016-08-20T15:48:31,2020-02-28T00:16:15
CUST000925,Sai,Sibal,1995-11-03T03:18:57,30,Female,cust000925@mailsim.in,+919450085670,"044, Krish Zila",Naihati,Haryana,594921,India,OVJZS7769U,XXXX-XXXX-7346,Salaried,1750208.41,Married,Indian,pending,low,2018-03-07T07:12:48,Tamil,Regular,corporate,806,EMP000089,True,active,2018-03-07T07:12:48,2019-05-12T06:06:39
CUST000926,Rudra,Barad,1979-10-30T19:44:12,46,Male,cust000926@mailsim.in,+917609829625,"H.No. 44
Arora",Aizawl,Kerala,511928,India,OGXXZ9160V,XXXX-XXXX-3105,Student,87029.47,Single,Indian,pending,medium,2017-06-27T18:46:56,Tamil,Regular,individual,350,EMP000012,True,active,2017-06-27T18:46:56,2022-08-30T23:30:38
CUST000927,Naveen,Lalla,1956-03-10T04:04:54,70,Male,cust000927@mailsim.in,+917103456049,"70, Andra Chowk",Vadodara,Uttarakhand,902884,India,IFDWK4324X,XXXX-XXXX-1934,Business Owner,8851528.35,Married,Indian,rejected,low,2020-06-09T02:36:45,Telugu,HNI,corporate,690,EMP000077,True,active,2020-06-09T02:36:45,2026-07-02T14:28:24
CUST000928,Rachita,Srinivasan,1955-11-16T17:21:40,70,Female,cust000928@mailsim.in,+917244230835,"09, Malhotra Zila",Rajkot,Karnataka,717960,India,BVPBL2867X,XXXX-XXXX-1058,Student,242862.68,Divorced,Indian,pending,low,2016-07-09T13:39:36,English,Regular,individual,536,EMP000043,False,blocked,2016-07-09T13:39:36,2021-04-06T05:17:30
CUST000929,Urvi,Gole,1995-11-03T11:28:13,30,Female,cust000929@mailsim.in,+917217206618,"H.No. 47
Karan Street",Siliguri,Himachal Pradesh,875521,India,FYSQK2450H,XXXX-XXXX-7840,Salaried,969643.78,Single,Indian,verified,medium,2018-01-21T16:22:44,Tamil,Senior,individual,739,EMP000067,True,active,2018-01-21T16:22:44,2019-03-12T15:18:29
CUST000930,Arya,Kaul,1993-12-06T02:09:50,32,Other,cust000930@mailsim.in,+919995342703,"02/879, Barman Path",Ghaziabad,Telangana,906463,India,LAJSB2446B,XXXX-XXXX-6715,Salaried,1457497.11,Married,Indian,verified,medium,2020-02-27T09:31:22,English,Student,individual,507,EMP000078,True,active,2020-02-27T09:31:22,2023-12-19T20:43:38
CUST000931,Kai,Kurian,1964-06-29T11:51:34,62,Male,cust000931@mailsim.in,+917535977485,"58/093, Chopra Path",Guna,Kerala,246728,India,RPMKW1471Y,XXXX-XXXX-2701,Business Owner,4352592.44,Widowed,Indian,verified,medium,2016-08-11T05:23:31,English,Premium,individual,428,EMP000085,True,active,2016-08-11T05:23:31,2025-08-22T07:36:26
CUST000932,Vamakshi,Chowdhury,1982-11-04T21:38:53,43,Female,cust000932@mailsim.in,+919259000771,"359, Sagar Path",Purnia,Punjab,125768,India,CRWUE7578F,XXXX-XXXX-3603,Self-Employed,715411.25,Widowed,Indian,verified,low,2019-01-07T14:50:08,English,Premium,individual,758,EMP000083,True,active,2019-01-07T14:50:08,2022-05-25T07:25:09
CUST000933,Lohit,Dhar,1977-02-08T13:18:55,49,Male,cust000933@mailsim.in,+919752317453,"H.No. 95, Reddy Path",Nandyal,Himachal Pradesh,808814,India,XNPMP4962Z,XXXX-XXXX-6209,Salaried,1261520.98,Single,Indian,verified,low,2017-11-16T04:18:42,Telugu,Regular,individual,630,EMP000078,True,active,2017-11-16T04:18:42,2026-04-25T06:01:26
CUST000934,Manan,Balasubramanian,1967-10-16T19:05:09,58,Male,cust000934@mailsim.in,+919285786281,"H.No. 04, Bal Street",Narasaraopet,Maharashtra,432490,India,ABSYD8222D,XXXX-XXXX-7349,Salaried,860424.45,Married,Indian,verified,high,2024-06-23T08:22:37,Tamil,Premium,corporate,660,EMP000051,True,active,2024-06-23T08:22:37,2025-12-20T11:34:50
CUST000935,Jagvi,Munshi,1985-01-14T02:04:01,41,Female,cust000935@mailsim.in,+918324438472,"690
Raj Street",Solapur,Jharkhand,549346,India,BWJBS4008I,XXXX-XXXX-5419,Student,178309.75,Married,Indian,verified,low,2016-05-13T20:02:35,Telugu,Regular,individual,350,EMP000081,True,active,2016-05-13T20:02:35,2020-04-30T02:46:39
CUST000936,Jasmit,Thakur,1995-02-15T20:16:56,31,Female,cust000936@mailsim.in,+917436692347,"18/09
Vohra Chowk",Ratlam,Gujarat,456406,India,QBNVA5509F,XXXX-XXXX-1376,Business Owner,4314251.62,Divorced,Indian,verified,low,2018-05-04T00:01:37,Tamil,Student,individual,515,EMP000016,True,active,2018-05-04T00:01:37,2023-09-24T17:35:33
CUST000937,Krish,Hayer,1957-11-06T03:08:35,68,Male,cust000937@mailsim.in,+919140933057,"535
Shah Ganj",Bhiwandi,Uttar Pradesh,120775,India,YVUXQ7938E,XXXX-XXXX-5252,Self-Employed,2164897.25,Widowed,Indian,verified,low,2015-03-26T18:09:23,Hindi,Senior,individual,634,EMP000064,True,active,2015-03-26T18:09:23,2016-10-18T13:25:31
CUST000938,Kavya,Saxena,1975-10-05T16:38:36,51,Female,cust000938@mailsim.in,+919566507154,"H.No. 15
Tiwari Circle",Mirzapur,Punjab,527826,India,RXGSO9076Z,XXXX-XXXX-4412,Student,108566.1,Divorced,Indian,verified,low,2021-08-26T18:21:36,Hindi,Regular,individual,689,EMP000084,False,blocked,2021-08-26T18:21:36,2025-04-21T01:09:43
CUST000939,Warhi,Karpe,2000-02-04T12:05:51,26,Female,cust000939@mailsim.in,+919208099999,"39
Yogi Street",Vellore,Uttar Pradesh,798621,India,TGFHT4746V,XXXX-XXXX-6786,Retired,689422.72,Widowed,Indian,verified,medium,2022-02-15T12:54:56,Telugu,Regular,corporate,606,EMP000067,True,active,2022-02-15T12:54:56,2024-10-15T14:02:33
CUST000940,Ekapad,Lad,2000-02-12T20:10:25,26,Male,cust000940@mailsim.in,+919252817351,"H.No. 51
Rege Zila",Dibrugarh,Assam,104797,India,YXHEW7693Y,XXXX-XXXX-4578,Salaried,1416708.27,Divorced,Indian,verified,medium,2022-11-02T20:01:06,Telugu,Senior,individual,848,EMP000005,True,active,2022-11-02T20:01:06,2024-05-08T21:49:07
CUST000941,Falak,Talwar,1975-10-18T18:26:33,50,Female,cust000941@mailsim.in,+918551248342,"702, Sahota Zila",Begusarai,Karnataka,724826,India,EGMTA8501G,XXXX-XXXX-5593,Salaried,592766.07,Married,Indian,verified,medium,2020-06-05T23:42:25,Telugu,Regular,individual,445,EMP000076,True,active,2020-06-05T23:42:25,2023-02-08T19:50:48
CUST000942,Vrinda,Chaudhuri,1978-07-02T23:01:37,48,Female,cust000942@mailsim.in,+917122738790,"H.No. 602, Deo Zila",Bhusawal,Tamil Nadu,542195,India,DOJJR1079J,XXXX-XXXX-6627,Salaried,339371.38,Married,Indian,rejected,low,2015-01-30T17:54:56,Tamil,Regular,corporate,442,EMP000060,True,active,2015-01-30T17:54:56,2025-03-26T01:05:28
CUST000943,Raagini,Datta,2000-10-01T23:50:00,25,Female,cust000943@mailsim.in,+919110851120,"83/415
Chokshi Path",Srinagar,Himachal Pradesh,972872,India,TEUSC3330H,XXXX-XXXX-6776,Salaried,1279377.57,Divorced,Indian,rejected,low,2018-12-15T22:55:57,Hindi,Regular,individual,570,EMP000020,False,inactive,2018-12-15T22:55:57,2023-08-24T23:21:47
CUST000944,Raagini,Sen,1967-06-19T22:19:10,59,Female,cust000944@mailsim.in,+917219526768,"76/472
Upadhyay Street",Saharanpur,Jharkhand,481133,India,MNORJ6606C,XXXX-XXXX-5252,Self-Employed,1969378.09,Widowed,Indian,rejected,medium,2020-11-07T04:56:51,English,Premium,individual,380,EMP000062,True,active,2020-11-07T04:56:51,2026-07-07T00:51:45
CUST000945,Aarush,Pingle,1979-04-30T04:36:35,47,Male,cust000945@mailsim.in,+917944547169,"57
Trivedi Street",Jalandhar,Odisha,832469,India,ATDEV7811O,XXXX-XXXX-4273,Retired,322705.66,Divorced,Indian,verified,high,2020-04-26T19:54:30,Tamil,HNI,individual,787,EMP000048,True,active,2020-04-26T19:54:30,2023-12-02T14:22:38
CUST000946,Kala,Mishra,2005-11-04T20:26:07,20,Female,cust000946@mailsim.in,+918105215846,"H.No. 09
Vohra Circle",Baranagar,Delhi,282242,India,TAGDZ8242M,XXXX-XXXX-3617,Business Owner,634098.26,Single,Indian,verified,low,2017-11-02T08:57:31,Telugu,Regular,individual,540,EMP000080,True,active,2017-11-02T08:57:31,2023-07-22T08:57:21
CUST000947,Neel,Rajagopalan,1988-08-15T05:19:18,38,Male,cust000947@mailsim.in,+917139526774,"203
Venkataraman Marg",Ramgarh,Madhya Pradesh,856131,India,QPDVX7861O,XXXX-XXXX-4728,Homemaker,135339.75,Single,Indian,rejected,high,2016-01-04T13:53:20,Tamil,Regular,individual,843,EMP000072,True,active,2016-01-04T13:53:20,2025-01-13T13:35:56
CUST000948,Naksh,Chaudhary,1978-06-03T01:13:38,48,Male,cust000948@mailsim.in,+919792643135,"H.No. 21
Mahal Road",Bahraich,Gujarat,159962,India,DPGHB3371R,XXXX-XXXX-3878,Homemaker,157086.66,Married,Indian,verified,low,2016-07-16T01:06:24,Telugu,Regular,individual,687,EMP000060,True,active,2016-07-16T01:06:24,2019-09-07T09:16:44
CUST000949,Isaac,Gara,2003-11-19T07:50:36,22,Male,cust000949@mailsim.in,+917104294109,"H.No. 91
Mallick Ganj",Jalandhar,Kerala,759251,India,GXNSQ5075N,XXXX-XXXX-7103,Business Owner,2637726.72,Single,Indian,pending,medium,2020-08-20T05:24:22,Tamil,Premium,individual,795,EMP000016,True,active,2020-08-20T05:24:22,2026-05-28T07:56:12
CUST000950,Harshil,Trivedi,1982-10-06T21:37:14,43,Male,cust000950@mailsim.in,+917492599644,"H.No. 908, Hayer Circle",Unnao,Odisha,734343,India,DXYVX4500F,XXXX-XXXX-9343,Business Owner,1559655.8,Widowed,Indian,verified,medium,2017-07-02T21:46:07,English,Premium,individual,459,EMP000021,True,active,2017-07-02T21:46:07,2019-03-03T13:09:53
CUST000951,Agastya,Pingle,1993-08-06T20:02:26,33,Male,cust000951@mailsim.in,+918901182679,"H.No. 96, Verma Chowk",Malda,Uttar Pradesh,812399,India,LUCAD9418V,XXXX-XXXX-8392,Self-Employed,1564506.91,Widowed,Indian,verified,low,2016-04-14T05:45:50,English,Regular,individual,560,EMP000036,True,active,2016-04-14T05:45:50,2021-09-09T22:56:30
CUST000952,Neelima,Choudhary,1967-01-31T19:33:59,59,Female,cust000952@mailsim.in,+919775416250,"67, Chadha Road",Alwar,Haryana,878464,India,UGMPX6073U,XXXX-XXXX-6672,Salaried,1796846.19,Married,Indian,verified,low,2015-02-06T12:39:03,Telugu,HNI,individual,348,EMP000035,True,active,2015-02-06T12:39:03,2015-03-31T09:34:40
CUST000953,Devika,Pandya,1968-12-31T02:02:36,57,Female,cust000953@mailsim.in,+919962555463,"31/528, Majumdar Path",Anand,Odisha,812423,India,JQNSG7946R,XXXX-XXXX-9273,Business Owner,1414453.55,Single,Indian,pending,medium,2019-08-25T05:57:46,Tamil,Regular,individual,621,EMP000013,True,active,2019-08-25T05:57:46,2021-09-20T08:23:12
CUST000954,Balhaar,Murty,1961-11-04T04:26:13,64,Male,cust000954@mailsim.in,+917639508863,"18, Gupta Path",Bangalore,Maharashtra,203326,India,GREUE4227V,XXXX-XXXX-2258,Salaried,1798522.53,Widowed,Indian,verified,medium,2024-04-12T13:40:21,Telugu,Regular,individual,543,EMP000069,True,active,2024-04-12T13:40:21,2024-08-24T02:15:31
CUST000955,Krisha,Devan,1971-09-16T18:08:40,55,Female,cust000955@mailsim.in,+919000838989,"347
Sundaram Street",Mehsana,Jharkhand,721292,India,SQLEB6793E,XXXX-XXXX-2323,Business Owner,2941302.07,Single,Indian,pending,high,2021-06-21T13:43:22,English,Regular,individual,575,EMP000072,True,active,2021-06-21T13:43:22,2024-07-30T03:48:14
CUST000956,Lohit,Deep,1999-07-09T11:54:39,27,Male,cust000956@mailsim.in,+918377142646,"18/306, Swaminathan Zila",Mangalore,Delhi,289061,India,FAJTW2318T,XXXX-XXXX-5338,Retired,818692.78,Divorced,Indian,verified,high,2024-01-26T18:32:42,Telugu,Premium,individual,704,EMP000045,False,inactive,2024-01-26T18:32:42,2025-07-05T12:11:13
CUST000957,Anirudh,Sahota,1967-08-30T15:43:53,59,Male,cust000957@mailsim.in,+917336069787,"69/35
Wali Chowk",Dewas,West Bengal,560524,India,LRDTN7803Y,XXXX-XXXX-3316,Salaried,1738977.5,Married,Indian,verified,low,2022-09-19T01:44:00,Tamil,Premium,individual,690,EMP000100,True,active,2022-09-19T01:44:00,2024-08-03T13:12:43
CUST000958,Kala,Master,1980-05-01T10:55:28,46,Female,cust000958@mailsim.in,+918970386647,"69
Srivastava Path",Jalandhar,Delhi,305098,India,OWMHZ3717X,XXXX-XXXX-3290,Self-Employed,808763.13,Divorced,Indian,verified,high,2021-03-08T10:32:57,Hindi,Regular,individual,690,EMP000023,True,active,2021-03-08T10:32:57,2025-05-21T23:41:08
CUST000959,Januja,Chowdhury,1955-01-22T02:08:06,71,Female,cust000959@mailsim.in,+917474379081,"75
Sandal Ganj",Belgaum,Tamil Nadu,944665,India,LURER7137F,XXXX-XXXX-5841,Self-Employed,1631804.35,Single,Indian,verified,high,2020-01-19T14:30:12,Telugu,Regular,corporate,568,EMP000062,False,blocked,2020-01-19T14:30:12,2020-04-13T03:39:47
CUST000960,Vincent,Nagar,1980-08-30T01:29:31,46,Male,cust000960@mailsim.in,+918664296314,"H.No. 62, Suresh Chowk",Noida,Goa,635312,India,XYFOU4790A,XXXX-XXXX-1463,Retired,350473.55,Married,Indian,verified,medium,2024-03-01T00:59:10,Tamil,Regular,individual,380,EMP000098,False,closed,2024-03-01T00:59:10,2025-08-18T05:27:04
CUST000961,Akshay,Mannan,1964-11-12T04:05:36,61,Male,cust000961@mailsim.in,+919765310743,"36/08
Lal Path",Bulandshahr,Rajasthan,605994,India,YJPHB5329B,XXXX-XXXX-7178,Self-Employed,2279915.03,Married,Indian,verified,low,2025-02-07T02:41:29,Telugu,Regular,individual,587,EMP000062,True,active,2025-02-07T02:41:29,2025-05-14T11:39:29
CUST000962,Rohan,Sathe,1991-07-05T02:56:43,35,Male,cust000962@mailsim.in,+919505636401,"40
Sunder Road",Sonipat,Haryana,783675,India,BVILP9530U,XXXX-XXXX-5129,Self-Employed,2531366.12,Widowed,Indian,pending,medium,2016-12-10T16:38:01,Telugu,Premium,individual,465,EMP000018,True,active,2016-12-10T16:38:01,2018-10-03T04:26:13
CUST000963,Arin,Morar,1992-03-04T23:51:09,34,Male,cust000963@mailsim.in,+918793187198,"39
Wason Street",Bhubaneswar,Punjab,641887,India,TONCY1154N,XXXX-XXXX-2261,Self-Employed,1579044.84,Divorced,Indian,verified,low,2021-12-17T19:09:20,Telugu,Regular,individual,772,EMP000047,True,active,2021-12-17T19:09:20,2024-12-16T15:56:13
CUST000964,Nitesh,Dayal,1983-03-15T09:48:42,43,Male,cust000964@mailsim.in,+918310344250,"06/155, Bhatnagar Circle",Kadapa,Himachal Pradesh,530462,India,FXNCV4461Q,XXXX-XXXX-1877,Self-Employed,1297498.82,Married,Indian,verified,low,2016-10-04T05:31:34,Tamil,Premium,individual,378,EMP000055,True,active,2016-10-04T05:31:34,2025-02-27T07:06:20
CUST000965,Jagrati,Pathak,2002-05-03T09:56:39,24,Female,cust000965@mailsim.in,+917952638332,"863, Edwin Road",Bathinda,Uttar Pradesh,542070,India,XUGMW6397I,XXXX-XXXX-1600,Salaried,1582332.06,Single,Indian,verified,medium,2017-12-03T03:48:20,English,Regular,individual,665,EMP000096,True,active,2017-12-03T03:48:20,2022-12-15T12:40:59
CUST000966,Triveni,Kale,1989-04-07T02:39:43,37,Female,cust000966@mailsim.in,+918808602009,"H.No. 008, Thaker Zila",Shivpuri,West Bengal,813118,India,PPTDM5562X,XXXX-XXXX-4568,Salaried,1326386.29,Married,Indian,verified,low,2018-10-29T12:37:51,Hindi,Regular,individual,371,EMP000077,True,active,2018-10-29T12:37:51,2024-10-14T02:27:36
CUST000967,Ansh,Dugar,1959-07-18T13:10:40,67,Male,cust000967@mailsim.in,+918808060283,"H.No. 03
Bandi Ganj",Amravati,Rajasthan,211457,India,VZSKA9880M,XXXX-XXXX-4821,Business Owner,5928759.07,Divorced,Indian,verified,low,2019-04-28T16:17:27,Tamil,Premium,individual,625,EMP000030,False,inactive,2019-04-28T16:17:27,2020-02-14T03:43:13
CUST000968,Ranbir,Rattan,1958-08-03T09:27:43,68,Male,cust000968@mailsim.in,+919019894610,"41/118, Bahri Marg",Hosur,Himachal Pradesh,519370,India,NTUQQ8022W,XXXX-XXXX-6011,Salaried,916016.19,Widowed,Indian,verified,low,2025-04-05T13:56:45,English,Premium,individual,480,EMP000090,True,active,2025-04-05T13:56:45,2025-06-28T03:57:46
CUST000969,Forum,Chandran,1967-10-22T07:13:27,58,Female,cust000969@mailsim.in,+917399207156,"945
Vala Marg",Barasat,Bihar,519912,India,NBFZM8025O,XXXX-XXXX-1471,Self-Employed,1539013.35,Married,Indian,verified,medium,2020-08-03T23:40:12,Hindi,Senior,individual,484,EMP000040,True,active,2020-08-03T23:40:12,2021-09-19T23:20:59
CUST000970,Mahika,Shanker,2005-01-05T21:50:04,21,Female,cust000970@mailsim.in,+919648832495,"H.No. 497, Manne Marg",Tiruchirappalli,Jharkhand,930380,India,VFVKX4028X,XXXX-XXXX-4845,Business Owner,4621855.29,Divorced,Indian,pending,low,2019-08-08T00:55:11,English,Premium,individual,574,EMP000022,True,active,2019-08-08T00:55:11,2022-02-14T07:51:54
CUST000971,Janya,Ray,1973-06-04T13:21:25,53,Female,cust000971@mailsim.in,+919869696221,"48
Konda Circle",Pune,Maharashtra,264984,India,SGVJS6040O,XXXX-XXXX-7739,Student,105311.19,Single,Indian,verified,medium,2017-08-23T00:12:55,Telugu,Premium,corporate,726,EMP000036,True,active,2017-08-23T00:12:55,2017-10-12T02:51:44
CUST000972,Yadavi,Ramesh,1962-01-05T07:48:42,64,Female,cust000972@mailsim.in,+917826375360,"17/39
Ranganathan Nagar",Amroha,Himachal Pradesh,665341,India,QBFBI3199J,XXXX-XXXX-6321,Business Owner,9906123.67,Single,Indian,verified,medium,2020-04-03T14:52:37,Telugu,Student,individual,372,EMP000004,True,active,2020-04-03T14:52:37,2025-09-22T08:45:00
CUST000973,Qasim,Sood,1996-12-14T06:18:23,29,Male,cust000973@mailsim.in,+919482092513,"45/211, Gara Circle",Unnao,Goa,283950,India,AYGJJ7937T,XXXX-XXXX-3838,Salaried,1618125.14,Divorced,Indian,verified,low,2019-07-19T02:57:00,English,Premium,individual,366,EMP000081,True,active,2019-07-19T02:57:00,2026-07-18T05:24:35
CUST000974,Kritika,Chacko,1996-06-06T13:06:58,30,Female,cust000974@mailsim.in,+917989969806,"97, Kaul Circle",Kumbakonam,Kerala,232976,India,HQDAL3911Q,XXXX-XXXX-4077,Self-Employed,956444.93,Married,Indian,verified,low,2015-04-11T22:16:14,Tamil,Senior,individual,783,EMP000048,False,inactive,2015-04-11T22:16:14,2017-01-08T00:17:48
CUST000975,Lajita,Sabharwal,1980-12-10T23:50:56,45,Female,cust000975@mailsim.in,+918092647469,"52/059
Ray",Agartala,Karnataka,632393,India,LVVEG3893M,XXXX-XXXX-3188,Homemaker,110897.01,Divorced,Indian,verified,low,2022-06-03T07:52:28,Hindi,HNI,individual,655,EMP000021,False,blocked,2022-06-03T07:52:28,2026-07-25T12:15:15
CUST000976,Jagrati,Suresh,1990-08-05T18:30:18,36,Female,cust000976@mailsim.in,+919059884431,"H.No. 35
Subramanian Chowk",Vasai-Virar,Maharashtra,360821,India,OUPYH4432K,XXXX-XXXX-2574,Student,251852.06,Widowed,Indian,verified,low,2021-05-08T02:14:36,Telugu,Regular,individual,506,EMP000001,True,active,2021-05-08T02:14:36,2021-09-02T00:33:21
CUST000977,Unnati,Brahmbhatt,1978-02-25T06:53:57,48,Female,cust000977@mailsim.in,+919184672658,"028
Ganesan Zila",Bahraich,Odisha,322577,India,YZTPK7181Q,XXXX-XXXX-8104,Student,128909.85,Divorced,Indian,verified,low,2019-08-30T09:10:37,English,Regular,corporate,322,EMP000056,True,active,2019-08-30T09:10:37,2024-08-18T13:25:21
CUST000978,Deepa,Barad,1997-04-10T15:26:01,29,Female,cust000978@mailsim.in,+917347005773,"28
Dey Chowk",Silchar,Maharashtra,895572,India,FNUYY8340D,XXXX-XXXX-6516,Salaried,966721.29,Divorced,Indian,verified,medium,2022-06-29T00:29:30,English,Premium,individual,817,EMP000055,False,blocked,2022-06-29T00:29:30,2026-07-03T23:32:10
CUST000979,Aayush,Minhas,1988-06-09T16:24:19,38,Male,cust000979@mailsim.in,+919933851809,"44, Naidu Circle",Phusro,Rajasthan,314339,India,HFZPQ8126S,XXXX-XXXX-9472,Salaried,857032.57,Divorced,Indian,verified,high,2019-12-23T17:24:38,Hindi,HNI,individual,890,EMP000030,True,active,2019-12-23T17:24:38,2024-02-05T22:18:08
CUST000980,Fitan,Dhaliwal,2003-06-13T04:37:01,23,Male,cust000980@mailsim.in,+919409434037,"39/58
Krishnamurthy",Surendranagar Dudhrej,Bihar,175603,India,MSPXU3037J,XXXX-XXXX-1545,Salaried,1735623.58,Divorced,Indian,verified,medium,2019-07-01T06:18:13,Tamil,Premium,corporate,802,EMP000055,False,blocked,2019-07-01T06:18:13,2025-10-30T13:19:52
CUST000981,Henry,Narayanan,1975-06-22T18:42:00,51,Male,cust000981@mailsim.in,+917306423767,"870, Saha Path",Jalgaon,Bihar,897537,India,TNHGT1848V,XXXX-XXXX-7313,Salaried,632965.99,Divorced,Indian,verified,medium,2023-09-30T21:25:48,English,Regular,individual,444,EMP000057,False,closed,2023-09-30T21:25:48,2026-01-31T03:45:18
CUST000982,Vrinda,Bhavsar,1960-09-20T07:14:39,66,Female,cust000982@mailsim.in,+917006587561,"H.No. 33, Yogi Zila",Bathinda,Kerala,773920,India,XWDWS8531L,XXXX-XXXX-9588,Self-Employed,1252933.95,Widowed,Indian,verified,low,2025-05-20T19:56:19,Hindi,Regular,individual,498,EMP000096,True,active,2025-05-20T19:56:19,2026-04-13T23:12:05
CUST000983,Champak,Bhat,1974-02-20T17:28:43,52,Male,cust000983@mailsim.in,+918108810138,"21/58
Pai Ganj",Nellore,Haryana,633379,India,UJTGC2178V,XXXX-XXXX-3466,Salaried,633499.65,Divorced,Indian,verified,low,2018-08-05T21:04:47,Telugu,Premium,individual,348,EMP000058,True,active,2018-08-05T21:04:47,2026-02-07T15:04:14
CUST000984,Laksh,Mane,1985-05-20T19:59:11,41,Male,cust000984@mailsim.in,+918534712256,"45/96
Jain Road",Guntakal,Odisha,583971,India,XEKDG7429O,XXXX-XXXX-9817,Salaried,832374.93,Single,Indian,verified,high,2020-02-17T03:57:06,Telugu,HNI,individual,807,EMP000099,True,active,2020-02-17T03:57:06,2023-04-25T04:18:04
CUST000985,Ganga,Chauhan,1999-03-28T09:49:32,27,Female,cust000985@mailsim.in,+919157943631,"H.No. 24, Chaudry",Nagaon,Madhya Pradesh,245057,India,PWLLG1450Y,XXXX-XXXX-4932,Business Owner,5023882.89,Widowed,Indian,verified,low,2019-01-27T17:56:34,English,Regular,individual,791,EMP000054,False,blocked,2019-01-27T17:56:34,2023-01-18T10:19:17
CUST000986,Rehaan,Narayanan,1985-04-17T07:36:23,41,Male,cust000986@mailsim.in,+917379103373,"97/320
Kalita Ganj",Srikakulam,Tamil Nadu,432493,India,TTQFQ1953Z,XXXX-XXXX-1529,Salaried,1393694.54,Single,Indian,verified,low,2020-12-19T08:59:14,English,HNI,individual,665,EMP000093,True,active,2020-12-19T08:59:14,2025-04-10T05:01:30
CUST000987,Falak,Dhar,2004-02-27T03:26:55,22,Female,cust000987@mailsim.in,+919256291242,"05, Ben Zila",Sasaram,Madhya Pradesh,786496,India,RJIEF3132N,XXXX-XXXX-8042,Salaried,1972550.67,Single,Indian,pending,low,2019-06-25T15:47:45,Telugu,Regular,corporate,380,EMP000009,True,active,2019-06-25T15:47:45,2019-12-28T20:30:01
CUST000988,Urvi,Sandal,1994-10-21T02:58:36,31,Female,cust000988@mailsim.in,+917334133984,"H.No. 48
Khosla Zila",Burhanpur,Tamil Nadu,729152,India,RPOTV2316C,XXXX-XXXX-9972,Business Owner,1467122.01,Divorced,Indian,verified,medium,2021-02-25T08:36:13,Telugu,HNI,individual,736,EMP000010,False,inactive,2021-02-25T08:36:13,2023-10-22T13:56:57
CUST000989,Reyansh,Som,1983-12-04T16:19:53,42,Male,cust000989@mailsim.in,+919782751324,"H.No. 85
Brar Circle",Rourkela,Bihar,635949,India,MASTK7281R,XXXX-XXXX-3412,Business Owner,7227613.03,Single,Indian,verified,medium,2016-07-31T22:34:04,Hindi,Regular,corporate,900,EMP000048,True,active,2016-07-31T22:34:04,2016-11-13T04:21:56
CUST000990,Maya,Dhar,1973-10-18T15:27:16,52,Female,cust000990@mailsim.in,+919970637442,"77/41
Saran Circle",Mangalore,West Bengal,103784,India,SOEKH1284K,XXXX-XXXX-5558,Self-Employed,2546892.53,Married,Indian,verified,low,2017-10-16T12:04:49,Tamil,Regular,individual,368,EMP000028,True,active,2017-10-16T12:04:49,2019-04-17T19:17:52
CUST000991,Advik,Pau,1975-12-25T12:12:48,50,Male,cust000991@mailsim.in,+918046408607,"56/398
Raja Ganj",Mangalore,Uttar Pradesh,678565,India,PCLTI5278O,XXXX-XXXX-5902,Self-Employed,2621283.21,Married,Indian,verified,low,2023-03-30T21:51:10,Hindi,Regular,individual,470,EMP000093,True,active,2023-03-30T21:51:10,2024-03-15T21:08:21
CUST000992,Abdul,Hayre,1970-05-10T19:37:33,56,Male,cust000992@mailsim.in,+919307559460,"H.No. 83
Mukherjee Nagar",Bareilly,Bihar,533711,India,IWMHF4335L,XXXX-XXXX-2250,Student,151644.76,Married,Indian,verified,low,2021-01-29T11:42:44,Hindi,Regular,corporate,728,EMP000099,False,closed,2021-01-29T11:42:44,2023-10-15T08:22:03
CUST000993,Qarin,Kulkarni,1969-04-17T12:10:41,57,Male,cust000993@mailsim.in,+918566288263,"40/47, Bassi Marg",Panipat,Rajasthan,827466,India,DOIWU1948Z,XXXX-XXXX-9560,Self-Employed,1050047.97,Single,Indian,pending,high,2023-12-21T01:58:07,Telugu,Regular,individual,413,EMP000049,True,active,2023-12-21T01:58:07,2025-12-05T18:41:20
CUST000994,Barkha,Balasubramanian,1969-08-22T03:20:42,57,Female,cust000994@mailsim.in,+917417045112,"77/27
Chawla Circle",Uluberia,Goa,331042,India,ITOOS1672X,XXXX-XXXX-1909,Salaried,1987679.3,Single,Indian,pending,medium,2024-02-26T05:53:03,Tamil,Regular,individual,477,EMP000040,True,active,2024-02-26T05:53:03,2024-10-27T02:45:13
CUST000995,Amrita,Dua,1980-03-05T18:56:31,46,Female,cust000995@mailsim.in,+918040080884,"161, Sawhney Nagar",Satara,Karnataka,981240,India,PYENE4165J,XXXX-XXXX-2485,Salaried,1983248.6,Divorced,Indian,verified,low,2024-10-08T03:52:27,Tamil,Regular,corporate,664,EMP000047,True,active,2024-10-08T03:52:27,2025-03-09T05:25:32
CUST000996,Chasmum,Mall,1976-10-28T17:34:16,49,Female,cust000996@mailsim.in,+917252913675,"90/552, Peri",Sambhal,Kerala,411251,India,ALCSX7672L,XXXX-XXXX-9995,Retired,372771.25,Divorced,Indian,verified,low,2018-10-20T12:19:34,Telugu,Regular,individual,633,EMP000039,True,active,2018-10-20T12:19:34,2019-10-27T08:15:55
CUST000997,Turvi,Bhat,1967-07-04T10:20:27,59,Female,cust000997@mailsim.in,+917607132588,"824, Gera Zila",Varanasi,Bihar,743694,India,WPIBH2344T,XXXX-XXXX-2687,Student,6872.35,Single,Indian,pending,medium,2025-03-02T13:55:17,Telugu,Premium,individual,360,EMP000097,True,active,2025-03-02T13:55:17,2026-08-30T02:06:58
CUST000998,Manya,Issac,1965-11-21T17:57:59,60,Female,cust000998@mailsim.in,+917530419429,"044
Panchal Circle",Mau,Haryana,661561,India,DVYDC9179L,XXXX-XXXX-7588,Business Owner,2119742.57,Widowed,Indian,pending,medium,2019-04-03T19:27:32,Telugu,Senior,individual,498,EMP000081,True,active,2019-04-03T19:27:32,2021-07-23T17:56:32
CUST000999,Vidhi,Chadha,2003-03-17T18:51:20,23,Female,cust000999@mailsim.in,+917047770467,"H.No. 112
Grewal Zila",Gudivada,Punjab,696328,India,FRQXY6762P,XXXX-XXXX-3121,Self-Employed,2328177.43,Widowed,Indian,verified,low,2016-06-20T13:29:20,Tamil,Regular,corporate,774,EMP000035,True,active,2016-06-20T13:29:20,2025-12-23T04:14:57
CUST001000,Advaith,Gara,1963-10-07T18:51:28,63,Male,cust001000@mailsim.in,+919390154025,"571, Morar Ganj",Mira-Bhayandar,Odisha,228027,India,DJHES1732K,XXXX-XXXX-9384,Salaried,1803792.83,Single,Indian,verified,low,2019-04-28T20:26:34,Telugu,Regular,individual,594,EMP000071,False,inactive,2019-04-28T20:26:34,2019-07-26T22:58:20
