investment_id,customer_id,investment_type,amount_invested,current_value,purchase_date,maturity_date,status,returns_percentage,risk_level,fund_manager,created_at
INV000001,CUST000910,bonds,1640213.33,1710086.42,2021-01-04T17:34:07,2023-01-04T17:34:07,active,4.26,high,Jai Hegde,2021-01-04T17:34:07
INV000002,CUST000498,ppf,565297.89,633472.82,2024-01-21T03:47:44,2028-01-20T03:47:44,matured,12.06,medium,Zinal Kant,2024-01-21T03:47:44
INV000003,CUST000909,mutual_fund,354952.55,309838.08,2021-09-06T06:32:23,2025-09-05T06:32:23,redeemed,-12.71,low,Arunima Borah,2021-09-06T06:32:23
INV000004,CUST000601,ppf,1948887.99,1929204.22,2023-10-25T09:28:03,2028-10-23T09:28:03,active,-1.01,medium,Dalbir Rattan,2023-10-25T09:28:03
INV000005,CUST000957,mutual_fund,1208815.8,1409841.87,2019-08-02T20:15:03,2022-08-01T20:15:03,active,16.63,low,Dev Chad,2019-08-02T20:15:03
INV000006,CUST000329,fixed_deposit,988277.15,1002607.17,2019-07-25T21:18:26,2024-07-23T21:18:26,matured,1.45,low,Rachana Pradhan,2019-07-25T21:18:26
INV000007,CUST000291,mutual_fund,1678997.85,1615363.83,2020-03-02T10:38:02,2029-02-28T10:38:02,active,-3.79,high,Arin Nayar,2020-03-02T10:38:02
INV000008,CUST000222,stocks,902741.77,1279094.81,2024-12-30T23:21:00,,active,41.69,high,Chaaya Puri,2024-12-30T23:21:00
INV000009,CUST000201,stocks,1407514.35,1711115.2,2022-04-09T05:20:52,,active,21.57,high,Sneha Bahri,2022-04-09T05:20:52
INV000010,CUST000124,stocks,1173559.55,1667862.83,2022-09-10T05:35:47,,redeemed,42.12,low,Vritti Dyal,2022-09-10T05:35:47
INV000011,CUST000678,stocks,865322.51,1203230.95,2022-03-23T06:36:55,,redeemed,39.05,medium,Vrinda Chokshi,2022-03-23T06:36:55
INV000012,CUST000565,mutual_fund,757133.59,962771.07,2022-11-24T19:38:35,2032-11-21T19:38:35,active,27.16,medium,Nachiket Mohan,2022-11-24T19:38:35
INV000013,CUST000779,fixed_deposit,1323707.9,1697787.75,2024-02-19T12:36:45,2030-02-17T12:36:45,active,28.26,low,Frado Dugal,2024-02-19T12:36:45
INV000014,CUST000881,mutual_fund,1288673.06,1751306.69,2020-01-11T16:59:40,2030-01-08T16:59:40,active,35.9,medium,Ridhi Kumer,2020-01-11T16:59:40
INV000015,CUST000369,ppf,1359896.24,1673216.33,2021-01-20T20:44:07,2025-01-19T20:44:07,matured,23.04,medium,Kritika Aurora,2021-01-20T20:44:07
INV000016,CUST000045,stocks,371147.84,368995.18,2020-08-20T00:46:51,,active,-0.58,medium,Samar Dara,2020-08-20T00:46:51
INV000017,CUST000525,mutual_fund,794795.21,730257.84,2021-05-25T08:02:37,2023-05-25T08:02:37,active,-8.12,medium,Unnati Jaggi,2021-05-25T08:02:37
INV000018,CUST000268,ppf,858402.26,798914.98,2020-05-10T16:44:20,2025-05-09T16:44:20,matured,-6.93,high,Isaac Hans,2020-05-10T16:44:20
INV000019,CUST000657,bonds,458389.25,527606.03,2024-10-07T11:02:37,2027-10-07T11:02:37,active,15.1,medium,Sanaya Vora,2024-10-07T11:02:37
INV000020,CUST000835,stocks,444088.45,471177.85,2021-07-29T10:42:05,,matured,6.1,medium,Joshua Cherian,2021-07-29T10:42:05
INV000021,CUST000136,bonds,668795.5,711464.65,2023-12-17T11:31:34,2027-12-16T11:31:34,active,6.38,low,Avi Bhargava,2023-12-17T11:31:34
INV000022,CUST000655,fixed_deposit,1787503.25,1638425.48,2020-06-30T04:20:44,2029-06-28T04:20:44,matured,-8.34,high,Umang Uppal,2020-06-30T04:20:44
INV000023,CUST000546,bonds,1382151.73,1851668.67,2020-11-16T12:27:12,2022-11-16T12:27:12,active,33.97,medium,Devika Pandya,2020-11-16T12:27:12
INV000024,CUST000669,bonds,680711.94,941356.54,2020-03-08T18:48:21,2022-03-08T18:48:21,redeemed,38.29,low,Ekbal Bhagat,2020-03-08T18:48:21
INV000025,CUST000737,ppf,1495898.1,1760372.88,2021-05-16T16:33:13,2024-05-15T16:33:13,matured,17.68,high,Aarini Sharaf,2021-05-16T16:33:13
INV000026,CUST000776,fixed_deposit,667800.14,855585.54,2020-04-27T15:29:20,2029-04-25T15:29:20,matured,28.12,medium,Joshua Kar,2020-04-27T15:29:20
INV000027,CUST000882,mutual_fund,343556.42,417936.38,2021-06-24T19:28:25,2027-06-23T19:28:25,active,21.65,medium,Veda Ravel,2021-06-24T19:28:25
INV000028,CUST000998,fixed_deposit,1826731.52,1585420.29,2021-11-18T05:19:49,2022-11-18T05:19:49,active,-13.21,low,Oni Sanghvi,2021-11-18T05:19:49
INV000029,CUST000881,stocks,1673487.39,2245150.68,2024-11-10T08:30:38,,redeemed,34.16,low,Michael Sundaram,2024-11-10T08:30:38
INV000030,CUST000772,mutual_fund,1538058.61,1999322.39,2023-01-22T14:26:00,2024-01-22T14:26:00,redeemed,29.99,low,Qadim Ramachandran,2023-01-22T14:26:00
INV000031,CUST000345,stocks,190537.27,267323.79,2020-04-13T13:59:42,,active,40.3,high,Teerth Deshmukh,2020-04-13T13:59:42
INV000032,CUST000154,ppf,1033605.78,1486325.11,2023-04-06T08:14:51,2026-04-05T08:14:51,matured,43.8,medium,Omkaar Sem,2023-04-06T08:14:51
INV000033,CUST000788,fixed_deposit,1065205.2,1044327.18,2024-06-27T19:57:43,2026-06-27T19:57:43,active,-1.96,high,Wriddhish Mane,2024-06-27T19:57:43
INV000034,CUST000521,stocks,1426447.64,1836979.27,2024-10-03T13:38:04,,redeemed,28.78,high,Jhalak Yohannan,2024-10-03T13:38:04
INV000035,CUST000827,stocks,1326445.32,1159843.79,2024-07-13T12:30:06,,matured,-12.56,high,Gunbir Ganesh,2024-07-13T12:30:06
INV000036,CUST000923,mutual_fund,987678.0,1179386.3,2019-05-02T08:35:20,2021-05-01T08:35:20,active,19.41,medium,Qarin Dora,2019-05-02T08:35:20
INV000037,CUST000491,fixed_deposit,875291.22,891484.11,2024-07-15T05:19:49,2030-07-14T05:19:49,redeemed,1.85,medium,Pooja Chakraborty,2024-07-15T05:19:49
INV000038,CUST000057,mutual_fund,561408.45,627823.07,2022-06-28T05:56:47,2028-06-26T05:56:47,redeemed,11.83,medium,Fiyaz Basu,2022-06-28T05:56:47
INV000039,CUST000160,bonds,416494.94,518369.6,2024-08-15T16:37:40,2033-08-13T16:37:40,active,24.46,high,Ekaja Radhakrishnan,2024-08-15T16:37:40
INV000040,CUST000749,ppf,1594386.56,2298308.23,2019-10-27T16:09:52,2025-10-25T16:09:52,active,44.15,low,Chasmum Loke,2019-10-27T16:09:52
INV000041,CUST000052,fixed_deposit,267217.66,347463.12,2020-11-12T12:38:57,2028-11-10T12:38:57,active,30.03,high,Arjun Batra,2020-11-12T12:38:57
INV000042,CUST000589,fixed_deposit,563897.02,607768.21,2022-06-21T03:33:13,2023-06-21T03:33:13,redeemed,7.78,low,Dev Kari,2022-06-21T03:33:13
INV000043,CUST000410,mutual_fund,826743.79,918347.0,2020-02-08T16:00:11,2027-02-06T16:00:11,redeemed,11.08,high,Vyanjana Sami,2020-02-08T16:00:11
INV000044,CUST000642,ppf,964215.58,937410.39,2020-07-13T04:38:48,2028-07-11T04:38:48,redeemed,-2.78,low,Tanvi Kurian,2020-07-13T04:38:48
INV000045,CUST000729,ppf,896967.47,1021915.04,2020-06-08T11:50:28,2030-06-06T11:50:28,active,13.93,low,Ekavir Banerjee,2020-06-08T11:50:28
INV000046,CUST000490,mutual_fund,389475.63,398277.78,2020-04-10T22:56:18,2021-04-10T22:56:18,matured,2.26,high,Yuvraj Ravel,2020-04-10T22:56:18
INV000047,CUST000666,fixed_deposit,764549.37,942460.01,2023-11-17T16:37:23,2026-11-16T16:37:23,active,23.27,high,Lajita Sama,2023-11-17T16:37:23
INV000048,CUST000093,fixed_deposit,745511.89,854878.48,2023-10-15T11:30:03,2029-10-13T11:30:03,active,14.67,high,Vrinda Raval,2023-10-15T11:30:03
INV000049,CUST000496,ppf,929079.5,1075688.25,2020-01-07T18:14:55,2029-01-04T18:14:55,matured,15.78,medium,Gaurangi Sastry,2020-01-07T18:14:55
INV000050,CUST000198,fixed_deposit,915499.72,804358.05,2020-11-28T12:05:17,2030-11-26T12:05:17,active,-12.14,low,Thomas Naik,2020-11-28T12:05:17
INV000051,CUST000788,bonds,1099708.59,1564445.44,2022-09-28T05:17:19,2024-09-27T05:17:19,active,42.26,medium,Kiaan Mukherjee,2022-09-28T05:17:19
INV000052,CUST000671,stocks,485928.42,569945.44,2021-08-25T22:28:42,,active,17.29,low,Caleb Arya,2021-08-25T22:28:42
INV000053,CUST000289,fixed_deposit,375328.69,424646.88,2022-08-02T02:09:44,2026-08-01T02:09:44,active,13.14,high,Noah Choudhary,2022-08-02T02:09:44
INV000054,CUST000369,stocks,1129179.92,988145.35,2022-12-05T21:05:13,,matured,-12.49,medium,Chasmum Oommen,2022-12-05T21:05:13
INV000055,CUST000894,stocks,519825.5,531937.43,2021-11-05T17:05:04,,matured,2.33,medium,Megha Sood,2021-11-05T17:05:04
INV000056,CUST000848,ppf,722352.81,626063.18,2024-12-02T04:23:48,2032-11-30T04:23:48,active,-13.33,low,Gaurika Datta,2024-12-02T04:23:48
INV000057,CUST000109,bonds,825891.85,848521.29,2022-12-16T03:28:22,2025-12-15T03:28:22,matured,2.74,low,Arunima Garde,2022-12-16T03:28:22
INV000058,CUST000554,ppf,746904.24,960967.0,2019-03-31T12:18:02,2024-03-29T12:18:02,redeemed,28.66,medium,Janaki Sood,2019-03-31T12:18:02
INV000059,CUST000383,bonds,1172053.07,1476904.07,2021-06-30T14:48:44,2028-06-28T14:48:44,active,26.01,medium,Qabil Singh,2021-06-30T14:48:44
INV000060,CUST000570,ppf,1706444.1,1660540.75,2022-02-06T15:55:36,2031-02-04T15:55:36,matured,-2.69,medium,Ojas Aggarwal,2022-02-06T15:55:36
INV000061,CUST000275,bonds,1302838.12,1534613.02,2024-11-21T06:40:52,2026-11-21T06:40:52,active,17.79,medium,Brinda Chowdhury,2024-11-21T06:40:52
INV000062,CUST000767,fixed_deposit,828123.52,762867.39,2022-10-25T03:29:39,2025-10-24T03:29:39,active,-7.88,low,Charan Rastogi,2022-10-25T03:29:39
INV000063,CUST000377,bonds,1671134.86,2254695.15,2024-04-19T07:20:59,2032-04-17T07:20:59,active,34.92,medium,Falak Gaba,2024-04-19T07:20:59
INV000064,CUST000634,mutual_fund,12585.35,12205.27,2021-06-20T15:12:18,2022-06-20T15:12:18,redeemed,-3.02,low,Damini Uppal,2021-06-20T15:12:18
INV000065,CUST000136,ppf,325880.13,368179.37,2020-02-01T08:44:51,2028-01-30T08:44:51,active,12.98,medium,Vasudha Karnik,2020-02-01T08:44:51
INV000066,CUST000672,fixed_deposit,1202238.92,1242874.6,2021-09-13T09:34:18,2030-09-11T09:34:18,matured,3.38,low,Jatin Acharya,2021-09-13T09:34:18
INV000067,CUST000703,bonds,1830529.43,2143549.96,2024-10-27T09:36:23,2030-10-26T09:36:23,matured,17.1,low,Manbir Korpal,2024-10-27T09:36:23
INV000068,CUST000563,stocks,1540051.9,1312278.22,2023-02-18T17:31:04,,redeemed,-14.79,medium,Chanchal Sheth,2023-02-18T17:31:04
INV000069,CUST000332,ppf,462715.64,494966.92,2024-10-09T14:30:18,2025-10-09T14:30:18,active,6.97,medium,Jagat Taneja,2024-10-09T14:30:18
INV000070,CUST000854,fixed_deposit,660647.88,610504.71,2020-07-20T17:06:31,2023-07-20T17:06:31,active,-7.59,high,Charita Char,2020-07-20T17:06:31
INV000071,CUST000115,mutual_fund,56504.29,70568.21,2019-04-13T11:12:59,2021-04-12T11:12:59,matured,24.89,low,Akshay Goswami,2019-04-13T11:12:59
INV000072,CUST000020,fixed_deposit,1360472.08,1647531.69,2022-01-24T15:35:10,2029-01-22T15:35:10,matured,21.1,high,Kritika Nazareth,2022-01-24T15:35:10
INV000073,CUST000097,fixed_deposit,760163.09,1037622.62,2020-03-03T12:56:04,2028-03-01T12:56:04,active,36.5,high,Alka Seth,2020-03-03T12:56:04
INV000074,CUST000848,ppf,1763849.19,1886260.32,2020-01-26T02:47:04,2024-01-25T02:47:04,active,6.94,medium,Avni Pandey,2020-01-26T02:47:04
INV000075,CUST000987,stocks,1950662.4,2191959.34,2020-09-08T04:58:02,,active,12.37,high,Nitesh Natt,2020-09-08T04:58:02
INV000076,CUST000202,ppf,1210852.25,1222839.69,2023-08-07T04:44:46,2025-08-06T04:44:46,active,0.99,high,Teerth Ramesh,2023-08-07T04:44:46
INV000077,CUST000764,ppf,1543633.07,1526807.47,2019-04-30T03:54:55,2021-04-29T03:54:55,redeemed,-1.09,medium,Aahana Chandra,2019-04-30T03:54:55
INV000078,CUST000207,bonds,1276394.46,1490190.53,2020-05-25T22:46:40,2026-05-24T22:46:40,active,16.75,low,Vaishnavi Agarwal,2020-05-25T22:46:40
INV000079,CUST000227,fixed_deposit,1702713.78,2237195.64,2022-06-10T15:56:54,2028-06-08T15:56:54,active,31.39,low,Nirja Jani,2022-06-10T15:56:54
INV000080,CUST000585,bonds,1535358.85,2063368.76,2020-02-20T17:45:10,2027-02-18T17:45:10,active,34.39,medium,Anita Yohannan,2020-02-20T17:45:10
INV000081,CUST000584,ppf,1821647.0,1723095.9,2019-09-11T00:32:06,2025-09-09T00:32:06,active,-5.41,medium,Fitan Sarkar,2019-09-11T00:32:06
INV000082,CUST000099,mutual_fund,144982.2,131788.82,2024-11-30T20:04:40,2034-11-28T20:04:40,matured,-9.1,high,Anmol Mahajan,2024-11-30T20:04:40
INV000083,CUST000885,fixed_deposit,698132.94,730735.75,2020-11-15T18:52:33,2028-11-13T18:52:33,redeemed,4.67,medium,Saumya Bali,2020-11-15T18:52:33
INV000084,CUST000644,mutual_fund,1711345.76,2282592.97,2024-08-27T09:17:10,2033-08-25T09:17:10,active,33.38,medium,Wyatt Sagar,2024-08-27T09:17:10
INV000085,CUST000922,bonds,1278619.89,1525777.11,2019-03-07T00:53:54,2029-03-04T00:53:54,active,19.33,high,Nihal Magar,2019-03-07T00:53:54
INV000086,CUST000962,bonds,101773.67,90151.12,2019-05-24T02:04:49,2020-05-23T02:04:49,active,-11.42,medium,Dalaja Chandran,2019-05-24T02:04:49
INV000087,CUST000260,fixed_deposit,479608.21,561956.94,2021-08-05T09:38:37,2030-08-03T09:38:37,redeemed,17.17,high,Yatin Choudhury,2021-08-05T09:38:37
INV000088,CUST000329,bonds,1344755.21,1364792.06,2023-04-23T19:34:44,2024-04-22T19:34:44,redeemed,1.49,high,Ekalinga Pandya,2023-04-23T19:34:44
INV000089,CUST000966,stocks,17506.75,17750.09,2023-04-15T08:02:20,,active,1.39,low,Zaid Ram,2023-04-15T08:02:20
INV000090,CUST000301,fixed_deposit,725941.13,978278.27,2022-04-20T14:06:18,2027-04-19T14:06:18,matured,34.76,high,Harita Bahl,2022-04-20T14:06:18
INV000091,CUST000385,stocks,1212289.13,1106213.83,2019-10-31T03:24:21,,redeemed,-8.75,medium,Urmi Sarkar,2019-10-31T03:24:21
INV000092,CUST000061,stocks,302573.6,351893.1,2024-03-09T10:06:47,,active,16.3,medium,Kamya Ben,2024-03-09T10:06:47
INV000093,CUST000212,bonds,1901023.48,2166976.66,2024-10-18T00:07:37,2029-10-17T00:07:37,redeemed,13.99,high,Warjas Manda,2024-10-18T00:07:37
INV000094,CUST000717,ppf,187178.36,201965.45,2023-06-07T06:20:05,2029-06-05T06:20:05,redeemed,7.9,medium,Aachal Venkatesh,2023-06-07T06:20:05
INV000095,CUST000394,bonds,170345.79,146957.31,2019-02-07T22:23:15,2021-02-06T22:23:15,redeemed,-13.73,low,Samuel Murty,2019-02-07T22:23:15
INV000096,CUST000828,mutual_fund,1555541.68,1969626.88,2020-03-10T11:05:00,2023-03-10T11:05:00,active,26.62,medium,Manya Taneja,2020-03-10T11:05:00
INV000097,CUST000773,ppf,629463.61,775876.85,2020-07-03T03:11:51,2022-07-03T03:11:51,active,23.26,low,Abhiram Dora,2020-07-03T03:11:51
INV000098,CUST000619,ppf,484764.3,425186.77,2020-07-30T16:03:41,2023-07-30T16:03:41,active,-12.29,medium,Rachana Ahluwalia,2020-07-30T16:03:41
INV000099,CUST000984,ppf,1281726.51,1142018.32,2021-03-07T14:04:01,2028-03-05T14:04:01,active,-10.9,low,Anay Chander,2021-03-07T14:04:01
INV000100,CUST000370,stocks,359270.3,402706.08,2022-12-09T10:40:12,,matured,12.09,low,Michael Anne,2022-12-09T10:40:12
INV000101,CUST000828,fixed_deposit,1277228.9,1218093.2,2019-11-02T22:18:12,2027-10-31T22:18:12,active,-4.63,medium,Waida Mohanty,2019-11-02T22:18:12
INV000102,CUST000729,fixed_deposit,1122656.65,1262651.93,2022-11-09T00:53:58,2023-11-09T00:53:58,active,12.47,medium,Charles Bhasin,2022-11-09T00:53:58
INV000103,CUST000778,mutual_fund,1636288.25,2368527.24,2021-12-10T08:37:30,2031-12-08T08:37:30,active,44.75,medium,Girik Palla,2021-12-10T08:37:30
INV000104,CUST000595,stocks,706038.16,618842.45,2024-07-18T22:56:29,,matured,-12.35,high,Omkaar Tank,2024-07-18T22:56:29
INV000105,CUST000670,fixed_deposit,487187.91,441538.4,2020-11-08T06:10:17,2030-11-06T06:10:17,active,-9.37,medium,Jyoti Dhaliwal,2020-11-08T06:10:17
INV000106,CUST000508,ppf,544359.22,767655.37,2019-05-16T04:55:07,2022-05-15T04:55:07,redeemed,41.02,medium,Wazir Mann,2019-05-16T04:55:07
INV000107,CUST000519,fixed_deposit,1396423.25,1502830.7,2019-10-14T02:44:31,2026-10-12T02:44:31,active,7.62,low,Waida Jhaveri,2019-10-14T02:44:31
INV000108,CUST000712,bonds,285378.42,411344.45,2020-09-16T02:51:41,2021-09-16T02:51:41,redeemed,44.14,low,Baghyawati Nagy,2020-09-16T02:51:41
INV000109,CUST000250,bonds,1769969.46,1514208.87,2021-08-20T17:11:49,2022-08-20T17:11:49,active,-14.45,medium,Atharv Nagar,2021-08-20T17:11:49
INV000110,CUST000790,bonds,1570456.39,1476071.96,2024-02-01T13:20:35,2033-01-29T13:20:35,matured,-6.01,low,Oliver Mukhopadhyay,2024-02-01T13:20:35
INV000111,CUST000523,bonds,386958.58,373492.42,2019-06-13T03:08:03,2026-06-11T03:08:03,redeemed,-3.48,medium,Warhi Sarin,2019-06-13T03:08:03
INV000112,CUST000288,mutual_fund,1240743.78,1346207.0,2022-02-23T12:30:33,2024-02-23T12:30:33,active,8.5,high,Amara Dhillon,2022-02-23T12:30:33
INV000113,CUST000147,fixed_deposit,581722.1,815341.7,2021-04-06T08:25:04,2024-04-05T08:25:04,active,40.16,high,Zehaan Narayan,2021-04-06T08:25:04
INV000114,CUST000937,ppf,217171.55,286731.6,2024-02-19T21:21:58,2025-02-18T21:21:58,active,32.03,medium,Jackson Arya,2024-02-19T21:21:58
INV000115,CUST000441,mutual_fund,1286714.08,1218003.55,2024-02-09T21:44:16,2027-02-08T21:44:16,matured,-5.34,low,Diya Warrior,2024-02-09T21:44:16
INV000116,CUST000685,fixed_deposit,1929634.84,1656012.62,2020-11-28T23:55:15,2028-11-26T23:55:15,active,-14.18,medium,Yuvraj Bhatt,2020-11-28T23:55:15
INV000117,CUST000454,mutual_fund,708045.7,875710.92,2021-03-26T13:15:10,2031-03-24T13:15:10,matured,23.68,high,Chatresh Ram,2021-03-26T13:15:10
INV000118,CUST000825,bonds,1840726.19,2584195.5,2021-07-24T02:13:25,2030-07-22T02:13:25,matured,40.39,low,Radhika Rout,2021-07-24T02:13:25
INV000119,CUST000864,stocks,376106.74,467463.07,2023-11-19T06:00:05,,active,24.29,low,Samar Vora,2023-11-19T06:00:05
INV000120,CUST000149,mutual_fund,355350.66,480931.58,2021-11-26T22:44:45,2031-11-24T22:44:45,redeemed,35.34,medium,Lila Dara,2021-11-26T22:44:45
INV000121,CUST000520,fixed_deposit,1671167.7,1501042.83,2019-10-05T00:25:30,2021-10-04T00:25:30,active,-10.18,medium,Ubika Dayal,2019-10-05T00:25:30
INV000122,CUST000536,fixed_deposit,903270.51,1049148.7,2019-11-13T06:24:13,2029-11-10T06:24:13,active,16.15,medium,Dhruv Tandon,2019-11-13T06:24:13
INV000123,CUST000612,mutual_fund,1076513.92,992976.44,2019-05-24T11:15:57,2023-05-23T11:15:57,active,-7.76,high,Yagnesh D’Alia,2019-05-24T11:15:57
INV000124,CUST000157,bonds,1746672.66,1562224.03,2021-02-09T16:57:32,2022-02-09T16:57:32,active,-10.56,low,Vivaan Bava,2021-02-09T16:57:32
INV000125,CUST000432,ppf,1640488.79,1775336.97,2024-08-19T14:42:23,2029-08-18T14:42:23,active,8.22,high,Jackson Devan,2024-08-19T14:42:23
INV000126,CUST000974,fixed_deposit,687595.78,829928.11,2024-07-23T20:07:47,2027-07-23T20:07:47,active,20.7,medium,Chandran Guha,2024-07-23T20:07:47
INV000127,CUST000694,mutual_fund,1792986.96,2510181.74,2024-06-23T04:30:37,2026-06-23T04:30:37,redeemed,40.0,medium,Parth Banik,2024-06-23T04:30:37
INV000128,CUST000292,ppf,958982.98,1042414.5,2022-12-25T15:35:24,2023-12-25T15:35:24,redeemed,8.7,low,Samaksh Yohannan,2022-12-25T15:35:24
INV000129,CUST000302,mutual_fund,1502419.57,1996264.88,2020-07-15T16:44:45,2021-07-15T16:44:45,active,32.87,high,Tejas Sur,2020-07-15T16:44:45
INV000130,CUST000329,ppf,1215487.26,1758080.77,2023-07-16T09:01:13,2027-07-15T09:01:13,matured,44.64,medium,Chatresh Pandey,2023-07-16T09:01:13
INV000131,CUST000509,fixed_deposit,262447.12,330001.01,2019-09-11T17:09:26,2020-09-10T17:09:26,matured,25.74,medium,Chameli Tara,2019-09-11T17:09:26
INV000132,CUST000080,ppf,1458068.21,1962414.0,2022-06-26T23:12:43,2023-06-26T23:12:43,redeemed,34.59,low,Pranav Hegde,2022-06-26T23:12:43
INV000133,CUST000238,stocks,1536301.38,1896256.79,2020-07-15T20:45:38,,active,23.43,low,Panini Bora,2020-07-15T20:45:38
INV000134,CUST000845,stocks,145109.71,185943.58,2022-09-03T10:07:30,,active,28.14,low,Triveni Saini,2022-09-03T10:07:30
INV000135,CUST000075,fixed_deposit,1310547.82,1644213.29,2023-01-26T23:52:17,2024-01-26T23:52:17,active,25.46,low,Gautam Dey,2023-01-26T23:52:17
INV000136,CUST000992,fixed_deposit,570714.01,619510.06,2022-07-25T02:33:25,2027-07-24T02:33:25,matured,8.55,low,Gayathri Palan,2022-07-25T02:33:25
INV000137,CUST000335,mutual_fund,693048.78,750987.66,2020-06-02T05:57:23,2025-06-01T05:57:23,active,8.36,medium,Omya Banerjee,2020-06-02T05:57:23
INV000138,CUST000449,mutual_fund,488665.48,616500.37,2024-12-07T01:29:46,2033-12-05T01:29:46,matured,26.16,low,Gopal Chowdhury,2024-12-07T01:29:46
INV000139,CUST000128,bonds,1615324.33,1769264.74,2020-03-27T04:33:06,2021-03-27T04:33:06,redeemed,9.53,medium,Vansha Kaul,2020-03-27T04:33:06
INV000140,CUST000296,ppf,768296.51,836828.56,2022-01-28T03:23:14,2027-01-27T03:23:14,matured,8.92,high,Unni Sarna,2022-01-28T03:23:14
INV000141,CUST000636,fixed_deposit,1864857.26,2486973.64,2019-05-15T20:36:58,2021-05-14T20:36:58,active,33.36,medium,Ekansh Murty,2019-05-15T20:36:58
INV000142,CUST000489,ppf,412352.46,485751.2,2020-07-29T14:35:53,2027-07-28T14:35:53,active,17.8,medium,Varsha Deo,2020-07-29T14:35:53
INV000143,CUST000933,mutual_fund,242396.43,345196.76,2023-08-08T17:45:24,2025-08-07T17:45:24,active,42.41,medium,Urvashi Dixit,2023-08-08T17:45:24
INV000144,CUST000351,bonds,648265.36,853635.83,2021-09-28T06:17:48,2028-09-26T06:17:48,matured,31.68,low,Anay Mohanty,2021-09-28T06:17:48
INV000145,CUST000043,bonds,565456.5,703258.25,2019-05-25T19:20:41,2025-05-23T19:20:41,active,24.37,medium,Dalbir Walia,2019-05-25T19:20:41
INV000146,CUST000722,fixed_deposit,482460.42,677663.91,2020-07-28T16:05:55,2025-07-27T16:05:55,matured,40.46,medium,Ekbal Om,2020-07-28T16:05:55
INV000147,CUST000863,ppf,1670027.62,1863583.82,2020-08-02T22:32:25,2024-08-01T22:32:25,active,11.59,low,Gautam Sengupta,2020-08-02T22:32:25
INV000148,CUST000067,stocks,1188693.07,1026198.73,2023-11-09T05:47:37,,redeemed,-13.67,low,Vrishti Savant,2023-11-09T05:47:37
INV000149,CUST000551,ppf,1324502.71,1649270.77,2023-12-07T17:15:36,2027-12-06T17:15:36,redeemed,24.52,low,Xiti Chad,2023-12-07T17:15:36
INV000150,CUST000204,fixed_deposit,432379.04,415343.31,2024-10-22T11:14:06,2034-10-20T11:14:06,active,-3.94,medium,Daksha Khosla,2024-10-22T11:14:06
INV000151,CUST000055,stocks,1463834.34,1657060.47,2023-12-14T03:51:15,,matured,13.2,medium,Hardik Chowdhury,2023-12-14T03:51:15
INV000152,CUST000839,ppf,1855124.93,2475664.22,2023-06-28T05:29:54,2033-06-25T05:29:54,active,33.45,medium,Ekaja Varma,2023-06-28T05:29:54
INV000153,CUST000400,fixed_deposit,1412023.9,1602788.33,2024-10-31T00:51:09,2030-10-30T00:51:09,matured,13.51,high,Qabil Setty,2024-10-31T00:51:09
INV000154,CUST000106,fixed_deposit,732685.11,865447.65,2022-07-14T16:30:39,2024-07-13T16:30:39,active,18.12,medium,Adweta Reddy,2022-07-14T16:30:39
INV000155,CUST000037,bonds,315797.58,351545.87,2021-04-28T13:39:08,2023-04-28T13:39:08,matured,11.32,medium,Baljiwan Nanda,2021-04-28T13:39:08
INV000156,CUST000636,mutual_fund,1422461.08,1432987.29,2019-02-04T14:39:32,2020-02-04T14:39:32,matured,0.74,low,Widisha Jhaveri,2019-02-04T14:39:32
INV000157,CUST000625,fixed_deposit,478118.18,541660.09,2019-08-28T08:08:28,2024-08-26T08:08:28,matured,13.29,medium,Chaitaly Karnik,2019-08-28T08:08:28
INV000158,CUST000210,stocks,1426349.83,1604215.65,2019-10-17T07:09:53,,active,12.47,high,Pallavi Nori,2019-10-17T07:09:53
INV000159,CUST000756,bonds,73309.22,96834.15,2019-06-25T11:03:36,2026-06-23T11:03:36,active,32.09,low,Gaurangi Wagle,2019-06-25T11:03:36
INV000160,CUST000119,stocks,1174477.33,1138420.88,2020-07-28T12:32:10,,active,-3.07,medium,Sathvik Seth,2020-07-28T12:32:10
INV000161,CUST000897,fixed_deposit,271662.28,290651.47,2024-05-30T15:11:11,2034-05-28T15:11:11,matured,6.99,medium,Ridhi Chokshi,2024-05-30T15:11:11
INV000162,CUST000729,fixed_deposit,1136361.76,977952.93,2022-05-15T17:02:08,2024-05-14T17:02:08,matured,-13.94,low,Onveer Sarraf,2022-05-15T17:02:08
INV000163,CUST000863,fixed_deposit,1013592.48,1165732.71,2024-01-23T07:51:48,2032-01-21T07:51:48,redeemed,15.01,high,Aadhya Sarraf,2024-01-23T07:51:48
INV000164,CUST000261,bonds,1893594.61,1951917.32,2023-08-29T14:14:16,2027-08-28T14:14:16,redeemed,3.08,low,Upadhriti Singhal,2023-08-29T14:14:16
INV000165,CUST000205,mutual_fund,419229.07,358398.93,2019-04-18T02:56:20,2021-04-17T02:56:20,matured,-14.51,medium,Dalbir Khosla,2019-04-18T02:56:20
INV000166,CUST000725,stocks,377959.7,468707.82,2019-01-10T17:39:47,,active,24.01,low,Ekaja Bobal,2019-01-10T17:39:47
INV000167,CUST000324,fixed_deposit,394305.76,442371.63,2022-09-13T20:25:12,2026-09-12T20:25:12,active,12.19,low,Rachita Chaudhuri,2022-09-13T20:25:12
INV000168,CUST000929,stocks,572860.4,594571.81,2022-06-05T21:16:26,,redeemed,3.79,medium,Chandresh Setty,2022-06-05T21:16:26
INV000169,CUST000605,ppf,1529088.16,2167023.74,2019-03-18T10:40:57,2022-03-17T10:40:57,matured,41.72,low,Rachita Kuruvilla,2019-03-18T10:40:57
INV000170,CUST000874,mutual_fund,1957241.79,2165492.32,2020-11-09T11:37:43,2027-11-08T11:37:43,active,10.64,medium,Guneet Goel,2020-11-09T11:37:43
INV000171,CUST000846,fixed_deposit,1094633.2,1417002.68,2020-07-27T04:51:40,2023-07-27T04:51:40,active,29.45,medium,Veda Upadhyay,2020-07-27T04:51:40
INV000172,CUST000230,mutual_fund,543893.96,555043.79,2024-06-18T02:29:49,2031-06-17T02:29:49,matured,2.05,medium,Shravya Pandey,2024-06-18T02:29:49
INV000173,CUST000721,stocks,1653674.17,1702126.82,2020-10-02T16:56:53,,matured,2.93,medium,Samar Lala,2020-10-02T16:56:53
INV000174,CUST000947,mutual_fund,188904.13,193135.58,2023-08-20T01:02:02,2033-08-17T01:02:02,active,2.24,low,Max Brar,2023-08-20T01:02:02
INV000175,CUST000812,stocks,1628327.7,2273471.13,2019-07-04T08:14:40,,matured,39.62,medium,Anya Pathak,2019-07-04T08:14:40
INV000176,CUST000621,mutual_fund,1958708.83,2662472.91,2021-04-18T13:31:28,2028-04-16T13:31:28,active,35.93,high,Ishita Mander,2021-04-18T13:31:28
INV000177,CUST000454,mutual_fund,899760.56,901919.99,2019-08-17T14:59:42,2024-08-15T14:59:42,active,0.24,medium,Falguni Dhar,2019-08-17T14:59:42
INV000178,CUST000737,stocks,368336.05,416182.9,2019-12-19T03:27:18,,active,12.99,medium,Xiti Gokhale,2019-12-19T03:27:18
INV000179,CUST000715,fixed_deposit,1300286.62,1485447.43,2021-01-03T15:45:38,2026-01-02T15:45:38,active,14.24,low,Max Chandran,2021-01-03T15:45:38
INV000180,CUST000284,fixed_deposit,203711.97,292082.22,2019-01-04T22:01:50,2021-01-03T22:01:50,active,43.38,medium,Wriddhish Balasubramanian,2019-01-04T22:01:50
INV000181,CUST000982,fixed_deposit,447436.46,514372.95,2022-02-28T08:59:23,2028-02-27T08:59:23,active,14.96,high,Mugdha Parsa,2022-02-28T08:59:23
INV000182,CUST000002,fixed_deposit,119138.68,163041.28,2021-10-15T16:23:32,2029-10-13T16:23:32,matured,36.85,low,Lavanya Dora,2021-10-15T16:23:32
INV000183,CUST000076,mutual_fund,381901.08,479476.81,2021-09-30T15:29:24,2024-09-29T15:29:24,active,25.55,medium,Aarini Johal,2021-09-30T15:29:24
INV000184,CUST000938,mutual_fund,1928151.46,2168977.58,2021-11-03T14:01:51,2024-11-02T14:01:51,matured,12.49,medium,Chasmum Shere,2021-11-03T14:01:51
INV000185,CUST000092,bonds,1473737.1,1878572.68,2021-08-27T19:35:05,2023-08-27T19:35:05,redeemed,27.47,medium,Rajeshri Tank,2021-08-27T19:35:05
INV000186,CUST000447,mutual_fund,1971689.55,2379434.95,2023-05-29T00:53:12,2024-05-28T00:53:12,redeemed,20.68,medium,Mohini Nigam,2023-05-29T00:53:12
INV000187,CUST000664,ppf,1590439.86,1923955.1,2024-06-25T16:24:58,2033-06-23T16:24:58,active,20.97,low,Ikshita Khalsa,2024-06-25T16:24:58
INV000188,CUST000828,ppf,1220846.02,1748861.92,2019-01-27T13:45:02,2020-01-27T13:45:02,redeemed,43.25,medium,Zarna Saraf,2019-01-27T13:45:02
INV000189,CUST000551,bonds,533602.29,495449.73,2022-01-09T11:27:14,2029-01-07T11:27:14,matured,-7.15,medium,Vasatika Ganesh,2022-01-09T11:27:14
INV000190,CUST000889,stocks,507405.62,688498.69,2024-07-08T20:51:40,,active,35.69,medium,Yug Ahuja,2024-07-08T20:51:40
INV000191,CUST000674,fixed_deposit,708168.09,970827.63,2019-02-14T03:31:30,2026-02-12T03:31:30,redeemed,37.09,high,Bimala Mall,2019-02-14T03:31:30
INV000192,CUST000768,ppf,342403.33,414616.19,2020-12-17T02:04:01,2030-12-15T02:04:01,redeemed,21.09,low,Turvi D’Alia,2020-12-17T02:04:01
INV000193,CUST000335,mutual_fund,1859839.61,1919354.48,2019-03-08T11:47:31,2027-03-06T11:47:31,redeemed,3.2,medium,Lekha Bobal,2019-03-08T11:47:31
INV000194,CUST000867,mutual_fund,463391.58,588229.27,2024-01-01T12:41:12,2026-12-31T12:41:12,active,26.94,low,Aradhana Bhargava,2024-01-01T12:41:12
INV000195,CUST000947,ppf,1007597.98,1106745.62,2019-01-16T06:16:05,2025-01-14T06:16:05,active,9.84,low,Chaman Saran,2019-01-16T06:16:05
INV000196,CUST000372,fixed_deposit,206983.75,186202.58,2019-06-27T09:12:39,2027-06-25T09:12:39,redeemed,-10.04,low,Frado Vig,2019-06-27T09:12:39
INV000197,CUST000526,bonds,70014.12,69986.11,2024-08-05T09:25:27,2032-08-03T09:25:27,redeemed,-0.04,low,Neel Khanna,2024-08-05T09:25:27
INV000198,CUST000902,ppf,173365.87,209738.03,2024-10-09T16:55:00,2031-10-08T16:55:00,redeemed,20.98,low,Ganga Kumer,2024-10-09T16:55:00
INV000199,CUST000841,fixed_deposit,1551528.4,1363948.62,2022-04-20T16:08:13,2032-04-17T16:08:13,active,-12.09,medium,Avni Bedi,2022-04-20T16:08:13
INV000200,CUST000321,fixed_deposit,667433.62,709014.73,2024-11-22T03:38:32,2027-11-22T03:38:32,matured,6.23,low,Zinal Rege,2024-11-22T03:38:32
INV000201,CUST000032,fixed_deposit,1413600.77,1471982.48,2021-01-01T17:01:31,2025-12-31T17:01:31,active,4.13,high,Jagvi Swamy,2021-01-01T17:01:31
INV000202,CUST000587,bonds,733722.18,898662.93,2020-01-31T20:15:27,2024-01-30T20:15:27,active,22.48,medium,Tanveer Ghosh,2020-01-31T20:15:27
INV000203,CUST000226,ppf,696169.04,637969.31,2024-09-24T17:01:21,2031-09-23T17:01:21,active,-8.36,medium,Jeremiah Nagar,2024-09-24T17:01:21
INV000204,CUST000141,ppf,769380.07,911253.75,2024-12-05T07:33:30,2027-12-05T07:33:30,matured,18.44,medium,Jagvi Soni,2024-12-05T07:33:30
INV000205,CUST000858,fixed_deposit,364508.87,420242.28,2020-12-25T06:43:41,2023-12-25T06:43:41,active,15.29,high,Atharv Malhotra,2020-12-25T06:43:41
INV000206,CUST000873,bonds,1101232.25,1525867.41,2023-03-11T02:49:07,2024-03-10T02:49:07,matured,38.56,high,Naveen Dhawan,2023-03-11T02:49:07
INV000207,CUST000552,fixed_deposit,107955.86,132116.38,2023-07-11T02:05:18,2031-07-09T02:05:18,redeemed,22.38,high,Urmi Shenoy,2023-07-11T02:05:18
INV000208,CUST000154,ppf,763435.95,1013919.29,2024-10-14T20:49:20,2026-10-14T20:49:20,matured,32.81,high,Yamini Sibal,2024-10-14T20:49:20
INV000209,CUST000236,stocks,1219642.87,1523821.8,2024-12-09T05:31:07,,active,24.94,medium,Xiti Mahal,2024-12-09T05:31:07
INV000210,CUST000013,mutual_fund,1588872.27,2150538.62,2019-07-30T12:57:58,2027-07-28T12:57:58,active,35.35,medium,Naveen Sahni,2019-07-30T12:57:58
INV000211,CUST000217,bonds,1851579.91,2650351.48,2019-11-16T01:47:39,2027-11-14T01:47:39,active,43.14,low,Aradhana Dutta,2019-11-16T01:47:39
INV000212,CUST000910,mutual_fund,811877.63,744167.04,2022-06-11T04:30:59,2032-06-08T04:30:59,active,-8.34,medium,Krish D’Alia,2022-06-11T04:30:59
INV000213,CUST000722,fixed_deposit,644660.16,589025.99,2020-10-06T00:00:20,2023-10-06T00:00:20,redeemed,-8.63,high,Jagrati Majumdar,2020-10-06T00:00:20
INV000214,CUST000871,fixed_deposit,1943293.81,2271516.13,2021-10-01T01:23:14,2027-09-30T01:23:14,active,16.89,medium,Shivansh Luthra,2021-10-01T01:23:14
INV000215,CUST000735,stocks,1896430.53,2659743.82,2023-04-30T07:23:39,,active,40.25,low,Yachana Doctor,2023-04-30T07:23:39
INV000216,CUST000417,mutual_fund,724909.25,655100.49,2019-10-27T06:28:54,2023-10-26T06:28:54,active,-9.63,medium,Warjas Rege,2019-10-27T06:28:54
INV000217,CUST000717,bonds,716904.42,622273.04,2022-10-18T00:06:17,2030-10-16T00:06:17,matured,-13.2,medium,Champak Saraf,2022-10-18T00:06:17
INV000218,CUST000946,ppf,955602.95,878485.79,2020-04-13T13:05:37,2027-04-12T13:05:37,active,-8.07,medium,Unni Nadkarni,2020-04-13T13:05:37
INV000219,CUST000668,bonds,1525376.6,1871026.94,2021-10-27T10:26:12,2022-10-27T10:26:12,matured,22.66,low,Timothy Ramakrishnan,2021-10-27T10:26:12
INV000220,CUST000822,fixed_deposit,990163.38,988876.17,2019-05-19T07:51:30,2025-05-17T07:51:30,redeemed,-0.13,medium,Maanav Patla,2019-05-19T07:51:30
INV000221,CUST000646,mutual_fund,656460.28,735169.87,2024-01-23T04:45:36,2028-01-22T04:45:36,active,11.99,medium,Lakshmi Cheema,2024-01-23T04:45:36
INV000222,CUST000064,ppf,141910.28,121148.81,2022-10-14T03:23:36,2028-10-12T03:23:36,redeemed,-14.63,medium,Upasna Loke,2022-10-14T03:23:36
INV000223,CUST000745,bonds,1987415.58,2850152.68,2021-05-12T04:55:18,2024-05-11T04:55:18,active,43.41,medium,Jagvi Sastry,2021-05-12T04:55:18
INV000224,CUST000552,stocks,1086454.49,1381426.88,2023-12-03T20:09:59,,matured,27.15,low,Isaac De,2023-12-03T20:09:59
INV000225,CUST000626,ppf,1936956.61,2266045.54,2024-10-22T11:05:46,2032-10-20T11:05:46,active,16.99,medium,Robert Mand,2024-10-22T11:05:46
INV000226,CUST000195,ppf,754149.04,799473.4,2024-04-27T14:44:06,2028-04-26T14:44:06,matured,6.01,low,Watika Taneja,2024-04-27T14:44:06
INV000227,CUST000038,ppf,1937657.51,2468188.14,2019-05-03T20:49:21,2024-05-01T20:49:21,active,27.38,medium,Bhanumati Balay,2019-05-03T20:49:21
INV000228,CUST000602,bonds,1512309.69,1851671.98,2020-08-03T09:17:22,2025-08-02T09:17:22,matured,22.44,medium,Damyanti Garde,2020-08-03T09:17:22
INV000229,CUST000256,fixed_deposit,662961.14,637304.54,2019-02-16T15:19:23,2022-02-15T15:19:23,active,-3.87,high,Ayaan Chad,2019-02-16T15:19:23
INV000230,CUST000515,fixed_deposit,285582.45,393104.24,2023-12-06T15:44:20,2029-12-04T15:44:20,active,37.65,high,Vaishnavi Sachdeva,2023-12-06T15:44:20
INV000231,CUST000147,mutual_fund,461286.61,417925.67,2019-04-20T06:14:50,2020-04-19T06:14:50,active,-9.4,medium,Vivaan Johal,2019-04-20T06:14:50
INV000232,CUST000356,bonds,105316.63,139986.86,2020-07-24T15:52:57,2026-07-23T15:52:57,active,32.92,low,Owen Yadav,2020-07-24T15:52:57
INV000233,CUST000626,fixed_deposit,1217806.33,1539794.32,2024-06-27T09:24:57,2027-06-27T09:24:57,active,26.44,medium,Veer Pillay,2024-06-27T09:24:57
INV000234,CUST000981,bonds,1135308.29,1290618.46,2022-12-31T12:16:34,2030-12-29T12:16:34,active,13.68,medium,Oni Venkataraman,2022-12-31T12:16:34
INV000235,CUST000149,mutual_fund,676175.32,843866.8,2022-03-24T03:23:35,2025-03-23T03:23:35,matured,24.8,medium,Eshana Palan,2022-03-24T03:23:35
INV000236,CUST000114,ppf,1546893.66,1975847.27,2019-10-23T19:16:26,2025-10-21T19:16:26,active,27.73,high,Chandran Pradhan,2019-10-23T19:16:26
INV000237,CUST000927,bonds,1276456.69,1708537.28,2022-04-19T18:55:15,2028-04-17T18:55:15,matured,33.85,low,Vasudha Kaur,2022-04-19T18:55:15
INV000238,CUST000534,stocks,794217.72,1106265.86,2021-06-19T03:38:21,,active,39.29,high,Vasana Ratti,2021-06-19T03:38:21
INV000239,CUST000940,bonds,1497900.94,1869230.58,2024-06-21T10:19:03,2026-06-21T10:19:03,active,24.79,low,Krishna Naidu,2024-06-21T10:19:03
INV000240,CUST000674,mutual_fund,760063.55,752690.93,2024-04-14T18:04:50,2026-04-14T18:04:50,active,-0.97,low,Turvi Oommen,2024-04-14T18:04:50
INV000241,CUST000010,mutual_fund,1814110.83,1614740.05,2024-05-23T23:36:18,2027-05-23T23:36:18,active,-10.99,medium,Luke Bahl,2024-05-23T23:36:18
INV000242,CUST000507,ppf,1597959.84,1744013.37,2024-08-26T12:26:36,2033-08-24T12:26:36,matured,9.14,medium,Radha Borra,2024-08-26T12:26:36
INV000243,CUST000662,bonds,1837825.75,2141250.78,2024-01-12T20:01:19,2027-01-11T20:01:19,matured,16.51,low,Lipika Balay,2024-01-12T20:01:19
INV000244,CUST000667,stocks,189575.34,229367.2,2024-04-12T08:56:22,,active,20.99,high,Frado Natarajan,2024-04-12T08:56:22
INV000245,CUST000244,ppf,1371577.41,1283522.14,2020-10-12T01:21:01,2021-10-12T01:21:01,redeemed,-6.42,low,Dayamai Borra,2020-10-12T01:21:01
INV000246,CUST000811,bonds,793405.84,996121.03,2023-01-19T00:51:23,2024-01-19T00:51:23,redeemed,25.55,low,Jalsa Sahota,2023-01-19T00:51:23
INV000247,CUST000325,mutual_fund,1474672.52,1788040.43,2022-06-04T03:31:38,2026-06-03T03:31:38,active,21.25,medium,Saumya Rege,2022-06-04T03:31:38
INV000248,CUST000414,bonds,1932289.56,2725301.2,2023-08-01T07:13:43,2025-07-31T07:13:43,matured,41.04,low,Manan Barad,2023-08-01T07:13:43
INV000249,CUST000111,fixed_deposit,551064.08,639840.5,2021-11-21T15:54:40,2026-11-20T15:54:40,active,16.11,high,Qarin Sanghvi,2021-11-21T15:54:40
INV000250,CUST000600,ppf,1977850.43,2703325.97,2022-04-13T19:17:28,2031-04-11T19:17:28,active,36.68,high,Nimrat Sehgal,2022-04-13T19:17:28
INV000251,CUST000732,bonds,1760480.28,2433511.89,2023-12-16T23:11:17,2032-12-13T23:11:17,redeemed,38.23,medium,Ishaan Rajagopal,2023-12-16T23:11:17
INV000252,CUST000873,ppf,171407.77,220224.7,2020-11-03T21:29:38,2026-11-02T21:29:38,active,28.48,medium,Anya Jaggi,2020-11-03T21:29:38
INV000253,CUST000444,ppf,1548021.07,1764434.42,2024-06-14T09:23:31,2029-06-13T09:23:31,active,13.98,medium,Nikita Basak,2024-06-14T09:23:31
INV000254,CUST000903,fixed_deposit,114417.0,134119.61,2024-07-30T04:46:39,2031-07-29T04:46:39,active,17.22,medium,Balvan Deol,2024-07-30T04:46:39
INV000255,CUST000477,bonds,287020.94,365923.0,2020-09-29T20:59:18,2027-09-28T20:59:18,matured,27.49,low,Baghyawati Sankar,2020-09-29T20:59:18
INV000256,CUST000610,fixed_deposit,1410651.41,1480337.59,2024-10-19T08:54:30,2028-10-18T08:54:30,active,4.94,high,Wahab Samra,2024-10-19T08:54:30
INV000257,CUST000625,fixed_deposit,558571.9,485119.7,2020-10-06T07:17:41,2026-10-05T07:17:41,active,-13.15,medium,Vasudha Loke,2020-10-06T07:17:41
INV000258,CUST000536,stocks,1873056.72,2479927.1,2024-11-06T00:25:39,,matured,32.4,medium,Upma Nagarajan,2024-11-06T00:25:39
INV000259,CUST000303,ppf,246165.25,302315.54,2020-03-15T11:04:31,2022-03-15T11:04:31,active,22.81,low,Wriddhish Sandal,2020-03-15T11:04:31
INV000260,CUST000282,bonds,1332941.78,1414651.11,2021-04-02T11:14:43,2027-04-01T11:14:43,active,6.13,low,Dayamai Bawa,2021-04-02T11:14:43
INV000261,CUST000920,bonds,1827605.75,2484264.5,2021-07-15T01:25:13,2025-07-14T01:25:13,active,35.93,medium,Rudra Srinivasan,2021-07-15T01:25:13
INV000262,CUST000674,fixed_deposit,626549.92,887069.38,2020-06-18T15:36:57,2027-06-17T15:36:57,active,41.58,low,Hemal Modi,2020-06-18T15:36:57
INV000263,CUST000909,bonds,464060.34,446750.89,2022-08-22T17:25:54,2024-08-21T17:25:54,redeemed,-3.73,low,Gaurav Ghose,2022-08-22T17:25:54
INV000264,CUST000421,bonds,1211489.82,1292780.79,2020-02-28T03:12:08,2021-02-27T03:12:08,active,6.71,low,Ira Handa,2020-02-28T03:12:08
INV000265,CUST000332,stocks,770048.38,739631.47,2024-11-02T21:07:40,,active,-3.95,low,Gavin Dhar,2024-11-02T21:07:40
INV000266,CUST000287,ppf,1671411.55,2031600.74,2023-12-17T16:11:19,2025-12-16T16:11:19,active,21.55,low,Hredhaan Thakur,2023-12-17T16:11:19
INV000267,CUST000907,bonds,766418.76,761130.47,2024-11-21T08:08:26,2029-11-20T08:08:26,active,-0.69,high,Lila Khare,2024-11-21T08:08:26
INV000268,CUST000273,ppf,749971.03,804643.92,2022-10-09T11:38:03,2023-10-09T11:38:03,redeemed,7.29,medium,Nilima Zacharia,2022-10-09T11:38:03
INV000269,CUST000949,bonds,1406693.08,1810132.66,2022-08-06T13:23:12,2028-08-04T13:23:12,active,28.68,medium,Jeevika Dyal,2022-08-06T13:23:12
INV000270,CUST000309,bonds,1040185.26,995457.29,2020-11-24T19:49:27,2026-11-23T19:49:27,matured,-4.3,medium,Nimrat Bajwa,2020-11-24T19:49:27
INV000271,CUST000216,mutual_fund,471674.11,651240.44,2022-07-01T10:52:56,2031-06-29T10:52:56,active,38.07,low,Chakrika Kara,2022-07-01T10:52:56
INV000272,CUST000021,bonds,1948540.53,2741401.67,2019-01-08T16:49:48,2021-01-07T16:49:48,active,40.69,medium,Bishakha Muni,2019-01-08T16:49:48
INV000273,CUST000715,fixed_deposit,547450.51,660772.77,2024-11-11T21:26:23,2029-11-10T21:26:23,matured,20.7,medium,Kashvi Ramachandran,2024-11-11T21:26:23
INV000274,CUST000323,stocks,1421822.39,1241535.31,2024-12-29T17:42:50,,redeemed,-12.68,medium,Aadi Parmar,2024-12-29T17:42:50
INV000275,CUST000207,ppf,1023121.12,936872.01,2021-01-22T01:22:04,2024-01-22T01:22:04,matured,-8.43,medium,Ekanta Krishnamurthy,2021-01-22T01:22:04
INV000276,CUST000450,ppf,1865733.66,1837934.23,2023-09-09T12:51:53,2026-09-08T12:51:53,active,-1.49,medium,Harshil Dara,2023-09-09T12:51:53
INV000277,CUST000453,bonds,578106.15,793103.83,2021-02-14T19:04:50,2031-02-12T19:04:50,active,37.19,low,Mahika Tak,2021-02-14T19:04:50
INV000278,CUST000727,bonds,887907.84,1021005.23,2020-09-21T09:25:04,2027-09-20T09:25:04,redeemed,14.99,medium,Vaishnavi Bhattacharyya,2020-09-21T09:25:04
INV000279,CUST000617,fixed_deposit,1497124.87,1649382.47,2022-04-25T22:47:35,2029-04-23T22:47:35,matured,10.17,low,Baljiwan Merchant,2022-04-25T22:47:35
INV000280,CUST000515,fixed_deposit,416350.84,582766.27,2020-07-22T23:54:35,2021-07-22T23:54:35,matured,39.97,medium,Gopal Bava,2020-07-22T23:54:35
INV000281,CUST000602,stocks,527107.66,716761.0,2020-05-26T18:24:29,,active,35.98,medium,Lucky Bala,2020-05-26T18:24:29
INV000282,CUST000295,stocks,1917274.4,2712368.09,2023-11-08T13:16:31,,matured,41.47,low,Jonathan Gala,2023-11-08T13:16:31
INV000283,CUST000346,stocks,1948789.35,1754495.05,2023-05-13T19:21:23,,matured,-9.97,medium,Advay Choudhry,2023-05-13T19:21:23
INV000284,CUST000914,stocks,784201.76,668218.32,2019-07-26T14:14:27,,redeemed,-14.79,medium,Yutika Jaggi,2019-07-26T14:14:27
INV000285,CUST000550,mutual_fund,1728771.89,2143677.14,2024-10-12T20:55:19,2032-10-10T20:55:19,active,24.0,high,Harsh Khatri,2024-10-12T20:55:19
INV000286,CUST000983,ppf,684921.97,899439.53,2020-07-24T18:45:11,2028-07-22T18:45:11,active,31.32,low,Chaitaly Das,2020-07-24T18:45:11
INV000287,CUST000469,bonds,1629627.33,1983908.31,2019-11-30T08:14:05,2021-11-29T08:14:05,active,21.74,medium,Harrison Subramaniam,2019-11-30T08:14:05
INV000288,CUST000696,ppf,1459064.15,1759631.36,2021-10-15T17:41:10,2026-10-14T17:41:10,active,20.6,low,Mitesh Sarma,2021-10-15T17:41:10
INV000289,CUST000841,mutual_fund,911639.58,928231.42,2022-02-24T06:40:44,2025-02-23T06:40:44,active,1.82,low,Jonathan Kale,2022-02-24T06:40:44
INV000290,CUST000141,mutual_fund,1779575.56,1877096.3,2020-03-19T16:18:04,2023-03-19T16:18:04,redeemed,5.48,medium,Ikbal Varty,2020-03-19T16:18:04
INV000291,CUST000180,fixed_deposit,1344621.64,1909900.58,2023-03-05T22:32:08,2027-03-04T22:32:08,active,42.04,low,Vrishti Rai,2023-03-05T22:32:08
INV000292,CUST000876,stocks,998489.5,1432333.19,2020-06-07T05:14:44,,active,43.45,low,Keya Kanda,2020-06-07T05:14:44
INV000293,CUST000614,mutual_fund,1182946.85,1509203.59,2020-08-13T05:47:23,2022-08-13T05:47:23,matured,27.58,low,Ira Dube,2020-08-13T05:47:23
INV000294,CUST000327,bonds,418577.9,463575.02,2023-09-15T19:08:23,2027-09-14T19:08:23,matured,10.75,low,Amrita Mahajan,2023-09-15T19:08:23
INV000295,CUST000764,fixed_deposit,1392720.69,1504416.89,2024-07-19T11:03:12,2034-07-17T11:03:12,matured,8.02,high,Darpan Gola,2024-07-19T11:03:12
INV000296,CUST000063,fixed_deposit,47744.47,66059.25,2023-02-01T15:15:45,2024-02-01T15:15:45,active,38.36,medium,Zansi Mahajan,2023-02-01T15:15:45
INV000297,CUST000570,bonds,1783139.56,2025289.91,2019-11-29T20:35:57,2027-11-27T20:35:57,active,13.58,high,Wazir Bhardwaj,2019-11-29T20:35:57
INV000298,CUST000101,ppf,117248.09,131927.55,2024-05-30T14:30:23,2030-05-29T14:30:23,redeemed,12.52,medium,Daksha Uppal,2024-05-30T14:30:23
INV000299,CUST000038,mutual_fund,432544.3,402698.74,2022-10-06T14:22:20,2025-10-05T14:22:20,redeemed,-6.9,low,Nathaniel Malhotra,2022-10-06T14:22:20
INV000300,CUST000851,bonds,636014.01,779117.16,2024-06-19T03:06:47,2029-06-18T03:06:47,matured,22.5,high,Yatin Ghosh,2024-06-19T03:06:47
INV000301,CUST000922,stocks,1314513.49,1641827.35,2023-09-26T23:57:13,,active,24.9,medium,Samarth Uppal,2023-09-26T23:57:13
INV000302,CUST000603,stocks,1840279.27,1995414.81,2019-10-12T20:08:45,,active,8.43,low,Darpan Dugal,2019-10-12T20:08:45
INV000303,CUST000394,ppf,1017050.81,1453772.43,2019-06-04T02:09:44,2024-06-02T02:09:44,active,42.94,low,Janaki Prashad,2019-06-04T02:09:44
INV000304,CUST000417,bonds,1153808.82,1617755.35,2024-08-01T12:17:32,2027-08-01T12:17:32,active,40.21,high,Theodore Sarma,2024-08-01T12:17:32
INV000305,CUST000217,bonds,889365.12,1263076.34,2023-07-21T10:19:57,2031-07-19T10:19:57,redeemed,42.02,medium,Janaki Bhavsar,2023-07-21T10:19:57
INV000306,CUST000219,stocks,897407.26,976558.58,2020-05-27T00:17:44,,matured,8.82,low,Zayan Krishna,2020-05-27T00:17:44
INV000307,CUST000869,ppf,1754241.27,2357875.69,2024-03-12T03:42:24,2029-03-11T03:42:24,active,34.41,high,Edhitha Saha,2024-03-12T03:42:24
INV000308,CUST000759,ppf,1981010.94,2567786.38,2021-02-15T12:23:36,2030-02-13T12:23:36,active,29.62,high,Thomas Dayal,2021-02-15T12:23:36
INV000309,CUST000296,fixed_deposit,173469.5,201571.56,2021-09-07T09:25:50,2030-09-05T09:25:50,active,16.2,low,Chaitaly Chaudhuri,2021-09-07T09:25:50
INV000310,CUST000301,fixed_deposit,1331208.97,1334004.51,2023-09-20T13:34:45,2028-09-18T13:34:45,active,0.21,medium,Zansi Mander,2023-09-20T13:34:45
INV000311,CUST000763,ppf,1589429.87,1463547.02,2019-04-13T04:49:39,2023-04-12T04:49:39,active,-7.92,medium,Niharika Bhatia,2019-04-13T04:49:39
INV000312,CUST000274,ppf,1233084.18,1643084.67,2020-01-06T09:22:41,2022-01-05T09:22:41,active,33.25,medium,Naksh Bhasin,2020-01-06T09:22:41
INV000313,CUST000355,mutual_fund,146466.14,155136.94,2021-06-16T04:38:40,2028-06-14T04:38:40,matured,5.92,high,Neel Setty,2021-06-16T04:38:40
INV000314,CUST000435,mutual_fund,1144000.6,1612697.65,2024-11-30T01:47:50,2033-11-28T01:47:50,active,40.97,medium,Caleb Murthy,2024-11-30T01:47:50
INV000315,CUST000155,bonds,1371853.97,1932805.06,2022-04-19T14:03:25,2024-04-18T14:03:25,matured,40.89,medium,Tanvi Varty,2022-04-19T14:03:25
INV000316,CUST000546,bonds,1121367.05,1527638.33,2023-07-13T21:46:37,2030-07-11T21:46:37,active,36.23,high,Tejas Tripathi,2023-07-13T21:46:37
INV000317,CUST000305,stocks,371593.94,511870.65,2021-05-29T18:54:40,,active,37.75,low,Dayamai Kakar,2021-05-29T18:54:40
INV000318,CUST000906,bonds,990792.03,1155560.74,2023-12-15T08:39:05,2025-12-14T08:39:05,active,16.63,low,Gautami Shah,2023-12-15T08:39:05
INV000319,CUST000514,stocks,298817.71,425785.35,2020-02-14T17:28:19,,active,42.49,medium,Nandini Thakkar,2020-02-14T17:28:19
INV000320,CUST000853,bonds,1721811.07,2475275.59,2019-04-01T07:57:13,2023-03-31T07:57:13,redeemed,43.76,low,Adweta Mital,2019-04-01T07:57:13
INV000321,CUST000239,stocks,1460680.01,1512242.01,2024-08-19T21:11:22,,active,3.53,low,Aashi Ravi,2024-08-19T21:11:22
INV000322,CUST000149,stocks,256926.1,228946.85,2020-01-10T21:52:57,,active,-10.89,medium,Sai Chand,2020-01-10T21:52:57
INV000323,CUST000111,fixed_deposit,355624.66,357971.78,2019-11-30T12:24:14,2021-11-29T12:24:14,matured,0.66,high,George Nayar,2019-11-30T12:24:14
INV000324,CUST000116,mutual_fund,479211.3,640178.38,2022-02-09T07:49:37,2023-02-09T07:49:37,active,33.59,medium,Quincy Nath,2022-02-09T07:49:37
INV000325,CUST000975,mutual_fund,1151554.73,1653747.75,2024-07-17T02:42:03,2028-07-16T02:42:03,active,43.61,medium,Isaac Bobal,2024-07-17T02:42:03
INV000326,CUST000266,fixed_deposit,965949.82,843853.76,2019-04-09T19:08:40,2025-04-07T19:08:40,matured,-12.64,medium,Vrinda Mannan,2019-04-09T19:08:40
INV000327,CUST000322,bonds,1909150.42,2001744.22,2023-06-17T09:58:52,2024-06-16T09:58:52,redeemed,4.85,low,Jacob Krishna,2023-06-17T09:58:52
INV000328,CUST000152,mutual_fund,1771613.44,2308589.47,2022-06-14T07:39:28,2026-06-13T07:39:28,active,30.31,low,Tanish Buch,2022-06-14T07:39:28
INV000329,CUST000010,ppf,336791.64,320288.85,2020-12-28T23:20:35,2025-12-27T23:20:35,matured,-4.9,medium,Amaira Nanda,2020-12-28T23:20:35
INV000330,CUST000099,ppf,146147.34,162486.61,2021-05-25T20:01:19,2027-05-24T20:01:19,active,11.18,medium,Balendra Nagarajan,2021-05-25T20:01:19
INV000331,CUST000980,mutual_fund,884423.24,1090759.18,2024-08-25T04:30:45,2031-08-24T04:30:45,active,23.33,low,Upadhriti Jani,2024-08-25T04:30:45
INV000332,CUST000614,fixed_deposit,1565802.96,1738197.87,2021-12-14T23:21:59,2022-12-14T23:21:59,active,11.01,medium,Janya Hora,2021-12-14T23:21:59
INV000333,CUST000627,stocks,1894893.92,2268756.49,2019-11-17T00:35:30,,matured,19.73,medium,Hema Raghavan,2019-11-17T00:35:30
INV000334,CUST000641,stocks,554067.28,531627.56,2020-04-10T00:54:40,,matured,-4.05,low,Vihaan Mittal,2020-04-10T00:54:40
INV000335,CUST000416,fixed_deposit,1718634.67,2393026.91,2022-01-03T09:40:52,2023-01-03T09:40:52,redeemed,39.24,low,Lakshmi Rau,2022-01-03T09:40:52
INV000336,CUST000120,fixed_deposit,1031779.54,1180768.51,2020-02-24T18:06:29,2026-02-22T18:06:29,redeemed,14.44,medium,Krisha Chakrabarti,2020-02-24T18:06:29
INV000337,CUST000683,ppf,1006675.56,1136838.71,2020-03-01T06:47:09,2028-02-28T06:47:09,matured,12.93,high,Jonathan Varma,2020-03-01T06:47:09
INV000338,CUST000523,ppf,1192305.67,1552620.44,2020-11-28T08:27:42,2029-11-26T08:27:42,active,30.22,low,Lohit Mander,2020-11-28T08:27:42
INV000339,CUST000959,mutual_fund,484230.55,460164.29,2019-11-02T11:56:39,2028-10-30T11:56:39,active,-4.97,medium,Harish Ganesh,2019-11-02T11:56:39
INV000340,CUST000364,bonds,5032.11,4955.62,2021-10-04T05:21:44,2023-10-04T05:21:44,active,-1.52,high,Yashasvi Narayanan,2021-10-04T05:21:44
INV000341,CUST000385,stocks,1882677.62,1657321.11,2020-03-23T00:35:11,,active,-11.97,high,Keya Chhabra,2020-03-23T00:35:11
INV000342,CUST000723,ppf,1386086.47,1250943.04,2024-04-27T23:13:46,2029-04-26T23:13:46,active,-9.75,medium,Nandini More,2024-04-27T23:13:46
INV000343,CUST000970,bonds,1728793.82,2219771.26,2019-09-20T07:19:55,2024-09-18T07:19:55,active,28.4,low,Bhavini Gandhi,2019-09-20T07:19:55
INV000344,CUST000169,bonds,306410.28,369101.82,2021-12-06T07:17:16,2022-12-06T07:17:16,matured,20.46,high,Indira Pillai,2021-12-06T07:17:16
INV000345,CUST000422,mutual_fund,409018.93,543177.14,2022-12-02T06:03:52,2027-12-01T06:03:52,redeemed,32.8,high,Lakshmi Seshadri,2022-12-02T06:03:52
INV000346,CUST000616,ppf,97889.03,140744.85,2019-02-09T17:33:22,2029-02-06T17:33:22,active,43.78,low,Divya Lad,2019-02-09T17:33:22
INV000347,CUST000421,stocks,1158190.21,1237642.06,2024-04-05T03:38:11,,active,6.86,high,Ganga Chahal,2024-04-05T03:38:11
INV000348,CUST000355,mutual_fund,266416.32,226507.16,2021-10-13T15:01:46,2029-10-11T15:01:46,matured,-14.98,low,Diya Pant,2021-10-13T15:01:46
INV000349,CUST000352,stocks,1755337.53,1990552.76,2020-05-20T01:57:54,,matured,13.4,high,Kamala Edwin,2020-05-20T01:57:54
INV000350,CUST000859,mutual_fund,1178933.38,1648266.76,2023-07-10T03:46:16,2028-07-08T03:46:16,active,39.81,low,Balendra Yohannan,2023-07-10T03:46:16
INV000351,CUST000167,bonds,1293565.78,1173005.45,2019-07-30T10:27:00,2023-07-29T10:27:00,redeemed,-9.32,low,Manya Thaker,2019-07-30T10:27:00
INV000352,CUST000824,stocks,1386671.52,1885734.6,2020-04-05T23:27:15,,active,35.99,low,Vritti Chaudhari,2020-04-05T23:27:15
INV000353,CUST000643,mutual_fund,753847.57,1003672.65,2022-10-02T23:27:02,2030-09-30T23:27:02,redeemed,33.14,high,Chaitanya Tiwari,2022-10-02T23:27:02
INV000354,CUST000880,mutual_fund,1952463.86,2463618.9,2019-11-25T19:21:05,2028-11-22T19:21:05,active,26.18,high,Omkaar Kant,2019-11-25T19:21:05
INV000355,CUST000632,mutual_fund,419706.85,462097.24,2024-06-10T21:53:01,2029-06-09T21:53:01,active,10.1,medium,Bhanumati Banerjee,2024-06-10T21:53:01
INV000356,CUST000191,bonds,1986570.64,2467122.08,2021-07-21T04:52:31,2026-07-20T04:52:31,matured,24.19,low,Mitali Buch,2021-07-21T04:52:31
INV000357,CUST000875,stocks,337528.59,423193.35,2022-02-08T19:44:02,,active,25.38,medium,Chandani Menon,2022-02-08T19:44:02
INV000358,CUST000202,fixed_deposit,1906585.84,2005918.96,2021-01-01T22:42:37,2028-12-30T22:42:37,active,5.21,high,Yatan Behl,2021-01-01T22:42:37
INV000359,CUST000448,ppf,1790548.38,1657510.64,2024-02-14T19:56:46,2025-02-13T19:56:46,redeemed,-7.43,medium,Fitan Halder,2024-02-14T19:56:46
INV000360,CUST000623,fixed_deposit,1139869.06,1346869.28,2021-04-21T14:37:25,2023-04-21T14:37:25,redeemed,18.16,high,Lekha Bhatti,2021-04-21T14:37:25
INV000361,CUST000235,stocks,1665298.49,1652475.69,2022-07-20T13:17:16,,matured,-0.77,low,Advika Guha,2022-07-20T13:17:16
INV000362,CUST000427,ppf,285345.18,243656.25,2022-09-18T05:14:48,2025-09-17T05:14:48,redeemed,-14.61,high,Hritik Patil,2022-09-18T05:14:48
INV000363,CUST000905,mutual_fund,1639477.04,1434706.36,2024-10-11T19:21:14,2033-10-09T19:21:14,active,-12.49,medium,Widisha Majumdar,2024-10-11T19:21:14
INV000364,CUST000182,bonds,1630492.06,1750659.32,2019-08-12T08:07:40,2022-08-11T08:07:40,active,7.37,medium,Ekta Hayer,2019-08-12T08:07:40
INV000365,CUST000828,bonds,1005456.96,1304278.77,2021-01-08T17:06:46,2026-01-07T17:06:46,active,29.72,low,Chanchal Murthy,2021-01-08T17:06:46
INV000366,CUST000336,ppf,33176.48,40329.33,2023-09-04T12:59:55,2025-09-03T12:59:55,active,21.56,medium,Mekhala Choudhry,2023-09-04T12:59:55
INV000367,CUST000647,mutual_fund,891030.71,1176338.74,2023-12-01T06:10:14,2029-11-29T06:10:14,active,32.02,medium,Faris Pai,2023-12-01T06:10:14
INV000368,CUST000011,bonds,1818647.92,2503914.46,2022-06-19T18:57:48,2026-06-18T18:57:48,matured,37.68,high,Madhavi Doshi,2022-06-19T18:57:48
INV000369,CUST000180,ppf,451410.53,654274.42,2020-07-16T08:11:46,2029-07-14T08:11:46,matured,44.94,low,Gautami Bera,2020-07-16T08:11:46
INV000370,CUST000959,ppf,1586899.21,1621810.99,2023-09-07T23:34:45,2026-09-06T23:34:45,active,2.2,low,William Wali,2023-09-07T23:34:45
INV000371,CUST000001,stocks,1267453.5,1340458.82,2020-05-25T04:45:07,,active,5.76,low,Vincent Batta,2020-05-25T04:45:07
INV000372,CUST000436,bonds,768372.36,925350.83,2024-07-30T05:40:49,2031-07-29T05:40:49,matured,20.43,low,Zansi Rout,2024-07-30T05:40:49
INV000373,CUST000817,mutual_fund,824019.89,977699.6,2020-02-17T14:58:20,2027-02-15T14:58:20,redeemed,18.65,high,Damyanti Pillai,2020-02-17T14:58:20
INV000374,CUST000853,mutual_fund,1157758.36,1089797.94,2021-01-04T18:36:45,2028-01-03T18:36:45,redeemed,-5.87,medium,Charita Sawhney,2021-01-04T18:36:45
INV000375,CUST000493,bonds,1414112.0,1326295.64,2023-07-04T02:00:33,2028-07-02T02:00:33,active,-6.21,high,Indrajit Kata,2023-07-04T02:00:33
INV000376,CUST000184,ppf,860884.89,884214.87,2021-02-05T12:23:26,2029-02-03T12:23:26,active,2.71,high,Chanchal Rai,2021-02-05T12:23:26
INV000377,CUST000435,fixed_deposit,1754967.38,1601232.24,2024-05-26T10:05:29,2027-05-26T10:05:29,active,-8.76,low,Aradhana Anand,2024-05-26T10:05:29
INV000378,CUST000378,bonds,31836.15,31641.95,2021-10-04T11:25:24,2027-10-03T11:25:24,redeemed,-0.61,medium,Nirja Sridhar,2021-10-04T11:25:24
INV000379,CUST000471,stocks,340487.37,408652.94,2020-08-04T09:50:26,,active,20.02,low,Lajita Srivastava,2020-08-04T09:50:26
INV000380,CUST000382,fixed_deposit,1071727.27,1393245.45,2019-12-13T02:58:41,2023-12-12T02:58:41,active,30.0,high,Vasana Prabhu,2019-12-13T02:58:41
INV000381,CUST000759,bonds,234810.96,319742.08,2024-12-04T19:00:29,2026-12-04T19:00:29,active,36.17,low,Daksh Contractor,2024-12-04T19:00:29
INV000382,CUST000282,fixed_deposit,738701.81,931429.11,2022-06-06T12:52:25,2025-06-05T12:52:25,redeemed,26.09,medium,Kala Misra,2022-06-06T12:52:25
INV000383,CUST000556,fixed_deposit,928192.06,976922.14,2020-02-05T13:31:32,2030-02-02T13:31:32,active,5.25,medium,Frado Apte,2020-02-05T13:31:32
INV000384,CUST000913,fixed_deposit,699190.37,826792.61,2022-04-07T09:25:18,2032-04-04T09:25:18,active,18.25,medium,Darpan Jhaveri,2022-04-07T09:25:18
INV000385,CUST000337,fixed_deposit,108084.05,153781.99,2022-02-07T19:34:00,2025-02-06T19:34:00,active,42.28,low,Lopa Bath,2022-02-07T19:34:00
INV000386,CUST000964,fixed_deposit,1391064.57,1957088.74,2019-03-15T03:17:31,2024-03-13T03:17:31,active,40.69,low,Vasana Grewal,2019-03-15T03:17:31
INV000387,CUST000395,bonds,918144.01,1033279.27,2022-11-09T20:33:58,2030-11-07T20:33:58,matured,12.54,medium,Advik Aggarwal,2022-11-09T20:33:58
INV000388,CUST000810,mutual_fund,924118.22,976146.08,2022-07-02T08:31:43,2027-07-01T08:31:43,matured,5.63,medium,Laksh Nayak,2022-07-02T08:31:43
INV000389,CUST000566,bonds,1008789.78,1379923.54,2020-01-26T14:53:23,2022-01-25T14:53:23,matured,36.79,low,Udarsh Thaman,2020-01-26T14:53:23
INV000390,CUST000521,mutual_fund,897792.82,1123767.27,2023-05-04T05:22:21,2026-05-03T05:22:21,active,25.17,low,Januja Patil,2023-05-04T05:22:21
INV000391,CUST000583,fixed_deposit,1298499.91,1755831.58,2024-07-28T23:50:47,2033-07-26T23:50:47,matured,35.22,low,Vrishti Pai,2024-07-28T23:50:47
INV000392,CUST000035,stocks,561654.28,646407.91,2019-06-13T14:54:52,,redeemed,15.09,medium,Upasna Sethi,2019-06-13T14:54:52
INV000393,CUST000710,mutual_fund,421263.89,462000.11,2024-01-02T02:47:08,2032-12-30T02:47:08,active,9.67,low,Saksham Ghosh,2024-01-02T02:47:08
INV000394,CUST000844,ppf,1357832.42,1230331.96,2023-03-05T08:27:57,2029-03-03T08:27:57,matured,-9.39,low,Bhavna Shanker,2023-03-05T08:27:57
INV000395,CUST000282,ppf,24405.41,27487.81,2023-04-25T05:46:39,2025-04-24T05:46:39,matured,12.63,low,Victor Shankar,2023-04-25T05:46:39
INV000396,CUST000933,fixed_deposit,772630.74,881108.1,2019-01-08T00:02:27,2025-01-06T00:02:27,active,14.04,high,Samesh Arya,2019-01-08T00:02:27
INV000397,CUST000913,mutual_fund,1841219.99,2262675.25,2021-05-28T14:08:53,2024-05-27T14:08:53,active,22.89,medium,Kamya Nair,2021-05-28T14:08:53
INV000398,CUST000583,mutual_fund,122993.16,174957.77,2019-06-09T09:28:56,2022-06-08T09:28:56,redeemed,42.25,medium,Triya Desai,2019-06-09T09:28:56
INV000399,CUST000484,bonds,386661.41,408894.44,2022-08-12T04:02:45,2024-08-11T04:02:45,active,5.75,high,Zayan Rajagopal,2022-08-12T04:02:45
INV000400,CUST000076,stocks,1017571.66,1269013.62,2024-07-24T23:34:16,,matured,24.71,low,Chaitaly Chandra,2024-07-24T23:34:16
INV000401,CUST000450,fixed_deposit,1951898.38,2466809.17,2023-03-17T22:56:07,2033-03-14T22:56:07,active,26.38,high,Kamala Joshi,2023-03-17T22:56:07
INV000402,CUST000510,ppf,670454.06,964917.48,2019-06-04T13:38:38,2025-06-02T13:38:38,matured,43.92,high,Aradhana Saran,2019-06-04T13:38:38
INV000403,CUST000797,mutual_fund,931355.85,1060628.04,2020-01-21T03:37:13,2021-01-20T03:37:13,redeemed,13.88,low,Charan Dhillon,2020-01-21T03:37:13
INV000404,CUST000713,stocks,1627834.14,1643461.35,2023-07-08T16:12:37,,active,0.96,medium,Quincy Shetty,2023-07-08T16:12:37
INV000405,CUST000786,stocks,1259619.77,1499325.41,2024-08-08T10:12:10,,matured,19.03,medium,Udyati Kumer,2024-08-08T10:12:10
INV000406,CUST000414,fixed_deposit,1476984.78,1476984.78,2021-10-08T20:46:10,2031-10-06T20:46:10,active,-0.0,medium,Harshil Babu,2021-10-08T20:46:10
INV000407,CUST000930,fixed_deposit,8150.74,9225.01,2023-07-26T00:30:02,2025-07-25T00:30:02,active,13.18,medium,Agastya Gala,2023-07-26T00:30:02
INV000408,CUST000436,fixed_deposit,1435116.07,1332505.27,2023-02-25T05:45:46,2030-02-23T05:45:46,active,-7.15,high,Falguni Merchant,2023-02-25T05:45:46
INV000409,CUST000080,bonds,526105.93,472758.79,2020-11-03T10:54:09,2030-11-01T10:54:09,redeemed,-10.14,high,Noah Sarna,2020-11-03T10:54:09
INV000410,CUST000542,ppf,994093.83,869732.69,2020-07-31T08:39:56,2025-07-30T08:39:56,active,-12.51,high,Rayaan Shere,2020-07-31T08:39:56
INV000411,CUST000481,fixed_deposit,1517534.2,2112862.87,2020-05-18T06:08:40,2025-05-17T06:08:40,matured,39.23,low,Frado Kakar,2020-05-18T06:08:40
INV000412,CUST000217,bonds,1660269.52,2169308.15,2019-05-08T11:13:46,2028-05-05T11:13:46,active,30.66,medium,Mohammed Krishna,2019-05-08T11:13:46
INV000413,CUST000385,bonds,414400.67,528153.65,2021-01-01T14:39:43,2026-12-31T14:39:43,matured,27.45,medium,Meera Sani,2021-01-01T14:39:43
INV000414,CUST000913,ppf,1685809.82,2063431.22,2019-05-30T11:46:01,2029-05-27T11:46:01,active,22.4,high,Varenya Basak,2019-05-30T11:46:01
INV000415,CUST000958,bonds,944858.88,1141672.98,2024-10-16T17:41:22,2025-10-16T17:41:22,redeemed,20.83,low,Widisha Mallick,2024-10-16T17:41:22
INV000416,CUST000408,stocks,1520394.04,1516136.94,2022-07-11T15:34:29,,redeemed,-0.28,high,Urmi Savant,2022-07-11T15:34:29
INV000417,CUST000690,bonds,1861634.58,1713262.3,2020-01-29T01:26:10,2021-01-28T01:26:10,active,-7.97,low,Oni Khosla,2020-01-29T01:26:10
INV000418,CUST000354,bonds,1050870.12,1111715.5,2020-06-24T21:31:56,2024-06-23T21:31:56,redeemed,5.79,medium,Ucchal Bobal,2020-06-24T21:31:56
INV000419,CUST000909,ppf,1098953.41,1570844.0,2022-05-28T03:00:52,2024-05-27T03:00:52,matured,42.94,low,Ladli Sandal,2022-05-28T03:00:52
INV000420,CUST000897,mutual_fund,1112758.55,1293470.54,2024-05-21T04:00:27,2033-05-19T04:00:27,active,16.24,low,Gayathri Aurora,2024-05-21T04:00:27
INV000421,CUST000104,mutual_fund,1307136.03,1754307.27,2023-01-01T20:05:01,2032-12-29T20:05:01,active,34.21,high,Yochana Rattan,2023-01-01T20:05:01
INV000422,CUST000538,bonds,1575546.91,1729950.51,2020-02-23T23:01:06,2028-02-21T23:01:06,active,9.8,high,Lohit Vaidya,2020-02-23T23:01:06
INV000423,CUST000894,bonds,1582365.54,1692656.42,2023-02-11T15:06:11,2032-02-09T15:06:11,active,6.97,low,Abhimanyu Subramanian,2023-02-11T15:06:11
INV000424,CUST000271,mutual_fund,1305502.24,1826789.28,2020-02-06T05:47:20,2025-02-04T05:47:20,active,39.93,high,Samaksh Shroff,2020-02-06T05:47:20
INV000425,CUST000351,mutual_fund,1753657.83,1570926.68,2019-07-31T10:53:46,2028-07-28T10:53:46,active,-10.42,medium,Ekbal Goswami,2019-07-31T10:53:46
INV000426,CUST000283,bonds,1143092.39,1565465.03,2021-12-13T08:50:17,2022-12-13T08:50:17,active,36.95,high,Vasudha Rastogi,2021-12-13T08:50:17
INV000427,CUST000528,ppf,1231438.73,1506542.14,2019-03-01T00:13:56,2028-02-27T00:13:56,active,22.34,high,Meera Pandey,2019-03-01T00:13:56
INV000428,CUST000809,ppf,1340092.95,1492863.55,2021-08-30T12:35:12,2022-08-30T12:35:12,active,11.4,high,Zashil De,2021-08-30T12:35:12
INV000429,CUST000038,mutual_fund,995528.57,1202100.75,2024-06-24T19:15:56,2029-06-23T19:15:56,redeemed,20.75,medium,Ekansh D’Alia,2024-06-24T19:15:56
INV000430,CUST000690,bonds,1200013.63,1487176.89,2021-07-04T22:17:44,2031-07-02T22:17:44,active,23.93,high,Niharika Basu,2021-07-04T22:17:44
INV000431,CUST000696,stocks,1498830.1,1470801.98,2023-08-17T13:40:18,,matured,-1.87,low,Adweta Kala,2023-08-17T13:40:18
INV000432,CUST000637,ppf,1068821.51,1152617.12,2023-03-26T02:59:26,2031-03-24T02:59:26,active,7.84,medium,Janaki Sule,2023-03-26T02:59:26
INV000433,CUST000034,bonds,1421676.16,1789748.12,2024-03-23T20:20:33,2027-03-23T20:20:33,matured,25.89,low,Qasim Bal,2024-03-23T20:20:33
INV000434,CUST000028,mutual_fund,1062579.04,1441600.98,2022-10-27T06:05:35,2024-10-26T06:05:35,active,35.67,medium,Ayaan Basu,2022-10-27T06:05:35
INV000435,CUST000260,bonds,436353.17,595403.9,2020-04-12T14:09:34,2028-04-10T14:09:34,active,36.45,low,Raksha Lad,2020-04-12T14:09:34
INV000436,CUST000631,mutual_fund,76373.27,77946.56,2022-07-16T21:05:03,2028-07-14T21:05:03,active,2.06,high,Yug Chada,2022-07-16T21:05:03
INV000437,CUST000798,bonds,223836.06,271155.0,2020-05-11T12:31:04,2024-05-10T12:31:04,active,21.14,low,Qushi Rama,2020-05-11T12:31:04
INV000438,CUST000808,fixed_deposit,1365693.51,1881789.09,2023-12-13T02:55:31,2027-12-12T02:55:31,redeemed,37.79,low,Ganga Mannan,2023-12-13T02:55:31
INV000439,CUST000001,mutual_fund,1194515.61,1116752.64,2023-08-26T21:01:14,2031-08-24T21:01:14,redeemed,-6.51,high,Jagat Yogi,2023-08-26T21:01:14
INV000440,CUST000268,mutual_fund,1197909.13,1723192.28,2023-09-06T14:05:29,2030-09-04T14:05:29,redeemed,43.85,low,Ekansh Baria,2023-09-06T14:05:29
INV000441,CUST000366,stocks,810921.82,969213.76,2020-08-19T09:29:59,,redeemed,19.52,high,Janaki Ramaswamy,2020-08-19T09:29:59
INV000442,CUST000464,stocks,645585.84,747330.17,2023-03-16T13:22:24,,redeemed,15.76,low,Mitesh Bora,2023-03-16T13:22:24
INV000443,CUST000687,stocks,683330.04,745103.08,2024-04-07T21:55:36,,redeemed,9.04,medium,Theodore Prasad,2024-04-07T21:55:36
INV000444,CUST000350,fixed_deposit,164959.44,225235.62,2024-12-05T04:39:04,2025-12-05T04:39:04,redeemed,36.54,medium,Laban Mutti,2024-12-05T04:39:04
INV000445,CUST000579,fixed_deposit,440274.22,528989.48,2021-05-07T11:31:31,2028-05-05T11:31:31,active,20.15,high,Qasim Aggarwal,2021-05-07T11:31:31
INV000446,CUST000320,stocks,1534596.55,1547794.08,2021-05-15T09:12:28,,redeemed,0.86,low,Rishi Sane,2021-05-15T09:12:28
INV000447,CUST000534,mutual_fund,856682.77,906456.04,2022-12-14T14:03:34,2023-12-14T14:03:34,matured,5.81,medium,Vincent Kothari,2022-12-14T14:03:34
INV000448,CUST000830,stocks,1229280.14,1616503.38,2022-12-30T13:19:42,,matured,31.5,medium,Fiyaz Kuruvilla,2022-12-30T13:19:42
INV000449,CUST000375,ppf,912420.43,1081400.69,2023-01-31T11:45:49,2025-01-30T11:45:49,matured,18.52,high,Frederick Jha,2023-01-31T11:45:49
INV000450,CUST000458,bonds,150042.08,198460.66,2021-08-04T10:11:54,2025-08-03T10:11:54,active,32.27,medium,Mitesh Patla,2021-08-04T10:11:54
INV000451,CUST000498,fixed_deposit,691506.9,825797.54,2019-12-04T10:12:06,2024-12-02T10:12:06,matured,19.42,medium,Elijah Raja,2019-12-04T10:12:06
INV000452,CUST000883,mutual_fund,1599092.95,1363866.38,2020-06-25T09:46:27,2024-06-24T09:46:27,redeemed,-14.71,low,Chaman Dora,2020-06-25T09:46:27
INV000453,CUST000413,fixed_deposit,492035.28,553736.5,2019-02-02T07:23:57,2027-01-31T07:23:57,active,12.54,low,Bhavani Dalal,2019-02-02T07:23:57
INV000454,CUST000964,stocks,866832.46,1203163.45,2022-05-18T16:23:39,,active,38.8,low,Tara Misra,2022-05-18T16:23:39
INV000455,CUST000428,bonds,355597.91,381129.84,2022-12-25T06:47:40,2029-12-23T06:47:40,active,7.18,medium,Isha Ratti,2022-12-25T06:47:40
INV000456,CUST000810,mutual_fund,1945698.85,2466757.0,2021-01-21T00:39:24,2031-01-19T00:39:24,matured,26.78,medium,Bhavini Comar,2021-01-21T00:39:24
INV000457,CUST000203,fixed_deposit,434015.52,612482.7,2020-12-08T15:57:15,2022-12-08T15:57:15,redeemed,41.12,low,Ekta Ranganathan,2020-12-08T15:57:15
INV000458,CUST000135,mutual_fund,949884.22,1308085.56,2020-04-07T10:33:11,2023-04-07T10:33:11,matured,37.71,high,Arya Yadav,2020-04-07T10:33:11
INV000459,CUST000862,bonds,618699.35,681992.29,2021-10-21T00:31:29,2025-10-20T00:31:29,redeemed,10.23,high,Ishanvi Vig,2021-10-21T00:31:29
INV000460,CUST000825,mutual_fund,1526382.44,1322305.11,2024-06-04T13:53:05,2034-06-02T13:53:05,active,-13.37,medium,Lipika Dhillon,2024-06-04T13:53:05
INV000461,CUST000142,mutual_fund,264392.39,337153.18,2023-11-29T02:42:57,2025-11-28T02:42:57,redeemed,27.52,medium,Ronith Varghese,2023-11-29T02:42:57
INV000462,CUST000161,fixed_deposit,806835.1,1016612.23,2020-11-24T06:14:06,2028-11-22T06:14:06,matured,26.0,medium,Patrick Atwal,2020-11-24T06:14:06
INV000463,CUST000102,fixed_deposit,1846797.99,1738390.95,2022-12-13T16:22:46,2026-12-12T16:22:46,active,-5.87,low,Udarsh Vasa,2022-12-13T16:22:46
INV000464,CUST000675,mutual_fund,81990.89,115107.01,2021-04-05T20:42:21,2024-04-04T20:42:21,matured,40.39,low,William Bandi,2021-04-05T20:42:21
INV000465,CUST000276,mutual_fund,1375536.94,1472924.96,2023-02-17T18:11:44,2028-02-16T18:11:44,matured,7.08,low,Daniel Srinivasan,2023-02-17T18:11:44
INV000466,CUST000384,fixed_deposit,1480222.26,1327759.37,2023-08-02T11:11:42,2026-08-01T11:11:42,matured,-10.3,low,Ojas Parmar,2023-08-02T11:11:42
INV000467,CUST000973,ppf,690271.6,994888.46,2023-10-25T19:13:20,2028-10-23T19:13:20,redeemed,44.13,high,Upma Sandhu,2023-10-25T19:13:20
INV000468,CUST000794,bonds,1791629.36,1751138.54,2021-05-19T14:18:05,2023-05-19T14:18:05,active,-2.26,low,Samaksh Goel,2021-05-19T14:18:05
INV000469,CUST000596,fixed_deposit,1666906.56,2202983.71,2020-12-24T04:36:37,2027-12-23T04:36:37,active,32.16,medium,Gauri Kibe,2020-12-24T04:36:37
INV000470,CUST000131,stocks,371057.92,395139.58,2021-07-30T07:14:47,,active,6.49,medium,Thomas Garde,2021-07-30T07:14:47
INV000471,CUST000994,bonds,1374551.69,1882585.99,2022-06-10T14:12:45,2032-06-07T14:12:45,active,36.96,medium,Advaith Sankaran,2022-06-10T14:12:45
INV000472,CUST000371,ppf,1442751.59,1768669.17,2019-09-20T10:08:00,2024-09-18T10:08:00,redeemed,22.59,low,Balhaar Ahuja,2019-09-20T10:08:00
INV000473,CUST000460,fixed_deposit,1923026.94,2093407.13,2021-03-26T22:31:16,2027-03-25T22:31:16,matured,8.86,medium,Gopal Sunder,2021-03-26T22:31:16
INV000474,CUST000731,mutual_fund,1806947.87,2618809.55,2023-08-15T22:46:40,2028-08-13T22:46:40,active,44.93,high,Hemal Batta,2023-08-15T22:46:40
INV000475,CUST000226,fixed_deposit,164147.88,143547.32,2021-06-19T08:31:24,2025-06-18T08:31:24,matured,-12.55,medium,Jagrati Shenoy,2021-06-19T08:31:24
INV000476,CUST000481,stocks,66282.63,59508.55,2022-12-21T16:39:04,,active,-10.22,medium,Upadhriti Dara,2022-12-21T16:39:04
INV000477,CUST000034,mutual_fund,1617071.04,2237217.78,2021-04-01T20:52:40,2031-03-30T20:52:40,matured,38.35,low,Madhavi Bahl,2021-04-01T20:52:40
INV000478,CUST000096,bonds,1746049.8,1651413.9,2021-01-25T16:02:23,2027-01-24T16:02:23,active,-5.42,medium,Parth Sarkar,2021-01-25T16:02:23
INV000479,CUST000476,ppf,1782823.89,2384170.39,2021-02-10T03:49:32,2031-02-08T03:49:32,redeemed,33.73,medium,Ucchal Rau,2021-02-10T03:49:32
INV000480,CUST000902,stocks,384227.03,410585.0,2019-02-28T08:53:52,,active,6.86,medium,Tanmayi Boase,2019-02-28T08:53:52
INV000481,CUST000834,mutual_fund,464698.28,572322.4,2022-04-14T20:51:44,2031-04-12T20:51:44,active,23.16,high,Charita Agate,2022-04-14T20:51:44
INV000482,CUST000910,stocks,1616341.04,2215357.03,2019-10-15T00:49:32,,active,37.06,low,Orinder Grover,2019-10-15T00:49:32
INV000483,CUST000413,fixed_deposit,345435.83,323707.92,2024-05-12T18:49:45,2032-05-10T18:49:45,matured,-6.29,high,Chavvi Deo,2024-05-12T18:49:45
INV000484,CUST000983,stocks,1587070.77,2031450.59,2024-10-20T06:53:01,,active,28.0,high,Udant Devan,2024-10-20T06:53:01
INV000485,CUST000287,bonds,1790559.45,1739170.39,2022-06-21T00:24:23,2026-06-20T00:24:23,active,-2.87,medium,Aarini Mahajan,2022-06-21T00:24:23
INV000486,CUST000689,stocks,1093605.81,1241789.4,2021-09-01T13:08:12,,redeemed,13.55,medium,Tanmayi Samra,2021-09-01T13:08:12
INV000487,CUST000936,ppf,72116.5,78441.12,2022-02-28T15:49:58,2024-02-28T15:49:58,active,8.77,medium,Omaja Misra,2022-02-28T15:49:58
INV000488,CUST000914,mutual_fund,24449.23,27370.91,2023-02-05T07:41:20,2027-02-04T07:41:20,redeemed,11.95,low,Vasatika Bala,2023-02-05T07:41:20
INV000489,CUST000626,mutual_fund,397189.16,480916.63,2020-05-27T04:57:02,2021-05-27T04:57:02,active,21.08,medium,Dhriti Toor,2020-05-27T04:57:02
INV000490,CUST000114,bonds,1876666.47,1733852.15,2019-10-11T06:17:09,2022-10-10T06:17:09,matured,-7.61,medium,Diya Kalla,2019-10-11T06:17:09
INV000491,CUST000720,fixed_deposit,201669.9,240935.03,2023-11-03T15:19:21,2024-11-02T15:19:21,matured,19.47,low,Yasti Taneja,2023-11-03T15:19:21
INV000492,CUST000564,fixed_deposit,1905296.41,2159653.48,2024-06-20T01:07:14,2033-06-18T01:07:14,matured,13.35,high,Ria Morar,2024-06-20T01:07:14
INV000493,CUST000403,ppf,513516.64,665466.21,2019-05-31T05:49:26,2024-05-29T05:49:26,active,29.59,low,Ishaan Misra,2019-05-31T05:49:26
INV000494,CUST000614,fixed_deposit,1618702.9,1629224.47,2023-03-10T02:57:17,2024-03-09T02:57:17,redeemed,0.65,medium,Manbir Magar,2023-03-10T02:57:17
INV000495,CUST000736,stocks,1896686.46,1931206.15,2022-12-02T22:53:34,,active,1.82,low,Vritti Mody,2022-12-02T22:53:34
INV000496,CUST000511,ppf,790865.96,948406.46,2020-09-13T21:42:37,2023-09-13T21:42:37,active,19.92,low,Finn Issac,2020-09-13T21:42:37
INV000497,CUST000724,ppf,1019108.7,1308331.75,2021-09-20T04:40:38,2029-09-18T04:40:38,active,28.38,medium,Bakhshi Bhagat,2021-09-20T04:40:38
INV000498,CUST000938,bonds,912742.08,1107703.79,2020-08-13T19:24:05,2025-08-12T19:24:05,active,21.36,medium,Tripti Sama,2020-08-13T19:24:05
INV000499,CUST000701,stocks,1154701.66,1341878.8,2019-03-15T03:55:09,,active,16.21,medium,Dalbir Seth,2019-03-15T03:55:09
INV000500,CUST000217,bonds,1328916.84,1643471.46,2024-07-05T07:13:48,2026-07-05T07:13:48,redeemed,23.67,low,Dipta Patel,2024-07-05T07:13:48
INV000501,CUST000800,stocks,29952.25,30584.24,2022-06-21T12:29:05,,active,2.11,high,Patrick Dugar,2022-06-21T12:29:05
INV000502,CUST000785,bonds,1898790.47,2040820.0,2019-08-11T20:42:45,2020-08-10T20:42:45,active,7.48,medium,Harsh Ben,2019-08-11T20:42:45
INV000503,CUST000110,stocks,1662007.63,1579405.85,2021-02-11T15:01:05,,active,-4.97,low,Hitesh Hari,2021-02-11T15:01:05
INV000504,CUST000188,ppf,1906405.41,2537234.96,2023-12-05T16:59:07,2027-12-04T16:59:07,active,33.09,medium,Udyati Mane,2023-12-05T16:59:07
INV000505,CUST000507,mutual_fund,1529663.1,2213422.51,2021-07-18T12:02:25,2026-07-17T12:02:25,active,44.7,high,Gaurika Chhabra,2021-07-18T12:02:25
INV000506,CUST000023,stocks,62619.43,63571.25,2022-10-08T20:05:18,,active,1.52,low,Sneha Dhar,2022-10-08T20:05:18
INV000507,CUST000289,ppf,1355640.16,1946157.01,2023-12-03T02:50:17,2032-11-30T02:50:17,active,43.56,medium,Abdul Yadav,2023-12-03T02:50:17
INV000508,CUST000953,ppf,1416333.59,1641389.0,2024-09-07T01:07:57,2026-09-07T01:07:57,active,15.89,medium,Prisha Tara,2024-09-07T01:07:57
INV000509,CUST000529,ppf,1477843.29,1478730.0,2022-05-28T20:47:34,2027-05-27T20:47:34,active,0.06,high,Oeshi Bhavsar,2022-05-28T20:47:34
INV000510,CUST000009,stocks,1236564.83,1314344.76,2021-11-15T23:15:31,,active,6.29,medium,Kavya Raman,2021-11-15T23:15:31
INV000511,CUST000414,bonds,424219.88,528450.7,2024-02-11T12:04:57,2029-02-09T12:04:57,active,24.57,medium,Ekantika Sunder,2024-02-11T12:04:57
INV000512,CUST000677,stocks,1030096.19,1152471.62,2019-09-24T23:34:33,,matured,11.88,high,Mohammed Balan,2019-09-24T23:34:33
INV000513,CUST000827,fixed_deposit,970365.19,1397131.8,2024-10-01T16:17:02,2031-09-30T16:17:02,active,43.98,high,Luke Mistry,2024-10-01T16:17:02
INV000514,CUST000920,fixed_deposit,36160.58,37881.82,2019-04-15T00:53:21,2029-04-12T00:53:21,matured,4.76,medium,Balvan Tank,2019-04-15T00:53:21
INV000515,CUST000077,stocks,793310.0,1080488.22,2021-07-14T09:11:27,,active,36.2,low,Victor Boase,2021-07-14T09:11:27
INV000516,CUST000460,ppf,1561599.44,1804584.31,2022-06-15T18:40:10,2028-06-13T18:40:10,active,15.56,low,Quincy Rau,2022-06-15T18:40:10
INV000517,CUST000041,ppf,474137.38,615430.32,2023-05-24T05:08:56,2028-05-22T05:08:56,active,29.8,medium,Kabir Seth,2023-05-24T05:08:56
INV000518,CUST000343,bonds,277841.47,322796.22,2021-04-28T01:41:10,2027-04-27T01:41:10,active,16.18,medium,Diya Dixit,2021-04-28T01:41:10
INV000519,CUST000448,fixed_deposit,880644.33,967828.12,2024-05-24T14:02:25,2030-05-23T14:02:25,matured,9.9,low,Kavya Buch,2024-05-24T14:02:25
INV000520,CUST000701,ppf,1588400.95,1456087.15,2022-03-22T10:00:32,2029-03-20T10:00:32,active,-8.33,low,Megha Vaidya,2022-03-22T10:00:32
INV000521,CUST000067,fixed_deposit,1765256.37,1655810.48,2022-12-23T06:17:47,2024-12-22T06:17:47,active,-6.2,medium,Lekha Singhal,2022-12-23T06:17:47
INV000522,CUST000992,fixed_deposit,1742645.67,1494318.66,2019-02-23T20:43:46,2022-02-22T20:43:46,active,-14.25,medium,Rachit Sule,2019-02-23T20:43:46
INV000523,CUST000537,stocks,836685.56,1202819.16,2023-06-18T05:27:52,,active,43.76,high,Darika Malhotra,2023-06-18T05:27:52
INV000524,CUST000084,ppf,518846.6,586452.31,2023-06-23T08:16:33,2030-06-21T08:16:33,matured,13.03,medium,Gagan Ray,2023-06-23T08:16:33
INV000525,CUST000795,mutual_fund,208722.23,246083.51,2022-11-25T08:43:12,2028-11-23T08:43:12,redeemed,17.9,medium,Upkaar Dua,2022-11-25T08:43:12
INV000526,CUST000584,ppf,858467.55,1239541.3,2022-07-31T16:42:18,2027-07-30T16:42:18,matured,44.39,high,Jacob Kale,2022-07-31T16:42:18
INV000527,CUST000089,fixed_deposit,1072529.34,936639.87,2020-11-25T06:56:08,2025-11-24T06:56:08,active,-12.67,low,Ishanvi Ramanathan,2020-11-25T06:56:08
INV000528,CUST000103,mutual_fund,1541054.15,1966539.2,2022-10-15T21:23:06,2031-10-13T21:23:06,matured,27.61,low,Niharika Pai,2022-10-15T21:23:06
INV000529,CUST000945,bonds,1430353.96,1817836.85,2023-09-17T01:11:47,2031-09-15T01:11:47,matured,27.09,low,Aayush Arora,2023-09-17T01:11:47
INV000530,CUST000494,bonds,1366388.53,1495102.33,2020-07-12T06:35:10,2021-07-12T06:35:10,active,9.42,low,Gopal Balasubramanian,2020-07-12T06:35:10
INV000531,CUST000323,stocks,60104.99,79993.73,2024-06-29T09:14:23,,active,33.09,low,Liam Gaba,2024-06-29T09:14:23
INV000532,CUST000073,fixed_deposit,1379895.9,1845748.76,2019-08-14T20:20:24,2027-08-12T20:20:24,active,33.76,low,Patrick Shetty,2019-08-14T20:20:24
INV000533,CUST000826,ppf,1244741.32,1618163.72,2023-04-22T22:22:29,2033-04-19T22:22:29,matured,30.0,medium,Vivaan Thakkar,2023-04-22T22:22:29
INV000534,CUST000449,bonds,279116.1,366311.97,2024-02-28T07:02:38,2032-02-26T07:02:38,redeemed,31.24,medium,Indrajit Sidhu,2024-02-28T07:02:38
INV000535,CUST000192,ppf,1603042.13,1385509.31,2020-02-15T00:57:21,2024-02-14T00:57:21,active,-13.57,high,Shravya Comar,2020-02-15T00:57:21
INV000536,CUST000704,ppf,1034004.22,1108142.32,2021-05-07T01:36:42,2026-05-06T01:36:42,active,7.17,low,Farhan Dayal,2021-05-07T01:36:42
INV000537,CUST000024,stocks,1679296.6,2156888.55,2020-11-27T13:04:05,,matured,28.44,low,Faris Bhakta,2020-11-27T13:04:05
INV000538,CUST000529,fixed_deposit,1121031.37,1141322.04,2019-11-14T08:07:36,2020-11-13T08:07:36,matured,1.81,low,Abhiram Sem,2019-11-14T08:07:36
INV000539,CUST000397,stocks,1358445.28,1522953.0,2023-06-10T23:41:19,,redeemed,12.11,medium,Tripti Majumdar,2023-06-10T23:41:19
INV000540,CUST000931,stocks,598593.65,595899.98,2022-10-18T08:59:55,,active,-0.45,low,Ucchal Balasubramanian,2022-10-18T08:59:55
INV000541,CUST000002,bonds,1748660.51,2464212.39,2021-05-02T10:26:27,2027-05-01T10:26:27,active,40.92,low,Umang Dhaliwal,2021-05-02T10:26:27
INV000542,CUST000476,mutual_fund,1926845.73,2595268.51,2021-02-04T12:41:09,2025-02-03T12:41:09,active,34.69,low,Alka Zachariah,2021-02-04T12:41:09
INV000543,CUST000187,mutual_fund,259990.57,280295.83,2021-04-15T01:26:05,2026-04-14T01:26:05,matured,7.81,medium,Onkar Korpal,2021-04-15T01:26:05
INV000544,CUST000060,ppf,528084.01,651074.78,2020-06-29T23:34:27,2027-06-28T23:34:27,redeemed,23.29,medium,Chameli Tank,2020-06-29T23:34:27
INV000545,CUST000390,fixed_deposit,1639666.03,2049418.57,2020-12-21T21:14:51,2026-12-20T21:14:51,matured,24.99,high,Amrita Acharya,2020-12-21T21:14:51
INV000546,CUST000789,mutual_fund,1482007.95,1440808.13,2021-01-19T11:08:49,2025-01-18T11:08:49,redeemed,-2.78,low,Atharv Varma,2021-01-19T11:08:49
INV000547,CUST000275,ppf,1412988.73,1960239.27,2024-08-08T23:55:19,2028-08-07T23:55:19,active,38.73,medium,Hema Ramachandran,2024-08-08T23:55:19
INV000548,CUST000475,ppf,496503.55,696346.23,2021-03-09T03:27:46,2029-03-07T03:27:46,active,40.25,low,Warda Date,2021-03-09T03:27:46
INV000549,CUST000748,mutual_fund,1700249.98,2166628.55,2024-08-29T09:06:57,2034-08-27T09:06:57,active,27.43,high,Vritti Tandon,2024-08-29T09:06:57
INV000550,CUST000718,bonds,1719352.93,1772480.94,2021-08-12T11:29:27,2031-08-10T11:29:27,redeemed,3.09,medium,Qabil Behl,2021-08-12T11:29:27
INV000551,CUST000812,bonds,1982723.64,2132419.27,2022-03-29T00:16:40,2027-03-28T00:16:40,matured,7.55,medium,Upma Patla,2022-03-29T00:16:40
INV000552,CUST000404,mutual_fund,224734.03,274647.46,2024-12-25T06:39:19,2029-12-24T06:39:19,matured,22.21,medium,Zehaan Viswanathan,2024-12-25T06:39:19
INV000553,CUST000973,mutual_fund,514278.68,534798.4,2024-12-12T18:55:31,2029-12-11T18:55:31,active,3.99,high,Mason Ray,2024-12-12T18:55:31
INV000554,CUST000945,bonds,253247.33,341402.73,2019-07-01T05:39:38,2025-06-29T05:39:38,redeemed,34.81,low,Bakhshi Madan,2019-07-01T05:39:38
INV000555,CUST000277,fixed_deposit,847557.83,924431.33,2019-01-04T18:36:03,2020-01-04T18:36:03,active,9.07,high,Pavani Anand,2019-01-04T18:36:03
INV000556,CUST000885,ppf,1303996.98,1345464.08,2023-02-28T12:24:36,2025-02-27T12:24:36,matured,3.18,medium,Priya Buch,2023-02-28T12:24:36
INV000557,CUST000003,mutual_fund,991161.85,1337672.03,2019-08-13T07:55:39,2026-08-11T07:55:39,redeemed,34.96,high,Tanay Kant,2019-08-13T07:55:39
INV000558,CUST000789,fixed_deposit,910355.12,910810.3,2023-02-07T04:28:29,2026-02-06T04:28:29,active,0.05,medium,Idika Jani,2023-02-07T04:28:29
INV000559,CUST000071,fixed_deposit,1161651.11,1527455.04,2022-12-16T18:30:54,2031-12-14T18:30:54,redeemed,31.49,high,Gautam Rama,2022-12-16T18:30:54
INV000560,CUST000889,fixed_deposit,1590194.08,2158688.46,2020-08-27T02:48:35,2028-08-25T02:48:35,active,35.75,low,Vaishnavi Dube,2020-08-27T02:48:35
INV000561,CUST000849,ppf,593394.5,640332.0,2024-12-12T17:07:53,2033-12-10T17:07:53,active,7.91,high,Praneel Bumb,2024-12-12T17:07:53
INV000562,CUST000989,stocks,1700888.52,2428868.81,2019-01-19T17:21:54,,matured,42.8,high,Damini Mohan,2019-01-19T17:21:54
INV000563,CUST000436,stocks,1627959.05,1845617.17,2022-10-19T01:54:00,,active,13.37,high,Aachal Choudhry,2022-10-19T01:54:00
INV000564,CUST000049,fixed_deposit,361379.2,455663.03,2023-03-07T21:16:53,2029-03-05T21:16:53,matured,26.09,medium,Netra Konda,2023-03-07T21:16:53
INV000565,CUST000437,fixed_deposit,73361.43,69363.23,2023-06-28T16:22:58,2030-06-26T16:22:58,matured,-5.45,low,Amrita Kumer,2023-06-28T16:22:58
INV000566,CUST000671,fixed_deposit,1495666.51,2058186.68,2022-10-24T09:56:46,2027-10-23T09:56:46,active,37.61,low,Lipika Bumb,2022-10-24T09:56:46
INV000567,CUST000635,stocks,1447105.81,1723792.44,2023-09-11T10:03:10,,matured,19.12,low,Anirudh Sankar,2023-09-11T10:03:10
INV000568,CUST000159,mutual_fund,75681.38,87866.08,2024-12-13T00:12:59,2027-12-13T00:12:59,matured,16.1,medium,Champak Suri,2024-12-13T00:12:59
INV000569,CUST000315,fixed_deposit,1184602.5,1430762.9,2023-11-18T14:47:08,2025-11-17T14:47:08,active,20.78,low,Krish Bhavsar,2023-11-18T14:47:08
INV000570,CUST000687,stocks,1229013.06,1072068.09,2023-05-01T00:53:50,,active,-12.77,low,Atharv Sarin,2023-05-01T00:53:50
INV000571,CUST000872,fixed_deposit,605208.36,750337.32,2022-06-23T16:19:25,2023-06-23T16:19:25,active,23.98,low,Mohini Jayaraman,2022-06-23T16:19:25
INV000572,CUST000238,fixed_deposit,1668352.94,2337696.14,2023-11-08T02:02:27,2032-11-05T02:02:27,active,40.12,medium,Nimrat Loke,2023-11-08T02:02:27
INV000573,CUST000750,bonds,187982.86,253814.46,2023-08-17T03:24:20,2031-08-15T03:24:20,active,35.02,medium,Niharika Sant,2023-08-17T03:24:20
INV000574,CUST000749,mutual_fund,900274.51,948259.14,2021-08-11T03:54:09,2025-08-10T03:54:09,active,5.33,medium,Lucky Andra,2021-08-11T03:54:09
INV000575,CUST000963,mutual_fund,1853040.55,2228651.87,2021-09-07T19:41:53,2027-09-06T19:41:53,active,20.27,medium,Leena Behl,2021-09-07T19:41:53
INV000576,CUST000046,ppf,1141362.47,1609435.22,2020-07-24T05:48:38,2030-07-22T05:48:38,active,41.01,low,Om Warrior,2020-07-24T05:48:38
INV000577,CUST000669,bonds,732190.68,769898.5,2023-02-22T00:05:29,2032-02-20T00:05:29,matured,5.15,low,Yagnesh Ghose,2023-02-22T00:05:29
INV000578,CUST000088,bonds,556383.42,539191.17,2022-06-14T17:25:53,2031-06-12T17:25:53,active,-3.09,medium,Dhruv Dhingra,2022-06-14T17:25:53
INV000579,CUST000563,bonds,636252.46,629635.43,2019-05-01T06:37:23,2028-04-28T06:37:23,active,-1.04,high,Tanveer Khurana,2019-05-01T06:37:23
INV000580,CUST000439,bonds,976540.48,928690.0,2022-07-09T21:19:13,2027-07-08T21:19:13,active,-4.9,low,Ishaan Sawhney,2022-07-09T21:19:13
INV000581,CUST000841,stocks,1821682.56,2342683.77,2019-01-23T10:13:11,,active,28.6,high,Dhriti Majumdar,2019-01-23T10:13:11
INV000582,CUST000709,stocks,575357.06,821782.49,2019-12-06T09:16:11,,active,42.83,medium,Nirja Bhagat,2019-12-06T09:16:11
INV000583,CUST000881,mutual_fund,309489.73,384540.99,2023-05-30T05:22:48,2025-05-29T05:22:48,active,24.25,medium,Irya Rattan,2023-05-30T05:22:48
INV000584,CUST000483,ppf,1579378.46,1745529.07,2022-11-02T15:13:26,2024-11-01T15:13:26,active,10.52,low,Victor Sem,2022-11-02T15:13:26
INV000585,CUST000266,mutual_fund,1276622.42,1578415.96,2020-01-13T16:16:03,2023-01-12T16:16:03,active,23.64,medium,Harish Majumdar,2020-01-13T16:16:03
INV000586,CUST000302,fixed_deposit,176868.46,255115.07,2022-07-12T08:55:10,2027-07-11T08:55:10,active,44.24,low,Bakhshi Tak,2022-07-12T08:55:10
INV000587,CUST000103,stocks,1811728.81,2597294.42,2023-01-31T13:19:01,,active,43.36,low,Zehaan Sandhu,2023-01-31T13:19:01
INV000588,CUST000747,ppf,380350.8,433067.42,2021-08-02T20:26:18,2031-07-31T20:26:18,redeemed,13.86,medium,Kritika Viswanathan,2021-08-02T20:26:18
INV000589,CUST000638,fixed_deposit,1356743.71,1473152.32,2021-05-23T07:45:46,2025-05-22T07:45:46,redeemed,8.58,medium,Yauvani Parsa,2021-05-23T07:45:46
INV000590,CUST000779,stocks,685932.49,802060.86,2020-08-25T23:39:46,,redeemed,16.93,low,Harini Raghavan,2020-08-25T23:39:46
INV000591,CUST000738,ppf,1757967.17,1911789.3,2022-09-12T00:19:40,2032-09-09T00:19:40,active,8.75,medium,Tripti Issac,2022-09-12T00:19:40
INV000592,CUST000816,stocks,638058.27,617959.43,2022-07-17T05:54:26,,active,-3.15,medium,Mohini Sha,2022-07-17T05:54:26
INV000593,CUST000724,ppf,990146.74,1393631.54,2020-10-18T20:47:23,2025-10-17T20:47:23,redeemed,40.75,medium,Wazir Jain,2020-10-18T20:47:23
INV000594,CUST000045,bonds,1085463.31,1568711.58,2023-04-08T22:38:03,2026-04-07T22:38:03,matured,44.52,high,Kiaan Dewan,2023-04-08T22:38:03
INV000595,CUST000641,ppf,1675934.76,2035757.95,2020-06-23T20:29:19,2029-06-21T20:29:19,redeemed,21.47,low,Chaitanya Mahajan,2020-06-23T20:29:19
INV000596,CUST000216,stocks,1286810.04,1418193.35,2020-12-27T14:39:38,,matured,10.21,low,Ojasvi Sharma,2020-12-27T14:39:38
INV000597,CUST000138,bonds,1909484.3,2132321.12,2021-09-18T11:39:46,2027-09-17T11:39:46,matured,11.67,medium,Vasana Tara,2021-09-18T11:39:46
INV000598,CUST000830,bonds,1217042.35,1064790.35,2020-03-19T13:50:22,2027-03-18T13:50:22,active,-12.51,medium,William Mani,2020-03-19T13:50:22
INV000599,CUST000606,ppf,1719334.67,1633367.94,2020-12-21T09:11:44,2022-12-21T09:11:44,active,-5.0,high,Vedika Nayar,2020-12-21T09:11:44
INV000600,CUST000782,stocks,97241.58,113237.82,2019-03-15T10:59:19,,active,16.45,low,Lucky Jain,2019-03-15T10:59:19
INV000601,CUST000060,stocks,1125174.49,1463852.01,2020-12-16T05:10:58,,matured,30.1,low,Manya Parikh,2020-12-16T05:10:58
INV000602,CUST000701,bonds,7296.54,7851.81,2020-10-05T19:23:20,2027-10-04T19:23:20,matured,7.61,medium,Pooja Dutt,2020-10-05T19:23:20
INV000603,CUST000866,ppf,1973769.8,2071668.78,2022-12-25T22:06:29,2025-12-24T22:06:29,matured,4.96,high,Vinaya Dugal,2022-12-25T22:06:29
INV000604,CUST000373,mutual_fund,1462902.44,1547019.33,2021-02-05T12:00:46,2025-02-04T12:00:46,redeemed,5.75,low,Mahika Seshadri,2021-02-05T12:00:46
INV000605,CUST000156,stocks,79291.94,72108.09,2020-06-19T02:53:04,,matured,-9.06,medium,Ansh Jain,2020-06-19T02:53:04
INV000606,CUST000864,ppf,839654.25,1201965.06,2021-09-10T02:31:31,2030-09-08T02:31:31,active,43.15,medium,Thomas Raval,2021-09-10T02:31:31
INV000607,CUST000418,bonds,362334.52,368892.77,2019-06-16T18:23:59,2024-06-14T18:23:59,active,1.81,low,Eta Suri,2019-06-16T18:23:59
INV000608,CUST000849,ppf,509173.95,560600.52,2021-04-25T08:13:38,2023-04-25T08:13:38,active,10.1,high,Shivani Panchal,2021-04-25T08:13:38
INV000609,CUST000970,stocks,1618622.15,1588515.78,2024-11-20T14:54:19,,active,-1.86,medium,Aradhana Kaur,2024-11-20T14:54:19
INV000610,CUST000869,fixed_deposit,1037352.68,1322209.73,2019-09-10T18:13:46,2023-09-09T18:13:46,redeemed,27.46,medium,Advik Prasad,2019-09-10T18:13:46
INV000611,CUST000218,fixed_deposit,1622621.55,2076793.32,2022-07-29T08:20:42,2023-07-29T08:20:42,matured,27.99,medium,Jasmit Sahota,2022-07-29T08:20:42
INV000612,CUST000027,mutual_fund,782102.63,939461.68,2024-04-04T04:37:29,2033-04-02T04:37:29,matured,20.12,low,Devansh Gupta,2024-04-04T04:37:29
INV000613,CUST000291,stocks,1728700.98,2191647.1,2023-08-05T01:55:48,,active,26.78,low,Kevin Naik,2023-08-05T01:55:48
INV000614,CUST000086,bonds,1926141.19,2249347.68,2019-01-30T22:21:06,2023-01-29T22:21:06,active,16.78,low,Jalsa Om,2019-01-30T22:21:06
INV000615,CUST000090,stocks,1987248.61,2271425.16,2024-12-24T15:36:41,,active,14.3,high,Naveen Bhargava,2024-12-24T15:36:41
INV000616,CUST000717,bonds,1446816.84,1327454.45,2021-08-02T20:16:23,2030-07-31T20:16:23,active,-8.25,medium,Omkaar Bumb,2021-08-02T20:16:23
INV000617,CUST000665,ppf,17763.21,18749.07,2022-02-15T07:59:26,2024-02-15T07:59:26,matured,5.55,low,Januja Sama,2022-02-15T07:59:26
INV000618,CUST000610,fixed_deposit,685296.7,892736.01,2021-07-11T15:23:40,2024-07-10T15:23:40,redeemed,30.27,medium,Ryan Parikh,2021-07-11T15:23:40
INV000619,CUST000859,ppf,1876148.65,2639928.77,2020-04-18T00:23:47,2026-04-17T00:23:47,active,40.71,low,Vedhika Thakkar,2020-04-18T00:23:47
INV000620,CUST000298,ppf,1162422.77,1164747.62,2021-08-14T21:39:22,2027-08-13T21:39:22,matured,0.2,medium,Yatin Bhalla,2021-08-14T21:39:22
INV000621,CUST000590,stocks,893574.15,1211775.9,2020-06-02T15:49:27,,active,35.61,low,Xalak Vala,2020-06-02T15:49:27
INV000622,CUST000762,bonds,359256.78,393601.73,2023-12-17T06:19:47,2032-12-14T06:19:47,active,9.56,medium,Nakul Varghese,2023-12-17T06:19:47
INV000623,CUST000050,mutual_fund,666168.68,618404.39,2020-05-30T10:16:17,2021-05-30T10:16:17,matured,-7.17,medium,Yahvi Devi,2020-05-30T10:16:17
INV000624,CUST000384,ppf,325524.39,373962.42,2020-02-05T08:48:23,2029-02-02T08:48:23,active,14.88,high,Yagnesh Din,2020-02-05T08:48:23
INV000625,CUST000999,mutual_fund,681096.29,682867.14,2021-11-16T18:42:43,2030-11-14T18:42:43,active,0.26,medium,Varenya Sandhu,2021-11-16T18:42:43
INV000626,CUST000586,stocks,1568598.35,1500207.46,2024-04-30T04:37:04,,redeemed,-4.36,low,Radhika Gara,2024-04-30T04:37:04
INV000627,CUST000819,bonds,486994.59,565790.31,2020-12-07T21:17:55,2021-12-07T21:17:55,active,16.18,high,Gavin Tandon,2020-12-07T21:17:55
INV000628,CUST000664,bonds,250676.01,334702.61,2020-12-25T17:18:22,2022-12-25T17:18:22,active,33.52,high,Kabir Gandhi,2020-12-25T17:18:22
INV000629,CUST000918,mutual_fund,1137604.2,1458863.63,2020-11-29T07:41:06,2024-11-28T07:41:06,active,28.24,medium,Andrew Dua,2020-11-29T07:41:06
INV000630,CUST000623,fixed_deposit,981734.21,1264571.84,2020-06-28T22:42:12,2021-06-28T22:42:12,active,28.81,medium,Inaya Saran,2020-06-28T22:42:12
INV000631,CUST000771,stocks,1440063.63,1345451.45,2021-09-21T10:54:34,,active,-6.57,medium,Nakul Shanker,2021-09-21T10:54:34
INV000632,CUST000158,fixed_deposit,20454.14,25361.09,2019-03-21T12:12:35,2021-03-20T12:12:35,active,23.99,medium,Rishi Rout,2019-03-21T12:12:35
INV000633,CUST000730,bonds,1898817.41,1778812.15,2020-11-21T22:02:04,2028-11-19T22:02:04,matured,-6.32,low,Maya Char,2020-11-21T22:02:04
INV000634,CUST000781,bonds,1973815.37,1795579.84,2022-06-16T20:45:30,2032-06-13T20:45:30,active,-9.03,medium,Jhalak Misra,2022-06-16T20:45:30
INV000635,CUST000603,mutual_fund,100883.89,125045.58,2019-01-24T10:58:27,2027-01-22T10:58:27,active,23.95,medium,Agastya Shankar,2019-01-24T10:58:27
INV000636,CUST000429,stocks,1693813.18,1965162.05,2021-07-30T23:04:30,,active,16.02,high,Amrita Chaudhary,2021-07-30T23:04:30
INV000637,CUST000311,bonds,1022757.41,1040246.56,2020-04-28T22:14:39,2023-04-28T22:14:39,matured,1.71,medium,Oviya Gopal,2020-04-28T22:14:39
INV000638,CUST000614,ppf,1420396.5,1779046.62,2021-10-14T11:25:04,2031-10-12T11:25:04,active,25.25,medium,Amaira Sangha,2021-10-14T11:25:04
INV000639,CUST000582,ppf,775247.96,1119923.2,2022-04-01T02:21:14,2032-03-29T02:21:14,matured,44.46,low,Dayamai Sridhar,2022-04-01T02:21:14
INV000640,CUST000199,ppf,582780.75,516693.41,2020-05-12T15:09:32,2021-05-12T15:09:32,matured,-11.34,medium,Champak Bedi,2020-05-12T15:09:32
INV000641,CUST000413,bonds,1080322.79,944526.22,2021-07-30T19:44:29,2026-07-29T19:44:29,active,-12.57,low,Gagan Chopra,2021-07-30T19:44:29
INV000642,CUST000366,stocks,1340103.86,1344392.19,2023-02-19T10:08:14,,active,0.32,low,Forum Pandya,2023-02-19T10:08:14
INV000643,CUST000815,bonds,1913971.31,1938087.35,2024-07-24T08:03:31,2029-07-23T08:03:31,active,1.26,low,Manan Bhandari,2024-07-24T08:03:31
INV000644,CUST000488,bonds,1176919.6,1489038.68,2024-09-25T13:41:09,2029-09-24T13:41:09,active,26.52,low,Jyoti Sandhu,2024-09-25T13:41:09
INV000645,CUST000965,fixed_deposit,1187814.48,1569934.4,2023-07-25T11:41:49,2026-07-24T11:41:49,active,32.17,high,Charan Bhandari,2023-07-25T11:41:49
INV000646,CUST000845,ppf,1956731.63,1711161.81,2021-06-20T16:18:15,2024-06-19T16:18:15,matured,-12.55,low,Chaitanya Singhal,2021-06-20T16:18:15
INV000647,CUST000002,stocks,645067.42,740601.9,2019-01-06T09:39:23,,active,14.81,medium,Kabir Balay,2019-01-06T09:39:23
INV000648,CUST000144,bonds,1433800.2,1534022.83,2023-09-11T00:25:23,2032-09-08T00:25:23,active,6.99,medium,Luke Munshi,2023-09-11T00:25:23
INV000649,CUST000165,stocks,1179583.25,1185363.21,2022-05-28T13:49:32,,redeemed,0.49,low,Chameli Kala,2022-05-28T13:49:32
INV000650,CUST000416,fixed_deposit,1297019.05,1362259.11,2019-05-31T12:26:02,2026-05-29T12:26:02,active,5.03,low,Nitesh Sule,2019-05-31T12:26:02
INV000651,CUST000923,mutual_fund,1642411.6,1443187.07,2021-02-14T16:21:44,2030-02-12T16:21:44,active,-12.13,medium,Aryan Solanki,2021-02-14T16:21:44
INV000652,CUST000772,mutual_fund,1764914.74,1712320.28,2021-06-15T08:28:55,2023-06-15T08:28:55,active,-2.98,high,Amrita Chaudhuri,2021-06-15T08:28:55
INV000653,CUST000529,ppf,1021963.25,1187827.89,2020-01-19T14:52:12,2021-01-18T14:52:12,matured,16.23,low,Zaid Kota,2020-01-19T14:52:12
INV000654,CUST000906,fixed_deposit,125837.62,153156.97,2019-10-21T09:04:56,2028-10-18T09:04:56,active,21.71,low,Nihal Johal,2019-10-21T09:04:56
INV000655,CUST000623,stocks,1730882.62,1719285.71,2021-09-19T05:10:58,,active,-0.67,low,Jeet Prakash,2021-09-19T05:10:58
INV000656,CUST000674,stocks,1237383.2,1555514.42,2022-11-18T11:31:31,,active,25.71,low,Joshua Chhabra,2022-11-18T11:31:31
INV000657,CUST000481,stocks,1562223.23,1462240.94,2024-08-20T20:52:20,,redeemed,-6.4,medium,Janaki Bakshi,2024-08-20T20:52:20
INV000658,CUST000456,ppf,358713.21,348633.37,2020-01-01T18:58:15,2029-12-29T18:58:15,active,-2.81,medium,Mitali Bala,2020-01-01T18:58:15
INV000659,CUST000373,stocks,392116.85,509830.33,2020-10-12T09:33:46,,active,30.02,low,Ikshita Kari,2020-10-12T09:33:46
INV000660,CUST000741,ppf,1385608.45,1721202.82,2019-11-22T13:58:11,2028-11-19T13:58:11,active,24.22,high,Vasana Radhakrishnan,2019-11-22T13:58:11
INV000661,CUST000923,fixed_deposit,1226249.81,1048443.59,2022-07-31T11:45:07,2028-07-29T11:45:07,active,-14.5,low,Yash Pant,2022-07-31T11:45:07
INV000662,CUST000098,fixed_deposit,1251349.01,1277126.8,2023-05-11T01:05:39,2030-05-09T01:05:39,active,2.06,low,Jason Balasubramanian,2023-05-11T01:05:39
INV000663,CUST000774,ppf,510499.45,529387.93,2021-11-01T13:11:24,2030-10-30T13:11:24,matured,3.7,low,Imaran Sastry,2021-11-01T13:11:24
INV000664,CUST000014,ppf,1787300.76,2049855.24,2024-08-08T23:21:09,2028-08-07T23:21:09,active,14.69,medium,Yagnesh Basu,2024-08-08T23:21:09
INV000665,CUST000870,fixed_deposit,8493.76,7279.15,2020-09-14T03:19:42,2022-09-14T03:19:42,matured,-14.3,high,Michael Bhatia,2020-09-14T03:19:42
INV000666,CUST000649,bonds,118681.59,156861.46,2019-08-10T12:17:58,2027-08-08T12:17:58,active,32.17,low,Vedhika Arora,2019-08-10T12:17:58
INV000667,CUST000456,mutual_fund,977389.09,1140026.63,2023-09-12T19:25:55,2026-09-11T19:25:55,matured,16.64,medium,Ira Mann,2023-09-12T19:25:55
INV000668,CUST000820,mutual_fund,1512286.05,1782682.8,2023-05-23T07:07:44,2030-05-21T07:07:44,matured,17.88,high,Mitesh Goel,2023-05-23T07:07:44
INV000669,CUST000236,bonds,792093.18,835658.3,2022-06-07T05:41:15,2029-06-05T05:41:15,active,5.5,low,Alexander Guha,2022-06-07T05:41:15
INV000670,CUST000133,mutual_fund,381144.7,448912.23,2020-07-17T05:45:08,2022-07-17T05:45:08,active,17.78,high,Raagini Behl,2020-07-17T05:45:08
INV000671,CUST000064,fixed_deposit,972350.99,1171780.18,2022-03-21T00:09:47,2027-03-20T00:09:47,active,20.51,medium,Kritika Hayre,2022-03-21T00:09:47
INV000672,CUST000904,ppf,439950.32,430403.4,2020-07-05T13:38:18,2024-07-04T13:38:18,redeemed,-2.17,medium,Ira Pandya,2020-07-05T13:38:18
INV000673,CUST000397,bonds,984409.26,854762.56,2023-10-10T20:10:25,2030-10-08T20:10:25,matured,-13.17,high,Sara Doshi,2023-10-10T20:10:25
INV000674,CUST000382,ppf,527977.04,531778.47,2019-10-26T09:48:37,2023-10-25T09:48:37,matured,0.72,low,Ekalinga Chaudhry,2019-10-26T09:48:37
INV000675,CUST000992,fixed_deposit,682389.95,846709.45,2021-12-06T02:40:09,2029-12-04T02:40:09,active,24.08,medium,Bachittar Narula,2021-12-06T02:40:09
INV000676,CUST000729,stocks,1460294.19,1360702.13,2021-08-12T17:56:13,,active,-6.82,high,Daksha Mangat,2021-08-12T17:56:13
INV000677,CUST000285,bonds,1801555.92,1862268.35,2023-02-27T00:12:08,2025-02-26T00:12:08,matured,3.37,medium,Tanmayi Ravi,2023-02-27T00:12:08
INV000678,CUST000241,ppf,32221.16,32485.37,2021-02-07T14:52:52,2030-02-05T14:52:52,matured,0.82,medium,Raagini Date,2021-02-07T14:52:52
INV000679,CUST000491,bonds,9645.26,11907.07,2021-04-07T22:23:05,2023-04-07T22:23:05,active,23.45,high,Nachiket Baria,2021-04-07T22:23:05
INV000680,CUST000915,ppf,1642976.69,2251699.55,2019-05-08T14:49:57,2024-05-06T14:49:57,active,37.05,low,Eiravati Nayak,2019-05-08T14:49:57
INV000681,CUST000589,stocks,218995.91,305718.29,2023-03-21T11:51:25,,active,39.6,medium,Zayan Rau,2023-03-21T11:51:25
INV000682,CUST000352,bonds,248821.41,271140.69,2024-04-24T09:05:32,2028-04-23T09:05:32,active,8.97,low,Zayyan Tailor,2024-04-24T09:05:32
INV000683,CUST000114,ppf,1553180.82,1886648.74,2020-12-12T11:29:49,2021-12-12T11:29:49,matured,21.47,medium,Divya Venkataraman,2020-12-12T11:29:49
INV000684,CUST000970,stocks,817775.77,834785.51,2019-12-25T22:21:39,,redeemed,2.08,high,Garima Karpe,2019-12-25T22:21:39
INV000685,CUST000837,bonds,689730.41,599375.73,2021-11-13T17:02:01,2028-11-11T17:02:01,active,-13.1,high,Yashvi Dua,2021-11-13T17:02:01
INV000686,CUST000906,fixed_deposit,361392.93,369524.27,2024-05-16T19:33:10,2025-05-16T19:33:10,redeemed,2.25,low,Zarna Ram,2024-05-16T19:33:10
INV000687,CUST000805,stocks,451857.95,605489.65,2021-11-17T20:01:12,,redeemed,34.0,medium,Geetika Bhagat,2021-11-17T20:01:12
INV000688,CUST000508,stocks,1935256.9,2068015.52,2021-01-30T06:34:48,,active,6.86,low,Yagnesh Puri,2021-01-30T06:34:48
INV000689,CUST000738,mutual_fund,994559.29,1211572.13,2020-04-08T07:51:57,2022-04-08T07:51:57,redeemed,21.82,low,Jai Kamdar,2020-04-08T07:51:57
INV000690,CUST000004,mutual_fund,1292116.94,1751593.72,2024-12-08T22:01:07,2034-12-06T22:01:07,active,35.56,medium,Mitali D’Alia,2024-12-08T22:01:07
INV000691,CUST000520,stocks,138548.21,166992.16,2019-06-18T11:41:06,,matured,20.53,low,Hritik Murthy,2019-06-18T11:41:06
INV000692,CUST000492,bonds,1947654.27,2595444.08,2023-11-04T00:35:46,2026-11-03T00:35:46,active,33.26,low,Yug Sangha,2023-11-04T00:35:46
INV000693,CUST000058,stocks,1733382.82,1654167.23,2019-02-11T16:46:19,,active,-4.57,low,Aachal Kapadia,2019-02-11T16:46:19
INV000694,CUST000923,ppf,1685763.94,1824165.16,2020-12-04T08:06:50,2026-12-03T08:06:50,redeemed,8.21,low,Lakshit Venkataraman,2020-12-04T08:06:50
INV000695,CUST000830,bonds,784938.88,989886.42,2024-05-14T23:43:12,2027-05-14T23:43:12,redeemed,26.11,high,Daksha Bera,2024-05-14T23:43:12
INV000696,CUST000322,bonds,1472493.76,1513281.84,2021-05-19T11:47:48,2025-05-18T11:47:48,active,2.77,high,Ranveer Kurian,2021-05-19T11:47:48
INV000697,CUST000091,mutual_fund,1496910.69,2056755.29,2020-02-05T12:13:02,2021-02-04T12:13:02,active,37.4,medium,Yatan Kohli,2020-02-05T12:13:02
INV000698,CUST000802,ppf,872940.84,1142766.85,2024-05-19T22:38:01,2032-05-17T22:38:01,redeemed,30.91,high,Michael Kulkarni,2024-05-19T22:38:01
INV000699,CUST000390,mutual_fund,151235.64,171425.6,2023-01-28T00:10:10,2032-01-26T00:10:10,redeemed,13.35,high,Watika Narula,2023-01-28T00:10:10
INV000700,CUST000831,stocks,385755.5,470313.11,2020-01-18T19:36:14,,active,21.92,medium,Lila Chana,2020-01-18T19:36:14
INV000701,CUST000700,fixed_deposit,1106077.76,1381822.95,2019-02-20T15:41:29,2023-02-19T15:41:29,active,24.93,low,Janaki Solanki,2019-02-20T15:41:29
INV000702,CUST000214,stocks,856898.07,1146272.55,2021-10-30T02:23:25,,active,33.77,high,Tanay Khare,2021-10-30T02:23:25
INV000703,CUST000678,fixed_deposit,799289.16,720159.53,2024-12-23T00:09:41,2028-12-22T00:09:41,matured,-9.9,medium,Henry Tata,2024-12-23T00:09:41
INV000704,CUST000576,bonds,437319.79,373296.17,2023-12-02T01:55:02,2031-11-30T01:55:02,active,-14.64,high,Mohini Prabhakar,2023-12-02T01:55:02
INV000705,CUST000485,fixed_deposit,1660008.56,2167473.18,2020-11-19T20:09:09,2025-11-18T20:09:09,redeemed,30.57,medium,Chaitaly Nazareth,2020-11-19T20:09:09
INV000706,CUST000236,bonds,1825101.2,2101239.01,2020-01-17T14:25:37,2026-01-15T14:25:37,redeemed,15.13,low,Azad Kurian,2020-01-17T14:25:37
INV000707,CUST000465,stocks,1890235.24,2413830.4,2020-11-11T05:15:41,,active,27.7,high,Lohit Bora,2020-11-11T05:15:41
INV000708,CUST000707,stocks,267333.25,342988.56,2019-11-14T10:42:48,,matured,28.3,low,Meera Raval,2019-11-14T10:42:48
INV000709,CUST000528,bonds,168017.52,153904.05,2023-10-28T22:51:20,2025-10-27T22:51:20,matured,-8.4,low,Wishi Parmer,2023-10-28T22:51:20
INV000710,CUST000802,stocks,903086.12,1250232.42,2020-02-08T12:28:52,,active,38.44,low,Harshil Doshi,2020-02-08T12:28:52
INV000711,CUST000991,fixed_deposit,30070.38,32337.69,2024-01-15T03:05:16,2025-01-14T03:05:16,matured,7.54,high,Harrison Jain,2024-01-15T03:05:16
INV000712,CUST000798,ppf,1929316.22,2544382.23,2024-09-07T08:36:58,2027-09-07T08:36:58,active,31.88,high,Kashvi Zacharia,2024-09-07T08:36:58
INV000713,CUST000530,stocks,807621.84,1004520.04,2022-08-04T05:08:55,,redeemed,24.38,low,Samuel Chandra,2022-08-04T05:08:55
INV000714,CUST000949,fixed_deposit,1341910.1,1388876.95,2022-02-25T08:08:13,2032-02-23T08:08:13,active,3.5,low,Brijesh Bhatia,2022-02-25T08:08:13
INV000715,CUST000763,mutual_fund,878086.27,1116750.12,2019-03-26T20:41:29,2020-03-25T20:41:29,active,27.18,medium,Damyanti Lanka,2019-03-26T20:41:29
INV000716,CUST000140,fixed_deposit,372228.98,482892.66,2023-06-11T12:29:02,2028-06-09T12:29:02,matured,29.73,low,Jeevika Prakash,2023-06-11T12:29:02
INV000717,CUST000928,fixed_deposit,840463.45,938461.49,2022-05-30T02:25:31,2026-05-29T02:25:31,matured,11.66,medium,Max Nagar,2022-05-30T02:25:31
INV000718,CUST000543,ppf,237511.35,291188.92,2021-03-16T06:58:48,2028-03-14T06:58:48,active,22.6,medium,Janya Dugar,2021-03-16T06:58:48
INV000719,CUST000130,mutual_fund,1320739.67,1604830.77,2019-12-25T04:22:24,2027-12-23T04:22:24,active,21.51,medium,Gagan Grewal,2019-12-25T04:22:24
INV000720,CUST000639,stocks,1954910.27,2075919.22,2021-05-11T18:48:48,,matured,6.19,medium,Wakeeta Dey,2021-05-11T18:48:48
INV000721,CUST000101,stocks,1448133.8,1628860.9,2020-02-26T04:33:54,,active,12.48,high,Ansh Mukhopadhyay,2020-02-26T04:33:54
INV000722,CUST000782,fixed_deposit,1534832.59,2151067.87,2022-12-20T10:45:18,2025-12-19T10:45:18,active,40.15,medium,Ansh Behl,2022-12-20T10:45:18
INV000723,CUST000064,mutual_fund,373783.99,447382.06,2023-12-28T19:24:47,2027-12-27T19:24:47,active,19.69,high,Suhani Parsa,2023-12-28T19:24:47
INV000724,CUST000538,bonds,1508384.39,1826955.17,2022-07-16T01:41:58,2028-07-14T01:41:58,redeemed,21.12,medium,Isaiah Rana,2022-07-16T01:41:58
INV000725,CUST000986,stocks,198177.85,173068.72,2023-06-04T02:05:33,,active,-12.67,high,Kashish Andra,2023-06-04T02:05:33
INV000726,CUST000233,mutual_fund,823104.83,1044520.03,2021-01-15T17:49:50,2029-01-13T17:49:50,matured,26.9,medium,Idika D’Alia,2021-01-15T17:49:50
INV000727,CUST000286,fixed_deposit,421841.3,565309.53,2024-04-25T13:33:14,2032-04-23T13:33:14,matured,34.01,high,Ayush Amble,2024-04-25T13:33:14
INV000728,CUST000507,bonds,658057.68,671350.45,2020-08-24T02:54:21,2028-08-22T02:54:21,active,2.02,medium,Irya Goda,2020-08-24T02:54:21
INV000729,CUST000536,ppf,1326509.55,1785747.16,2021-09-01T19:20:14,2025-08-31T19:20:14,active,34.62,medium,Jonathan Patil,2021-09-01T19:20:14
INV000730,CUST000625,bonds,1220149.12,1633657.66,2019-07-09T18:14:30,2022-07-08T18:14:30,active,33.89,high,Praneel Thaker,2019-07-09T18:14:30
INV000731,CUST000033,mutual_fund,1884349.2,1826688.11,2022-04-09T15:08:14,2029-04-07T15:08:14,active,-3.06,low,Champak Sachdev,2022-04-09T15:08:14
INV000732,CUST000663,bonds,314079.65,281886.49,2019-01-26T13:40:30,2022-01-25T13:40:30,active,-10.25,medium,Joshua Bhattacharyya,2019-01-26T13:40:30
INV000733,CUST000735,fixed_deposit,1244022.83,1211927.04,2019-01-23T09:44:36,2025-01-21T09:44:36,active,-2.58,medium,Pavani Puri,2019-01-23T09:44:36
INV000734,CUST000102,mutual_fund,181067.98,193380.6,2021-06-12T21:41:20,2025-06-11T21:41:20,redeemed,6.8,medium,Yutika Seth,2021-06-12T21:41:20
INV000735,CUST000976,mutual_fund,74186.0,74527.26,2019-01-01T10:29:53,2028-12-29T10:29:53,matured,0.46,high,Warhi Batta,2019-01-01T10:29:53
INV000736,CUST000322,mutual_fund,277904.48,257645.24,2021-05-07T04:45:15,2024-05-06T04:45:15,active,-7.29,high,William Shenoy,2021-05-07T04:45:15
INV000737,CUST000184,fixed_deposit,622936.17,814115.28,2023-08-20T11:08:00,2028-08-18T11:08:00,matured,30.69,high,Samaksh Mittal,2023-08-20T11:08:00
INV000738,CUST000581,mutual_fund,364538.74,419948.63,2023-05-26T14:12:51,2032-05-23T14:12:51,active,15.2,medium,Zarna Natarajan,2023-05-26T14:12:51
INV000739,CUST000003,stocks,1211001.58,1478027.43,2024-04-30T17:23:48,,active,22.05,medium,Yashasvi Dada,2024-04-30T17:23:48
INV000740,CUST000232,mutual_fund,1398569.44,1303187.0,2022-05-15T07:59:16,2024-05-14T07:59:16,active,-6.82,medium,Ridhi Sekhon,2022-05-15T07:59:16
INV000741,CUST000579,mutual_fund,1594520.45,1641080.45,2019-08-31T23:25:36,2024-08-29T23:25:36,matured,2.92,high,Vrinda Gara,2019-08-31T23:25:36
INV000742,CUST000522,fixed_deposit,1454803.42,1271352.71,2022-10-02T13:36:18,2026-10-01T13:36:18,redeemed,-12.61,medium,Jonathan Rama,2022-10-02T13:36:18
INV000743,CUST000808,fixed_deposit,1142563.02,1501327.81,2020-04-30T23:52:02,2023-04-30T23:52:02,redeemed,31.4,low,Ekalinga Chaudhary,2020-04-30T23:52:02
INV000744,CUST000219,ppf,841014.14,907874.76,2024-06-21T15:34:27,2026-06-21T15:34:27,active,7.95,medium,Unni Bandi,2024-06-21T15:34:27
INV000745,CUST000595,ppf,1253026.54,1728800.72,2020-10-25T23:59:10,2025-10-24T23:59:10,active,37.97,low,Neel Ganesan,2020-10-25T23:59:10
INV000746,CUST000449,stocks,932751.62,1301934.71,2023-03-29T15:07:54,,redeemed,39.58,high,Niharika Shenoy,2023-03-29T15:07:54
INV000747,CUST000744,mutual_fund,1574250.0,1381561.8,2022-10-25T12:27:54,2026-10-24T12:27:54,redeemed,-12.24,low,Veer Edwin,2022-10-25T12:27:54
INV000748,CUST000177,stocks,1860521.97,2463145.04,2024-05-10T16:15:42,,redeemed,32.39,medium,Aashi Prasad,2024-05-10T16:15:42
INV000749,CUST000341,ppf,928988.74,1312939.79,2023-03-26T04:31:03,2030-03-24T04:31:03,active,41.33,medium,Pratyush Kohli,2023-03-26T04:31:03
INV000750,CUST000996,stocks,831614.84,998353.62,2019-10-11T05:15:07,,active,20.05,medium,Triya Kumer,2019-10-11T05:15:07
INV000751,CUST000239,stocks,1644152.2,2184256.2,2024-09-22T13:37:33,,active,32.85,low,Henry Krishnamurthy,2024-09-22T13:37:33
INV000752,CUST000086,ppf,1276793.11,1841135.66,2020-11-16T20:14:37,2024-11-15T20:14:37,active,44.2,low,Theodore Prabhakar,2020-11-16T20:14:37
INV000753,CUST000319,fixed_deposit,1337516.47,1635648.89,2022-10-21T02:52:36,2032-10-18T02:52:36,active,22.29,low,Jeremiah Halder,2022-10-21T02:52:36
INV000754,CUST000121,fixed_deposit,1271993.57,1780663.8,2023-03-21T01:14:06,2026-03-20T01:14:06,redeemed,39.99,low,Arin Bansal,2023-03-21T01:14:06
INV000755,CUST000435,stocks,888132.7,873656.14,2019-05-10T00:03:08,,active,-1.63,low,Warjas Puri,2019-05-10T00:03:08
INV000756,CUST000552,stocks,1996048.96,2709436.86,2020-03-07T18:31:04,,redeemed,35.74,low,Balveer Sachdev,2020-03-07T18:31:04
INV000757,CUST000821,bonds,1068525.35,1510360.58,2020-04-13T12:57:35,2024-04-12T12:57:35,active,41.35,medium,Vedhika Khalsa,2020-04-13T12:57:35
INV000758,CUST000569,bonds,956254.75,1204594.11,2022-11-07T00:10:26,2023-11-07T00:10:26,active,25.97,low,Tripti Balakrishnan,2022-11-07T00:10:26
INV000759,CUST000486,bonds,202883.61,218302.76,2022-07-26T13:25:46,2024-07-25T13:25:46,matured,7.6,high,Wakeeta Oak,2022-07-26T13:25:46
INV000760,CUST000957,stocks,1511479.72,1399327.92,2019-09-02T13:39:45,,matured,-7.42,medium,Baljiwan Garde,2019-09-02T13:39:45
INV000761,CUST000189,fixed_deposit,463693.63,459010.32,2021-12-29T00:29:39,2026-12-28T00:29:39,active,-1.01,medium,Thomas Shenoy,2021-12-29T00:29:39
INV000762,CUST000834,fixed_deposit,376582.58,364795.55,2019-09-30T12:22:07,2023-09-29T12:22:07,active,-3.13,high,Ekaja Chadha,2019-09-30T12:22:07
INV000763,CUST000361,bonds,1570767.47,1548305.5,2020-02-28T18:27:35,2023-02-27T18:27:35,active,-1.43,low,Isaac Mitter,2020-02-28T18:27:35
INV000764,CUST000474,stocks,624531.66,792718.04,2024-06-08T01:48:16,,redeemed,26.93,medium,Manya Lanka,2024-06-08T01:48:16
INV000765,CUST000155,bonds,397331.71,431065.17,2023-08-27T03:28:24,2033-08-24T03:28:24,active,8.49,medium,Pratyush Sant,2023-08-27T03:28:24
INV000766,CUST000604,stocks,634628.47,635516.95,2019-12-09T12:02:01,,active,0.14,high,Rajeshri Balan,2019-12-09T12:02:01
INV000767,CUST000593,bonds,51290.28,64502.66,2019-09-23T19:57:59,2022-09-22T19:57:59,active,25.76,medium,Lekha Roy,2019-09-23T19:57:59
INV000768,CUST000754,stocks,1002772.88,1016310.31,2021-01-30T04:52:58,,redeemed,1.35,medium,Harita Varkey,2021-01-30T04:52:58
INV000769,CUST000052,mutual_fund,1894994.49,1683134.11,2019-08-08T15:02:03,2026-08-06T15:02:03,matured,-11.18,low,Nicholas Naidu,2019-08-08T15:02:03
INV000770,CUST000649,ppf,1805853.45,1871947.69,2021-06-22T01:17:45,2030-06-20T01:17:45,active,3.66,medium,Adweta Choudhury,2021-06-22T01:17:45
INV000771,CUST000549,bonds,1853209.09,2223480.27,2021-08-16T21:02:19,2030-08-14T21:02:19,matured,19.98,low,William Bhavsar,2021-08-16T21:02:19
INV000772,CUST000616,stocks,409365.81,350294.32,2020-11-04T08:43:42,,active,-14.43,high,Veer Chand,2020-11-04T08:43:42
INV000773,CUST000624,stocks,874399.38,873612.42,2022-12-06T22:52:58,,active,-0.09,low,Isha Khurana,2022-12-06T22:52:58
INV000774,CUST000358,fixed_deposit,230333.44,279855.13,2023-01-08T07:08:15,2031-01-06T07:08:15,active,21.5,high,Zayyan Randhawa,2023-01-08T07:08:15
INV000775,CUST000066,stocks,1574017.88,1620608.81,2022-07-27T18:35:32,,active,2.96,medium,Jyoti Murthy,2022-07-27T18:35:32
INV000776,CUST000078,ppf,1471516.44,1685622.08,2021-02-14T09:43:36,2028-02-13T09:43:36,redeemed,14.55,high,Waida Kalla,2021-02-14T09:43:36
INV000777,CUST000738,stocks,322242.12,302746.47,2020-07-28T04:20:05,,redeemed,-6.05,medium,Ladli Anne,2020-07-28T04:20:05
INV000778,CUST000942,stocks,745819.8,979261.4,2020-04-23T10:04:57,,active,31.3,high,Urvashi Bhavsar,2020-04-23T10:04:57
INV000779,CUST000624,stocks,628186.2,706081.29,2023-07-01T03:55:09,,matured,12.4,low,Vasudha Om,2023-07-01T03:55:09
INV000780,CUST000736,ppf,1040375.29,1098948.42,2023-05-09T03:46:46,2028-05-07T03:46:46,active,5.63,medium,Amruta Sule,2023-05-09T03:46:46
INV000781,CUST000238,bonds,1529920.81,1589281.74,2024-07-22T04:02:57,2034-07-20T04:02:57,active,3.88,low,Vrishti Menon,2024-07-22T04:02:57
INV000782,CUST000524,bonds,643622.56,909309.95,2024-03-11T03:36:47,2028-03-10T03:36:47,redeemed,41.28,low,Theodore Morar,2024-03-11T03:36:47
INV000783,CUST000760,fixed_deposit,1848677.92,2289587.6,2019-02-22T18:22:06,2020-02-22T18:22:06,active,23.85,medium,William Mandal,2019-02-22T18:22:06
INV000784,CUST000977,stocks,479203.99,574182.22,2019-06-16T05:08:53,,active,19.82,low,Yug Chawla,2019-06-16T05:08:53
INV000785,CUST000707,ppf,1102785.33,1399324.31,2019-10-16T13:04:59,2023-10-15T13:04:59,matured,26.89,low,Fariq Kanda,2019-10-16T13:04:59
INV000786,CUST000650,mutual_fund,553074.08,565407.63,2021-12-10T08:47:50,2026-12-09T08:47:50,matured,2.23,medium,Liam Dara,2021-12-10T08:47:50
INV000787,CUST000259,bonds,1669506.91,2015094.84,2023-09-16T18:15:11,2026-09-15T18:15:11,matured,20.7,medium,Oni Brahmbhatt,2023-09-16T18:15:11
INV000788,CUST000555,ppf,1507948.37,2176874.27,2019-06-09T19:37:36,2028-06-06T19:37:36,active,44.36,medium,Siddharth Yogi,2019-06-09T19:37:36
INV000789,CUST000311,ppf,1448403.9,1921307.77,2024-11-01T05:35:54,2026-11-01T05:35:54,matured,32.65,low,Kiaan Jani,2024-11-01T05:35:54
INV000790,CUST000726,mutual_fund,608171.52,764775.69,2019-11-25T23:29:59,2027-11-23T23:29:59,active,25.75,low,Maya Aurora,2019-11-25T23:29:59
INV000791,CUST000736,stocks,786291.46,1049463.21,2022-12-06T01:13:59,,active,33.47,low,Yashvi Chander,2022-12-06T01:13:59
INV000792,CUST000553,fixed_deposit,135001.03,164660.76,2024-01-24T18:04:40,2025-01-23T18:04:40,matured,21.97,low,Saanvi Mukherjee,2024-01-24T18:04:40
INV000793,CUST000443,stocks,1910841.61,1930523.28,2019-04-16T15:06:49,,redeemed,1.03,low,Jai Bhatnagar,2019-04-16T15:06:49
INV000794,CUST000493,ppf,785910.49,913227.99,2019-04-04T04:45:36,2022-04-03T04:45:36,active,16.2,high,Akshay Jain,2019-04-04T04:45:36
INV000795,CUST000411,fixed_deposit,1353011.02,1792198.4,2023-10-15T16:26:29,2029-10-13T16:26:29,active,32.46,high,Teerth Bhargava,2023-10-15T16:26:29
INV000796,CUST000040,fixed_deposit,346355.49,468030.17,2023-03-21T14:08:06,2027-03-20T14:08:06,active,35.13,low,Aarush Ratti,2023-03-21T14:08:06
INV000797,CUST000949,mutual_fund,1540653.21,2182181.21,2022-05-16T21:37:06,2025-05-15T21:37:06,redeemed,41.64,medium,Ayaan Keer,2022-05-16T21:37:06
INV000798,CUST000464,fixed_deposit,430762.43,435500.82,2024-08-29T15:27:18,2029-08-28T15:27:18,active,1.1,high,Veda Sura,2024-08-29T15:27:18
INV000799,CUST000278,mutual_fund,1686673.22,2271780.16,2024-12-31T15:44:22,2027-12-31T15:44:22,active,34.69,medium,Devika Warrior,2024-12-31T15:44:22
INV000800,CUST000711,stocks,560287.6,543759.12,2022-06-04T10:54:36,,active,-2.95,low,Isaac Joshi,2022-06-04T10:54:36
INV000801,CUST000549,mutual_fund,680288.26,605252.46,2022-07-15T13:08:34,2031-07-13T13:08:34,matured,-11.03,low,Viraj Subramanian,2022-07-15T13:08:34
INV000802,CUST000773,ppf,488951.85,523863.01,2023-06-02T04:43:50,2032-05-30T04:43:50,active,7.14,medium,Vasana Sridhar,2023-06-02T04:43:50
INV000803,CUST000752,stocks,990360.26,1266472.7,2023-09-06T19:49:43,,active,27.88,low,Nathan Amble,2023-09-06T19:49:43
INV000804,CUST000757,bonds,1868226.15,1742681.35,2021-01-30T23:17:20,2031-01-28T23:17:20,matured,-6.72,high,Riya Oak,2021-01-30T23:17:20
INV000805,CUST000076,fixed_deposit,984324.38,1053620.82,2022-01-20T06:26:58,2028-01-19T06:26:58,matured,7.04,medium,Sathvik Panchal,2022-01-20T06:26:58
INV000806,CUST000268,mutual_fund,776804.97,821393.58,2019-12-11T08:52:46,2025-12-09T08:52:46,active,5.74,medium,Xavier Chatterjee,2019-12-11T08:52:46
INV000807,CUST000641,mutual_fund,210408.88,210829.7,2019-03-25T07:31:11,2024-03-23T07:31:11,matured,0.2,high,Janaki Arya,2019-03-25T07:31:11
INV000808,CUST000778,stocks,890934.96,1130685.56,2023-04-25T20:49:31,,redeemed,26.91,high,Inaya Kalla,2023-04-25T20:49:31
INV000809,CUST000549,fixed_deposit,961352.14,1146124.02,2024-05-10T05:00:40,2025-05-10T05:00:40,active,19.22,low,Ishita Shere,2024-05-10T05:00:40
INV000810,CUST000475,bonds,1800544.31,1965114.06,2019-02-08T12:57:23,2028-02-06T12:57:23,redeemed,9.14,high,Zinal Lanka,2019-02-08T12:57:23
INV000811,CUST000653,bonds,679259.31,772725.39,2023-02-04T14:26:02,2032-02-02T14:26:02,matured,13.76,high,Jagat Sarkar,2023-02-04T14:26:02
INV000812,CUST000870,mutual_fund,506801.67,628383.39,2022-03-30T21:48:34,2024-03-29T21:48:34,active,23.99,high,Upkaar Bora,2022-03-30T21:48:34
INV000813,CUST000856,fixed_deposit,1087785.17,1476233.25,2023-11-11T00:42:01,2032-11-08T00:42:01,matured,35.71,low,Tara Gopal,2023-11-11T00:42:01
INV000814,CUST000892,bonds,672273.87,698694.23,2024-12-23T10:29:16,2032-12-21T10:29:16,matured,3.93,low,Caleb Gera,2024-12-23T10:29:16
INV000815,CUST000249,mutual_fund,16115.84,15740.34,2023-06-23T09:12:57,2032-06-20T09:12:57,active,-2.33,low,Gauri Hayre,2023-06-23T09:12:57
INV000816,CUST000438,bonds,1148980.48,1066253.89,2020-11-13T20:39:45,2023-11-13T20:39:45,matured,-7.2,medium,Ekansh Pandya,2020-11-13T20:39:45
INV000817,CUST000612,bonds,1744931.58,2295108.51,2024-01-22T21:56:59,2032-01-20T21:56:59,matured,31.53,medium,Farhan Barad,2024-01-22T21:56:59
INV000818,CUST000413,bonds,1566617.11,1451314.09,2021-02-14T18:46:20,2029-02-12T18:46:20,active,-7.36,medium,Gautami Kannan,2021-02-14T18:46:20
INV000819,CUST000545,ppf,1948371.97,1857772.67,2021-08-26T03:48:06,2030-08-24T03:48:06,matured,-4.65,medium,Jalsa Prabhu,2021-08-26T03:48:06
INV000820,CUST000433,ppf,1407859.28,1543858.49,2021-12-18T16:20:13,2025-12-17T16:20:13,matured,9.66,high,Yahvi Dhar,2021-12-18T16:20:13
INV000821,CUST000512,bonds,1844101.29,2305495.43,2022-12-03T00:20:11,2028-12-01T00:20:11,active,25.02,medium,Pallavi Halder,2022-12-03T00:20:11
INV000822,CUST000993,ppf,13825.91,13679.36,2022-08-12T22:07:11,2025-08-11T22:07:11,active,-1.06,high,Jagrati Lalla,2022-08-12T22:07:11
INV000823,CUST000949,ppf,1657858.0,1724669.68,2019-01-08T02:17:37,2027-01-06T02:17:37,active,4.03,high,Jeevika Som,2019-01-08T02:17:37
INV000824,CUST000189,mutual_fund,1368814.3,1964248.52,2024-01-19T05:16:38,2026-01-18T05:16:38,redeemed,43.5,medium,Ekaraj Shroff,2024-01-19T05:16:38
INV000825,CUST000967,ppf,1681336.24,2098139.49,2019-10-06T06:30:55,2021-10-05T06:30:55,active,24.79,medium,Triya Kunda,2019-10-06T06:30:55
INV000826,CUST000209,ppf,1151926.97,1518009.36,2021-04-03T08:15:29,2024-04-02T08:15:29,active,31.78,medium,Hemangini Bhardwaj,2021-04-03T08:15:29
INV000827,CUST000299,stocks,1122208.08,1216361.34,2024-03-12T19:02:03,,active,8.39,medium,Ethan Dey,2024-03-12T19:02:03
INV000828,CUST000601,fixed_deposit,491887.29,603840.84,2020-07-01T16:26:48,2030-06-29T16:26:48,active,22.76,high,Mekhala Goda,2020-07-01T16:26:48
INV000829,CUST000193,stocks,117070.1,105445.04,2020-02-26T17:37:23,,active,-9.93,medium,Omya Contractor,2020-02-26T17:37:23
INV000830,CUST000124,stocks,1792490.89,2134498.15,2019-05-23T09:48:50,,active,19.08,low,Zansi Aggarwal,2019-05-23T09:48:50
INV000831,CUST000599,stocks,864248.65,935117.04,2020-11-22T04:38:08,,active,8.2,medium,Qarin Verma,2020-11-22T04:38:08
INV000832,CUST000637,fixed_deposit,374235.09,458213.44,2024-01-27T22:11:16,2029-01-25T22:11:16,matured,22.44,low,Rudra Anne,2024-01-27T22:11:16
INV000833,CUST000905,stocks,687530.43,756214.72,2019-09-16T17:24:39,,active,9.99,medium,Chakrika Dar,2019-09-16T17:24:39
INV000834,CUST000405,stocks,1489808.18,1288386.11,2023-10-11T15:13:36,,matured,-13.52,low,Theodore Shankar,2023-10-11T15:13:36
INV000835,CUST000762,fixed_deposit,1811952.53,1982094.87,2024-04-24T18:51:33,2034-04-22T18:51:33,matured,9.39,high,Jagdish Ganesh,2024-04-24T18:51:33
INV000836,CUST000549,ppf,1993067.46,2622079.55,2021-12-16T06:27:45,2029-12-14T06:27:45,active,31.56,low,Meera Kale,2021-12-16T06:27:45
INV000837,CUST000895,bonds,1217451.58,1201624.71,2021-07-06T07:31:50,2028-07-04T07:31:50,redeemed,-1.3,low,Yochana Kota,2021-07-06T07:31:50
INV000838,CUST000017,fixed_deposit,628090.98,872418.37,2019-07-21T13:24:22,2024-07-19T13:24:22,active,38.9,medium,Samarth More,2019-07-21T13:24:22
INV000839,CUST000367,mutual_fund,814773.64,1040628.89,2022-06-24T18:17:50,2025-06-23T18:17:50,active,27.72,high,Ishanvi Rama,2022-06-24T18:17:50
INV000840,CUST000285,stocks,1257315.19,1113101.14,2019-08-15T21:40:04,,redeemed,-11.47,medium,Madhavi Solanki,2019-08-15T21:40:04
INV000841,CUST000783,stocks,938798.95,1182135.64,2019-08-16T17:10:51,,active,25.92,low,Chaman Dutta,2019-08-16T17:10:51
INV000842,CUST000559,ppf,437083.14,603786.65,2021-07-02T04:48:08,2023-07-02T04:48:08,active,38.14,medium,Sai Chauhan,2021-07-02T04:48:08
INV000843,CUST000745,fixed_deposit,436692.23,463199.45,2019-11-02T15:44:32,2024-10-31T15:44:32,active,6.07,medium,Ekalinga Parmer,2019-11-02T15:44:32
INV000844,CUST000709,bonds,1909168.69,2019518.64,2024-03-13T20:28:21,2030-03-12T20:28:21,active,5.78,low,Arin Kadakia,2024-03-13T20:28:21
INV000845,CUST000594,ppf,1945251.86,2326521.22,2019-10-28T20:30:21,2027-10-26T20:30:21,redeemed,19.6,low,Shaurya Walia,2019-10-28T20:30:21
INV000846,CUST000140,fixed_deposit,1796002.85,1586229.72,2022-05-18T02:45:47,2026-05-17T02:45:47,redeemed,-11.68,low,Logan Dash,2022-05-18T02:45:47
INV000847,CUST000225,stocks,114188.44,151562.32,2023-09-14T10:30:10,,redeemed,32.73,low,Unnati Khatri,2023-09-14T10:30:10
INV000848,CUST000164,bonds,383748.97,403013.17,2019-07-29T07:30:41,2025-07-27T07:30:41,active,5.02,high,Nakul Yogi,2019-07-29T07:30:41
INV000849,CUST000170,stocks,1080276.79,1022049.87,2021-06-02T08:34:29,,active,-5.39,medium,Farhan Tata,2021-06-02T08:34:29
INV000850,CUST000281,stocks,1873818.94,2069445.64,2021-08-07T15:46:31,,matured,10.44,high,Pooja Venkatesh,2021-08-07T15:46:31
INV000851,CUST000862,mutual_fund,262567.28,258760.05,2023-07-04T10:02:10,2029-07-02T10:02:10,matured,-1.45,low,Jeevika Walia,2023-07-04T10:02:10
INV000852,CUST000531,mutual_fund,1555244.47,2250749.8,2020-03-04T08:17:44,2025-03-03T08:17:44,active,44.72,high,Dalbir Dara,2020-03-04T08:17:44
INV000853,CUST000496,ppf,1403479.46,2018624.51,2020-09-30T09:45:53,2021-09-30T09:45:53,matured,43.83,medium,Dayamai Prabhakar,2020-09-30T09:45:53
INV000854,CUST000363,mutual_fund,500651.3,532142.27,2021-09-03T23:25:22,2023-09-03T23:25:22,redeemed,6.29,low,Faris Devan,2021-09-03T23:25:22
INV000855,CUST000654,fixed_deposit,668390.85,826866.32,2019-06-17T12:22:52,2024-06-15T12:22:52,matured,23.71,medium,Yatin Sarkar,2019-06-17T12:22:52
INV000856,CUST000707,bonds,1902609.47,2403947.07,2020-07-03T02:35:09,2030-07-01T02:35:09,redeemed,26.35,low,Chaaya Sibal,2020-07-03T02:35:09
INV000857,CUST000783,mutual_fund,533282.55,748515.39,2020-05-28T18:00:19,2028-05-26T18:00:19,matured,40.36,medium,Megha Oza,2020-05-28T18:00:19
INV000858,CUST000502,stocks,1612347.58,1792446.8,2020-09-17T14:17:36,,matured,11.17,medium,Jack Ramachandran,2020-09-17T14:17:36
INV000859,CUST000618,mutual_fund,185403.59,209672.92,2023-08-06T15:10:45,2026-08-05T15:10:45,active,13.09,medium,Daksh Natt,2023-08-06T15:10:45
INV000860,CUST000174,fixed_deposit,981551.2,859642.54,2020-08-30T11:52:24,2027-08-29T11:52:24,active,-12.42,low,Tanish Samra,2020-08-30T11:52:24
INV000861,CUST000583,stocks,1599737.42,1972636.21,2023-11-15T06:39:33,,matured,23.31,high,Advay Pau,2023-11-15T06:39:33
INV000862,CUST000035,fixed_deposit,1769268.38,2311195.28,2023-08-10T08:30:53,2029-08-08T08:30:53,matured,30.63,high,Hemang Agate,2023-08-10T08:30:53
INV000863,CUST000627,ppf,1684242.1,2324085.67,2024-11-04T03:44:29,2025-11-04T03:44:29,active,37.99,low,Raghav Wable,2024-11-04T03:44:29
INV000864,CUST000327,fixed_deposit,596545.76,611340.09,2019-02-16T03:37:10,2028-02-14T03:37:10,active,2.48,medium,Upkaar Atwal,2019-02-16T03:37:10
INV000865,CUST000812,stocks,859433.0,837517.46,2020-06-04T22:01:52,,active,-2.55,low,Nikita Munshi,2020-06-04T22:01:52
INV000866,CUST000933,fixed_deposit,1249835.47,1336949.0,2023-09-22T16:50:10,2026-09-21T16:50:10,active,6.97,high,Onveer Mani,2023-09-22T16:50:10
INV000867,CUST000749,ppf,511889.2,733793.17,2023-08-27T00:29:05,2030-08-25T00:29:05,active,43.35,medium,Ijaya Kohli,2023-08-27T00:29:05
INV000868,CUST000002,mutual_fund,1683527.36,1679991.95,2021-09-07T05:13:49,2030-09-05T05:13:49,active,-0.21,low,Ojas Mahajan,2021-09-07T05:13:49
INV000869,CUST000722,bonds,1446676.24,1870986.38,2024-07-01T10:05:41,2034-06-29T10:05:41,active,29.33,high,Ikshita Bhatt,2024-07-01T10:05:41
INV000870,CUST000272,ppf,540746.52,509491.37,2019-02-18T12:48:48,2025-02-16T12:48:48,active,-5.78,medium,Harsh Tailor,2019-02-18T12:48:48
INV000871,CUST000043,stocks,1084284.16,1138932.08,2021-01-21T16:50:26,,active,5.04,medium,Azad Chokshi,2021-01-21T16:50:26
INV000872,CUST000141,bonds,1259651.14,1381837.3,2023-08-19T13:32:45,2029-08-17T13:32:45,redeemed,9.7,low,Victor Ramaswamy,2023-08-19T13:32:45
INV000873,CUST000796,ppf,562779.23,541675.01,2024-03-21T07:12:42,2031-03-20T07:12:42,active,-3.75,high,Nirja Kannan,2024-03-21T07:12:42
INV000874,CUST000203,fixed_deposit,1609792.64,1640056.74,2024-03-12T09:48:13,2028-03-11T09:48:13,matured,1.88,low,Abdul Sarkar,2024-03-12T09:48:13
INV000875,CUST000049,bonds,1083263.95,1414634.39,2024-05-07T20:57:51,2028-05-06T20:57:51,matured,30.59,medium,Harish Sehgal,2024-05-07T20:57:51
INV000876,CUST000105,bonds,284802.36,343955.81,2019-10-27T19:46:12,2029-10-24T19:46:12,active,20.77,medium,Ishwar Ghose,2019-10-27T19:46:12
INV000877,CUST000395,bonds,70710.85,95084.88,2022-06-03T11:33:46,2031-06-01T11:33:46,redeemed,34.47,high,Aishani Oza,2022-06-03T11:33:46
INV000878,CUST000122,bonds,1858865.46,2680483.99,2022-01-01T16:16:25,2025-12-31T16:16:25,active,44.2,high,Amrita Toor,2022-01-01T16:16:25
INV000879,CUST000393,fixed_deposit,207474.94,215462.73,2019-06-26T17:36:04,2027-06-24T17:36:04,active,3.85,low,Jeevika Malhotra,2019-06-26T17:36:04
INV000880,CUST000657,bonds,1612492.74,1422218.6,2022-02-23T16:57:15,2032-02-21T16:57:15,redeemed,-11.8,low,Baghyawati Chada,2022-02-23T16:57:15
INV000881,CUST000301,ppf,1026310.08,1096201.8,2020-09-16T07:11:56,2021-09-16T07:11:56,active,6.81,high,Wridesh Deep,2020-09-16T07:11:56
INV000882,CUST000266,bonds,1913718.03,1634315.2,2024-05-12T09:07:09,2032-05-10T09:07:09,redeemed,-14.6,low,Qarin Lad,2024-05-12T09:07:09
INV000883,CUST000981,fixed_deposit,33813.72,34939.72,2023-06-20T20:55:10,2028-06-18T20:55:10,active,3.33,medium,Krisha Mane,2023-06-20T20:55:10
INV000884,CUST000926,mutual_fund,1235796.8,1749023.21,2023-11-13T15:40:18,2033-11-10T15:40:18,redeemed,41.53,high,Gaurangi Natt,2023-11-13T15:40:18
INV000885,CUST000224,fixed_deposit,993278.29,1245769.63,2019-07-24T11:33:05,2021-07-23T11:33:05,matured,25.42,medium,Tamanna Sangha,2019-07-24T11:33:05
INV000886,CUST000743,mutual_fund,1796977.66,2058797.31,2023-09-01T04:40:58,2031-08-30T04:40:58,active,14.57,medium,Xalak Raju,2023-09-01T04:40:58
INV000887,CUST000493,ppf,590159.69,764728.93,2020-02-20T10:18:19,2021-02-19T10:18:19,active,29.58,medium,Mason Viswanathan,2020-02-20T10:18:19
INV000888,CUST000615,bonds,951012.19,1120482.56,2022-05-22T19:35:10,2032-05-19T19:35:10,matured,17.82,low,Idika Deshpande,2022-05-22T19:35:10
INV000889,CUST000046,fixed_deposit,875977.31,997124.97,2023-07-26T13:37:03,2027-07-25T13:37:03,redeemed,13.83,medium,Azaan Brahmbhatt,2023-07-26T13:37:03
INV000890,CUST000984,ppf,1531700.9,1869287.78,2021-04-10T23:56:35,2025-04-09T23:56:35,redeemed,22.04,high,Gaurika Sama,2021-04-10T23:56:35
INV000891,CUST000026,fixed_deposit,191512.79,276027.38,2024-10-28T21:59:27,2025-10-28T21:59:27,active,44.13,high,Dhruv Pandya,2024-10-28T21:59:27
INV000892,CUST000814,ppf,1463105.53,1584396.98,2020-10-22T15:58:34,2030-10-20T15:58:34,active,8.29,high,Reva Bail,2020-10-22T15:58:34
INV000893,CUST000777,fixed_deposit,168674.25,188594.68,2023-02-12T09:07:22,2026-02-11T09:07:22,active,11.81,low,Ekalinga Mani,2023-02-12T09:07:22
INV000894,CUST000677,ppf,1518828.81,1685140.56,2020-07-22T17:48:31,2029-07-20T17:48:31,active,10.95,medium,Netra Raval,2020-07-22T17:48:31
INV000895,CUST000208,mutual_fund,1634786.98,1644595.7,2022-05-31T03:45:47,2031-05-29T03:45:47,active,0.6,low,Inaya Nigam,2022-05-31T03:45:47
INV000896,CUST000979,bonds,1616690.47,1519204.03,2024-05-03T19:00:25,2027-05-03T19:00:25,active,-6.03,medium,Saanvi Mangal,2024-05-03T19:00:25
INV000897,CUST000520,fixed_deposit,1779383.18,2051094.99,2022-09-12T19:31:27,2029-09-10T19:31:27,redeemed,15.27,medium,Keya Wable,2022-09-12T19:31:27
INV000898,CUST000653,mutual_fund,1426999.86,2047744.8,2024-01-03T17:42:17,2032-01-01T17:42:17,active,43.5,high,Abdul Saxena,2024-01-03T17:42:17
INV000899,CUST000383,bonds,702310.28,885472.8,2023-06-10T10:05:37,2027-06-09T10:05:37,redeemed,26.08,low,Jeevika Kashyap,2023-06-10T10:05:37
INV000900,CUST000593,mutual_fund,239482.69,252342.91,2024-02-13T11:27:06,2027-02-12T11:27:06,active,5.37,high,Lohit Borah,2024-02-13T11:27:06
INV000901,CUST000859,bonds,1525263.07,1855177.47,2024-04-27T19:18:46,2030-04-26T19:18:46,matured,21.63,high,Harinakshi Sharaf,2024-04-27T19:18:46
INV000902,CUST000748,bonds,1711144.89,2354877.6,2020-06-23T05:28:22,2027-06-22T05:28:22,active,37.62,low,Deepa Malhotra,2020-06-23T05:28:22
INV000903,CUST000739,stocks,1102769.35,1133867.45,2019-12-17T12:11:31,,redeemed,2.82,high,Rohan Kadakia,2019-12-17T12:11:31
INV000904,CUST000668,stocks,1082103.18,1388987.64,2021-01-29T11:16:20,,active,28.36,low,Shaurya Dewan,2021-01-29T11:16:20
INV000905,CUST000715,fixed_deposit,1423440.49,1631689.83,2023-01-03T17:01:45,2029-01-01T17:01:45,active,14.63,high,Rishi Narain,2023-01-03T17:01:45
INV000906,CUST000895,ppf,1753426.49,1588253.71,2021-12-05T11:11:15,2025-12-04T11:11:15,matured,-9.42,high,Yahvi Tank,2021-12-05T11:11:15
INV000907,CUST000760,stocks,892357.35,1157744.43,2021-03-22T05:37:46,,active,29.74,high,Jagrati Ramakrishnan,2021-03-22T05:37:46
INV000908,CUST000389,ppf,812816.25,1122255.4,2023-08-12T19:12:44,2026-08-11T19:12:44,active,38.07,high,Wyatt Biswas,2023-08-12T19:12:44
INV000909,CUST000585,stocks,1166848.55,1380031.78,2019-08-03T23:42:02,,active,18.27,high,Leena Bal,2019-08-03T23:42:02
INV000910,CUST000724,ppf,1938153.6,2261049.99,2023-04-16T21:57:37,2033-04-13T21:57:37,active,16.66,high,Baljiwan Narang,2023-04-16T21:57:37
INV000911,CUST000844,fixed_deposit,243378.16,246420.39,2020-04-19T17:29:32,2025-04-18T17:29:32,active,1.25,high,Harsh Golla,2020-04-19T17:29:32
INV000912,CUST000872,mutual_fund,537594.09,744729.09,2022-06-12T00:58:14,2029-06-10T00:58:14,active,38.53,low,Vamakshi Kumer,2022-06-12T00:58:14
INV000913,CUST000574,bonds,1609701.64,1621452.46,2022-03-08T10:31:51,2024-03-07T10:31:51,redeemed,0.73,high,Balvan Vasa,2022-03-08T10:31:51
INV000914,CUST000095,ppf,1173888.74,1521125.03,2024-11-02T01:20:15,2029-11-01T01:20:15,matured,29.58,medium,Akshay Narula,2024-11-02T01:20:15
INV000915,CUST000544,bonds,902034.91,890037.85,2021-05-23T05:35:25,2023-05-23T05:35:25,active,-1.33,medium,Dalaja Rastogi,2021-05-23T05:35:25
INV000916,CUST000300,ppf,1393893.01,1490489.8,2021-05-18T11:15:44,2026-05-17T11:15:44,redeemed,6.93,low,Joshua Krishnamurthy,2021-05-18T11:15:44
INV000917,CUST000794,bonds,224654.1,311550.31,2021-06-13T03:28:14,2025-06-12T03:28:14,active,38.68,medium,Nidra Anand,2021-06-13T03:28:14
INV000918,CUST000782,bonds,1322318.07,1560203.09,2021-11-10T07:47:22,2030-11-08T07:47:22,active,17.99,medium,Inaya Bali,2021-11-10T07:47:22
INV000919,CUST000316,stocks,1634459.89,2140979.01,2019-04-02T21:23:35,,active,30.99,low,Advay Behl,2019-04-02T21:23:35
INV000920,CUST000995,bonds,34103.51,34901.53,2024-06-16T01:29:49,2032-06-14T01:29:49,redeemed,2.34,medium,Dev Narayan,2024-06-16T01:29:49
INV000921,CUST000093,stocks,1004207.12,937226.51,2021-04-17T13:57:41,,redeemed,-6.67,medium,Harrison Misra,2021-04-17T13:57:41
INV000922,CUST000807,stocks,1968817.41,2596870.16,2019-03-30T10:12:39,,redeemed,31.9,low,Abha Chander,2019-03-30T10:12:39
INV000923,CUST000051,mutual_fund,1778331.99,2232695.81,2021-08-27T06:04:54,2027-08-26T06:04:54,matured,25.55,low,Tarak Dhaliwal,2021-08-27T06:04:54
INV000924,CUST000278,bonds,859163.83,751682.43,2024-12-27T06:22:15,2032-12-25T06:22:15,active,-12.51,high,Nathan Chaudhary,2024-12-27T06:22:15
INV000925,CUST000310,fixed_deposit,137336.16,133037.54,2021-12-31T08:21:34,2026-12-30T08:21:34,redeemed,-3.13,low,Utkarsh Pathak,2021-12-31T08:21:34
INV000926,CUST000936,stocks,1172688.65,1140205.17,2021-08-11T14:34:41,,matured,-2.77,medium,Hiral Soni,2021-08-11T14:34:41
INV000927,CUST000906,mutual_fund,597558.34,631200.87,2024-12-03T02:51:47,2031-12-02T02:51:47,matured,5.63,low,Aryan Gopal,2024-12-03T02:51:47
INV000928,CUST000112,mutual_fund,1744258.36,2316026.25,2020-07-17T08:49:15,2030-07-15T08:49:15,active,32.78,medium,Qarin Varkey,2020-07-17T08:49:15
INV000929,CUST000370,ppf,198471.81,213337.35,2022-10-19T05:29:02,2029-10-17T05:29:02,active,7.49,low,Victor Bali,2022-10-19T05:29:02
INV000930,CUST000016,ppf,1388776.05,1535847.43,2019-05-31T20:10:52,2027-05-29T20:10:52,matured,10.59,low,Laksh Menon,2019-05-31T20:10:52
INV000931,CUST000275,fixed_deposit,419696.0,499815.97,2019-12-06T02:28:31,2023-12-05T02:28:31,active,19.09,high,Lipika Mishra,2019-12-06T02:28:31
INV000932,CUST000989,bonds,275546.66,326936.11,2024-08-07T12:08:38,2029-08-06T12:08:38,matured,18.65,medium,Nicholas Purohit,2024-08-07T12:08:38
INV000933,CUST000014,stocks,1639978.65,1827264.21,2020-10-12T00:40:50,,matured,11.42,high,Yatan Kaul,2020-10-12T00:40:50
INV000934,CUST000491,bonds,1370284.19,1917027.58,2024-02-27T15:11:51,2027-02-26T15:11:51,matured,39.9,medium,Oscar Behl,2024-02-27T15:11:51
INV000935,CUST000306,bonds,1250463.8,1411898.68,2021-02-07T00:37:09,2030-02-05T00:37:09,active,12.91,medium,Tanay Kalita,2021-02-07T00:37:09
INV000936,CUST000108,bonds,1587748.63,2029460.3,2022-08-11T18:44:09,2023-08-11T18:44:09,active,27.82,high,Udyati Bhakta,2022-08-11T18:44:09
INV000937,CUST000884,stocks,467561.34,665480.06,2019-07-27T00:18:53,,redeemed,42.33,low,Frederick Sharaf,2019-07-27T00:18:53
INV000938,CUST000521,mutual_fund,839053.25,984209.46,2023-02-27T03:37:33,2033-02-24T03:37:33,active,17.3,high,Harini Ratta,2023-02-27T03:37:33
INV000939,CUST000546,fixed_deposit,1337036.55,1695094.94,2022-03-27T13:15:23,2030-03-25T13:15:23,active,26.78,medium,Diya Char,2022-03-27T13:15:23
INV000940,CUST000924,stocks,185360.72,253332.5,2021-09-11T14:20:02,,matured,36.67,medium,Ria Puri,2021-09-11T14:20:02
INV000941,CUST000434,mutual_fund,1725753.92,1724718.47,2020-09-15T02:56:30,2021-09-15T02:56:30,matured,-0.06,high,Frado Dhillon,2020-09-15T02:56:30
INV000942,CUST000389,ppf,764742.46,777743.08,2020-10-15T06:53:04,2022-10-15T06:53:04,active,1.7,medium,Maanav Peri,2020-10-15T06:53:04
INV000943,CUST000878,fixed_deposit,445621.98,553685.31,2024-08-27T20:36:31,2031-08-26T20:36:31,active,24.25,medium,Vidhi Gade,2024-08-27T20:36:31
INV000944,CUST000132,ppf,1430523.45,1517499.28,2022-06-07T04:19:59,2026-06-06T04:19:59,active,6.08,high,Vanya Bansal,2022-06-07T04:19:59
INV000945,CUST000904,mutual_fund,171991.31,239153.92,2022-04-08T04:40:27,2024-04-07T04:40:27,active,39.05,low,Jalsa Kala,2022-04-08T04:40:27
INV000946,CUST000887,fixed_deposit,903106.16,831309.22,2023-09-24T02:01:12,2031-09-22T02:01:12,active,-7.95,low,Eesha Buch,2023-09-24T02:01:12
INV000947,CUST000334,bonds,85165.53,77134.42,2022-12-28T03:24:38,2031-12-26T03:24:38,active,-9.43,medium,Veda Sampath,2022-12-28T03:24:38
INV000948,CUST000179,mutual_fund,913755.88,1119899.21,2024-03-31T03:35:00,2033-03-29T03:35:00,matured,22.56,high,Laksh Mohan,2024-03-31T03:35:00
INV000949,CUST000322,stocks,906355.91,1254759.12,2021-05-13T07:53:52,,matured,38.44,medium,Aarnav Korpal,2021-05-13T07:53:52
INV000950,CUST000745,fixed_deposit,47340.4,59241.78,2022-03-25T01:05:42,2027-03-24T01:05:42,active,25.14,low,Upasna Cheema,2022-03-25T01:05:42
INV000951,CUST000854,fixed_deposit,1287543.81,1405225.31,2024-06-03T16:15:52,2033-06-01T16:15:52,matured,9.14,medium,Amruta Shere,2024-06-03T16:15:52
INV000952,CUST000637,bonds,1099033.04,1194209.3,2019-01-24T22:35:10,2022-01-23T22:35:10,active,8.66,high,Tanish Chaudhuri,2019-01-24T22:35:10
INV000953,CUST000813,stocks,219255.53,298538.33,2024-02-29T16:25:41,,redeemed,36.16,medium,Turvi Parikh,2024-02-29T16:25:41
INV000954,CUST000924,ppf,1548347.82,1981111.04,2021-07-26T16:47:22,2022-07-26T16:47:22,matured,27.95,low,Yauvani Ramanathan,2021-07-26T16:47:22
INV000955,CUST000665,bonds,332476.27,356780.29,2020-05-01T11:28:28,2026-04-30T11:28:28,active,7.31,medium,Eiravati Date,2020-05-01T11:28:28
INV000956,CUST000157,ppf,668107.44,773601.6,2020-10-07T01:25:36,2027-10-06T01:25:36,active,15.79,low,Vihaan Mahajan,2020-10-07T01:25:36
INV000957,CUST000946,mutual_fund,640582.2,735324.31,2021-11-03T22:21:55,2023-11-03T22:21:55,matured,14.79,high,Vivaan Dass,2021-11-03T22:21:55
INV000958,CUST000490,fixed_deposit,1198641.82,1605460.85,2020-01-17T21:44:11,2021-01-16T21:44:11,active,33.94,low,Janaki Saxena,2020-01-17T21:44:11
INV000959,CUST000701,bonds,1545130.68,2130889.72,2021-03-11T14:43:29,2024-03-10T14:43:29,matured,37.91,low,Krishna Gera,2021-03-11T14:43:29
INV000960,CUST000759,mutual_fund,107855.42,155958.94,2023-03-08T20:17:51,2027-03-07T20:17:51,active,44.6,high,Yuvraj Mistry,2023-03-08T20:17:51
INV000961,CUST000095,stocks,1238614.89,1361980.93,2020-09-22T17:43:41,,matured,9.96,medium,Sanya Toor,2020-09-22T17:43:41
INV000962,CUST000347,fixed_deposit,1972957.18,2009062.3,2022-06-25T04:53:41,2029-06-23T04:53:41,active,1.83,medium,Adweta Venkatesh,2022-06-25T04:53:41
INV000963,CUST000844,stocks,1269755.03,1649284.81,2023-07-20T09:47:22,,redeemed,29.89,medium,Darsh Nagy,2023-07-20T09:47:22
INV000964,CUST000552,bonds,1062552.93,1265500.54,2020-11-18T17:05:43,2024-11-17T17:05:43,active,19.1,low,Arunima More,2020-11-18T17:05:43
INV000965,CUST000955,mutual_fund,974904.92,1300523.16,2021-02-25T03:26:47,2025-02-24T03:26:47,active,33.4,low,Jyoti Pingle,2021-02-25T03:26:47
INV000966,CUST000517,stocks,663756.58,815823.21,2019-07-11T11:05:44,,matured,22.91,low,Sarthak Bala,2019-07-11T11:05:44
INV000967,CUST000578,stocks,1112216.39,977082.1,2019-08-13T08:35:15,,matured,-12.15,low,Dipta Ganesh,2019-08-13T08:35:15
INV000968,CUST000220,stocks,1267889.93,1462130.67,2019-06-27T10:19:30,,active,15.32,low,Sachi Narasimhan,2019-06-27T10:19:30
INV000969,CUST000108,ppf,1641572.26,2312154.53,2023-11-23T18:27:10,2024-11-22T18:27:10,active,40.85,low,Faraj Vyas,2023-11-23T18:27:10
INV000970,CUST000634,ppf,499054.26,534836.45,2020-07-25T02:10:44,2023-07-25T02:10:44,active,7.17,medium,Henry Pradhan,2020-07-25T02:10:44
INV000971,CUST000799,ppf,44195.23,53405.52,2022-10-15T08:47:38,2030-10-13T08:47:38,matured,20.84,low,Jai Kumar,2022-10-15T08:47:38
INV000972,CUST000508,fixed_deposit,1991297.38,2522973.78,2023-11-01T01:46:04,2027-10-31T01:46:04,redeemed,26.7,low,Kamala Dara,2023-11-01T01:46:04
INV000973,CUST000363,fixed_deposit,721467.03,897937.87,2020-03-07T07:25:16,2022-03-07T07:25:16,active,24.46,high,Aarna Badami,2020-03-07T07:25:16
INV000974,CUST000354,stocks,1802996.58,2548175.07,2024-12-21T03:02:10,,redeemed,41.33,medium,Zaitra Koshy,2024-12-21T03:02:10
INV000975,CUST000071,ppf,835858.53,872552.72,2022-01-11T14:54:05,2029-01-09T14:54:05,matured,4.39,medium,Vinaya Kara,2022-01-11T14:54:05
INV000976,CUST000414,bonds,1376417.71,1988235.38,2021-08-12T09:18:26,2024-08-11T09:18:26,active,44.45,low,Vamakshi Nair,2021-08-12T09:18:26
INV000977,CUST000758,stocks,574741.25,773429.3,2019-06-08T02:27:09,,redeemed,34.57,medium,Jai Rama,2019-06-08T02:27:09
INV000978,CUST000067,stocks,241961.88,350505.98,2022-11-09T16:02:26,,matured,44.86,low,Anvi Ramakrishnan,2022-11-09T16:02:26
INV000979,CUST000541,stocks,1950396.13,1984723.1,2021-10-10T22:15:23,,matured,1.76,low,Harita Nayar,2021-10-10T22:15:23
INV000980,CUST000776,mutual_fund,1093150.56,1411913.26,2020-02-23T09:42:05,2023-02-22T09:42:05,matured,29.16,medium,Jonathan Goyal,2020-02-23T09:42:05
INV000981,CUST000513,stocks,443358.63,561691.05,2020-11-02T05:21:05,,active,26.69,high,Jasmit Balay,2020-11-02T05:21:05
INV000982,CUST000860,stocks,477552.14,408116.06,2023-07-30T11:39:25,,matured,-14.54,high,Gaurangi Pau,2023-07-30T11:39:25
INV000983,CUST000126,bonds,722977.74,777851.75,2024-08-23T12:32:13,2025-08-23T12:32:13,active,7.59,medium,Upasna Sanghvi,2024-08-23T12:32:13
INV000984,CUST000816,stocks,754691.39,996192.63,2023-11-02T01:36:45,,matured,32.0,high,Daniel Chauhan,2023-11-02T01:36:45
INV000985,CUST000725,stocks,946365.82,1118888.31,2019-12-26T01:36:10,,active,18.23,low,Nidhi Issac,2019-12-26T01:36:10
INV000986,CUST000251,stocks,1993155.61,2540476.14,2024-03-30T02:07:03,,matured,27.46,medium,Gaurika Banerjee,2024-03-30T02:07:03
INV000987,CUST000423,bonds,1285132.69,1165486.84,2022-09-16T00:36:48,2030-09-14T00:36:48,active,-9.31,high,Geetika Goswami,2022-09-16T00:36:48
INV000988,CUST000938,bonds,220462.24,213209.03,2021-05-13T05:14:28,2023-05-13T05:14:28,active,-3.29,medium,Aachal Radhakrishnan,2021-05-13T05:14:28
INV000989,CUST000616,fixed_deposit,426891.49,541426.48,2021-05-13T04:29:11,2024-05-12T04:29:11,active,26.83,high,Wakeeta Nayar,2021-05-13T04:29:11
INV000990,CUST000666,ppf,1830361.66,2287586.0,2022-04-14T19:32:17,2031-04-12T19:32:17,active,24.98,low,Harita Shetty,2022-04-14T19:32:17
INV000991,CUST000331,ppf,1756586.33,1626247.62,2024-10-26T03:19:05,2029-10-25T03:19:05,active,-7.42,medium,Pooja Lala,2024-10-26T03:19:05
INV000992,CUST000724,bonds,1142198.69,1347908.67,2023-11-02T15:25:07,2026-11-01T15:25:07,active,18.01,high,Ojas Gopal,2023-11-02T15:25:07
INV000993,CUST000933,stocks,1855637.34,1698279.29,2024-03-22T01:28:12,,matured,-8.48,high,Dhruv Goda,2024-03-22T01:28:12
INV000994,CUST000589,bonds,1623568.9,1523394.7,2022-04-25T01:44:53,2028-04-23T01:44:53,active,-6.17,medium,Tejas Korpal,2022-04-25T01:44:53
INV000995,CUST000093,mutual_fund,276411.31,332025.27,2020-12-11T03:03:57,2021-12-11T03:03:57,active,20.12,low,Yuvraj Saraf,2020-12-11T03:03:57
INV000996,CUST000267,stocks,1821570.73,1710272.76,2019-11-16T06:28:38,,redeemed,-6.11,medium,Krishna Barad,2019-11-16T06:28:38
INV000997,CUST000545,bonds,1452063.93,1589138.76,2020-04-12T19:01:52,2027-04-11T19:01:52,active,9.44,high,Zinal Mammen,2020-04-12T19:01:52
INV000998,CUST000678,mutual_fund,192277.2,183932.37,2023-07-02T03:09:54,2026-07-01T03:09:54,active,-4.34,high,Leena Tella,2023-07-02T03:09:54
INV000999,CUST000247,mutual_fund,1480785.32,2075172.55,2021-08-09T22:52:56,2023-08-09T22:52:56,active,40.14,low,Anamika Varghese,2021-08-09T22:52:56
INV001000,CUST000888,bonds,408276.8,512019.93,2022-02-01T13:13:17,2032-01-30T13:13:17,active,25.41,high,Irya Bose,2022-02-01T13:13:17
