kyc_id,customer_id,document_type,document_number_masked,issue_date,expiry_date,verification_status,verified_by,verification_date,document_url,created_at
KYC000001,CUST000321,aadhar,XXXX-XXXX-5424,2014-05-24T19:20:09,2024-05-21T19:20:09,verified,EMP000084,2018-03-17T22:35:16,https://docs.fintechbank.in/kyc/KYC000001.pdf,2014-05-24T19:20:09
KYC000002,CUST000534,aadhar,XXXX-XXXX-5973,2020-02-16T19:43:44,2026-02-14T19:43:44,verified,EMP000023,2025-02-09T21:13:02,https://docs.fintechbank.in/kyc/KYC000002.pdf,2020-02-16T19:43:44
KYC000003,CUST000584,aadhar,XXXX-XXXX-1532,2017-02-01T05:39:21,2023-01-31T05:39:21,verified,EMP000012,2018-10-05T15:04:42,https://docs.fintechbank.in/kyc/KYC000003.pdf,2017-02-01T05:39:21
KYC000004,CUST000451,pan,VCRBC4741W,2013-11-01T10:00:35,2023-10-30T10:00:35,verified,EMP000081,2015-10-11T08:52:03,https://docs.fintechbank.in/kyc/KYC000004.pdf,2013-11-01T10:00:35
KYC000005,CUST000051,pan,YYAWS6303G,2017-10-22T09:14:45,2023-10-21T09:14:45,verified,EMP000043,2023-07-02T14:18:38,https://docs.fintechbank.in/kyc/KYC000005.pdf,2017-10-22T09:14:45
KYC000006,CUST000979,passport,Q7437443,2020-06-06T16:20:52,2030-06-04T16:20:52,verified,EMP000018,2020-07-25T03:09:30,https://docs.fintechbank.in/kyc/KYC000006.pdf,2020-06-06T16:20:52
KYC000007,CUST000235,pan,JYXYJ3376Z,2016-03-21T05:58:39,2025-03-19T05:58:39,rejected,,,https://docs.fintechbank.in/kyc/KYC000007.pdf,2016-03-21T05:58:39
KYC000008,CUST000715,passport,I9312471,2022-09-13T15:38:36,2032-09-10T15:38:36,verified,EMP000069,2024-12-27T10:30:37,https://docs.fintechbank.in/kyc/KYC000008.pdf,2022-09-13T15:38:36
KYC000009,CUST000381,pan,BVJIE3405K,2021-08-07T14:56:37,2029-08-05T14:56:37,verified,EMP000030,2023-07-10T01:37:05,https://docs.fintechbank.in/kyc/KYC000009.pdf,2021-08-07T14:56:37
KYC000010,CUST000089,driving_license,TN8468235441352,2023-07-22T17:11:52,2028-07-20T17:11:52,verified,EMP000001,2025-11-11T09:38:35,https://docs.fintechbank.in/kyc/KYC000010.pdf,2023-07-22T17:11:52
KYC000011,CUST000573,driving_license,TN9411692071039,2022-07-10T06:20:42,2030-07-08T06:20:42,verified,EMP000084,2025-10-29T22:03:29,https://docs.fintechbank.in/kyc/KYC000011.pdf,2022-07-10T06:20:42
KYC000012,CUST000022,pan,FNSXG4951Z,2020-01-04T19:41:37,2027-01-02T19:41:37,verified,EMP000090,2024-02-28T10:26:24,https://docs.fintechbank.in/kyc/KYC000012.pdf,2020-01-04T19:41:37
KYC000013,CUST000577,aadhar,XXXX-XXXX-3342,2020-09-13T14:04:08,2026-09-12T14:04:08,rejected,,,https://docs.fintechbank.in/kyc/KYC000013.pdf,2020-09-13T14:04:08
KYC000014,CUST000421,voter_id,BJF699569,2023-07-05T18:26:01,2028-07-03T18:26:01,verified,EMP000022,2024-11-17T07:56:03,https://docs.fintechbank.in/kyc/KYC000014.pdf,2023-07-05T18:26:01
KYC000015,CUST000234,pan,JSDLJ9441U,2019-02-23T01:18:45,2026-02-21T01:18:45,verified,EMP000089,2019-11-13T06:26:45,https://docs.fintechbank.in/kyc/KYC000015.pdf,2019-02-23T01:18:45
KYC000016,CUST000730,driving_license,TN1526694711985,2017-12-01T04:16:47,2027-11-29T04:16:47,pending,,,https://docs.fintechbank.in/kyc/KYC000016.pdf,2017-12-01T04:16:47
KYC000017,CUST000814,voter_id,PCU694976,2010-12-20T03:56:23,2019-12-18T03:56:23,verified,EMP000076,2016-10-23T20:33:05,https://docs.fintechbank.in/kyc/KYC000017.pdf,2010-12-20T03:56:23
KYC000018,CUST000315,voter_id,JMV420234,2011-12-11T02:51:03,2018-12-09T02:51:03,verified,EMP000009,2012-04-01T19:12:19,https://docs.fintechbank.in/kyc/KYC000018.pdf,2011-12-11T02:51:03
KYC000019,CUST000850,passport,V4599644,2018-09-02T17:13:30,2025-08-31T17:13:30,rejected,,,https://docs.fintechbank.in/kyc/KYC000019.pdf,2018-09-02T17:13:30
KYC000020,CUST000411,pan,OIRDE7003D,2011-02-18T11:21:03,2020-02-16T11:21:03,pending,,,https://docs.fintechbank.in/kyc/KYC000020.pdf,2011-02-18T11:21:03
KYC000021,CUST000789,voter_id,COF679836,2022-05-03T18:49:16,2029-05-01T18:49:16,rejected,,,https://docs.fintechbank.in/kyc/KYC000021.pdf,2022-05-03T18:49:16
KYC000022,CUST000761,driving_license,KA7026095056302,2023-04-01T01:00:11,2032-03-29T01:00:11,pending,,,https://docs.fintechbank.in/kyc/KYC000022.pdf,2023-04-01T01:00:11
KYC000023,CUST000789,aadhar,XXXX-XXXX-1445,2012-06-07T15:38:22,2022-06-05T15:38:22,verified,EMP000006,2020-09-11T22:20:08,https://docs.fintechbank.in/kyc/KYC000023.pdf,2012-06-07T15:38:22
KYC000024,CUST000720,voter_id,OGM517084,2017-06-14T10:45:57,2024-06-12T10:45:57,verified,EMP000044,2020-01-02T19:37:35,https://docs.fintechbank.in/kyc/KYC000024.pdf,2017-06-14T10:45:57
KYC000025,CUST000190,voter_id,WEB509882,2018-01-30T18:21:50,2023-01-29T18:21:50,verified,EMP000085,2025-07-31T16:19:14,https://docs.fintechbank.in/kyc/KYC000025.pdf,2018-01-30T18:21:50
KYC000026,CUST000888,voter_id,AVU451637,2018-03-07T06:26:57,2024-03-05T06:26:57,verified,EMP000074,2025-09-04T17:22:20,https://docs.fintechbank.in/kyc/KYC000026.pdf,2018-03-07T06:26:57
KYC000027,CUST000926,passport,X5032602,2021-10-10T19:15:14,2029-10-08T19:15:14,verified,EMP000089,2022-06-24T07:39:39,https://docs.fintechbank.in/kyc/KYC000027.pdf,2021-10-10T19:15:14
KYC000028,CUST000024,driving_license,KA1892561672576,2015-02-10T01:37:56,2025-02-07T01:37:56,verified,EMP000081,2025-08-09T05:44:29,https://docs.fintechbank.in/kyc/KYC000028.pdf,2015-02-10T01:37:56
KYC000029,CUST000871,aadhar,XXXX-XXXX-8869,2020-06-21T04:55:01,2026-06-20T04:55:01,pending,,,https://docs.fintechbank.in/kyc/KYC000029.pdf,2020-06-21T04:55:01
KYC000030,CUST000881,aadhar,XXXX-XXXX-2823,2019-02-02T19:58:17,2027-01-31T19:58:17,verified,EMP000098,2021-07-13T00:04:04,https://docs.fintechbank.in/kyc/KYC000030.pdf,2019-02-02T19:58:17
KYC000031,CUST000776,driving_license,GJ7264865799503,2017-09-27T20:40:50,2027-09-25T20:40:50,verified,EMP000020,2017-11-19T14:52:32,https://docs.fintechbank.in/kyc/KYC000031.pdf,2017-09-27T20:40:50
KYC000032,CUST000509,aadhar,XXXX-XXXX-1685,2016-02-04T02:12:21,2021-02-02T02:12:21,verified,EMP000086,2017-02-28T04:10:46,https://docs.fintechbank.in/kyc/KYC000032.pdf,2016-02-04T02:12:21
KYC000033,CUST000452,driving_license,MH2590185196570,2014-07-09T17:39:08,2024-07-06T17:39:08,pending,,,https://docs.fintechbank.in/kyc/KYC000033.pdf,2014-07-09T17:39:08
KYC000034,CUST000890,passport,S5597464,2023-03-25T15:05:21,2029-03-23T15:05:21,pending,,,https://docs.fintechbank.in/kyc/KYC000034.pdf,2023-03-25T15:05:21
KYC000035,CUST000745,pan,OIPKY6431K,2011-01-10T03:05:51,2016-01-09T03:05:51,verified,EMP000052,2017-05-02T21:09:25,https://docs.fintechbank.in/kyc/KYC000035.pdf,2011-01-10T03:05:51
KYC000036,CUST000315,voter_id,OKM398332,2021-04-18T10:50:56,2028-04-16T10:50:56,verified,EMP000073,2025-05-03T14:29:15,https://docs.fintechbank.in/kyc/KYC000036.pdf,2021-04-18T10:50:56
KYC000037,CUST000268,driving_license,MH9716821246218,2012-11-10T12:33:11,2018-11-09T12:33:11,rejected,,,https://docs.fintechbank.in/kyc/KYC000037.pdf,2012-11-10T12:33:11
KYC000038,CUST000627,voter_id,RUE118091,2020-05-10T16:14:29,2026-05-09T16:14:29,verified,EMP000063,2022-12-18T10:08:59,https://docs.fintechbank.in/kyc/KYC000038.pdf,2020-05-10T16:14:29
KYC000039,CUST000681,passport,F2970040,2019-01-17T20:39:54,2029-01-14T20:39:54,verified,EMP000066,2024-09-15T00:17:52,https://docs.fintechbank.in/kyc/KYC000039.pdf,2019-01-17T20:39:54
KYC000040,CUST000650,pan,HMGHJ8976E,2021-01-08T12:26:25,2026-01-07T12:26:25,verified,EMP000010,2021-08-03T13:41:52,https://docs.fintechbank.in/kyc/KYC000040.pdf,2021-01-08T12:26:25
KYC000041,CUST000572,passport,V8166618,2019-06-12T03:32:05,2026-06-10T03:32:05,verified,EMP000045,2019-07-30T11:26:03,https://docs.fintechbank.in/kyc/KYC000041.pdf,2019-06-12T03:32:05
KYC000042,CUST000456,driving_license,MH2250247349960,2014-12-04T11:33:11,2021-12-02T11:33:11,verified,EMP000034,2025-09-22T10:25:36,https://docs.fintechbank.in/kyc/KYC000042.pdf,2014-12-04T11:33:11
KYC000043,CUST000215,aadhar,XXXX-XXXX-2967,2019-10-14T04:27:10,2028-10-11T04:27:10,verified,EMP000011,2024-07-31T09:05:06,https://docs.fintechbank.in/kyc/KYC000043.pdf,2019-10-14T04:27:10
KYC000044,CUST000233,driving_license,KA8685761705924,2010-12-13T12:29:03,2020-12-10T12:29:03,rejected,,,https://docs.fintechbank.in/kyc/KYC000044.pdf,2010-12-13T12:29:03
KYC000045,CUST000512,passport,I4419831,2020-09-08T13:15:58,2028-09-06T13:15:58,verified,EMP000094,2020-11-22T06:41:36,https://docs.fintechbank.in/kyc/KYC000045.pdf,2020-09-08T13:15:58
KYC000046,CUST000501,aadhar,XXXX-XXXX-3958,2016-02-23T03:41:44,2023-02-21T03:41:44,verified,EMP000002,2019-07-17T22:40:34,https://docs.fintechbank.in/kyc/KYC000046.pdf,2016-02-23T03:41:44
KYC000047,CUST000628,voter_id,YSN258319,2022-11-22T18:20:16,2032-11-19T18:20:16,rejected,,,https://docs.fintechbank.in/kyc/KYC000047.pdf,2022-11-22T18:20:16
KYC000048,CUST000561,pan,FIKZQ6161O,2019-02-10T19:46:09,2026-02-08T19:46:09,verified,EMP000093,2020-08-22T03:12:55,https://docs.fintechbank.in/kyc/KYC000048.pdf,2019-02-10T19:46:09
KYC000049,CUST000133,aadhar,XXXX-XXXX-8709,2011-12-01T19:38:24,2018-11-29T19:38:24,verified,EMP000090,2025-07-01T18:26:33,https://docs.fintechbank.in/kyc/KYC000049.pdf,2011-12-01T19:38:24
KYC000050,CUST000331,driving_license,TN2931318768574,2018-02-24T22:43:27,2026-02-22T22:43:27,verified,EMP000097,2024-01-04T19:22:41,https://docs.fintechbank.in/kyc/KYC000050.pdf,2018-02-24T22:43:27
KYC000051,CUST000633,driving_license,KA4123271634713,2016-03-16T11:22:12,2021-03-15T11:22:12,verified,EMP000096,2022-11-19T22:57:35,https://docs.fintechbank.in/kyc/KYC000051.pdf,2016-03-16T11:22:12
KYC000052,CUST000013,driving_license,MH8490139363239,2015-11-29T11:22:34,2023-11-27T11:22:34,pending,,,https://docs.fintechbank.in/kyc/KYC000052.pdf,2015-11-29T11:22:34
KYC000053,CUST000866,aadhar,XXXX-XXXX-8328,2022-11-19T15:24:29,2028-11-17T15:24:29,verified,EMP000091,2023-01-31T20:40:16,https://docs.fintechbank.in/kyc/KYC000053.pdf,2022-11-19T15:24:29
KYC000054,CUST000542,pan,QPHTB2043Y,2017-03-20T09:08:52,2026-03-18T09:08:52,pending,,,https://docs.fintechbank.in/kyc/KYC000054.pdf,2017-03-20T09:08:52
KYC000055,CUST000788,passport,Z4327708,2015-04-04T10:24:22,2021-04-02T10:24:22,rejected,,,https://docs.fintechbank.in/kyc/KYC000055.pdf,2015-04-04T10:24:22
KYC000056,CUST000558,aadhar,XXXX-XXXX-8819,2021-09-10T16:27:17,2030-09-08T16:27:17,verified,EMP000056,2022-05-10T12:01:29,https://docs.fintechbank.in/kyc/KYC000056.pdf,2021-09-10T16:27:17
KYC000057,CUST000679,voter_id,JOY917892,2017-09-14T06:13:46,2027-09-12T06:13:46,verified,EMP000063,2023-02-19T17:59:16,https://docs.fintechbank.in/kyc/KYC000057.pdf,2017-09-14T06:13:46
KYC000058,CUST000814,passport,X8116369,2012-06-07T08:49:32,2022-06-05T08:49:32,verified,EMP000006,2013-07-13T12:05:53,https://docs.fintechbank.in/kyc/KYC000058.pdf,2012-06-07T08:49:32
KYC000059,CUST000390,passport,F3572068,2021-05-08T03:30:48,2026-05-07T03:30:48,verified,EMP000032,2024-10-26T15:43:51,https://docs.fintechbank.in/kyc/KYC000059.pdf,2021-05-08T03:30:48
KYC000060,CUST000212,passport,J7835580,2020-01-05T20:18:34,2030-01-02T20:18:34,pending,,,https://docs.fintechbank.in/kyc/KYC000060.pdf,2020-01-05T20:18:34
KYC000061,CUST000230,passport,W2060257,2020-10-03T13:47:34,2027-10-02T13:47:34,verified,EMP000056,2024-05-24T05:52:19,https://docs.fintechbank.in/kyc/KYC000061.pdf,2020-10-03T13:47:34
KYC000062,CUST000768,passport,G3337503,2021-09-08T19:23:47,2031-09-06T19:23:47,verified,EMP000050,2022-04-29T16:43:27,https://docs.fintechbank.in/kyc/KYC000062.pdf,2021-09-08T19:23:47
KYC000063,CUST000366,pan,VSIHO8130Y,2010-06-27T02:39:35,2020-06-24T02:39:35,rejected,,,https://docs.fintechbank.in/kyc/KYC000063.pdf,2010-06-27T02:39:35
KYC000064,CUST000522,driving_license,MH6788974955423,2011-04-20T19:32:44,2019-04-18T19:32:44,pending,,,https://docs.fintechbank.in/kyc/KYC000064.pdf,2011-04-20T19:32:44
KYC000065,CUST000488,aadhar,XXXX-XXXX-4789,2022-11-22T20:48:34,2028-11-20T20:48:34,verified,EMP000069,2024-04-12T12:16:35,https://docs.fintechbank.in/kyc/KYC000065.pdf,2022-11-22T20:48:34
KYC000066,CUST000922,aadhar,XXXX-XXXX-3585,2023-09-24T05:59:41,2033-09-21T05:59:41,rejected,,,https://docs.fintechbank.in/kyc/KYC000066.pdf,2023-09-24T05:59:41
KYC000067,CUST000130,aadhar,XXXX-XXXX-7750,2023-01-07T02:29:13,2031-01-05T02:29:13,verified,EMP000007,2024-08-22T17:13:58,https://docs.fintechbank.in/kyc/KYC000067.pdf,2023-01-07T02:29:13
KYC000068,CUST000676,aadhar,XXXX-XXXX-1415,2015-08-11T10:33:30,2022-08-09T10:33:30,rejected,,,https://docs.fintechbank.in/kyc/KYC000068.pdf,2015-08-11T10:33:30
KYC000069,CUST000037,pan,FDRIQ8842V,2012-07-19T15:28:59,2019-07-18T15:28:59,verified,EMP000051,2018-07-17T18:05:23,https://docs.fintechbank.in/kyc/KYC000069.pdf,2012-07-19T15:28:59
KYC000070,CUST000359,driving_license,MH9832786662900,2010-06-03T21:52:47,2018-06-01T21:52:47,verified,EMP000064,2010-12-17T20:28:24,https://docs.fintechbank.in/kyc/KYC000070.pdf,2010-06-03T21:52:47
KYC000071,CUST000879,passport,F9865013,2021-12-02T00:51:10,2031-11-30T00:51:10,verified,EMP000096,2022-01-13T05:12:20,https://docs.fintechbank.in/kyc/KYC000071.pdf,2021-12-02T00:51:10
KYC000072,CUST000536,pan,LGRHU6943W,2021-06-01T10:12:40,2027-05-31T10:12:40,verified,EMP000015,2021-06-28T22:01:55,https://docs.fintechbank.in/kyc/KYC000072.pdf,2021-06-01T10:12:40
KYC000073,CUST000454,driving_license,TN4039726610671,2017-11-30T10:57:02,2022-11-29T10:57:02,pending,,,https://docs.fintechbank.in/kyc/KYC000073.pdf,2017-11-30T10:57:02
KYC000074,CUST000880,pan,MKIBP3494U,2015-09-28T15:46:32,2025-09-25T15:46:32,pending,,,https://docs.fintechbank.in/kyc/KYC000074.pdf,2015-09-28T15:46:32
KYC000075,CUST000454,aadhar,XXXX-XXXX-2862,2015-04-20T20:34:48,2020-04-18T20:34:48,verified,EMP000040,2016-11-28T15:48:18,https://docs.fintechbank.in/kyc/KYC000075.pdf,2015-04-20T20:34:48
KYC000076,CUST000370,pan,RITDM6931A,2015-02-27T02:10:01,2020-02-26T02:10:01,rejected,,,https://docs.fintechbank.in/kyc/KYC000076.pdf,2015-02-27T02:10:01
KYC000077,CUST000198,pan,VXSYX5746K,2016-11-15T07:51:11,2025-11-13T07:51:11,rejected,,,https://docs.fintechbank.in/kyc/KYC000077.pdf,2016-11-15T07:51:11
KYC000078,CUST000433,pan,KCSSI7814N,2011-06-10T02:38:39,2020-06-07T02:38:39,verified,EMP000064,2012-12-24T20:24:18,https://docs.fintechbank.in/kyc/KYC000078.pdf,2011-06-10T02:38:39
KYC000079,CUST000528,driving_license,GJ8117339948169,2016-12-12T21:36:49,2026-12-10T21:36:49,verified,EMP000035,2018-07-03T04:59:18,https://docs.fintechbank.in/kyc/KYC000079.pdf,2016-12-12T21:36:49
KYC000080,CUST000730,aadhar,XXXX-XXXX-6735,2021-11-13T23:24:42,2030-11-11T23:24:42,verified,EMP000072,2024-05-01T04:10:56,https://docs.fintechbank.in/kyc/KYC000080.pdf,2021-11-13T23:24:42
KYC000081,CUST000156,passport,A5730621,2010-07-16T23:51:32,2019-07-14T23:51:32,pending,,,https://docs.fintechbank.in/kyc/KYC000081.pdf,2010-07-16T23:51:32
KYC000082,CUST000588,driving_license,GJ3263960405113,2014-09-12T06:55:11,2022-09-10T06:55:11,verified,EMP000048,2021-08-22T14:59:59,https://docs.fintechbank.in/kyc/KYC000082.pdf,2014-09-12T06:55:11
KYC000083,CUST000026,passport,O9148089,2018-12-29T00:03:12,2025-12-27T00:03:12,verified,EMP000098,2021-05-26T18:11:48,https://docs.fintechbank.in/kyc/KYC000083.pdf,2018-12-29T00:03:12
KYC000084,CUST000283,driving_license,MH8110966177194,2018-08-22T00:50:21,2026-08-20T00:50:21,verified,EMP000098,2020-06-27T06:41:34,https://docs.fintechbank.in/kyc/KYC000084.pdf,2018-08-22T00:50:21
KYC000085,CUST000949,passport,H2917581,2018-03-24T14:24:37,2026-03-22T14:24:37,pending,,,https://docs.fintechbank.in/kyc/KYC000085.pdf,2018-03-24T14:24:37
KYC000086,CUST000037,voter_id,SIW888825,2013-10-02T21:06:33,2022-09-30T21:06:33,verified,EMP000055,2023-02-19T21:37:25,https://docs.fintechbank.in/kyc/KYC000086.pdf,2013-10-02T21:06:33
KYC000087,CUST000528,pan,JVHWK4355C,2021-06-17T00:16:55,2027-06-16T00:16:55,verified,EMP000041,2025-12-30T23:09:03,https://docs.fintechbank.in/kyc/KYC000087.pdf,2021-06-17T00:16:55
KYC000088,CUST000983,driving_license,TN9828809464256,2018-02-10T11:15:56,2026-02-08T11:15:56,verified,EMP000072,2025-03-02T15:13:20,https://docs.fintechbank.in/kyc/KYC000088.pdf,2018-02-10T11:15:56
KYC000089,CUST000200,aadhar,XXXX-XXXX-6315,2019-11-22T18:43:35,2026-11-20T18:43:35,verified,EMP000082,2022-08-12T11:46:22,https://docs.fintechbank.in/kyc/KYC000089.pdf,2019-11-22T18:43:35
KYC000090,CUST000593,pan,BVKDO7358L,2013-08-22T10:43:01,2019-08-21T10:43:01,pending,,,https://docs.fintechbank.in/kyc/KYC000090.pdf,2013-08-22T10:43:01
KYC000091,CUST000202,aadhar,XXXX-XXXX-3099,2015-02-19T17:44:53,2021-02-17T17:44:53,verified,EMP000054,2024-11-30T10:31:17,https://docs.fintechbank.in/kyc/KYC000091.pdf,2015-02-19T17:44:53
KYC000092,CUST000017,pan,VCWUF8582Q,2021-08-08T22:59:09,2026-08-07T22:59:09,verified,EMP000008,2022-12-22T21:04:39,https://docs.fintechbank.in/kyc/KYC000092.pdf,2021-08-08T22:59:09
KYC000093,CUST000652,voter_id,OBO547779,2020-05-12T18:51:01,2027-05-11T18:51:01,verified,EMP000068,2025-08-16T20:52:38,https://docs.fintechbank.in/kyc/KYC000093.pdf,2020-05-12T18:51:01
KYC000094,CUST000076,driving_license,MH9179312107472,2011-01-27T11:18:31,2020-01-25T11:18:31,verified,EMP000014,2014-07-10T14:28:45,https://docs.fintechbank.in/kyc/KYC000094.pdf,2011-01-27T11:18:31
KYC000095,CUST000087,voter_id,YXC927849,2023-07-14T05:08:22,2032-07-11T05:08:22,verified,EMP000039,2025-11-23T15:16:56,https://docs.fintechbank.in/kyc/KYC000095.pdf,2023-07-14T05:08:22
KYC000096,CUST000401,driving_license,MH1238606255201,2022-10-14T17:02:37,2027-10-13T17:02:37,verified,EMP000062,2024-11-20T08:02:41,https://docs.fintechbank.in/kyc/KYC000096.pdf,2022-10-14T17:02:37
KYC000097,CUST000756,driving_license,KA3346425890530,2012-02-23T13:19:19,2019-02-21T13:19:19,verified,EMP000085,2012-04-18T00:04:22,https://docs.fintechbank.in/kyc/KYC000097.pdf,2012-02-23T13:19:19
KYC000098,CUST000765,voter_id,FCV711489,2020-08-05T19:03:38,2027-08-04T19:03:38,rejected,,,https://docs.fintechbank.in/kyc/KYC000098.pdf,2020-08-05T19:03:38
KYC000099,CUST000293,pan,FKDNR6623Y,2023-01-19T15:47:28,2031-01-17T15:47:28,verified,EMP000007,2025-12-12T18:04:52,https://docs.fintechbank.in/kyc/KYC000099.pdf,2023-01-19T15:47:28
KYC000100,CUST000141,aadhar,XXXX-XXXX-8876,2015-06-12T19:01:56,2022-06-10T19:01:56,verified,EMP000038,2022-06-19T18:38:01,https://docs.fintechbank.in/kyc/KYC000100.pdf,2015-06-12T19:01:56
KYC000101,CUST000166,pan,YRVSR8147T,2016-08-19T21:11:54,2026-08-17T21:11:54,verified,EMP000024,2018-09-22T02:28:49,https://docs.fintechbank.in/kyc/KYC000101.pdf,2016-08-19T21:11:54
KYC000102,CUST000718,driving_license,MH3888695986351,2022-06-27T02:27:01,2027-06-26T02:27:01,verified,EMP000011,2022-08-09T15:44:36,https://docs.fintechbank.in/kyc/KYC000102.pdf,2022-06-27T02:27:01
KYC000103,CUST000672,pan,KOJZI7766R,2013-07-13T06:56:35,2018-07-12T06:56:35,pending,,,https://docs.fintechbank.in/kyc/KYC000103.pdf,2013-07-13T06:56:35
KYC000104,CUST000651,driving_license,KA4091922412192,2016-04-01T12:51:29,2025-03-30T12:51:29,pending,,,https://docs.fintechbank.in/kyc/KYC000104.pdf,2016-04-01T12:51:29
KYC000105,CUST000987,voter_id,KSF197042,2011-06-06T00:05:41,2016-06-04T00:05:41,rejected,,,https://docs.fintechbank.in/kyc/KYC000105.pdf,2011-06-06T00:05:41
KYC000106,CUST000637,driving_license,TN3632229328766,2011-03-31T11:09:39,2016-03-29T11:09:39,verified,EMP000021,2022-10-28T11:30:54,https://docs.fintechbank.in/kyc/KYC000106.pdf,2011-03-31T11:09:39
KYC000107,CUST000463,pan,IUGAW4291E,2011-11-27T17:48:30,2019-11-25T17:48:30,verified,EMP000042,2022-01-15T22:13:19,https://docs.fintechbank.in/kyc/KYC000107.pdf,2011-11-27T17:48:30
KYC000108,CUST000496,aadhar,XXXX-XXXX-3223,2013-05-05T08:18:01,2021-05-03T08:18:01,verified,EMP000091,2023-05-09T09:37:01,https://docs.fintechbank.in/kyc/KYC000108.pdf,2013-05-05T08:18:01
KYC000109,CUST000877,driving_license,DL4614908543179,2021-06-27T03:28:43,2028-06-25T03:28:43,verified,EMP000005,2025-04-28T11:53:01,https://docs.fintechbank.in/kyc/KYC000109.pdf,2021-06-27T03:28:43
KYC000110,CUST000115,aadhar,XXXX-XXXX-4549,2015-10-14T19:25:18,2020-10-12T19:25:18,pending,,,https://docs.fintechbank.in/kyc/KYC000110.pdf,2015-10-14T19:25:18
KYC000111,CUST000495,passport,D4369335,2017-02-09T02:14:26,2023-02-08T02:14:26,verified,EMP000078,2020-07-12T07:02:35,https://docs.fintechbank.in/kyc/KYC000111.pdf,2017-02-09T02:14:26
KYC000112,CUST000538,passport,I6187365,2023-12-03T03:59:31,2029-12-01T03:59:31,verified,EMP000040,2025-06-27T05:31:08,https://docs.fintechbank.in/kyc/KYC000112.pdf,2023-12-03T03:59:31
KYC000113,CUST000945,passport,B4257512,2019-12-15T09:51:29,2025-12-13T09:51:29,verified,EMP000075,2020-12-13T23:22:38,https://docs.fintechbank.in/kyc/KYC000113.pdf,2019-12-15T09:51:29
KYC000114,CUST000721,voter_id,WVG927894,2015-11-06T12:38:51,2021-11-04T12:38:51,verified,EMP000093,2025-09-20T17:10:46,https://docs.fintechbank.in/kyc/KYC000114.pdf,2015-11-06T12:38:51
KYC000115,CUST000128,driving_license,GJ6643612003988,2017-04-18T00:27:28,2025-04-16T00:27:28,verified,EMP000081,2022-05-24T06:04:51,https://docs.fintechbank.in/kyc/KYC000115.pdf,2017-04-18T00:27:28
KYC000116,CUST000763,passport,T2194758,2016-10-30T12:27:18,2021-10-29T12:27:18,pending,,,https://docs.fintechbank.in/kyc/KYC000116.pdf,2016-10-30T12:27:18
KYC000117,CUST000139,passport,P9545854,2018-03-10T12:49:36,2024-03-08T12:49:36,pending,,,https://docs.fintechbank.in/kyc/KYC000117.pdf,2018-03-10T12:49:36
KYC000118,CUST000928,pan,HXGKB3335B,2018-02-04T09:31:56,2025-02-02T09:31:56,verified,EMP000053,2018-02-21T12:04:11,https://docs.fintechbank.in/kyc/KYC000118.pdf,2018-02-04T09:31:56
KYC000119,CUST000053,pan,CNULF6923Y,2014-04-13T03:41:51,2022-04-11T03:41:51,rejected,,,https://docs.fintechbank.in/kyc/KYC000119.pdf,2014-04-13T03:41:51
KYC000120,CUST000004,aadhar,XXXX-XXXX-9812,2021-04-07T11:07:29,2026-04-06T11:07:29,verified,EMP000051,2022-06-11T22:37:30,https://docs.fintechbank.in/kyc/KYC000120.pdf,2021-04-07T11:07:29
KYC000121,CUST000351,passport,E6986142,2011-07-03T02:47:04,2020-06-30T02:47:04,verified,EMP000054,2021-07-04T12:58:46,https://docs.fintechbank.in/kyc/KYC000121.pdf,2011-07-03T02:47:04
KYC000122,CUST000307,driving_license,GJ8293130716900,2015-08-11T07:38:15,2022-08-09T07:38:15,rejected,,,https://docs.fintechbank.in/kyc/KYC000122.pdf,2015-08-11T07:38:15
KYC000123,CUST000151,pan,LXGPO7677S,2011-11-19T12:35:20,2020-11-16T12:35:20,rejected,,,https://docs.fintechbank.in/kyc/KYC000123.pdf,2011-11-19T12:35:20
KYC000124,CUST000519,pan,JHKTG5930D,2012-03-27T00:55:30,2018-03-26T00:55:30,verified,EMP000030,2024-04-16T13:57:11,https://docs.fintechbank.in/kyc/KYC000124.pdf,2012-03-27T00:55:30
KYC000125,CUST000529,driving_license,KA4091963460923,2018-05-18T23:20:37,2025-05-16T23:20:37,verified,EMP000070,2024-12-13T15:49:00,https://docs.fintechbank.in/kyc/KYC000125.pdf,2018-05-18T23:20:37
KYC000126,CUST000174,voter_id,NMD293797,2022-05-14T00:48:58,2029-05-12T00:48:58,verified,EMP000003,2024-05-19T14:20:21,https://docs.fintechbank.in/kyc/KYC000126.pdf,2022-05-14T00:48:58
KYC000127,CUST000169,voter_id,PNR489988,2014-02-26T05:30:06,2024-02-24T05:30:06,verified,EMP000052,2016-03-21T22:36:52,https://docs.fintechbank.in/kyc/KYC000127.pdf,2014-02-26T05:30:06
KYC000128,CUST000279,driving_license,MH3243617398792,2011-12-07T05:53:21,2018-12-05T05:53:21,verified,EMP000072,2017-09-29T16:29:06,https://docs.fintechbank.in/kyc/KYC000128.pdf,2011-12-07T05:53:21
KYC000129,CUST000886,pan,HUUIP4650C,2018-01-16T17:18:07,2023-01-15T17:18:07,verified,EMP000022,2022-05-31T19:24:16,https://docs.fintechbank.in/kyc/KYC000129.pdf,2018-01-16T17:18:07
KYC000130,CUST000617,aadhar,XXXX-XXXX-8585,2018-11-16T03:32:53,2024-11-14T03:32:53,pending,,,https://docs.fintechbank.in/kyc/KYC000130.pdf,2018-11-16T03:32:53
KYC000131,CUST000406,driving_license,GJ2930513547266,2017-01-19T13:45:39,2022-01-18T13:45:39,verified,EMP000028,2025-08-16T14:21:54,https://docs.fintechbank.in/kyc/KYC000131.pdf,2017-01-19T13:45:39
KYC000132,CUST000175,driving_license,GJ9388387475175,2022-04-02T00:43:25,2029-03-31T00:43:25,pending,,,https://docs.fintechbank.in/kyc/KYC000132.pdf,2022-04-02T00:43:25
KYC000133,CUST000654,pan,YICWA8070T,2016-11-10T22:18:47,2025-11-08T22:18:47,pending,,,https://docs.fintechbank.in/kyc/KYC000133.pdf,2016-11-10T22:18:47
KYC000134,CUST000511,aadhar,XXXX-XXXX-7768,2016-06-26T12:05:25,2023-06-25T12:05:25,verified,EMP000051,2024-04-04T02:35:37,https://docs.fintechbank.in/kyc/KYC000134.pdf,2016-06-26T12:05:25
KYC000135,CUST000498,aadhar,XXXX-XXXX-2306,2021-11-30T00:24:02,2027-11-29T00:24:02,verified,EMP000072,2022-08-04T09:19:50,https://docs.fintechbank.in/kyc/KYC000135.pdf,2021-11-30T00:24:02
KYC000136,CUST000609,pan,AXRTO6621U,2015-05-05T17:59:03,2025-05-02T17:59:03,pending,,,https://docs.fintechbank.in/kyc/KYC000136.pdf,2015-05-05T17:59:03
KYC000137,CUST000134,aadhar,XXXX-XXXX-3644,2012-07-01T12:46:07,2017-06-30T12:46:07,pending,,,https://docs.fintechbank.in/kyc/KYC000137.pdf,2012-07-01T12:46:07
KYC000138,CUST000680,aadhar,XXXX-XXXX-5262,2017-11-21T02:54:57,2025-11-19T02:54:57,pending,,,https://docs.fintechbank.in/kyc/KYC000138.pdf,2017-11-21T02:54:57
KYC000139,CUST000536,passport,A8915823,2022-05-24T18:43:56,2031-05-22T18:43:56,verified,EMP000053,2022-10-04T07:51:23,https://docs.fintechbank.in/kyc/KYC000139.pdf,2022-05-24T18:43:56
KYC000140,CUST000453,driving_license,GJ3447982536975,2012-11-25T07:56:56,2021-11-23T07:56:56,verified,EMP000024,2015-01-06T13:52:37,https://docs.fintechbank.in/kyc/KYC000140.pdf,2012-11-25T07:56:56
KYC000141,CUST000974,aadhar,XXXX-XXXX-8991,2012-09-08T11:33:45,2022-09-06T11:33:45,verified,EMP000043,2013-08-07T12:20:29,https://docs.fintechbank.in/kyc/KYC000141.pdf,2012-09-08T11:33:45
KYC000142,CUST000190,voter_id,XNG485072,2023-06-26T12:43:59,2032-06-23T12:43:59,pending,,,https://docs.fintechbank.in/kyc/KYC000142.pdf,2023-06-26T12:43:59
KYC000143,CUST000371,pan,QKNBQ3753N,2021-09-22T15:14:15,2026-09-21T15:14:15,pending,,,https://docs.fintechbank.in/kyc/KYC000143.pdf,2021-09-22T15:14:15
KYC000144,CUST000036,driving_license,GJ7888651686654,2020-10-14T21:09:10,2025-10-13T21:09:10,verified,EMP000066,2021-01-30T13:47:18,https://docs.fintechbank.in/kyc/KYC000144.pdf,2020-10-14T21:09:10
KYC000145,CUST000880,driving_license,GJ8055304221081,2013-02-25T10:26:13,2020-02-24T10:26:13,pending,,,https://docs.fintechbank.in/kyc/KYC000145.pdf,2013-02-25T10:26:13
KYC000146,CUST000666,aadhar,XXXX-XXXX-1163,2020-02-10T09:20:01,2025-02-08T09:20:01,verified,EMP000051,2023-01-05T23:50:06,https://docs.fintechbank.in/kyc/KYC000146.pdf,2020-02-10T09:20:01
KYC000147,CUST000468,voter_id,RWM380020,2022-08-27T15:43:45,2030-08-25T15:43:45,verified,EMP000084,2024-02-20T07:38:01,https://docs.fintechbank.in/kyc/KYC000147.pdf,2022-08-27T15:43:45
KYC000148,CUST000732,passport,J5577577,2011-03-21T22:49:17,2018-03-19T22:49:17,rejected,,,https://docs.fintechbank.in/kyc/KYC000148.pdf,2011-03-21T22:49:17
KYC000149,CUST000656,driving_license,DL9615464319224,2023-11-24T16:55:10,2028-11-22T16:55:10,verified,EMP000009,2025-06-03T16:35:09,https://docs.fintechbank.in/kyc/KYC000149.pdf,2023-11-24T16:55:10
KYC000150,CUST000601,pan,FKYWX4839B,2021-08-30T12:33:39,2029-08-28T12:33:39,verified,EMP000021,2024-08-20T09:29:23,https://docs.fintechbank.in/kyc/KYC000150.pdf,2021-08-30T12:33:39
KYC000151,CUST000468,passport,I6173438,2019-10-23T22:35:00,2025-10-21T22:35:00,pending,,,https://docs.fintechbank.in/kyc/KYC000151.pdf,2019-10-23T22:35:00
KYC000152,CUST000997,driving_license,TN3880383917871,2013-10-14T19:28:19,2022-10-12T19:28:19,verified,EMP000093,2020-02-11T11:37:46,https://docs.fintechbank.in/kyc/KYC000152.pdf,2013-10-14T19:28:19
KYC000153,CUST000462,driving_license,GJ6423781940621,2021-06-27T05:00:23,2029-06-25T05:00:23,verified,EMP000078,2025-04-17T23:54:59,https://docs.fintechbank.in/kyc/KYC000153.pdf,2021-06-27T05:00:23
KYC000154,CUST000345,voter_id,TPJ171291,2012-08-20T18:33:24,2019-08-19T18:33:24,pending,,,https://docs.fintechbank.in/kyc/KYC000154.pdf,2012-08-20T18:33:24
KYC000155,CUST000568,pan,YPULH8246S,2011-01-13T16:03:03,2018-01-11T16:03:03,verified,EMP000061,2025-07-30T18:55:23,https://docs.fintechbank.in/kyc/KYC000155.pdf,2011-01-13T16:03:03
KYC000156,CUST000840,passport,U8978954,2022-11-01T07:42:21,2027-10-31T07:42:21,verified,EMP000098,2024-09-27T18:22:47,https://docs.fintechbank.in/kyc/KYC000156.pdf,2022-11-01T07:42:21
KYC000157,CUST000262,passport,Q8891693,2010-01-17T18:50:40,2019-01-15T18:50:40,pending,,,https://docs.fintechbank.in/kyc/KYC000157.pdf,2010-01-17T18:50:40
KYC000158,CUST000775,driving_license,MH2646760527139,2016-04-16T01:39:44,2026-04-14T01:39:44,verified,EMP000072,2018-10-03T15:52:25,https://docs.fintechbank.in/kyc/KYC000158.pdf,2016-04-16T01:39:44
KYC000159,CUST000770,driving_license,TN7148077716212,2021-03-20T05:30:46,2028-03-18T05:30:46,verified,EMP000083,2023-10-12T09:22:56,https://docs.fintechbank.in/kyc/KYC000159.pdf,2021-03-20T05:30:46
KYC000160,CUST000066,passport,D7234885,2018-04-11T17:50:35,2028-04-08T17:50:35,verified,EMP000048,2021-09-27T22:09:17,https://docs.fintechbank.in/kyc/KYC000160.pdf,2018-04-11T17:50:35
KYC000161,CUST000023,passport,Y1309194,2021-02-23T09:40:22,2028-02-22T09:40:22,rejected,,,https://docs.fintechbank.in/kyc/KYC000161.pdf,2021-02-23T09:40:22
KYC000162,CUST000122,passport,O5874219,2017-01-15T21:50:28,2027-01-13T21:50:28,pending,,,https://docs.fintechbank.in/kyc/KYC000162.pdf,2017-01-15T21:50:28
KYC000163,CUST000153,voter_id,IRB702830,2023-03-17T20:17:37,2028-03-15T20:17:37,verified,EMP000020,2025-04-14T09:16:32,https://docs.fintechbank.in/kyc/KYC000163.pdf,2023-03-17T20:17:37
KYC000164,CUST000274,pan,NSDKY3606W,2010-01-29T06:53:08,2017-01-27T06:53:08,rejected,,,https://docs.fintechbank.in/kyc/KYC000164.pdf,2010-01-29T06:53:08
KYC000165,CUST000682,pan,WTWCS9591M,2016-01-27T15:23:14,2024-01-25T15:23:14,verified,EMP000051,2023-09-29T15:49:47,https://docs.fintechbank.in/kyc/KYC000165.pdf,2016-01-27T15:23:14
KYC000166,CUST000476,driving_license,TN7028618576158,2015-11-12T14:01:45,2020-11-10T14:01:45,rejected,,,https://docs.fintechbank.in/kyc/KYC000166.pdf,2015-11-12T14:01:45
KYC000167,CUST000470,driving_license,GJ8513018029075,2015-07-22T04:23:44,2024-07-19T04:23:44,verified,EMP000055,2021-07-08T13:36:00,https://docs.fintechbank.in/kyc/KYC000167.pdf,2015-07-22T04:23:44
KYC000168,CUST000184,aadhar,XXXX-XXXX-7583,2014-05-22T19:25:56,2023-05-20T19:25:56,rejected,,,https://docs.fintechbank.in/kyc/KYC000168.pdf,2014-05-22T19:25:56
KYC000169,CUST000645,pan,DNVUS4799N,2020-10-04T05:28:21,2027-10-03T05:28:21,pending,,,https://docs.fintechbank.in/kyc/KYC000169.pdf,2020-10-04T05:28:21
KYC000170,CUST000114,aadhar,XXXX-XXXX-8639,2019-02-19T19:51:50,2026-02-17T19:51:50,verified,EMP000014,2021-01-30T18:13:57,https://docs.fintechbank.in/kyc/KYC000170.pdf,2019-02-19T19:51:50
KYC000171,CUST000795,voter_id,SKP930728,2019-09-07T18:24:45,2024-09-05T18:24:45,verified,EMP000059,2024-06-07T17:29:03,https://docs.fintechbank.in/kyc/KYC000171.pdf,2019-09-07T18:24:45
KYC000172,CUST000447,passport,W2901846,2010-05-27T10:40:25,2019-05-25T10:40:25,verified,EMP000076,2021-03-06T07:13:36,https://docs.fintechbank.in/kyc/KYC000172.pdf,2010-05-27T10:40:25
KYC000173,CUST000244,pan,MHIZM9761C,2018-02-27T04:21:35,2028-02-25T04:21:35,verified,EMP000042,2024-03-25T02:14:16,https://docs.fintechbank.in/kyc/KYC000173.pdf,2018-02-27T04:21:35
KYC000174,CUST000881,passport,A4788897,2014-02-05T05:38:25,2021-02-03T05:38:25,verified,EMP000032,2014-10-13T08:09:35,https://docs.fintechbank.in/kyc/KYC000174.pdf,2014-02-05T05:38:25
KYC000175,CUST000425,pan,YPZAL8910G,2017-10-17T21:21:51,2023-10-16T21:21:51,verified,EMP000069,2024-03-08T11:37:03,https://docs.fintechbank.in/kyc/KYC000175.pdf,2017-10-17T21:21:51
KYC000176,CUST000627,passport,S6599304,2010-09-03T04:42:23,2018-09-01T04:42:23,verified,EMP000010,2021-01-13T09:27:44,https://docs.fintechbank.in/kyc/KYC000176.pdf,2010-09-03T04:42:23
KYC000177,CUST000444,pan,OSIHL8756D,2020-08-19T00:27:50,2028-08-17T00:27:50,verified,EMP000009,2020-09-09T21:36:50,https://docs.fintechbank.in/kyc/KYC000177.pdf,2020-08-19T00:27:50
KYC000178,CUST000434,pan,MHVUU9996C,2018-10-23T21:01:46,2027-10-21T21:01:46,verified,EMP000034,2021-05-25T14:49:12,https://docs.fintechbank.in/kyc/KYC000178.pdf,2018-10-23T21:01:46
KYC000179,CUST000738,pan,YODLJ4267M,2017-03-19T02:08:15,2026-03-17T02:08:15,pending,,,https://docs.fintechbank.in/kyc/KYC000179.pdf,2017-03-19T02:08:15
KYC000180,CUST000826,aadhar,XXXX-XXXX-2373,2010-04-01T09:51:32,2018-03-30T09:51:32,verified,EMP000009,2024-07-11T00:20:01,https://docs.fintechbank.in/kyc/KYC000180.pdf,2010-04-01T09:51:32
KYC000181,CUST000311,aadhar,XXXX-XXXX-7655,2020-07-10T21:53:59,2025-07-09T21:53:59,pending,,,https://docs.fintechbank.in/kyc/KYC000181.pdf,2020-07-10T21:53:59
KYC000182,CUST000409,passport,N7065400,2022-01-15T18:41:07,2032-01-13T18:41:07,pending,,,https://docs.fintechbank.in/kyc/KYC000182.pdf,2022-01-15T18:41:07
KYC000183,CUST000515,passport,V2080169,2020-03-03T11:45:53,2026-03-02T11:45:53,verified,EMP000016,2023-10-01T02:27:35,https://docs.fintechbank.in/kyc/KYC000183.pdf,2020-03-03T11:45:53
KYC000184,CUST000392,aadhar,XXXX-XXXX-5465,2012-10-26T20:30:58,2018-10-25T20:30:58,verified,EMP000055,2025-04-11T09:20:08,https://docs.fintechbank.in/kyc/KYC000184.pdf,2012-10-26T20:30:58
KYC000185,CUST000326,pan,EQIHU7521Y,2021-08-08T11:17:04,2028-08-06T11:17:04,verified,EMP000020,2025-02-02T09:53:58,https://docs.fintechbank.in/kyc/KYC000185.pdf,2021-08-08T11:17:04
KYC000186,CUST000371,aadhar,XXXX-XXXX-5508,2011-11-02T04:54:28,2018-10-31T04:54:28,pending,,,https://docs.fintechbank.in/kyc/KYC000186.pdf,2011-11-02T04:54:28
KYC000187,CUST000348,aadhar,XXXX-XXXX-7415,2018-09-09T17:25:53,2025-09-07T17:25:53,verified,EMP000088,2022-06-15T22:43:50,https://docs.fintechbank.in/kyc/KYC000187.pdf,2018-09-09T17:25:53
KYC000188,CUST000364,pan,WEXMT6425N,2015-12-03T23:16:27,2022-12-01T23:16:27,verified,EMP000053,2023-06-01T22:59:26,https://docs.fintechbank.in/kyc/KYC000188.pdf,2015-12-03T23:16:27
KYC000189,CUST000964,passport,O2731716,2020-01-17T10:47:31,2026-01-15T10:47:31,verified,EMP000050,2020-12-10T07:15:59,https://docs.fintechbank.in/kyc/KYC000189.pdf,2020-01-17T10:47:31
KYC000190,CUST000429,voter_id,LLI636691,2021-02-01T09:38:09,2031-01-30T09:38:09,verified,EMP000060,2024-05-25T07:23:25,https://docs.fintechbank.in/kyc/KYC000190.pdf,2021-02-01T09:38:09
KYC000191,CUST000794,pan,KOUNX1796E,2016-02-25T00:19:12,2023-02-23T00:19:12,verified,EMP000077,2020-02-14T22:36:07,https://docs.fintechbank.in/kyc/KYC000191.pdf,2016-02-25T00:19:12
KYC000192,CUST000509,driving_license,DL8088640831116,2012-06-19T23:38:23,2021-06-17T23:38:23,verified,EMP000094,2014-02-15T05:01:24,https://docs.fintechbank.in/kyc/KYC000192.pdf,2012-06-19T23:38:23
KYC000193,CUST000068,aadhar,XXXX-XXXX-4864,2018-06-10T12:39:23,2023-06-09T12:39:23,verified,EMP000003,2022-05-02T03:44:19,https://docs.fintechbank.in/kyc/KYC000193.pdf,2018-06-10T12:39:23
KYC000194,CUST000369,passport,X1881296,2019-05-30T00:00:22,2026-05-28T00:00:22,verified,EMP000044,2021-01-28T15:35:29,https://docs.fintechbank.in/kyc/KYC000194.pdf,2019-05-30T00:00:22
KYC000195,CUST000202,driving_license,GJ7919361210226,2013-03-06T13:36:40,2018-03-05T13:36:40,verified,EMP000069,2022-04-09T20:49:59,https://docs.fintechbank.in/kyc/KYC000195.pdf,2013-03-06T13:36:40
KYC000196,CUST000335,aadhar,XXXX-XXXX-4980,2012-12-23T20:02:36,2021-12-21T20:02:36,verified,EMP000067,2013-10-12T03:45:43,https://docs.fintechbank.in/kyc/KYC000196.pdf,2012-12-23T20:02:36
KYC000197,CUST000892,pan,XZYOX4362L,2014-12-05T05:50:19,2020-12-03T05:50:19,verified,EMP000068,2018-04-28T18:36:00,https://docs.fintechbank.in/kyc/KYC000197.pdf,2014-12-05T05:50:19
KYC000198,CUST000969,driving_license,MH8776432814409,2021-05-20T23:05:24,2027-05-19T23:05:24,rejected,,,https://docs.fintechbank.in/kyc/KYC000198.pdf,2021-05-20T23:05:24
KYC000199,CUST000590,pan,ZNREF3906D,2010-03-25T03:41:08,2017-03-23T03:41:08,verified,EMP000090,2015-04-24T05:31:44,https://docs.fintechbank.in/kyc/KYC000199.pdf,2010-03-25T03:41:08
KYC000200,CUST000465,aadhar,XXXX-XXXX-1932,2017-08-23T08:55:33,2024-08-21T08:55:33,verified,EMP000083,2024-02-17T09:40:10,https://docs.fintechbank.in/kyc/KYC000200.pdf,2017-08-23T08:55:33
KYC000201,CUST000121,aadhar,XXXX-XXXX-7609,2011-02-01T20:37:29,2018-01-30T20:37:29,rejected,,,https://docs.fintechbank.in/kyc/KYC000201.pdf,2011-02-01T20:37:29
KYC000202,CUST000404,pan,AWCUM9859Y,2018-07-29T21:31:14,2028-07-26T21:31:14,verified,EMP000062,2024-10-11T15:47:47,https://docs.fintechbank.in/kyc/KYC000202.pdf,2018-07-29T21:31:14
KYC000203,CUST000553,passport,J1090930,2018-04-07T21:27:07,2023-04-06T21:27:07,verified,EMP000046,2022-09-30T00:06:37,https://docs.fintechbank.in/kyc/KYC000203.pdf,2018-04-07T21:27:07
KYC000204,CUST000242,passport,A1940635,2014-08-09T06:53:16,2019-08-08T06:53:16,verified,EMP000079,2020-04-01T20:21:52,https://docs.fintechbank.in/kyc/KYC000204.pdf,2014-08-09T06:53:16
KYC000205,CUST000126,passport,A9803080,2016-11-17T04:54:41,2026-11-15T04:54:41,pending,,,https://docs.fintechbank.in/kyc/KYC000205.pdf,2016-11-17T04:54:41
KYC000206,CUST000084,voter_id,MPS275358,2023-04-16T18:01:09,2029-04-14T18:01:09,verified,EMP000094,2025-01-26T18:28:31,https://docs.fintechbank.in/kyc/KYC000206.pdf,2023-04-16T18:01:09
KYC000207,CUST000050,pan,WDTMR8203L,2017-12-15T17:26:32,2022-12-14T17:26:32,verified,EMP000010,2025-02-06T12:06:56,https://docs.fintechbank.in/kyc/KYC000207.pdf,2017-12-15T17:26:32
KYC000208,CUST000551,voter_id,KCI968799,2018-05-15T06:55:40,2028-05-12T06:55:40,verified,EMP000069,2024-11-23T07:03:57,https://docs.fintechbank.in/kyc/KYC000208.pdf,2018-05-15T06:55:40
KYC000209,CUST000414,pan,CVKWQ9324V,2011-05-14T04:06:56,2021-05-11T04:06:56,verified,EMP000085,2014-03-24T05:48:57,https://docs.fintechbank.in/kyc/KYC000209.pdf,2011-05-14T04:06:56
KYC000210,CUST000439,voter_id,MOW273562,2014-06-03T00:11:09,2024-05-31T00:11:09,pending,,,https://docs.fintechbank.in/kyc/KYC000210.pdf,2014-06-03T00:11:09
KYC000211,CUST000203,passport,C1155990,2021-04-05T16:02:56,2031-04-03T16:02:56,verified,EMP000047,2024-07-08T11:23:05,https://docs.fintechbank.in/kyc/KYC000211.pdf,2021-04-05T16:02:56
KYC000212,CUST000382,aadhar,XXXX-XXXX-6002,2019-10-13T13:28:38,2029-10-10T13:28:38,verified,EMP000032,2023-01-12T00:24:03,https://docs.fintechbank.in/kyc/KYC000212.pdf,2019-10-13T13:28:38
KYC000213,CUST000462,aadhar,XXXX-XXXX-1485,2013-04-03T15:41:27,2021-04-01T15:41:27,verified,EMP000078,2016-02-10T15:29:08,https://docs.fintechbank.in/kyc/KYC000213.pdf,2013-04-03T15:41:27
KYC000214,CUST000891,pan,NKFVE6818K,2014-02-26T21:05:36,2023-02-24T21:05:36,verified,EMP000062,2018-09-22T02:29:02,https://docs.fintechbank.in/kyc/KYC000214.pdf,2014-02-26T21:05:36
KYC000215,CUST000676,passport,V2148752,2018-10-25T10:59:46,2024-10-23T10:59:46,pending,,,https://docs.fintechbank.in/kyc/KYC000215.pdf,2018-10-25T10:59:46
KYC000216,CUST000566,passport,N6334792,2021-09-26T12:09:41,2029-09-24T12:09:41,verified,EMP000100,2024-04-02T19:16:45,https://docs.fintechbank.in/kyc/KYC000216.pdf,2021-09-26T12:09:41
KYC000217,CUST000442,passport,N5425201,2021-10-03T08:13:12,2027-10-02T08:13:12,verified,EMP000091,2022-12-06T07:18:37,https://docs.fintechbank.in/kyc/KYC000217.pdf,2021-10-03T08:13:12
KYC000218,CUST000223,passport,R5485378,2011-12-28T09:39:41,2017-12-26T09:39:41,rejected,,,https://docs.fintechbank.in/kyc/KYC000218.pdf,2011-12-28T09:39:41
KYC000219,CUST000029,aadhar,XXXX-XXXX-9459,2019-08-24T19:50:16,2026-08-22T19:50:16,verified,EMP000013,2025-07-25T19:15:30,https://docs.fintechbank.in/kyc/KYC000219.pdf,2019-08-24T19:50:16
KYC000220,CUST000381,driving_license,MH9290202652452,2011-08-22T11:40:54,2016-08-20T11:40:54,pending,,,https://docs.fintechbank.in/kyc/KYC000220.pdf,2011-08-22T11:40:54
KYC000221,CUST000310,pan,HQDCS4193Z,2021-08-26T04:43:48,2028-08-24T04:43:48,verified,EMP000086,2022-02-19T01:12:48,https://docs.fintechbank.in/kyc/KYC000221.pdf,2021-08-26T04:43:48
KYC000222,CUST000356,pan,GIFUZ8733N,2012-04-27T07:05:02,2020-04-25T07:05:02,verified,EMP000011,2017-11-17T00:23:01,https://docs.fintechbank.in/kyc/KYC000222.pdf,2012-04-27T07:05:02
KYC000223,CUST000603,driving_license,GJ2897998105467,2017-01-05T21:51:24,2025-01-03T21:51:24,verified,EMP000099,2017-05-29T13:07:35,https://docs.fintechbank.in/kyc/KYC000223.pdf,2017-01-05T21:51:24
KYC000224,CUST000887,aadhar,XXXX-XXXX-9821,2019-04-24T08:06:53,2027-04-22T08:06:53,verified,EMP000095,2020-05-09T21:16:47,https://docs.fintechbank.in/kyc/KYC000224.pdf,2019-04-24T08:06:53
KYC000225,CUST000916,pan,FTHFQ3872X,2021-07-16T04:13:53,2031-07-14T04:13:53,pending,,,https://docs.fintechbank.in/kyc/KYC000225.pdf,2021-07-16T04:13:53
KYC000226,CUST000789,aadhar,XXXX-XXXX-4391,2018-01-06T04:47:49,2023-01-05T04:47:49,rejected,,,https://docs.fintechbank.in/kyc/KYC000226.pdf,2018-01-06T04:47:49
KYC000227,CUST000036,passport,A8217695,2011-11-09T02:59:16,2021-11-06T02:59:16,verified,EMP000090,2019-08-06T09:31:21,https://docs.fintechbank.in/kyc/KYC000227.pdf,2011-11-09T02:59:16
KYC000228,CUST000966,passport,A4728014,2015-07-29T04:14:40,2022-07-27T04:14:40,pending,,,https://docs.fintechbank.in/kyc/KYC000228.pdf,2015-07-29T04:14:40
KYC000229,CUST000923,aadhar,XXXX-XXXX-1293,2023-07-06T06:45:54,2030-07-04T06:45:54,verified,EMP000091,2023-10-31T11:30:15,https://docs.fintechbank.in/kyc/KYC000229.pdf,2023-07-06T06:45:54
KYC000230,CUST000734,pan,URXLL3534X,2016-06-08T08:04:10,2024-06-06T08:04:10,verified,EMP000099,2016-12-16T05:19:23,https://docs.fintechbank.in/kyc/KYC000230.pdf,2016-06-08T08:04:10
KYC000231,CUST000161,voter_id,UBN194167,2017-09-13T19:25:01,2022-09-12T19:25:01,verified,EMP000066,2025-09-06T04:29:32,https://docs.fintechbank.in/kyc/KYC000231.pdf,2017-09-13T19:25:01
KYC000232,CUST000700,pan,GROBC7717J,2010-02-09T13:30:21,2015-02-08T13:30:21,pending,,,https://docs.fintechbank.in/kyc/KYC000232.pdf,2010-02-09T13:30:21
KYC000233,CUST000636,voter_id,ENG233165,2011-05-11T05:26:12,2020-05-08T05:26:12,rejected,,,https://docs.fintechbank.in/kyc/KYC000233.pdf,2011-05-11T05:26:12
KYC000234,CUST000018,aadhar,XXXX-XXXX-3269,2011-02-13T00:51:27,2017-02-11T00:51:27,pending,,,https://docs.fintechbank.in/kyc/KYC000234.pdf,2011-02-13T00:51:27
KYC000235,CUST000365,aadhar,XXXX-XXXX-1650,2021-05-01T17:17:05,2029-04-29T17:17:05,verified,EMP000028,2023-07-15T11:25:17,https://docs.fintechbank.in/kyc/KYC000235.pdf,2021-05-01T17:17:05
KYC000236,CUST000269,voter_id,KND796917,2013-02-21T22:25:15,2020-02-20T22:25:15,verified,EMP000049,2016-05-03T02:22:51,https://docs.fintechbank.in/kyc/KYC000236.pdf,2013-02-21T22:25:15
KYC000237,CUST000156,driving_license,GJ9562350887823,2015-08-27T09:37:22,2025-08-24T09:37:22,verified,EMP000065,2025-01-14T04:58:43,https://docs.fintechbank.in/kyc/KYC000237.pdf,2015-08-27T09:37:22
KYC000238,CUST000411,driving_license,KA1123348111934,2014-12-08T19:29:16,2024-12-05T19:29:16,rejected,,,https://docs.fintechbank.in/kyc/KYC000238.pdf,2014-12-08T19:29:16
KYC000239,CUST000002,pan,IMCOV2637B,2020-07-06T16:19:24,2026-07-05T16:19:24,verified,EMP000087,2021-10-05T13:14:19,https://docs.fintechbank.in/kyc/KYC000239.pdf,2020-07-06T16:19:24
KYC000240,CUST000511,passport,L3915086,2014-09-05T14:02:24,2019-09-04T14:02:24,verified,EMP000069,2016-11-09T05:30:47,https://docs.fintechbank.in/kyc/KYC000240.pdf,2014-09-05T14:02:24
KYC000241,CUST000700,driving_license,KA7263775837369,2012-12-15T20:23:22,2021-12-13T20:23:22,rejected,,,https://docs.fintechbank.in/kyc/KYC000241.pdf,2012-12-15T20:23:22
KYC000242,CUST000233,voter_id,XFQ192222,2018-10-20T01:45:03,2024-10-18T01:45:03,verified,EMP000094,2025-12-13T20:30:53,https://docs.fintechbank.in/kyc/KYC000242.pdf,2018-10-20T01:45:03
KYC000243,CUST000653,aadhar,XXXX-XXXX-3252,2019-10-10T12:47:12,2025-10-08T12:47:12,verified,EMP000033,2021-12-24T12:01:56,https://docs.fintechbank.in/kyc/KYC000243.pdf,2019-10-10T12:47:12
KYC000244,CUST000109,voter_id,XON772143,2022-07-25T20:57:25,2029-07-23T20:57:25,verified,EMP000067,2024-06-24T01:07:46,https://docs.fintechbank.in/kyc/KYC000244.pdf,2022-07-25T20:57:25
KYC000245,CUST000469,driving_license,KA8077374813813,2023-03-26T07:40:49,2028-03-24T07:40:49,verified,EMP000089,2025-03-17T08:27:16,https://docs.fintechbank.in/kyc/KYC000245.pdf,2023-03-26T07:40:49
KYC000246,CUST000322,voter_id,JDU558700,2022-10-16T22:47:24,2028-10-14T22:47:24,pending,,,https://docs.fintechbank.in/kyc/KYC000246.pdf,2022-10-16T22:47:24
KYC000247,CUST000757,aadhar,XXXX-XXXX-5564,2016-12-14T22:15:46,2023-12-13T22:15:46,verified,EMP000100,2020-05-23T11:37:59,https://docs.fintechbank.in/kyc/KYC000247.pdf,2016-12-14T22:15:46
KYC000248,CUST000197,passport,C7647618,2018-12-28T04:37:26,2023-12-27T04:37:26,verified,EMP000092,2022-11-12T04:58:43,https://docs.fintechbank.in/kyc/KYC000248.pdf,2018-12-28T04:37:26
KYC000249,CUST000772,aadhar,XXXX-XXXX-1175,2021-03-31T10:34:06,2029-03-29T10:34:06,pending,,,https://docs.fintechbank.in/kyc/KYC000249.pdf,2021-03-31T10:34:06
KYC000250,CUST000486,driving_license,MH4230230289245,2010-03-10T06:41:21,2020-03-07T06:41:21,verified,EMP000059,2018-11-29T10:23:13,https://docs.fintechbank.in/kyc/KYC000250.pdf,2010-03-10T06:41:21
KYC000251,CUST000211,aadhar,XXXX-XXXX-9185,2015-09-06T12:24:12,2021-09-04T12:24:12,verified,EMP000046,2018-08-28T15:37:42,https://docs.fintechbank.in/kyc/KYC000251.pdf,2015-09-06T12:24:12
KYC000252,CUST000465,aadhar,XXXX-XXXX-5152,2015-07-25T19:55:04,2023-07-23T19:55:04,verified,EMP000081,2019-02-02T13:14:56,https://docs.fintechbank.in/kyc/KYC000252.pdf,2015-07-25T19:55:04
KYC000253,CUST000851,pan,YRPDV3426X,2020-03-15T04:57:17,2027-03-14T04:57:17,pending,,,https://docs.fintechbank.in/kyc/KYC000253.pdf,2020-03-15T04:57:17
KYC000254,CUST000913,aadhar,XXXX-XXXX-5054,2022-06-17T21:43:49,2032-06-14T21:43:49,verified,EMP000050,2023-08-30T20:07:03,https://docs.fintechbank.in/kyc/KYC000254.pdf,2022-06-17T21:43:49
KYC000255,CUST000421,pan,TZZLY2859X,2010-07-28T13:33:39,2020-07-25T13:33:39,pending,,,https://docs.fintechbank.in/kyc/KYC000255.pdf,2010-07-28T13:33:39
KYC000256,CUST000953,passport,Y5164681,2011-03-31T10:05:10,2016-03-29T10:05:10,verified,EMP000042,2012-06-26T04:14:23,https://docs.fintechbank.in/kyc/KYC000256.pdf,2011-03-31T10:05:10
KYC000257,CUST000934,passport,B1732411,2012-12-28T21:41:06,2019-12-27T21:41:06,pending,,,https://docs.fintechbank.in/kyc/KYC000257.pdf,2012-12-28T21:41:06
KYC000258,CUST000408,aadhar,XXXX-XXXX-4713,2017-05-27T21:10:03,2026-05-25T21:10:03,verified,EMP000001,2019-02-14T17:38:01,https://docs.fintechbank.in/kyc/KYC000258.pdf,2017-05-27T21:10:03
KYC000259,CUST000854,pan,UODOM1214I,2017-02-04T23:06:28,2023-02-03T23:06:28,verified,EMP000044,2022-06-09T16:39:03,https://docs.fintechbank.in/kyc/KYC000259.pdf,2017-02-04T23:06:28
KYC000260,CUST000288,pan,ZCDJU3956L,2016-08-05T15:23:02,2021-08-04T15:23:02,rejected,,,https://docs.fintechbank.in/kyc/KYC000260.pdf,2016-08-05T15:23:02
KYC000261,CUST000699,pan,VCFGH2550K,2023-10-02T10:26:50,2028-09-30T10:26:50,verified,EMP000041,2024-03-31T09:07:31,https://docs.fintechbank.in/kyc/KYC000261.pdf,2023-10-02T10:26:50
KYC000262,CUST000082,passport,V6310009,2013-09-24T08:47:36,2022-09-22T08:47:36,pending,,,https://docs.fintechbank.in/kyc/KYC000262.pdf,2013-09-24T08:47:36
KYC000263,CUST000722,aadhar,XXXX-XXXX-4821,2011-02-02T02:09:39,2020-01-31T02:09:39,pending,,,https://docs.fintechbank.in/kyc/KYC000263.pdf,2011-02-02T02:09:39
KYC000264,CUST000642,driving_license,MH5530605340570,2016-06-11T05:57:03,2023-06-10T05:57:03,verified,EMP000018,2023-08-30T22:27:44,https://docs.fintechbank.in/kyc/KYC000264.pdf,2016-06-11T05:57:03
KYC000265,CUST000552,voter_id,EIG434647,2017-07-04T01:20:40,2026-07-02T01:20:40,pending,,,https://docs.fintechbank.in/kyc/KYC000265.pdf,2017-07-04T01:20:40
KYC000266,CUST000517,aadhar,XXXX-XXXX-8168,2017-04-06T09:19:37,2023-04-05T09:19:37,verified,EMP000034,2019-12-01T03:26:00,https://docs.fintechbank.in/kyc/KYC000266.pdf,2017-04-06T09:19:37
KYC000267,CUST000344,passport,L1026939,2012-03-11T22:28:58,2018-03-10T22:28:58,pending,,,https://docs.fintechbank.in/kyc/KYC000267.pdf,2012-03-11T22:28:58
KYC000268,CUST000816,passport,V1557838,2023-12-18T22:12:45,2032-12-15T22:12:45,pending,,,https://docs.fintechbank.in/kyc/KYC000268.pdf,2023-12-18T22:12:45
KYC000269,CUST000915,voter_id,GBV420727,2012-12-16T11:03:56,2017-12-15T11:03:56,verified,EMP000024,2018-10-11T17:29:40,https://docs.fintechbank.in/kyc/KYC000269.pdf,2012-12-16T11:03:56
KYC000270,CUST000266,aadhar,XXXX-XXXX-4330,2011-08-12T09:22:44,2017-08-10T09:22:44,verified,EMP000011,2013-06-04T10:46:58,https://docs.fintechbank.in/kyc/KYC000270.pdf,2011-08-12T09:22:44
KYC000271,CUST000304,voter_id,JVZ788212,2018-08-18T08:10:23,2028-08-15T08:10:23,verified,EMP000028,2020-03-24T09:50:25,https://docs.fintechbank.in/kyc/KYC000271.pdf,2018-08-18T08:10:23
KYC000272,CUST000323,aadhar,XXXX-XXXX-5712,2016-11-19T21:33:28,2026-11-17T21:33:28,verified,EMP000035,2018-09-20T16:04:41,https://docs.fintechbank.in/kyc/KYC000272.pdf,2016-11-19T21:33:28
KYC000273,CUST000154,driving_license,GJ8680143399731,2012-08-14T22:31:26,2021-08-12T22:31:26,verified,EMP000086,2025-02-21T11:35:10,https://docs.fintechbank.in/kyc/KYC000273.pdf,2012-08-14T22:31:26
KYC000274,CUST000585,passport,S6147935,2011-12-07T13:59:55,2019-12-05T13:59:55,rejected,,,https://docs.fintechbank.in/kyc/KYC000274.pdf,2011-12-07T13:59:55
KYC000275,CUST000236,driving_license,GJ2973672342655,2016-08-05T13:59:55,2025-08-03T13:59:55,pending,,,https://docs.fintechbank.in/kyc/KYC000275.pdf,2016-08-05T13:59:55
KYC000276,CUST000145,driving_license,MH1945648081594,2013-04-24T16:11:37,2018-04-23T16:11:37,verified,EMP000092,2018-09-20T02:10:32,https://docs.fintechbank.in/kyc/KYC000276.pdf,2013-04-24T16:11:37
KYC000277,CUST000176,passport,U1390924,2010-01-15T13:05:45,2020-01-13T13:05:45,rejected,,,https://docs.fintechbank.in/kyc/KYC000277.pdf,2010-01-15T13:05:45
KYC000278,CUST000795,driving_license,TN7673843524520,2015-03-22T10:13:14,2025-03-19T10:13:14,rejected,,,https://docs.fintechbank.in/kyc/KYC000278.pdf,2015-03-22T10:13:14
KYC000279,CUST000946,driving_license,MH3029152198879,2021-08-19T00:59:56,2026-08-18T00:59:56,verified,EMP000009,2023-10-28T06:31:54,https://docs.fintechbank.in/kyc/KYC000279.pdf,2021-08-19T00:59:56
KYC000280,CUST000416,pan,LGZWR4942A,2019-05-24T12:14:04,2024-05-22T12:14:04,verified,EMP000087,2022-11-22T04:27:22,https://docs.fintechbank.in/kyc/KYC000280.pdf,2019-05-24T12:14:04
KYC000281,CUST000440,passport,G2619640,2017-04-26T13:12:29,2027-04-24T13:12:29,verified,EMP000007,2020-12-06T02:47:10,https://docs.fintechbank.in/kyc/KYC000281.pdf,2017-04-26T13:12:29
KYC000282,CUST000121,driving_license,TN7117525837901,2020-05-06T16:29:41,2027-05-05T16:29:41,verified,EMP000043,2024-01-21T01:51:41,https://docs.fintechbank.in/kyc/KYC000282.pdf,2020-05-06T16:29:41
KYC000283,CUST000593,pan,ZONEY2486R,2012-12-24T04:12:05,2022-12-22T04:12:05,verified,EMP000058,2025-09-08T07:43:41,https://docs.fintechbank.in/kyc/KYC000283.pdf,2012-12-24T04:12:05
KYC000284,CUST000641,voter_id,OUR193691,2012-03-18T20:58:37,2022-03-16T20:58:37,rejected,,,https://docs.fintechbank.in/kyc/KYC000284.pdf,2012-03-18T20:58:37
KYC000285,CUST000070,aadhar,XXXX-XXXX-1032,2023-02-19T08:54:30,2032-02-17T08:54:30,verified,EMP000085,2024-05-09T17:34:53,https://docs.fintechbank.in/kyc/KYC000285.pdf,2023-02-19T08:54:30
KYC000286,CUST000536,driving_license,MH2883712480440,2019-04-10T13:37:50,2026-04-08T13:37:50,verified,EMP000065,2020-02-17T02:57:59,https://docs.fintechbank.in/kyc/KYC000286.pdf,2019-04-10T13:37:50
KYC000287,CUST000163,pan,RGHZM3593W,2020-11-15T21:38:16,2026-11-14T21:38:16,verified,EMP000028,2025-03-22T18:43:12,https://docs.fintechbank.in/kyc/KYC000287.pdf,2020-11-15T21:38:16
KYC000288,CUST000193,aadhar,XXXX-XXXX-1126,2021-09-16T09:26:48,2028-09-14T09:26:48,verified,EMP000019,2025-06-06T09:18:30,https://docs.fintechbank.in/kyc/KYC000288.pdf,2021-09-16T09:26:48
KYC000289,CUST000118,passport,N8592179,2023-12-05T21:01:40,2028-12-03T21:01:40,verified,EMP000030,2024-11-12T15:41:17,https://docs.fintechbank.in/kyc/KYC000289.pdf,2023-12-05T21:01:40
KYC000290,CUST000583,driving_license,KA5315107933745,2020-06-09T00:46:33,2025-06-08T00:46:33,verified,EMP000004,2021-11-05T09:35:51,https://docs.fintechbank.in/kyc/KYC000290.pdf,2020-06-09T00:46:33
KYC000291,CUST000816,passport,J1596998,2015-03-13T14:11:55,2023-03-11T14:11:55,verified,EMP000054,2023-10-27T02:42:03,https://docs.fintechbank.in/kyc/KYC000291.pdf,2015-03-13T14:11:55
KYC000292,CUST000508,pan,FMFZN7995S,2022-05-21T05:10:00,2030-05-19T05:10:00,pending,,,https://docs.fintechbank.in/kyc/KYC000292.pdf,2022-05-21T05:10:00
KYC000293,CUST000663,driving_license,KA5875415758845,2020-08-06T04:34:02,2026-08-05T04:34:02,rejected,,,https://docs.fintechbank.in/kyc/KYC000293.pdf,2020-08-06T04:34:02
KYC000294,CUST000781,pan,BYORB2257P,2010-05-09T08:31:54,2018-05-07T08:31:54,verified,EMP000009,2016-10-10T22:12:28,https://docs.fintechbank.in/kyc/KYC000294.pdf,2010-05-09T08:31:54
KYC000295,CUST000767,passport,D6292020,2022-11-02T04:21:02,2031-10-31T04:21:02,verified,EMP000035,2023-02-22T17:30:51,https://docs.fintechbank.in/kyc/KYC000295.pdf,2022-11-02T04:21:02
KYC000296,CUST000267,passport,L2176335,2011-09-02T15:56:19,2019-08-31T15:56:19,verified,EMP000042,2024-12-04T23:24:18,https://docs.fintechbank.in/kyc/KYC000296.pdf,2011-09-02T15:56:19
KYC000297,CUST000680,voter_id,XHE572953,2020-02-12T01:48:16,2025-02-10T01:48:16,verified,EMP000056,2024-01-21T22:25:14,https://docs.fintechbank.in/kyc/KYC000297.pdf,2020-02-12T01:48:16
KYC000298,CUST000306,driving_license,MH7929774928028,2017-01-18T12:40:40,2027-01-16T12:40:40,verified,EMP000064,2025-01-03T07:18:39,https://docs.fintechbank.in/kyc/KYC000298.pdf,2017-01-18T12:40:40
KYC000299,CUST000191,voter_id,KXU600996,2013-08-16T21:56:52,2021-08-14T21:56:52,pending,,,https://docs.fintechbank.in/kyc/KYC000299.pdf,2013-08-16T21:56:52
KYC000300,CUST000960,driving_license,GJ7726573674132,2013-07-29T06:31:48,2022-07-27T06:31:48,verified,EMP000083,2013-08-29T14:35:16,https://docs.fintechbank.in/kyc/KYC000300.pdf,2013-07-29T06:31:48
KYC000301,CUST000182,voter_id,MRP257923,2019-05-20T18:44:45,2028-05-17T18:44:45,pending,,,https://docs.fintechbank.in/kyc/KYC000301.pdf,2019-05-20T18:44:45
KYC000302,CUST000589,aadhar,XXXX-XXXX-5384,2015-03-02T08:38:21,2023-02-28T08:38:21,pending,,,https://docs.fintechbank.in/kyc/KYC000302.pdf,2015-03-02T08:38:21
KYC000303,CUST000215,passport,Z3727809,2018-07-27T00:04:23,2024-07-25T00:04:23,verified,EMP000027,2019-03-05T21:44:21,https://docs.fintechbank.in/kyc/KYC000303.pdf,2018-07-27T00:04:23
KYC000304,CUST000398,pan,UOXJY2589F,2021-07-13T20:11:29,2028-07-11T20:11:29,verified,EMP000041,2024-04-16T09:15:11,https://docs.fintechbank.in/kyc/KYC000304.pdf,2021-07-13T20:11:29
KYC000305,CUST000611,passport,H7033472,2021-02-18T09:14:53,2031-02-16T09:14:53,verified,EMP000048,2025-12-25T23:40:27,https://docs.fintechbank.in/kyc/KYC000305.pdf,2021-02-18T09:14:53
KYC000306,CUST000642,aadhar,XXXX-XXXX-6467,2022-10-31T16:29:32,2029-10-29T16:29:32,verified,EMP000012,2024-12-09T14:19:26,https://docs.fintechbank.in/kyc/KYC000306.pdf,2022-10-31T16:29:32
KYC000307,CUST000596,pan,PWCVU5161T,2010-02-02T00:10:10,2017-01-31T00:10:10,verified,EMP000077,2018-12-19T03:14:33,https://docs.fintechbank.in/kyc/KYC000307.pdf,2010-02-02T00:10:10
KYC000308,CUST000190,aadhar,XXXX-XXXX-7431,2018-02-28T08:08:10,2025-02-26T08:08:10,verified,EMP000090,2024-06-22T21:49:46,https://docs.fintechbank.in/kyc/KYC000308.pdf,2018-02-28T08:08:10
KYC000309,CUST000771,voter_id,ZAR265844,2023-01-04T23:06:21,2028-01-03T23:06:21,verified,EMP000049,2025-03-04T23:47:28,https://docs.fintechbank.in/kyc/KYC000309.pdf,2023-01-04T23:06:21
KYC000310,CUST000475,voter_id,FVS867451,2014-02-20T02:06:07,2020-02-19T02:06:07,pending,,,https://docs.fintechbank.in/kyc/KYC000310.pdf,2014-02-20T02:06:07
KYC000311,CUST000119,aadhar,XXXX-XXXX-6131,2021-03-07T02:05:49,2030-03-05T02:05:49,verified,EMP000003,2021-12-12T12:43:46,https://docs.fintechbank.in/kyc/KYC000311.pdf,2021-03-07T02:05:49
KYC000312,CUST000183,aadhar,XXXX-XXXX-9928,2020-09-02T11:56:51,2025-09-01T11:56:51,verified,EMP000087,2021-06-13T23:07:52,https://docs.fintechbank.in/kyc/KYC000312.pdf,2020-09-02T11:56:51
KYC000313,CUST000780,passport,E6406850,2023-03-02T15:58:59,2032-02-28T15:58:59,pending,,,https://docs.fintechbank.in/kyc/KYC000313.pdf,2023-03-02T15:58:59
KYC000314,CUST000841,pan,SIJJO5099P,2011-02-21T10:02:13,2021-02-18T10:02:13,verified,EMP000052,2021-10-03T18:30:22,https://docs.fintechbank.in/kyc/KYC000314.pdf,2011-02-21T10:02:13
KYC000315,CUST000932,passport,O4628173,2019-05-07T14:47:08,2027-05-05T14:47:08,verified,EMP000047,2021-11-21T00:58:14,https://docs.fintechbank.in/kyc/KYC000315.pdf,2019-05-07T14:47:08
KYC000316,CUST000435,voter_id,SLO712765,2021-12-07T08:58:22,2030-12-05T08:58:22,verified,EMP000027,2023-05-15T06:06:22,https://docs.fintechbank.in/kyc/KYC000316.pdf,2021-12-07T08:58:22
KYC000317,CUST000668,aadhar,XXXX-XXXX-6009,2013-02-28T11:02:19,2020-02-27T11:02:19,verified,EMP000083,2022-09-28T14:01:18,https://docs.fintechbank.in/kyc/KYC000317.pdf,2013-02-28T11:02:19
KYC000318,CUST000077,aadhar,XXXX-XXXX-3521,2014-04-22T05:36:20,2020-04-20T05:36:20,verified,EMP000085,2023-02-03T14:02:44,https://docs.fintechbank.in/kyc/KYC000318.pdf,2014-04-22T05:36:20
KYC000319,CUST000462,pan,NJTNI2740V,2014-02-02T10:08:00,2021-01-31T10:08:00,verified,EMP000097,2022-11-27T13:35:04,https://docs.fintechbank.in/kyc/KYC000319.pdf,2014-02-02T10:08:00
KYC000320,CUST000266,aadhar,XXXX-XXXX-3090,2010-04-21T14:37:23,2018-04-19T14:37:23,verified,EMP000016,2010-09-23T11:48:52,https://docs.fintechbank.in/kyc/KYC000320.pdf,2010-04-21T14:37:23
KYC000321,CUST000389,driving_license,GJ7785219858822,2015-07-31T12:29:56,2024-07-28T12:29:56,verified,EMP000009,2022-01-07T12:11:14,https://docs.fintechbank.in/kyc/KYC000321.pdf,2015-07-31T12:29:56
KYC000322,CUST000958,voter_id,LWR793432,2013-03-06T14:32:19,2023-03-04T14:32:19,pending,,,https://docs.fintechbank.in/kyc/KYC000322.pdf,2013-03-06T14:32:19
KYC000323,CUST000747,passport,G4860965,2018-10-26T15:55:44,2025-10-24T15:55:44,pending,,,https://docs.fintechbank.in/kyc/KYC000323.pdf,2018-10-26T15:55:44
KYC000324,CUST000976,aadhar,XXXX-XXXX-4423,2011-10-10T15:14:48,2019-10-08T15:14:48,verified,EMP000096,2020-02-07T05:05:29,https://docs.fintechbank.in/kyc/KYC000324.pdf,2011-10-10T15:14:48
KYC000325,CUST000606,voter_id,UFQ127878,2018-04-12T15:26:08,2026-04-10T15:26:08,verified,EMP000011,2020-11-17T01:36:49,https://docs.fintechbank.in/kyc/KYC000325.pdf,2018-04-12T15:26:08
KYC000326,CUST000589,aadhar,XXXX-XXXX-4287,2018-01-08T09:03:17,2026-01-06T09:03:17,verified,EMP000097,2019-07-08T14:15:58,https://docs.fintechbank.in/kyc/KYC000326.pdf,2018-01-08T09:03:17
KYC000327,CUST000455,aadhar,XXXX-XXXX-6887,2021-05-20T14:55:33,2028-05-18T14:55:33,verified,EMP000038,2022-06-26T05:58:55,https://docs.fintechbank.in/kyc/KYC000327.pdf,2021-05-20T14:55:33
KYC000328,CUST000006,aadhar,XXXX-XXXX-3973,2019-10-11T20:57:44,2028-10-08T20:57:44,rejected,,,https://docs.fintechbank.in/kyc/KYC000328.pdf,2019-10-11T20:57:44
KYC000329,CUST000539,pan,FHHBG4162K,2011-10-18T09:32:57,2018-10-16T09:32:57,verified,EMP000044,2016-06-02T11:49:06,https://docs.fintechbank.in/kyc/KYC000329.pdf,2011-10-18T09:32:57
KYC000330,CUST000854,pan,DWDXA4353Q,2017-09-30T19:11:28,2025-09-28T19:11:28,verified,EMP000100,2024-12-12T23:27:36,https://docs.fintechbank.in/kyc/KYC000330.pdf,2017-09-30T19:11:28
KYC000331,CUST000269,voter_id,KFD121604,2010-07-29T17:28:26,2015-07-28T17:28:26,pending,,,https://docs.fintechbank.in/kyc/KYC000331.pdf,2010-07-29T17:28:26
KYC000332,CUST000129,voter_id,IVH739309,2016-02-10T18:01:02,2026-02-07T18:01:02,verified,EMP000097,2023-02-04T11:32:36,https://docs.fintechbank.in/kyc/KYC000332.pdf,2016-02-10T18:01:02
KYC000333,CUST000372,aadhar,XXXX-XXXX-9302,2016-07-20T14:27:45,2026-07-18T14:27:45,verified,EMP000051,2019-12-04T10:33:16,https://docs.fintechbank.in/kyc/KYC000333.pdf,2016-07-20T14:27:45
KYC000334,CUST000132,driving_license,DL8349919853959,2012-01-28T06:42:06,2019-01-26T06:42:06,verified,EMP000074,2016-09-07T08:53:35,https://docs.fintechbank.in/kyc/KYC000334.pdf,2012-01-28T06:42:06
KYC000335,CUST000532,passport,N2711029,2015-07-05T20:09:00,2021-07-03T20:09:00,verified,EMP000024,2015-12-07T04:38:20,https://docs.fintechbank.in/kyc/KYC000335.pdf,2015-07-05T20:09:00
KYC000336,CUST000296,passport,S8782883,2023-03-24T04:30:53,2033-03-21T04:30:53,verified,EMP000019,2023-09-08T11:51:36,https://docs.fintechbank.in/kyc/KYC000336.pdf,2023-03-24T04:30:53
KYC000337,CUST000550,aadhar,XXXX-XXXX-3436,2011-09-26T08:26:45,2017-09-24T08:26:45,pending,,,https://docs.fintechbank.in/kyc/KYC000337.pdf,2011-09-26T08:26:45
KYC000338,CUST000782,pan,SXMLD5618I,2020-05-03T09:58:19,2027-05-02T09:58:19,pending,,,https://docs.fintechbank.in/kyc/KYC000338.pdf,2020-05-03T09:58:19
KYC000339,CUST000846,passport,S8555079,2016-01-18T05:35:23,2025-01-15T05:35:23,verified,EMP000080,2023-05-08T05:47:28,https://docs.fintechbank.in/kyc/KYC000339.pdf,2016-01-18T05:35:23
KYC000340,CUST000752,pan,DZXJK9458L,2020-01-24T07:48:50,2030-01-21T07:48:50,verified,EMP000065,2020-08-03T20:48:31,https://docs.fintechbank.in/kyc/KYC000340.pdf,2020-01-24T07:48:50
KYC000341,CUST000007,aadhar,XXXX-XXXX-4269,2015-11-07T10:40:05,2024-11-04T10:40:05,pending,,,https://docs.fintechbank.in/kyc/KYC000341.pdf,2015-11-07T10:40:05
KYC000342,CUST000371,pan,JJCRT1066G,2012-04-22T14:42:11,2020-04-20T14:42:11,verified,EMP000022,2017-01-10T14:56:24,https://docs.fintechbank.in/kyc/KYC000342.pdf,2012-04-22T14:42:11
KYC000343,CUST000133,aadhar,XXXX-XXXX-1578,2013-06-26T19:21:29,2020-06-24T19:21:29,verified,EMP000002,2017-12-22T22:52:40,https://docs.fintechbank.in/kyc/KYC000343.pdf,2013-06-26T19:21:29
KYC000344,CUST000694,pan,DBQEK3800I,2016-11-11T18:09:20,2024-11-09T18:09:20,rejected,,,https://docs.fintechbank.in/kyc/KYC000344.pdf,2016-11-11T18:09:20
KYC000345,CUST000517,voter_id,TCU524968,2010-08-04T15:22:54,2017-08-02T15:22:54,pending,,,https://docs.fintechbank.in/kyc/KYC000345.pdf,2010-08-04T15:22:54
KYC000346,CUST000868,driving_license,KA1274604484420,2013-02-23T21:11:01,2022-02-21T21:11:01,pending,,,https://docs.fintechbank.in/kyc/KYC000346.pdf,2013-02-23T21:11:01
KYC000347,CUST000371,driving_license,MH2383503684785,2019-05-01T07:57:32,2029-04-28T07:57:32,verified,EMP000048,2025-09-28T12:54:06,https://docs.fintechbank.in/kyc/KYC000347.pdf,2019-05-01T07:57:32
KYC000348,CUST000087,pan,JWQES3099J,2020-10-26T04:29:26,2030-10-24T04:29:26,rejected,,,https://docs.fintechbank.in/kyc/KYC000348.pdf,2020-10-26T04:29:26
KYC000349,CUST000616,aadhar,XXXX-XXXX-9136,2015-01-07T19:44:41,2025-01-04T19:44:41,verified,EMP000079,2019-10-29T17:55:49,https://docs.fintechbank.in/kyc/KYC000349.pdf,2015-01-07T19:44:41
KYC000350,CUST000487,voter_id,SUJ159273,2015-02-19T10:25:10,2021-02-17T10:25:10,pending,,,https://docs.fintechbank.in/kyc/KYC000350.pdf,2015-02-19T10:25:10
KYC000351,CUST000359,pan,PFYQA7598X,2010-12-30T01:37:49,2016-12-28T01:37:49,verified,EMP000098,2013-08-11T12:57:27,https://docs.fintechbank.in/kyc/KYC000351.pdf,2010-12-30T01:37:49
KYC000352,CUST000751,passport,H2239800,2018-10-19T22:16:42,2023-10-18T22:16:42,pending,,,https://docs.fintechbank.in/kyc/KYC000352.pdf,2018-10-19T22:16:42
KYC000353,CUST000899,aadhar,XXXX-XXXX-3969,2011-02-21T05:39:26,2018-02-19T05:39:26,verified,EMP000018,2012-12-24T05:34:48,https://docs.fintechbank.in/kyc/KYC000353.pdf,2011-02-21T05:39:26
KYC000354,CUST000148,voter_id,BBZ150766,2022-01-27T18:53:52,2027-01-26T18:53:52,rejected,,,https://docs.fintechbank.in/kyc/KYC000354.pdf,2022-01-27T18:53:52
KYC000355,CUST000686,aadhar,XXXX-XXXX-5677,2011-06-01T23:54:00,2019-05-30T23:54:00,pending,,,https://docs.fintechbank.in/kyc/KYC000355.pdf,2011-06-01T23:54:00
KYC000356,CUST000138,passport,P2657779,2014-05-13T20:16:18,2022-05-11T20:16:18,verified,EMP000083,2025-07-19T00:23:10,https://docs.fintechbank.in/kyc/KYC000356.pdf,2014-05-13T20:16:18
KYC000357,CUST000954,aadhar,XXXX-XXXX-8272,2013-07-08T15:05:04,2021-07-06T15:05:04,verified,EMP000080,2025-10-12T08:22:09,https://docs.fintechbank.in/kyc/KYC000357.pdf,2013-07-08T15:05:04
KYC000358,CUST000025,pan,YYNMB6313D,2021-10-23T17:46:21,2027-10-22T17:46:21,rejected,,,https://docs.fintechbank.in/kyc/KYC000358.pdf,2021-10-23T17:46:21
KYC000359,CUST000084,passport,W6272037,2013-03-30T19:20:10,2020-03-28T19:20:10,pending,,,https://docs.fintechbank.in/kyc/KYC000359.pdf,2013-03-30T19:20:10
KYC000360,CUST000811,passport,L5523404,2010-01-12T10:01:01,2015-01-11T10:01:01,verified,EMP000062,2021-05-20T08:46:54,https://docs.fintechbank.in/kyc/KYC000360.pdf,2010-01-12T10:01:01
KYC000361,CUST000100,pan,XJHHW4649U,2010-03-07T11:00:45,2018-03-05T11:00:45,verified,EMP000094,2019-03-16T08:46:02,https://docs.fintechbank.in/kyc/KYC000361.pdf,2010-03-07T11:00:45
KYC000362,CUST000414,driving_license,DL9371129969374,2023-09-15T02:40:20,2032-09-12T02:40:20,verified,EMP000044,2025-06-07T00:02:12,https://docs.fintechbank.in/kyc/KYC000362.pdf,2023-09-15T02:40:20
KYC000363,CUST000835,driving_license,MH9923720966615,2016-03-26T20:20:41,2026-03-24T20:20:41,rejected,,,https://docs.fintechbank.in/kyc/KYC000363.pdf,2016-03-26T20:20:41
KYC000364,CUST000509,pan,CHOXG7056V,2013-04-04T00:00:20,2019-04-03T00:00:20,pending,,,https://docs.fintechbank.in/kyc/KYC000364.pdf,2013-04-04T00:00:20
KYC000365,CUST000783,driving_license,TN3017271807723,2016-02-20T20:32:43,2024-02-18T20:32:43,rejected,,,https://docs.fintechbank.in/kyc/KYC000365.pdf,2016-02-20T20:32:43
KYC000366,CUST000324,driving_license,DL9032734689355,2021-02-09T13:38:33,2029-02-07T13:38:33,verified,EMP000060,2024-06-07T11:09:06,https://docs.fintechbank.in/kyc/KYC000366.pdf,2021-02-09T13:38:33
KYC000367,CUST000207,aadhar,XXXX-XXXX-1736,2010-05-07T16:10:10,2017-05-05T16:10:10,verified,EMP000077,2011-11-23T18:09:28,https://docs.fintechbank.in/kyc/KYC000367.pdf,2010-05-07T16:10:10
KYC000368,CUST000860,driving_license,GJ6637921540494,2018-08-09T21:14:25,2026-08-07T21:14:25,verified,EMP000074,2024-06-19T12:18:34,https://docs.fintechbank.in/kyc/KYC000368.pdf,2018-08-09T21:14:25
KYC000369,CUST000873,passport,W3735544,2011-05-29T13:58:44,2019-05-27T13:58:44,pending,,,https://docs.fintechbank.in/kyc/KYC000369.pdf,2011-05-29T13:58:44
KYC000370,CUST000914,driving_license,TN3929043524950,2017-03-09T23:50:45,2022-03-08T23:50:45,verified,EMP000084,2022-07-11T18:34:08,https://docs.fintechbank.in/kyc/KYC000370.pdf,2017-03-09T23:50:45
KYC000371,CUST000313,driving_license,GJ5572915645316,2022-03-28T04:04:58,2031-03-26T04:04:58,verified,EMP000003,2022-09-09T04:59:02,https://docs.fintechbank.in/kyc/KYC000371.pdf,2022-03-28T04:04:58
KYC000372,CUST000614,driving_license,TN2189229046379,2016-07-11T11:35:32,2024-07-09T11:35:32,verified,EMP000038,2022-12-27T11:35:38,https://docs.fintechbank.in/kyc/KYC000372.pdf,2016-07-11T11:35:32
KYC000373,CUST000271,aadhar,XXXX-XXXX-9200,2016-09-06T00:41:14,2026-09-04T00:41:14,verified,EMP000031,2016-12-04T02:36:51,https://docs.fintechbank.in/kyc/KYC000373.pdf,2016-09-06T00:41:14
KYC000374,CUST000188,passport,S8093220,2022-02-18T03:56:36,2027-02-17T03:56:36,verified,EMP000055,2025-05-27T23:37:11,https://docs.fintechbank.in/kyc/KYC000374.pdf,2022-02-18T03:56:36
KYC000375,CUST000587,pan,HLZSE8401Z,2011-04-13T16:44:02,2019-04-11T16:44:02,verified,EMP000065,2019-03-22T18:29:02,https://docs.fintechbank.in/kyc/KYC000375.pdf,2011-04-13T16:44:02
KYC000376,CUST000514,voter_id,FBC110512,2012-02-04T01:26:53,2022-02-01T01:26:53,pending,,,https://docs.fintechbank.in/kyc/KYC000376.pdf,2012-02-04T01:26:53
KYC000377,CUST000175,pan,CZHCN1986M,2010-02-11T10:01:48,2020-02-09T10:01:48,rejected,,,https://docs.fintechbank.in/kyc/KYC000377.pdf,2010-02-11T10:01:48
KYC000378,CUST000222,driving_license,MH1239216407840,2016-04-12T02:27:24,2024-04-10T02:27:24,verified,EMP000083,2025-04-23T03:10:10,https://docs.fintechbank.in/kyc/KYC000378.pdf,2016-04-12T02:27:24
KYC000379,CUST000368,passport,Z4216597,2014-02-05T06:57:00,2024-02-03T06:57:00,verified,EMP000036,2023-04-13T21:06:10,https://docs.fintechbank.in/kyc/KYC000379.pdf,2014-02-05T06:57:00
KYC000380,CUST000995,passport,S9566871,2010-08-08T12:52:19,2019-08-06T12:52:19,verified,EMP000067,2017-03-30T17:03:18,https://docs.fintechbank.in/kyc/KYC000380.pdf,2010-08-08T12:52:19
KYC000381,CUST000065,driving_license,TN1484897522424,2019-07-08T23:30:53,2025-07-06T23:30:53,pending,,,https://docs.fintechbank.in/kyc/KYC000381.pdf,2019-07-08T23:30:53
KYC000382,CUST000517,pan,USEYD5365R,2023-09-03T02:42:20,2031-09-01T02:42:20,verified,EMP000025,2025-02-22T00:10:06,https://docs.fintechbank.in/kyc/KYC000382.pdf,2023-09-03T02:42:20
KYC000383,CUST000368,aadhar,XXXX-XXXX-6692,2016-04-26T00:27:46,2026-04-24T00:27:46,pending,,,https://docs.fintechbank.in/kyc/KYC000383.pdf,2016-04-26T00:27:46
KYC000384,CUST000618,passport,O9496572,2010-01-27T13:48:53,2015-01-26T13:48:53,verified,EMP000062,2022-12-23T17:30:12,https://docs.fintechbank.in/kyc/KYC000384.pdf,2010-01-27T13:48:53
KYC000385,CUST000449,pan,IHZJW4118U,2012-08-17T06:59:35,2017-08-16T06:59:35,verified,EMP000099,2015-06-10T01:35:10,https://docs.fintechbank.in/kyc/KYC000385.pdf,2012-08-17T06:59:35
KYC000386,CUST000292,passport,W9851420,2011-12-04T14:51:51,2018-12-02T14:51:51,pending,,,https://docs.fintechbank.in/kyc/KYC000386.pdf,2011-12-04T14:51:51
KYC000387,CUST000223,pan,JCGUZ2685Y,2019-10-21T17:32:37,2027-10-19T17:32:37,verified,EMP000094,2025-01-19T10:40:01,https://docs.fintechbank.in/kyc/KYC000387.pdf,2019-10-21T17:32:37
KYC000388,CUST000351,driving_license,GJ2236528975099,2023-07-10T08:23:29,2032-07-07T08:23:29,pending,,,https://docs.fintechbank.in/kyc/KYC000388.pdf,2023-07-10T08:23:29
KYC000389,CUST000507,aadhar,XXXX-XXXX-8875,2022-02-16T02:56:39,2029-02-14T02:56:39,verified,EMP000015,2023-10-15T00:23:25,https://docs.fintechbank.in/kyc/KYC000389.pdf,2022-02-16T02:56:39
KYC000390,CUST000504,pan,NUMSF8206K,2021-05-05T15:10:22,2026-05-04T15:10:22,verified,EMP000008,2022-07-01T15:29:57,https://docs.fintechbank.in/kyc/KYC000390.pdf,2021-05-05T15:10:22
KYC000391,CUST000905,aadhar,XXXX-XXXX-5035,2019-08-09T22:31:50,2026-08-07T22:31:50,verified,EMP000064,2021-02-18T23:38:24,https://docs.fintechbank.in/kyc/KYC000391.pdf,2019-08-09T22:31:50
KYC000392,CUST000508,aadhar,XXXX-XXXX-1458,2019-07-05T10:57:29,2024-07-03T10:57:29,verified,EMP000066,2025-11-23T13:50:46,https://docs.fintechbank.in/kyc/KYC000392.pdf,2019-07-05T10:57:29
KYC000393,CUST000291,pan,PKTQO8587E,2013-08-25T11:06:08,2023-08-23T11:06:08,verified,EMP000056,2014-08-09T05:23:44,https://docs.fintechbank.in/kyc/KYC000393.pdf,2013-08-25T11:06:08
KYC000394,CUST000152,pan,FQYQG6048G,2015-05-28T14:52:38,2024-05-25T14:52:38,pending,,,https://docs.fintechbank.in/kyc/KYC000394.pdf,2015-05-28T14:52:38
KYC000395,CUST000869,pan,RMGHY6979L,2021-04-08T10:53:21,2028-04-06T10:53:21,verified,EMP000037,2022-07-25T10:00:37,https://docs.fintechbank.in/kyc/KYC000395.pdf,2021-04-08T10:53:21
KYC000396,CUST000238,driving_license,KA4974374426569,2014-10-05T01:50:24,2019-10-04T01:50:24,verified,EMP000009,2021-06-05T03:12:36,https://docs.fintechbank.in/kyc/KYC000396.pdf,2014-10-05T01:50:24
KYC000397,CUST000001,pan,HAVKD2923G,2022-07-29T09:19:19,2028-07-27T09:19:19,verified,EMP000093,2023-10-26T03:08:12,https://docs.fintechbank.in/kyc/KYC000397.pdf,2022-07-29T09:19:19
KYC000398,CUST000604,passport,H1617844,2010-01-24T16:45:31,2016-01-23T16:45:31,verified,EMP000029,2022-12-07T05:50:40,https://docs.fintechbank.in/kyc/KYC000398.pdf,2010-01-24T16:45:31
KYC000399,CUST000482,pan,RNXKQ8690Q,2023-10-05T21:31:10,2031-10-03T21:31:10,verified,EMP000018,2025-09-30T20:48:10,https://docs.fintechbank.in/kyc/KYC000399.pdf,2023-10-05T21:31:10
KYC000400,CUST000068,aadhar,XXXX-XXXX-1980,2014-07-16T22:48:28,2024-07-13T22:48:28,rejected,,,https://docs.fintechbank.in/kyc/KYC000400.pdf,2014-07-16T22:48:28
KYC000401,CUST000262,voter_id,HOT260574,2012-03-08T20:55:19,2021-03-06T20:55:19,verified,EMP000002,2024-10-31T16:26:24,https://docs.fintechbank.in/kyc/KYC000401.pdf,2012-03-08T20:55:19
KYC000402,CUST000603,aadhar,XXXX-XXXX-4541,2023-10-10T08:10:07,2030-10-08T08:10:07,pending,,,https://docs.fintechbank.in/kyc/KYC000402.pdf,2023-10-10T08:10:07
KYC000403,CUST000769,aadhar,XXXX-XXXX-6475,2021-01-03T15:01:08,2027-01-02T15:01:08,verified,EMP000038,2022-10-06T08:20:56,https://docs.fintechbank.in/kyc/KYC000403.pdf,2021-01-03T15:01:08
KYC000404,CUST000204,passport,S9310623,2018-10-06T02:09:14,2024-10-04T02:09:14,verified,EMP000092,2020-10-27T13:04:33,https://docs.fintechbank.in/kyc/KYC000404.pdf,2018-10-06T02:09:14
KYC000405,CUST000796,pan,RHFUZ4277E,2019-12-24T05:11:36,2027-12-22T05:11:36,verified,EMP000075,2021-07-31T05:47:04,https://docs.fintechbank.in/kyc/KYC000405.pdf,2019-12-24T05:11:36
KYC000406,CUST000452,voter_id,LIU817736,2015-04-24T17:33:58,2021-04-22T17:33:58,verified,EMP000046,2016-10-11T05:10:24,https://docs.fintechbank.in/kyc/KYC000406.pdf,2015-04-24T17:33:58
KYC000407,CUST000512,voter_id,OQL141512,2021-01-25T09:34:17,2028-01-24T09:34:17,verified,EMP000048,2025-10-13T20:13:25,https://docs.fintechbank.in/kyc/KYC000407.pdf,2021-01-25T09:34:17
KYC000408,CUST000214,pan,ROONH1356K,2013-03-15T08:15:15,2022-03-13T08:15:15,verified,EMP000018,2021-08-27T04:23:06,https://docs.fintechbank.in/kyc/KYC000408.pdf,2013-03-15T08:15:15
KYC000409,CUST000364,passport,J4382458,2020-05-21T22:00:37,2030-05-19T22:00:37,verified,EMP000044,2022-03-25T07:07:42,https://docs.fintechbank.in/kyc/KYC000409.pdf,2020-05-21T22:00:37
KYC000410,CUST000529,passport,O9314834,2021-06-06T16:24:03,2026-06-05T16:24:03,verified,EMP000023,2021-09-23T08:20:09,https://docs.fintechbank.in/kyc/KYC000410.pdf,2021-06-06T16:24:03
KYC000411,CUST000838,passport,E4953414,2010-11-16T03:35:12,2017-11-14T03:35:12,verified,EMP000035,2017-05-09T21:00:06,https://docs.fintechbank.in/kyc/KYC000411.pdf,2010-11-16T03:35:12
KYC000412,CUST000466,voter_id,RJG781074,2014-09-23T15:03:31,2020-09-21T15:03:31,pending,,,https://docs.fintechbank.in/kyc/KYC000412.pdf,2014-09-23T15:03:31
KYC000413,CUST000270,pan,ZRNCU1631E,2023-10-19T04:19:57,2030-10-17T04:19:57,pending,,,https://docs.fintechbank.in/kyc/KYC000413.pdf,2023-10-19T04:19:57
KYC000414,CUST000425,driving_license,MH9741590257103,2011-10-05T06:35:21,2019-10-03T06:35:21,verified,EMP000040,2025-08-03T14:26:59,https://docs.fintechbank.in/kyc/KYC000414.pdf,2011-10-05T06:35:21
KYC000415,CUST000930,aadhar,XXXX-XXXX-5372,2016-07-08T21:59:37,2024-07-06T21:59:37,verified,EMP000017,2017-01-29T07:39:12,https://docs.fintechbank.in/kyc/KYC000415.pdf,2016-07-08T21:59:37
KYC000416,CUST000107,pan,BUNNL9025A,2018-07-27T07:01:13,2024-07-25T07:01:13,verified,EMP000075,2023-01-29T02:37:15,https://docs.fintechbank.in/kyc/KYC000416.pdf,2018-07-27T07:01:13
KYC000417,CUST000790,voter_id,TUV582134,2012-09-20T11:14:16,2020-09-18T11:14:16,rejected,,,https://docs.fintechbank.in/kyc/KYC000417.pdf,2012-09-20T11:14:16
KYC000418,CUST000413,driving_license,KA8713480615148,2012-10-30T04:39:49,2018-10-29T04:39:49,verified,EMP000049,2021-10-18T16:03:01,https://docs.fintechbank.in/kyc/KYC000418.pdf,2012-10-30T04:39:49
KYC000419,CUST000723,driving_license,GJ2934579907567,2015-04-20T13:55:29,2025-04-17T13:55:29,pending,,,https://docs.fintechbank.in/kyc/KYC000419.pdf,2015-04-20T13:55:29
KYC000420,CUST000868,passport,B7771210,2013-12-09T08:44:10,2019-12-08T08:44:10,pending,,,https://docs.fintechbank.in/kyc/KYC000420.pdf,2013-12-09T08:44:10
KYC000421,CUST000194,pan,PXQEB5410P,2021-11-17T07:31:52,2027-11-16T07:31:52,verified,EMP000030,2023-01-07T06:39:57,https://docs.fintechbank.in/kyc/KYC000421.pdf,2021-11-17T07:31:52
KYC000422,CUST000837,voter_id,XSJ564294,2020-12-22T19:21:48,2028-12-20T19:21:48,verified,EMP000002,2022-08-18T08:20:00,https://docs.fintechbank.in/kyc/KYC000422.pdf,2020-12-22T19:21:48
KYC000423,CUST000074,aadhar,XXXX-XXXX-7463,2016-12-03T18:12:38,2023-12-02T18:12:38,verified,EMP000059,2018-12-31T06:25:36,https://docs.fintechbank.in/kyc/KYC000423.pdf,2016-12-03T18:12:38
KYC000424,CUST000927,pan,JJVRS9428U,2017-02-16T00:47:30,2023-02-15T00:47:30,verified,EMP000064,2017-02-24T07:36:19,https://docs.fintechbank.in/kyc/KYC000424.pdf,2017-02-16T00:47:30
KYC000425,CUST000761,passport,Z9526300,2016-05-26T07:40:08,2022-05-25T07:40:08,verified,EMP000051,2018-01-22T00:19:49,https://docs.fintechbank.in/kyc/KYC000425.pdf,2016-05-26T07:40:08
KYC000426,CUST000242,aadhar,XXXX-XXXX-5050,2017-05-29T11:24:18,2027-05-27T11:24:18,pending,,,https://docs.fintechbank.in/kyc/KYC000426.pdf,2017-05-29T11:24:18
KYC000427,CUST000595,passport,Q7923167,2022-10-01T23:47:45,2031-09-29T23:47:45,verified,EMP000003,2024-05-15T12:29:11,https://docs.fintechbank.in/kyc/KYC000427.pdf,2022-10-01T23:47:45
KYC000428,CUST000772,passport,R4653323,2021-08-16T07:56:27,2031-08-14T07:56:27,pending,,,https://docs.fintechbank.in/kyc/KYC000428.pdf,2021-08-16T07:56:27
KYC000429,CUST000821,passport,E3693203,2019-10-23T11:39:12,2026-10-21T11:39:12,verified,EMP000019,2021-05-14T13:25:04,https://docs.fintechbank.in/kyc/KYC000429.pdf,2019-10-23T11:39:12
KYC000430,CUST000272,pan,ZMAKR8315P,2011-10-03T13:57:51,2021-09-30T13:57:51,verified,EMP000084,2023-01-04T14:34:39,https://docs.fintechbank.in/kyc/KYC000430.pdf,2011-10-03T13:57:51
KYC000431,CUST000548,voter_id,KYU429666,2022-08-13T21:47:10,2031-08-11T21:47:10,verified,EMP000023,2024-01-13T15:17:46,https://docs.fintechbank.in/kyc/KYC000431.pdf,2022-08-13T21:47:10
KYC000432,CUST000782,pan,IUUHH4810J,2019-05-18T03:06:26,2025-05-16T03:06:26,verified,EMP000088,2025-10-08T19:55:48,https://docs.fintechbank.in/kyc/KYC000432.pdf,2019-05-18T03:06:26
KYC000433,CUST000989,driving_license,DL7863366275834,2017-04-25T03:49:09,2027-04-23T03:49:09,verified,EMP000082,2025-04-09T08:22:23,https://docs.fintechbank.in/kyc/KYC000433.pdf,2017-04-25T03:49:09
KYC000434,CUST000541,driving_license,KA4221907557011,2019-01-04T12:20:48,2025-01-02T12:20:48,rejected,,,https://docs.fintechbank.in/kyc/KYC000434.pdf,2019-01-04T12:20:48
KYC000435,CUST000795,pan,QLOTJ3737X,2022-12-17T04:07:33,2027-12-16T04:07:33,verified,EMP000013,2024-06-19T23:33:36,https://docs.fintechbank.in/kyc/KYC000435.pdf,2022-12-17T04:07:33
KYC000436,CUST000378,voter_id,ODB561019,2016-10-24T09:25:11,2026-10-22T09:25:11,verified,EMP000014,2019-11-30T03:17:27,https://docs.fintechbank.in/kyc/KYC000436.pdf,2016-10-24T09:25:11
KYC000437,CUST000345,pan,JUNPE8632C,2018-03-10T17:10:01,2025-03-08T17:10:01,verified,EMP000092,2020-06-02T15:44:25,https://docs.fintechbank.in/kyc/KYC000437.pdf,2018-03-10T17:10:01
KYC000438,CUST000148,voter_id,GMK811254,2022-06-07T15:35:50,2027-06-06T15:35:50,rejected,,,https://docs.fintechbank.in/kyc/KYC000438.pdf,2022-06-07T15:35:50
KYC000439,CUST000042,aadhar,XXXX-XXXX-9361,2021-03-09T08:39:15,2031-03-07T08:39:15,verified,EMP000010,2022-04-12T12:05:33,https://docs.fintechbank.in/kyc/KYC000439.pdf,2021-03-09T08:39:15
KYC000440,CUST000010,passport,Z2695723,2022-05-02T13:48:11,2027-05-01T13:48:11,pending,,,https://docs.fintechbank.in/kyc/KYC000440.pdf,2022-05-02T13:48:11
KYC000441,CUST000658,pan,PIGJC7519G,2013-10-03T14:16:00,2023-10-01T14:16:00,verified,EMP000081,2014-12-28T05:38:05,https://docs.fintechbank.in/kyc/KYC000441.pdf,2013-10-03T14:16:00
KYC000442,CUST000253,aadhar,XXXX-XXXX-2882,2011-11-01T09:58:11,2016-10-30T09:58:11,verified,EMP000060,2014-05-10T00:44:17,https://docs.fintechbank.in/kyc/KYC000442.pdf,2011-11-01T09:58:11
KYC000443,CUST000738,voter_id,MIG129634,2012-08-26T21:27:50,2018-08-25T21:27:50,verified,EMP000090,2023-09-08T17:47:17,https://docs.fintechbank.in/kyc/KYC000443.pdf,2012-08-26T21:27:50
KYC000444,CUST000244,pan,VQETB5658M,2013-01-13T07:17:50,2021-01-11T07:17:50,verified,EMP000095,2022-09-11T08:56:04,https://docs.fintechbank.in/kyc/KYC000444.pdf,2013-01-13T07:17:50
KYC000445,CUST000266,passport,R6138540,2018-07-08T01:35:20,2026-07-06T01:35:20,verified,EMP000022,2021-03-17T16:16:57,https://docs.fintechbank.in/kyc/KYC000445.pdf,2018-07-08T01:35:20
KYC000446,CUST000878,pan,XSIUK1848U,2017-09-15T05:19:59,2025-09-13T05:19:59,verified,EMP000074,2024-12-14T02:13:16,https://docs.fintechbank.in/kyc/KYC000446.pdf,2017-09-15T05:19:59
KYC000447,CUST000815,passport,N1660100,2015-02-27T00:48:53,2025-02-24T00:48:53,verified,EMP000016,2021-02-14T17:33:28,https://docs.fintechbank.in/kyc/KYC000447.pdf,2015-02-27T00:48:53
KYC000448,CUST000818,pan,CXSHV1133M,2011-03-14T08:31:26,2017-03-12T08:31:26,verified,EMP000094,2023-07-23T18:05:23,https://docs.fintechbank.in/kyc/KYC000448.pdf,2011-03-14T08:31:26
KYC000449,CUST000249,aadhar,XXXX-XXXX-6359,2015-07-17T12:23:35,2020-07-15T12:23:35,verified,EMP000049,2020-05-17T21:04:01,https://docs.fintechbank.in/kyc/KYC000449.pdf,2015-07-17T12:23:35
KYC000450,CUST000153,passport,A9998501,2014-12-18T23:00:07,2019-12-17T23:00:07,verified,EMP000080,2024-10-30T23:50:21,https://docs.fintechbank.in/kyc/KYC000450.pdf,2014-12-18T23:00:07
KYC000451,CUST000955,driving_license,TN8087478951213,2017-09-21T15:28:04,2023-09-20T15:28:04,verified,EMP000020,2024-04-22T13:11:39,https://docs.fintechbank.in/kyc/KYC000451.pdf,2017-09-21T15:28:04
KYC000452,CUST000337,driving_license,DL8328683707922,2019-01-20T00:06:45,2029-01-17T00:06:45,verified,EMP000074,2023-12-05T07:49:54,https://docs.fintechbank.in/kyc/KYC000452.pdf,2019-01-20T00:06:45
KYC000453,CUST000333,aadhar,XXXX-XXXX-1841,2022-03-11T17:33:36,2030-03-09T17:33:36,verified,EMP000027,2025-08-21T08:57:54,https://docs.fintechbank.in/kyc/KYC000453.pdf,2022-03-11T17:33:36
KYC000454,CUST000282,aadhar,XXXX-XXXX-1697,2010-03-05T18:49:26,2015-03-04T18:49:26,pending,,,https://docs.fintechbank.in/kyc/KYC000454.pdf,2010-03-05T18:49:26
KYC000455,CUST000094,passport,Y7617164,2014-09-17T13:29:48,2019-09-16T13:29:48,pending,,,https://docs.fintechbank.in/kyc/KYC000455.pdf,2014-09-17T13:29:48
KYC000456,CUST000661,pan,VYQEI7352D,2012-11-30T22:49:58,2021-11-28T22:49:58,pending,,,https://docs.fintechbank.in/kyc/KYC000456.pdf,2012-11-30T22:49:58
KYC000457,CUST000140,aadhar,XXXX-XXXX-1208,2012-02-28T02:47:40,2021-02-25T02:47:40,pending,,,https://docs.fintechbank.in/kyc/KYC000457.pdf,2012-02-28T02:47:40
KYC000458,CUST000785,passport,H6626351,2018-02-03T03:28:05,2025-02-01T03:28:05,verified,EMP000058,2019-12-23T04:34:23,https://docs.fintechbank.in/kyc/KYC000458.pdf,2018-02-03T03:28:05
KYC000459,CUST000703,pan,SPKHR5290B,2011-08-09T07:24:54,2018-08-07T07:24:54,rejected,,,https://docs.fintechbank.in/kyc/KYC000459.pdf,2011-08-09T07:24:54
KYC000460,CUST000483,driving_license,MH7416677615938,2018-12-14T09:07:47,2023-12-13T09:07:47,verified,EMP000043,2022-08-18T03:12:54,https://docs.fintechbank.in/kyc/KYC000460.pdf,2018-12-14T09:07:47
KYC000461,CUST000464,passport,A9624270,2019-09-02T17:25:58,2025-08-31T17:25:58,verified,EMP000076,2024-09-19T02:22:57,https://docs.fintechbank.in/kyc/KYC000461.pdf,2019-09-02T17:25:58
KYC000462,CUST000984,driving_license,KA3574467524200,2011-01-05T07:13:41,2016-01-04T07:13:41,rejected,,,https://docs.fintechbank.in/kyc/KYC000462.pdf,2011-01-05T07:13:41
KYC000463,CUST000857,aadhar,XXXX-XXXX-7104,2010-09-23T17:13:09,2019-09-21T17:13:09,verified,EMP000047,2015-09-13T23:17:50,https://docs.fintechbank.in/kyc/KYC000463.pdf,2010-09-23T17:13:09
KYC000464,CUST000689,driving_license,MH3153126466285,2022-06-15T13:21:54,2027-06-14T13:21:54,verified,EMP000053,2023-05-09T06:28:53,https://docs.fintechbank.in/kyc/KYC000464.pdf,2022-06-15T13:21:54
KYC000465,CUST000459,passport,V4024451,2018-08-18T13:55:03,2024-08-16T13:55:03,verified,EMP000017,2019-09-14T05:35:12,https://docs.fintechbank.in/kyc/KYC000465.pdf,2018-08-18T13:55:03
KYC000466,CUST000881,driving_license,GJ6856585357189,2023-12-10T09:51:42,2028-12-08T09:51:42,verified,EMP000035,2025-03-16T14:56:38,https://docs.fintechbank.in/kyc/KYC000466.pdf,2023-12-10T09:51:42
KYC000467,CUST000428,voter_id,RFE338697,2023-05-29T07:20:24,2033-05-26T07:20:24,verified,EMP000062,2023-12-28T03:01:40,https://docs.fintechbank.in/kyc/KYC000467.pdf,2023-05-29T07:20:24
KYC000468,CUST000051,aadhar,XXXX-XXXX-2950,2010-01-13T15:20:53,2015-01-12T15:20:53,rejected,,,https://docs.fintechbank.in/kyc/KYC000468.pdf,2010-01-13T15:20:53
KYC000469,CUST000496,passport,G8621908,2012-07-14T10:57:32,2021-07-12T10:57:32,verified,EMP000046,2024-08-09T16:51:01,https://docs.fintechbank.in/kyc/KYC000469.pdf,2012-07-14T10:57:32
KYC000470,CUST000556,passport,H6730501,2022-12-27T08:42:57,2027-12-26T08:42:57,rejected,,,https://docs.fintechbank.in/kyc/KYC000470.pdf,2022-12-27T08:42:57
KYC000471,CUST000240,driving_license,TN6920710692248,2022-03-12T21:37:37,2032-03-09T21:37:37,verified,EMP000035,2022-08-24T19:29:04,https://docs.fintechbank.in/kyc/KYC000471.pdf,2022-03-12T21:37:37
KYC000472,CUST000677,passport,Y7300667,2011-05-26T04:47:09,2019-05-24T04:47:09,pending,,,https://docs.fintechbank.in/kyc/KYC000472.pdf,2011-05-26T04:47:09
KYC000473,CUST000816,voter_id,HHY195959,2016-06-04T01:44:51,2022-06-03T01:44:51,verified,EMP000008,2025-10-09T22:40:11,https://docs.fintechbank.in/kyc/KYC000473.pdf,2016-06-04T01:44:51
KYC000474,CUST000996,passport,U6980386,2017-03-31T20:50:02,2023-03-30T20:50:02,verified,EMP000037,2021-02-01T13:38:46,https://docs.fintechbank.in/kyc/KYC000474.pdf,2017-03-31T20:50:02
KYC000475,CUST000178,passport,I3128252,2013-10-23T11:17:22,2022-10-21T11:17:22,verified,EMP000025,2020-02-06T19:09:42,https://docs.fintechbank.in/kyc/KYC000475.pdf,2013-10-23T11:17:22
KYC000476,CUST000615,voter_id,JZG640744,2019-01-22T13:27:55,2028-01-20T13:27:55,rejected,,,https://docs.fintechbank.in/kyc/KYC000476.pdf,2019-01-22T13:27:55
KYC000477,CUST000277,driving_license,DL5244307582200,2013-10-21T03:12:52,2023-10-19T03:12:52,pending,,,https://docs.fintechbank.in/kyc/KYC000477.pdf,2013-10-21T03:12:52
KYC000478,CUST000623,driving_license,TN6665689943743,2023-03-16T16:42:09,2032-03-13T16:42:09,verified,EMP000023,2025-11-16T02:05:57,https://docs.fintechbank.in/kyc/KYC000478.pdf,2023-03-16T16:42:09
KYC000479,CUST000404,passport,C8273840,2017-12-15T15:18:03,2024-12-13T15:18:03,pending,,,https://docs.fintechbank.in/kyc/KYC000479.pdf,2017-12-15T15:18:03
KYC000480,CUST000512,pan,KJMWI2452L,2012-02-04T03:50:52,2018-02-02T03:50:52,verified,EMP000009,2025-06-19T14:55:50,https://docs.fintechbank.in/kyc/KYC000480.pdf,2012-02-04T03:50:52
KYC000481,CUST000418,aadhar,XXXX-XXXX-8560,2013-09-12T14:07:49,2021-09-10T14:07:49,verified,EMP000075,2020-01-04T14:41:06,https://docs.fintechbank.in/kyc/KYC000481.pdf,2013-09-12T14:07:49
KYC000482,CUST000084,driving_license,KA2693865024800,2012-03-27T13:44:05,2022-03-25T13:44:05,verified,EMP000025,2017-04-03T00:55:21,https://docs.fintechbank.in/kyc/KYC000482.pdf,2012-03-27T13:44:05
KYC000483,CUST000797,driving_license,GJ9923737445645,2012-09-08T20:45:27,2019-09-07T20:45:27,pending,,,https://docs.fintechbank.in/kyc/KYC000483.pdf,2012-09-08T20:45:27
KYC000484,CUST000890,pan,WYXYO3327F,2021-03-29T03:15:18,2031-03-27T03:15:18,verified,EMP000092,2024-12-14T20:29:52,https://docs.fintechbank.in/kyc/KYC000484.pdf,2021-03-29T03:15:18
KYC000485,CUST000723,driving_license,MH3429575241786,2022-08-20T05:12:54,2027-08-19T05:12:54,verified,EMP000081,2024-05-03T22:47:55,https://docs.fintechbank.in/kyc/KYC000485.pdf,2022-08-20T05:12:54
KYC000486,CUST000981,passport,N8779466,2023-01-28T22:58:13,2028-01-27T22:58:13,verified,EMP000020,2025-04-03T23:32:05,https://docs.fintechbank.in/kyc/KYC000486.pdf,2023-01-28T22:58:13
KYC000487,CUST000935,driving_license,DL8957068240046,2010-02-27T18:08:07,2015-02-26T18:08:07,pending,,,https://docs.fintechbank.in/kyc/KYC000487.pdf,2010-02-27T18:08:07
KYC000488,CUST000300,pan,DXTLT6646X,2015-10-07T20:52:57,2025-10-04T20:52:57,verified,EMP000087,2017-06-11T09:34:21,https://docs.fintechbank.in/kyc/KYC000488.pdf,2015-10-07T20:52:57
KYC000489,CUST000685,passport,T8109824,2010-08-03T12:58:51,2015-08-02T12:58:51,verified,EMP000099,2023-01-03T19:39:02,https://docs.fintechbank.in/kyc/KYC000489.pdf,2010-08-03T12:58:51
KYC000490,CUST000783,driving_license,MH5296627737913,2020-12-12T04:26:25,2028-12-10T04:26:25,pending,,,https://docs.fintechbank.in/kyc/KYC000490.pdf,2020-12-12T04:26:25
KYC000491,CUST000585,aadhar,XXXX-XXXX-4802,2010-09-12T07:35:49,2016-09-10T07:35:49,verified,EMP000041,2017-11-12T10:01:13,https://docs.fintechbank.in/kyc/KYC000491.pdf,2010-09-12T07:35:49
KYC000492,CUST000030,pan,LWBJF8631A,2017-05-26T04:05:29,2023-05-25T04:05:29,pending,,,https://docs.fintechbank.in/kyc/KYC000492.pdf,2017-05-26T04:05:29
KYC000493,CUST000491,aadhar,XXXX-XXXX-4414,2017-10-19T15:40:54,2026-10-17T15:40:54,verified,EMP000089,2018-09-25T21:21:12,https://docs.fintechbank.in/kyc/KYC000493.pdf,2017-10-19T15:40:54
KYC000494,CUST000621,aadhar,XXXX-XXXX-2389,2018-09-24T03:52:29,2023-09-23T03:52:29,rejected,,,https://docs.fintechbank.in/kyc/KYC000494.pdf,2018-09-24T03:52:29
KYC000495,CUST000811,pan,FWSHD2023M,2020-04-18T23:45:10,2025-04-17T23:45:10,pending,,,https://docs.fintechbank.in/kyc/KYC000495.pdf,2020-04-18T23:45:10
KYC000496,CUST000794,driving_license,MH6472777717185,2012-04-23T03:46:54,2019-04-22T03:46:54,rejected,,,https://docs.fintechbank.in/kyc/KYC000496.pdf,2012-04-23T03:46:54
KYC000497,CUST000851,passport,B4810434,2020-01-18T18:08:05,2025-01-16T18:08:05,verified,EMP000071,2023-06-07T18:18:45,https://docs.fintechbank.in/kyc/KYC000497.pdf,2020-01-18T18:08:05
KYC000498,CUST000790,pan,KPUVZ8602O,2018-05-23T02:48:28,2028-05-20T02:48:28,verified,EMP000012,2020-10-09T02:16:59,https://docs.fintechbank.in/kyc/KYC000498.pdf,2018-05-23T02:48:28
KYC000499,CUST000750,driving_license,MH1819078195248,2019-07-31T08:15:27,2024-07-29T08:15:27,verified,EMP000073,2022-10-24T11:43:54,https://docs.fintechbank.in/kyc/KYC000499.pdf,2019-07-31T08:15:27
KYC000500,CUST000655,passport,F3938751,2023-07-29T21:56:48,2032-07-26T21:56:48,verified,EMP000028,2023-12-12T10:12:19,https://docs.fintechbank.in/kyc/KYC000500.pdf,2023-07-29T21:56:48
KYC000501,CUST000031,aadhar,XXXX-XXXX-4086,2018-06-26T19:33:08,2027-06-24T19:33:08,verified,EMP000015,2020-08-06T13:16:43,https://docs.fintechbank.in/kyc/KYC000501.pdf,2018-06-26T19:33:08
KYC000502,CUST000921,voter_id,FBT434952,2015-10-23T22:13:23,2022-10-21T22:13:23,verified,EMP000099,2024-02-25T10:03:14,https://docs.fintechbank.in/kyc/KYC000502.pdf,2015-10-23T22:13:23
KYC000503,CUST000594,driving_license,GJ5563961079181,2010-01-07T16:01:51,2020-01-05T16:01:51,verified,EMP000010,2012-10-19T21:11:08,https://docs.fintechbank.in/kyc/KYC000503.pdf,2010-01-07T16:01:51
KYC000504,CUST000312,voter_id,CWL304184,2011-06-23T18:43:56,2016-06-21T18:43:56,verified,EMP000073,2023-04-22T03:40:32,https://docs.fintechbank.in/kyc/KYC000504.pdf,2011-06-23T18:43:56
KYC000505,CUST000266,passport,N3248772,2023-04-12T11:47:02,2030-04-10T11:47:02,pending,,,https://docs.fintechbank.in/kyc/KYC000505.pdf,2023-04-12T11:47:02
KYC000506,CUST000805,passport,D7333032,2016-08-10T10:24:55,2025-08-08T10:24:55,pending,,,https://docs.fintechbank.in/kyc/KYC000506.pdf,2016-08-10T10:24:55
KYC000507,CUST000915,passport,N4257507,2010-11-13T05:59:55,2019-11-11T05:59:55,pending,,,https://docs.fintechbank.in/kyc/KYC000507.pdf,2010-11-13T05:59:55
KYC000508,CUST000728,pan,COAQS7569Y,2016-05-01T21:23:25,2025-04-29T21:23:25,verified,EMP000073,2016-06-06T00:33:02,https://docs.fintechbank.in/kyc/KYC000508.pdf,2016-05-01T21:23:25
KYC000509,CUST000405,passport,U8554118,2023-06-22T17:22:34,2028-06-20T17:22:34,verified,EMP000100,2024-01-24T22:43:05,https://docs.fintechbank.in/kyc/KYC000509.pdf,2023-06-22T17:22:34
KYC000510,CUST000853,voter_id,LMK350296,2013-04-19T10:53:29,2022-04-17T10:53:29,verified,EMP000049,2015-03-02T06:29:11,https://docs.fintechbank.in/kyc/KYC000510.pdf,2013-04-19T10:53:29
KYC000511,CUST000800,voter_id,NZT366624,2010-07-26T00:09:02,2016-07-24T00:09:02,verified,EMP000037,2024-01-21T02:51:00,https://docs.fintechbank.in/kyc/KYC000511.pdf,2010-07-26T00:09:02
KYC000512,CUST000361,voter_id,WQC850155,2017-12-16T04:20:38,2026-12-14T04:20:38,rejected,,,https://docs.fintechbank.in/kyc/KYC000512.pdf,2017-12-16T04:20:38
KYC000513,CUST000121,passport,H4165564,2019-11-24T05:00:09,2025-11-22T05:00:09,pending,,,https://docs.fintechbank.in/kyc/KYC000513.pdf,2019-11-24T05:00:09
KYC000514,CUST000912,aadhar,XXXX-XXXX-7143,2010-11-08T08:22:09,2017-11-06T08:22:09,verified,EMP000088,2020-08-13T01:07:15,https://docs.fintechbank.in/kyc/KYC000514.pdf,2010-11-08T08:22:09
KYC000515,CUST000271,voter_id,QJG393513,2018-09-22T09:55:16,2026-09-20T09:55:16,verified,EMP000050,2021-03-07T01:37:09,https://docs.fintechbank.in/kyc/KYC000515.pdf,2018-09-22T09:55:16
KYC000516,CUST000383,aadhar,XXXX-XXXX-5345,2023-05-28T01:20:17,2029-05-26T01:20:17,verified,EMP000064,2023-06-26T20:15:27,https://docs.fintechbank.in/kyc/KYC000516.pdf,2023-05-28T01:20:17
KYC000517,CUST000531,voter_id,QIV290867,2022-06-25T11:52:09,2031-06-23T11:52:09,verified,EMP000021,2025-11-16T03:30:22,https://docs.fintechbank.in/kyc/KYC000517.pdf,2022-06-25T11:52:09
KYC000518,CUST000905,passport,E1326433,2022-09-04T10:11:40,2028-09-02T10:11:40,verified,EMP000053,2024-04-01T21:48:35,https://docs.fintechbank.in/kyc/KYC000518.pdf,2022-09-04T10:11:40
KYC000519,CUST000516,passport,O3140373,2019-01-11T21:34:59,2028-01-09T21:34:59,verified,EMP000064,2025-07-29T21:42:23,https://docs.fintechbank.in/kyc/KYC000519.pdf,2019-01-11T21:34:59
KYC000520,CUST000611,voter_id,TRI288710,2011-07-21T13:32:53,2018-07-19T13:32:53,pending,,,https://docs.fintechbank.in/kyc/KYC000520.pdf,2011-07-21T13:32:53
KYC000521,CUST000566,voter_id,FBQ579088,2017-12-18T19:36:58,2025-12-16T19:36:58,verified,EMP000033,2022-12-26T17:30:08,https://docs.fintechbank.in/kyc/KYC000521.pdf,2017-12-18T19:36:58
KYC000522,CUST000556,aadhar,XXXX-XXXX-5619,2015-03-13T04:23:34,2021-03-11T04:23:34,verified,EMP000094,2025-04-24T06:21:08,https://docs.fintechbank.in/kyc/KYC000522.pdf,2015-03-13T04:23:34
KYC000523,CUST000997,voter_id,HTH867252,2016-04-18T17:32:12,2026-04-16T17:32:12,verified,EMP000056,2024-05-28T09:24:50,https://docs.fintechbank.in/kyc/KYC000523.pdf,2016-04-18T17:32:12
KYC000524,CUST000633,passport,B7626448,2022-09-03T08:10:21,2028-09-01T08:10:21,verified,EMP000026,2023-09-12T11:52:41,https://docs.fintechbank.in/kyc/KYC000524.pdf,2022-09-03T08:10:21
KYC000525,CUST000077,pan,UGULT5966A,2010-07-22T12:51:19,2020-07-19T12:51:19,verified,EMP000008,2025-02-12T11:58:50,https://docs.fintechbank.in/kyc/KYC000525.pdf,2010-07-22T12:51:19
KYC000526,CUST000431,voter_id,DBJ321412,2012-11-21T06:41:18,2017-11-20T06:41:18,verified,EMP000078,2019-06-03T08:46:54,https://docs.fintechbank.in/kyc/KYC000526.pdf,2012-11-21T06:41:18
KYC000527,CUST000318,voter_id,KPC193124,2010-01-20T00:33:47,2015-01-19T00:33:47,verified,EMP000085,2021-06-13T22:50:37,https://docs.fintechbank.in/kyc/KYC000527.pdf,2010-01-20T00:33:47
KYC000528,CUST000290,driving_license,GJ8212267342826,2013-02-18T04:08:55,2023-02-16T04:08:55,verified,EMP000005,2025-05-27T19:45:36,https://docs.fintechbank.in/kyc/KYC000528.pdf,2013-02-18T04:08:55
KYC000529,CUST000565,aadhar,XXXX-XXXX-6278,2012-06-24T14:02:44,2017-06-23T14:02:44,verified,EMP000078,2013-09-23T14:25:13,https://docs.fintechbank.in/kyc/KYC000529.pdf,2012-06-24T14:02:44
KYC000530,CUST000461,voter_id,ZJI595155,2014-05-20T06:59:58,2024-05-17T06:59:58,pending,,,https://docs.fintechbank.in/kyc/KYC000530.pdf,2014-05-20T06:59:58
KYC000531,CUST000130,driving_license,GJ1174448792772,2016-05-02T07:15:20,2021-05-01T07:15:20,rejected,,,https://docs.fintechbank.in/kyc/KYC000531.pdf,2016-05-02T07:15:20
KYC000532,CUST000736,driving_license,MH2899820514093,2021-10-21T15:54:14,2026-10-20T15:54:14,pending,,,https://docs.fintechbank.in/kyc/KYC000532.pdf,2021-10-21T15:54:14
KYC000533,CUST000972,aadhar,XXXX-XXXX-4085,2013-06-27T19:47:37,2018-06-26T19:47:37,verified,EMP000036,2023-08-17T14:27:46,https://docs.fintechbank.in/kyc/KYC000533.pdf,2013-06-27T19:47:37
KYC000534,CUST000152,aadhar,XXXX-XXXX-9605,2011-03-01T03:23:09,2017-02-27T03:23:09,pending,,,https://docs.fintechbank.in/kyc/KYC000534.pdf,2011-03-01T03:23:09
KYC000535,CUST000336,aadhar,XXXX-XXXX-6284,2022-04-03T15:51:22,2030-04-01T15:51:22,pending,,,https://docs.fintechbank.in/kyc/KYC000535.pdf,2022-04-03T15:51:22
KYC000536,CUST000311,voter_id,KFC669255,2018-09-11T06:55:46,2025-09-09T06:55:46,verified,EMP000071,2024-02-24T09:29:41,https://docs.fintechbank.in/kyc/KYC000536.pdf,2018-09-11T06:55:46
KYC000537,CUST000102,passport,E4412552,2023-10-06T23:57:26,2033-10-03T23:57:26,pending,,,https://docs.fintechbank.in/kyc/KYC000537.pdf,2023-10-06T23:57:26
KYC000538,CUST000726,pan,YWRMN5800M,2016-05-28T18:07:39,2024-05-26T18:07:39,rejected,,,https://docs.fintechbank.in/kyc/KYC000538.pdf,2016-05-28T18:07:39
KYC000539,CUST000969,passport,F9286498,2019-06-06T09:05:47,2027-06-04T09:05:47,pending,,,https://docs.fintechbank.in/kyc/KYC000539.pdf,2019-06-06T09:05:47
KYC000540,CUST000928,aadhar,XXXX-XXXX-1768,2011-05-20T13:08:00,2017-05-18T13:08:00,pending,,,https://docs.fintechbank.in/kyc/KYC000540.pdf,2011-05-20T13:08:00
KYC000541,CUST000402,pan,RIZSW8439W,2011-10-03T11:33:38,2016-10-01T11:33:38,verified,EMP000052,2017-03-31T03:35:08,https://docs.fintechbank.in/kyc/KYC000541.pdf,2011-10-03T11:33:38
KYC000542,CUST000224,aadhar,XXXX-XXXX-5031,2012-03-10T13:02:12,2019-03-09T13:02:12,rejected,,,https://docs.fintechbank.in/kyc/KYC000542.pdf,2012-03-10T13:02:12
KYC000543,CUST000717,pan,GXFXI6339A,2020-10-03T03:40:09,2030-10-01T03:40:09,pending,,,https://docs.fintechbank.in/kyc/KYC000543.pdf,2020-10-03T03:40:09
KYC000544,CUST000693,aadhar,XXXX-XXXX-5529,2013-11-12T19:01:31,2022-11-10T19:01:31,pending,,,https://docs.fintechbank.in/kyc/KYC000544.pdf,2013-11-12T19:01:31
KYC000545,CUST000925,pan,QEOVI5917B,2010-12-12T10:16:14,2017-12-10T10:16:14,verified,EMP000059,2011-07-19T05:43:20,https://docs.fintechbank.in/kyc/KYC000545.pdf,2010-12-12T10:16:14
KYC000546,CUST000367,driving_license,GJ5033176267122,2014-10-12T12:54:33,2023-10-10T12:54:33,verified,EMP000072,2018-10-17T00:09:27,https://docs.fintechbank.in/kyc/KYC000546.pdf,2014-10-12T12:54:33
KYC000547,CUST000723,pan,SSRPM6088X,2018-05-17T07:01:57,2023-05-16T07:01:57,verified,EMP000078,2019-05-18T12:07:06,https://docs.fintechbank.in/kyc/KYC000547.pdf,2018-05-17T07:01:57
KYC000548,CUST000468,passport,J1969014,2011-07-21T10:16:04,2017-07-19T10:16:04,verified,EMP000018,2024-09-23T01:04:54,https://docs.fintechbank.in/kyc/KYC000548.pdf,2011-07-21T10:16:04
KYC000549,CUST000947,driving_license,DL6963877979740,2014-09-26T22:46:22,2023-09-24T22:46:22,verified,EMP000052,2016-06-07T07:07:42,https://docs.fintechbank.in/kyc/KYC000549.pdf,2014-09-26T22:46:22
KYC000550,CUST000934,passport,C5116524,2015-04-29T01:29:50,2020-04-27T01:29:50,verified,EMP000015,2021-08-22T11:06:00,https://docs.fintechbank.in/kyc/KYC000550.pdf,2015-04-29T01:29:50
KYC000551,CUST000458,driving_license,KA6776297968300,2023-06-18T21:26:20,2031-06-16T21:26:20,verified,EMP000055,2024-03-31T09:21:18,https://docs.fintechbank.in/kyc/KYC000551.pdf,2023-06-18T21:26:20
KYC000552,CUST000242,voter_id,MKL998097,2019-05-09T14:20:22,2024-05-07T14:20:22,verified,EMP000052,2021-01-10T00:19:29,https://docs.fintechbank.in/kyc/KYC000552.pdf,2019-05-09T14:20:22
KYC000553,CUST000271,voter_id,CEZ233952,2021-05-23T07:02:20,2027-05-22T07:02:20,rejected,,,https://docs.fintechbank.in/kyc/KYC000553.pdf,2021-05-23T07:02:20
KYC000554,CUST000262,voter_id,OMA636755,2016-02-07T22:44:24,2025-02-04T22:44:24,verified,EMP000046,2017-11-08T00:55:49,https://docs.fintechbank.in/kyc/KYC000554.pdf,2016-02-07T22:44:24
KYC000555,CUST000466,voter_id,HFQ876381,2020-08-06T03:30:32,2028-08-04T03:30:32,verified,EMP000001,2023-06-02T23:10:15,https://docs.fintechbank.in/kyc/KYC000555.pdf,2020-08-06T03:30:32
KYC000556,CUST000662,pan,MNFWA4783S,2023-11-05T21:01:59,2032-11-02T21:01:59,verified,EMP000011,2025-02-11T01:16:12,https://docs.fintechbank.in/kyc/KYC000556.pdf,2023-11-05T21:01:59
KYC000557,CUST000536,passport,M8110770,2020-12-23T20:10:49,2028-12-21T20:10:49,verified,EMP000031,2022-03-03T04:15:02,https://docs.fintechbank.in/kyc/KYC000557.pdf,2020-12-23T20:10:49
KYC000558,CUST000818,pan,UZDRH4127G,2017-02-03T14:12:34,2022-02-02T14:12:34,verified,EMP000078,2020-07-11T23:21:04,https://docs.fintechbank.in/kyc/KYC000558.pdf,2017-02-03T14:12:34
KYC000559,CUST000732,driving_license,TN1835293568403,2011-05-04T11:40:46,2017-05-02T11:40:46,verified,EMP000088,2014-11-22T15:50:43,https://docs.fintechbank.in/kyc/KYC000559.pdf,2011-05-04T11:40:46
KYC000560,CUST000451,driving_license,DL2848480691722,2016-08-31T02:37:53,2022-08-30T02:37:53,verified,EMP000034,2022-02-26T06:57:06,https://docs.fintechbank.in/kyc/KYC000560.pdf,2016-08-31T02:37:53
KYC000561,CUST000854,pan,ZEPYX6455V,2012-07-01T21:25:24,2019-06-30T21:25:24,verified,EMP000061,2023-11-02T09:01:56,https://docs.fintechbank.in/kyc/KYC000561.pdf,2012-07-01T21:25:24
KYC000562,CUST000479,driving_license,GJ7252929598235,2015-11-13T07:14:26,2022-11-11T07:14:26,verified,EMP000028,2024-01-20T12:04:47,https://docs.fintechbank.in/kyc/KYC000562.pdf,2015-11-13T07:14:26
KYC000563,CUST000150,pan,AUFCA7340I,2016-09-07T00:26:14,2024-09-05T00:26:14,pending,,,https://docs.fintechbank.in/kyc/KYC000563.pdf,2016-09-07T00:26:14
KYC000564,CUST000651,driving_license,KA3140402032965,2022-04-06T11:37:50,2031-04-04T11:37:50,verified,EMP000078,2023-01-29T08:38:21,https://docs.fintechbank.in/kyc/KYC000564.pdf,2022-04-06T11:37:50
KYC000565,CUST000304,pan,JNOQQ9922D,2010-11-06T11:12:44,2017-11-04T11:12:44,verified,EMP000036,2016-12-24T09:03:26,https://docs.fintechbank.in/kyc/KYC000565.pdf,2010-11-06T11:12:44
KYC000566,CUST000853,aadhar,XXXX-XXXX-1154,2015-04-01T06:50:09,2022-03-30T06:50:09,verified,EMP000029,2023-02-19T20:19:27,https://docs.fintechbank.in/kyc/KYC000566.pdf,2015-04-01T06:50:09
KYC000567,CUST000020,passport,F2618990,2018-11-06T16:28:17,2026-11-04T16:28:17,verified,EMP000018,2024-05-05T02:07:24,https://docs.fintechbank.in/kyc/KYC000567.pdf,2018-11-06T16:28:17
KYC000568,CUST000647,pan,MWKQO5840S,2011-09-12T22:40:10,2018-09-10T22:40:10,pending,,,https://docs.fintechbank.in/kyc/KYC000568.pdf,2011-09-12T22:40:10
KYC000569,CUST000111,pan,SOWKP5047Y,2018-02-02T12:26:28,2026-01-31T12:26:28,verified,EMP000075,2023-12-05T22:30:05,https://docs.fintechbank.in/kyc/KYC000569.pdf,2018-02-02T12:26:28
KYC000570,CUST000263,pan,WNMVS6915D,2019-09-07T16:19:40,2024-09-05T16:19:40,verified,EMP000089,2024-10-02T11:21:14,https://docs.fintechbank.in/kyc/KYC000570.pdf,2019-09-07T16:19:40
KYC000571,CUST000255,voter_id,AGD767814,2020-01-16T06:31:55,2026-01-14T06:31:55,verified,EMP000013,2025-12-29T22:52:42,https://docs.fintechbank.in/kyc/KYC000571.pdf,2020-01-16T06:31:55
KYC000572,CUST000377,voter_id,XVV119471,2018-10-11T07:29:31,2026-10-09T07:29:31,pending,,,https://docs.fintechbank.in/kyc/KYC000572.pdf,2018-10-11T07:29:31
KYC000573,CUST000023,passport,C2115206,2011-03-17T16:03:44,2018-03-15T16:03:44,verified,EMP000083,2011-03-29T20:35:09,https://docs.fintechbank.in/kyc/KYC000573.pdf,2011-03-17T16:03:44
KYC000574,CUST000685,passport,E1352555,2018-04-04T09:15:16,2026-04-02T09:15:16,verified,EMP000052,2020-02-11T04:14:00,https://docs.fintechbank.in/kyc/KYC000574.pdf,2018-04-04T09:15:16
KYC000575,CUST000945,driving_license,DL1383489583899,2018-12-29T22:40:39,2027-12-27T22:40:39,verified,EMP000047,2021-12-18T14:41:03,https://docs.fintechbank.in/kyc/KYC000575.pdf,2018-12-29T22:40:39
KYC000576,CUST000845,aadhar,XXXX-XXXX-5793,2018-10-05T16:02:44,2027-10-03T16:02:44,verified,EMP000054,2023-07-16T03:28:03,https://docs.fintechbank.in/kyc/KYC000576.pdf,2018-10-05T16:02:44
KYC000577,CUST000568,aadhar,XXXX-XXXX-7240,2020-02-09T06:08:41,2027-02-07T06:08:41,verified,EMP000022,2021-06-23T09:36:12,https://docs.fintechbank.in/kyc/KYC000577.pdf,2020-02-09T06:08:41
KYC000578,CUST000183,passport,T1343355,2022-04-07T21:20:32,2027-04-06T21:20:32,verified,EMP000060,2023-01-18T05:45:45,https://docs.fintechbank.in/kyc/KYC000578.pdf,2022-04-07T21:20:32
KYC000579,CUST000402,passport,S2896788,2018-08-03T16:19:30,2026-08-01T16:19:30,verified,EMP000075,2021-07-02T18:53:42,https://docs.fintechbank.in/kyc/KYC000579.pdf,2018-08-03T16:19:30
KYC000580,CUST000689,aadhar,XXXX-XXXX-4154,2011-06-12T19:07:02,2020-06-09T19:07:02,rejected,,,https://docs.fintechbank.in/kyc/KYC000580.pdf,2011-06-12T19:07:02
KYC000581,CUST000334,voter_id,FZQ875503,2020-06-01T11:04:16,2028-05-30T11:04:16,verified,EMP000096,2023-03-28T06:03:02,https://docs.fintechbank.in/kyc/KYC000581.pdf,2020-06-01T11:04:16
KYC000582,CUST000543,aadhar,XXXX-XXXX-2822,2010-11-09T13:31:03,2015-11-08T13:31:03,verified,EMP000007,2010-11-28T05:45:32,https://docs.fintechbank.in/kyc/KYC000582.pdf,2010-11-09T13:31:03
KYC000583,CUST000326,passport,I6226376,2020-03-16T21:50:17,2030-03-14T21:50:17,pending,,,https://docs.fintechbank.in/kyc/KYC000583.pdf,2020-03-16T21:50:17
KYC000584,CUST000047,passport,T8919256,2023-08-29T03:45:18,2030-08-27T03:45:18,verified,EMP000039,2025-01-05T21:51:24,https://docs.fintechbank.in/kyc/KYC000584.pdf,2023-08-29T03:45:18
KYC000585,CUST000171,passport,T2105217,2016-06-25T01:51:24,2024-06-23T01:51:24,verified,EMP000089,2024-09-16T12:02:57,https://docs.fintechbank.in/kyc/KYC000585.pdf,2016-06-25T01:51:24
KYC000586,CUST000364,pan,RZVWU8585X,2012-09-20T18:25:22,2022-09-18T18:25:22,verified,EMP000047,2024-03-19T16:37:37,https://docs.fintechbank.in/kyc/KYC000586.pdf,2012-09-20T18:25:22
KYC000587,CUST000289,driving_license,GJ7053341746479,2020-02-24T05:43:59,2029-02-21T05:43:59,verified,EMP000019,2020-07-07T08:03:04,https://docs.fintechbank.in/kyc/KYC000587.pdf,2020-02-24T05:43:59
KYC000588,CUST000604,passport,U6189465,2010-04-02T22:33:01,2017-03-31T22:33:01,rejected,,,https://docs.fintechbank.in/kyc/KYC000588.pdf,2010-04-02T22:33:01
KYC000589,CUST000063,pan,UOYGI8022B,2011-11-09T07:27:05,2017-11-07T07:27:05,pending,,,https://docs.fintechbank.in/kyc/KYC000589.pdf,2011-11-09T07:27:05
KYC000590,CUST000011,driving_license,KA8593665293551,2013-05-07T13:46:27,2018-05-06T13:46:27,verified,EMP000085,2017-05-25T16:31:16,https://docs.fintechbank.in/kyc/KYC000590.pdf,2013-05-07T13:46:27
KYC000591,CUST000305,voter_id,UKV759608,2016-04-01T09:13:38,2024-03-30T09:13:38,verified,EMP000002,2024-10-20T19:38:07,https://docs.fintechbank.in/kyc/KYC000591.pdf,2016-04-01T09:13:38
KYC000592,CUST000871,passport,J6801726,2013-12-28T00:57:28,2022-12-26T00:57:28,verified,EMP000021,2024-12-31T16:36:00,https://docs.fintechbank.in/kyc/KYC000592.pdf,2013-12-28T00:57:28
KYC000593,CUST000188,aadhar,XXXX-XXXX-6780,2020-04-04T02:40:44,2029-04-02T02:40:44,rejected,,,https://docs.fintechbank.in/kyc/KYC000593.pdf,2020-04-04T02:40:44
KYC000594,CUST000559,driving_license,TN4237709464158,2023-12-23T15:33:27,2028-12-21T15:33:27,verified,EMP000098,2024-03-22T02:01:57,https://docs.fintechbank.in/kyc/KYC000594.pdf,2023-12-23T15:33:27
KYC000595,CUST000543,passport,X6632679,2016-01-24T09:04:21,2022-01-22T09:04:21,verified,EMP000098,2017-04-19T10:32:02,https://docs.fintechbank.in/kyc/KYC000595.pdf,2016-01-24T09:04:21
KYC000596,CUST000270,pan,MLUDN4950F,2023-09-04T17:10:45,2031-09-02T17:10:45,verified,EMP000083,2025-11-17T22:48:53,https://docs.fintechbank.in/kyc/KYC000596.pdf,2023-09-04T17:10:45
KYC000597,CUST000890,pan,WAGXZ7300J,2020-02-04T11:41:46,2029-02-01T11:41:46,verified,EMP000081,2024-08-29T01:13:28,https://docs.fintechbank.in/kyc/KYC000597.pdf,2020-02-04T11:41:46
KYC000598,CUST000928,pan,RURPJ3066K,2017-08-01T22:18:29,2026-07-30T22:18:29,verified,EMP000018,2020-04-19T15:08:13,https://docs.fintechbank.in/kyc/KYC000598.pdf,2017-08-01T22:18:29
KYC000599,CUST000639,driving_license,KA3835412705868,2013-04-19T08:37:24,2018-04-18T08:37:24,verified,EMP000035,2020-09-19T11:53:34,https://docs.fintechbank.in/kyc/KYC000599.pdf,2013-04-19T08:37:24
KYC000600,CUST000205,pan,VWBCM9595S,2016-07-12T00:53:03,2026-07-10T00:53:03,verified,EMP000050,2019-01-19T08:22:13,https://docs.fintechbank.in/kyc/KYC000600.pdf,2016-07-12T00:53:03
KYC000601,CUST000877,driving_license,GJ7138905734034,2018-04-06T23:25:36,2028-04-03T23:25:36,verified,EMP000021,2024-01-09T21:59:45,https://docs.fintechbank.in/kyc/KYC000601.pdf,2018-04-06T23:25:36
KYC000602,CUST000869,voter_id,HDP777048,2011-09-24T05:01:00,2019-09-22T05:01:00,pending,,,https://docs.fintechbank.in/kyc/KYC000602.pdf,2011-09-24T05:01:00
KYC000603,CUST000843,pan,EHLBU3705A,2016-06-20T20:11:56,2021-06-19T20:11:56,pending,,,https://docs.fintechbank.in/kyc/KYC000603.pdf,2016-06-20T20:11:56
KYC000604,CUST000028,voter_id,JBQ259017,2010-01-20T02:16:05,2019-01-18T02:16:05,verified,EMP000029,2011-04-06T15:56:08,https://docs.fintechbank.in/kyc/KYC000604.pdf,2010-01-20T02:16:05
KYC000605,CUST000123,pan,NMVSZ3132Y,2015-06-30T21:34:19,2020-06-28T21:34:19,verified,EMP000083,2023-12-20T09:43:04,https://docs.fintechbank.in/kyc/KYC000605.pdf,2015-06-30T21:34:19
KYC000606,CUST000334,voter_id,RTW105745,2020-07-17T21:00:52,2027-07-16T21:00:52,verified,EMP000097,2023-09-13T03:01:13,https://docs.fintechbank.in/kyc/KYC000606.pdf,2020-07-17T21:00:52
KYC000607,CUST000825,passport,H9409237,2015-06-06T18:59:36,2022-06-04T18:59:36,verified,EMP000089,2023-08-31T22:30:56,https://docs.fintechbank.in/kyc/KYC000607.pdf,2015-06-06T18:59:36
KYC000608,CUST000296,passport,M9066422,2013-05-07T12:46:55,2018-05-06T12:46:55,rejected,,,https://docs.fintechbank.in/kyc/KYC000608.pdf,2013-05-07T12:46:55
KYC000609,CUST000361,pan,RKQCK6956J,2015-12-29T23:35:15,2022-12-27T23:35:15,verified,EMP000068,2022-03-17T10:47:09,https://docs.fintechbank.in/kyc/KYC000609.pdf,2015-12-29T23:35:15
KYC000610,CUST000082,voter_id,PKG126445,2014-10-14T23:30:51,2019-10-13T23:30:51,pending,,,https://docs.fintechbank.in/kyc/KYC000610.pdf,2014-10-14T23:30:51
KYC000611,CUST000031,driving_license,KA2194458026219,2015-01-15T18:53:26,2024-01-13T18:53:26,rejected,,,https://docs.fintechbank.in/kyc/KYC000611.pdf,2015-01-15T18:53:26
KYC000612,CUST000745,voter_id,FBK199431,2018-11-04T17:50:17,2023-11-03T17:50:17,pending,,,https://docs.fintechbank.in/kyc/KYC000612.pdf,2018-11-04T17:50:17
KYC000613,CUST000829,voter_id,AQN729221,2012-10-27T10:30:26,2017-10-26T10:30:26,verified,EMP000076,2023-11-29T11:04:35,https://docs.fintechbank.in/kyc/KYC000613.pdf,2012-10-27T10:30:26
KYC000614,CUST000282,pan,GIARR5506D,2023-01-07T19:35:58,2028-01-06T19:35:58,rejected,,,https://docs.fintechbank.in/kyc/KYC000614.pdf,2023-01-07T19:35:58
KYC000615,CUST000593,passport,Z9076329,2020-01-26T20:11:53,2029-01-23T20:11:53,pending,,,https://docs.fintechbank.in/kyc/KYC000615.pdf,2020-01-26T20:11:53
KYC000616,CUST000749,driving_license,KA4258960034628,2015-03-27T13:02:46,2020-03-25T13:02:46,verified,EMP000010,2025-02-11T03:56:42,https://docs.fintechbank.in/kyc/KYC000616.pdf,2015-03-27T13:02:46
KYC000617,CUST000244,pan,UVGAU7010P,2011-05-16T09:29:30,2019-05-14T09:29:30,verified,EMP000015,2017-12-04T05:35:49,https://docs.fintechbank.in/kyc/KYC000617.pdf,2011-05-16T09:29:30
KYC000618,CUST000898,aadhar,XXXX-XXXX-2106,2019-09-24T05:03:58,2026-09-22T05:03:58,verified,EMP000017,2023-03-06T14:22:34,https://docs.fintechbank.in/kyc/KYC000618.pdf,2019-09-24T05:03:58
KYC000619,CUST000238,driving_license,KA8535260424766,2015-03-16T07:55:45,2021-03-14T07:55:45,verified,EMP000034,2017-10-14T18:45:06,https://docs.fintechbank.in/kyc/KYC000619.pdf,2015-03-16T07:55:45
KYC000620,CUST000677,aadhar,XXXX-XXXX-9176,2017-06-29T17:31:54,2024-06-27T17:31:54,verified,EMP000049,2022-12-14T09:13:19,https://docs.fintechbank.in/kyc/KYC000620.pdf,2017-06-29T17:31:54
KYC000621,CUST000537,voter_id,SWH656663,2015-05-20T13:01:50,2024-05-17T13:01:50,verified,EMP000014,2023-04-26T22:12:30,https://docs.fintechbank.in/kyc/KYC000621.pdf,2015-05-20T13:01:50
KYC000622,CUST000903,voter_id,IOQ781736,2022-02-22T01:56:51,2028-02-21T01:56:51,verified,EMP000033,2024-02-02T18:14:30,https://docs.fintechbank.in/kyc/KYC000622.pdf,2022-02-22T01:56:51
KYC000623,CUST000785,pan,BGFTK2952P,2015-07-26T02:06:35,2024-07-23T02:06:35,verified,EMP000087,2020-12-13T19:13:18,https://docs.fintechbank.in/kyc/KYC000623.pdf,2015-07-26T02:06:35
KYC000624,CUST000681,voter_id,HQC748462,2012-02-18T16:33:23,2020-02-16T16:33:23,rejected,,,https://docs.fintechbank.in/kyc/KYC000624.pdf,2012-02-18T16:33:23
KYC000625,CUST000470,pan,ZHMIG2705Q,2019-08-22T11:07:30,2029-08-19T11:07:30,verified,EMP000094,2023-06-01T10:41:53,https://docs.fintechbank.in/kyc/KYC000625.pdf,2019-08-22T11:07:30
KYC000626,CUST000873,voter_id,VRJ128849,2013-09-11T01:49:41,2018-09-10T01:49:41,pending,,,https://docs.fintechbank.in/kyc/KYC000626.pdf,2013-09-11T01:49:41
KYC000627,CUST000406,driving_license,MH8359686544959,2011-08-09T18:22:59,2021-08-06T18:22:59,verified,EMP000080,2017-02-01T14:29:15,https://docs.fintechbank.in/kyc/KYC000627.pdf,2011-08-09T18:22:59
KYC000628,CUST000850,passport,L7680849,2021-09-25T10:41:30,2027-09-24T10:41:30,verified,EMP000077,2022-05-22T06:49:22,https://docs.fintechbank.in/kyc/KYC000628.pdf,2021-09-25T10:41:30
KYC000629,CUST000464,voter_id,MGZ672855,2015-06-24T22:29:43,2022-06-22T22:29:43,rejected,,,https://docs.fintechbank.in/kyc/KYC000629.pdf,2015-06-24T22:29:43
KYC000630,CUST000235,voter_id,BNO409668,2018-07-22T21:05:48,2028-07-19T21:05:48,verified,EMP000066,2018-11-04T20:57:09,https://docs.fintechbank.in/kyc/KYC000630.pdf,2018-07-22T21:05:48
KYC000631,CUST000774,pan,OWYQY1118J,2010-05-07T15:49:37,2020-05-04T15:49:37,pending,,,https://docs.fintechbank.in/kyc/KYC000631.pdf,2010-05-07T15:49:37
KYC000632,CUST000341,passport,C2501349,2023-03-14T06:15:37,2028-03-12T06:15:37,verified,EMP000022,2025-11-09T17:47:14,https://docs.fintechbank.in/kyc/KYC000632.pdf,2023-03-14T06:15:37
KYC000633,CUST000829,aadhar,XXXX-XXXX-2665,2017-08-05T03:19:00,2022-08-04T03:19:00,verified,EMP000005,2024-02-22T17:40:21,https://docs.fintechbank.in/kyc/KYC000633.pdf,2017-08-05T03:19:00
KYC000634,CUST000472,pan,OCYTC6870F,2018-12-01T20:10:22,2023-11-30T20:10:22,rejected,,,https://docs.fintechbank.in/kyc/KYC000634.pdf,2018-12-01T20:10:22
KYC000635,CUST000550,aadhar,XXXX-XXXX-4211,2012-05-01T15:42:24,2021-04-29T15:42:24,rejected,,,https://docs.fintechbank.in/kyc/KYC000635.pdf,2012-05-01T15:42:24
KYC000636,CUST000373,voter_id,WHY742641,2021-11-04T10:38:03,2026-11-03T10:38:03,pending,,,https://docs.fintechbank.in/kyc/KYC000636.pdf,2021-11-04T10:38:03
KYC000637,CUST000183,voter_id,MTK402533,2019-09-02T22:03:49,2024-08-31T22:03:49,rejected,,,https://docs.fintechbank.in/kyc/KYC000637.pdf,2019-09-02T22:03:49
KYC000638,CUST000771,driving_license,MH3472224267264,2019-05-07T04:03:41,2028-05-04T04:03:41,verified,EMP000038,2019-07-05T05:35:37,https://docs.fintechbank.in/kyc/KYC000638.pdf,2019-05-07T04:03:41
KYC000639,CUST000676,aadhar,XXXX-XXXX-7195,2022-06-30T03:10:23,2030-06-28T03:10:23,verified,EMP000051,2024-10-08T13:34:05,https://docs.fintechbank.in/kyc/KYC000639.pdf,2022-06-30T03:10:23
KYC000640,CUST000822,pan,XZXAS1166X,2021-11-04T01:07:51,2029-11-02T01:07:51,verified,EMP000008,2022-03-15T20:22:00,https://docs.fintechbank.in/kyc/KYC000640.pdf,2021-11-04T01:07:51
KYC000641,CUST000139,pan,SCVAB5659D,2020-12-16T14:00:50,2027-12-15T14:00:50,verified,EMP000015,2023-07-19T04:51:30,https://docs.fintechbank.in/kyc/KYC000641.pdf,2020-12-16T14:00:50
KYC000642,CUST000126,voter_id,AGU888182,2021-09-09T22:25:38,2030-09-07T22:25:38,verified,EMP000044,2022-04-18T04:33:53,https://docs.fintechbank.in/kyc/KYC000642.pdf,2021-09-09T22:25:38
KYC000643,CUST000145,passport,Y4920548,2012-05-20T21:55:48,2020-05-18T21:55:48,verified,EMP000014,2015-01-15T19:58:04,https://docs.fintechbank.in/kyc/KYC000643.pdf,2012-05-20T21:55:48
KYC000644,CUST000275,voter_id,ISO996619,2019-09-08T20:04:55,2024-09-06T20:04:55,pending,,,https://docs.fintechbank.in/kyc/KYC000644.pdf,2019-09-08T20:04:55
KYC000645,CUST000671,pan,EALJN3929F,2019-01-16T17:29:53,2028-01-14T17:29:53,verified,EMP000062,2025-02-11T03:44:36,https://docs.fintechbank.in/kyc/KYC000645.pdf,2019-01-16T17:29:53
KYC000646,CUST000152,aadhar,XXXX-XXXX-8435,2010-07-07T08:58:58,2020-07-04T08:58:58,pending,,,https://docs.fintechbank.in/kyc/KYC000646.pdf,2010-07-07T08:58:58
KYC000647,CUST000368,voter_id,LIQ808432,2018-07-08T17:29:18,2027-07-06T17:29:18,verified,EMP000034,2025-02-04T20:41:47,https://docs.fintechbank.in/kyc/KYC000647.pdf,2018-07-08T17:29:18
KYC000648,CUST000942,driving_license,TN2698249613344,2011-11-24T09:16:11,2016-11-22T09:16:11,verified,EMP000049,2015-07-16T15:33:08,https://docs.fintechbank.in/kyc/KYC000648.pdf,2011-11-24T09:16:11
KYC000649,CUST000166,aadhar,XXXX-XXXX-7359,2010-08-11T11:36:13,2017-08-09T11:36:13,verified,EMP000034,2017-07-26T07:13:25,https://docs.fintechbank.in/kyc/KYC000649.pdf,2010-08-11T11:36:13
KYC000650,CUST000821,aadhar,XXXX-XXXX-1246,2010-05-20T17:58:09,2017-05-18T17:58:09,pending,,,https://docs.fintechbank.in/kyc/KYC000650.pdf,2010-05-20T17:58:09
KYC000651,CUST000617,pan,PSEET4774M,2017-03-21T18:32:06,2023-03-20T18:32:06,verified,EMP000002,2018-12-28T23:03:16,https://docs.fintechbank.in/kyc/KYC000651.pdf,2017-03-21T18:32:06
KYC000652,CUST000063,voter_id,DRA914400,2013-07-26T13:16:30,2019-07-25T13:16:30,verified,EMP000045,2017-11-21T03:13:22,https://docs.fintechbank.in/kyc/KYC000652.pdf,2013-07-26T13:16:30
KYC000653,CUST000337,pan,BZKRB9623B,2018-09-29T04:27:03,2028-09-26T04:27:03,verified,EMP000042,2020-01-03T14:21:53,https://docs.fintechbank.in/kyc/KYC000653.pdf,2018-09-29T04:27:03
KYC000654,CUST000887,driving_license,GJ5869789033737,2023-07-30T03:53:54,2033-07-27T03:53:54,verified,EMP000023,2024-09-08T04:35:21,https://docs.fintechbank.in/kyc/KYC000654.pdf,2023-07-30T03:53:54
KYC000655,CUST000006,aadhar,XXXX-XXXX-9026,2015-09-07T12:27:28,2021-09-05T12:27:28,verified,EMP000054,2017-10-18T12:48:27,https://docs.fintechbank.in/kyc/KYC000655.pdf,2015-09-07T12:27:28
KYC000656,CUST000928,passport,F4386684,2017-08-16T05:36:22,2022-08-15T05:36:22,verified,EMP000092,2018-12-18T07:13:23,https://docs.fintechbank.in/kyc/KYC000656.pdf,2017-08-16T05:36:22
KYC000657,CUST000174,passport,V3942855,2020-07-29T16:56:50,2027-07-28T16:56:50,verified,EMP000027,2023-07-09T12:26:47,https://docs.fintechbank.in/kyc/KYC000657.pdf,2020-07-29T16:56:50
KYC000658,CUST000514,aadhar,XXXX-XXXX-2544,2011-05-25T23:55:28,2021-05-22T23:55:28,verified,EMP000012,2013-05-09T18:14:33,https://docs.fintechbank.in/kyc/KYC000658.pdf,2011-05-25T23:55:28
KYC000659,CUST000736,voter_id,SNJ124213,2022-01-13T22:06:05,2031-01-11T22:06:05,verified,EMP000069,2022-10-28T06:21:12,https://docs.fintechbank.in/kyc/KYC000659.pdf,2022-01-13T22:06:05
KYC000660,CUST000348,voter_id,LZR474735,2019-12-08T15:24:05,2027-12-06T15:24:05,verified,EMP000067,2025-09-22T13:47:47,https://docs.fintechbank.in/kyc/KYC000660.pdf,2019-12-08T15:24:05
KYC000661,CUST000195,voter_id,JAK914984,2014-12-08T00:33:44,2020-12-06T00:33:44,verified,EMP000018,2025-07-06T04:52:29,https://docs.fintechbank.in/kyc/KYC000661.pdf,2014-12-08T00:33:44
KYC000662,CUST000384,passport,K7273939,2011-07-01T00:24:51,2017-06-29T00:24:51,verified,EMP000066,2020-06-19T12:28:20,https://docs.fintechbank.in/kyc/KYC000662.pdf,2011-07-01T00:24:51
KYC000663,CUST000651,driving_license,TN5963184928844,2012-04-29T07:59:38,2017-04-28T07:59:38,verified,EMP000077,2020-12-03T07:43:04,https://docs.fintechbank.in/kyc/KYC000663.pdf,2012-04-29T07:59:38
KYC000664,CUST000294,driving_license,KA7146100929329,2012-04-29T06:44:09,2020-04-27T06:44:09,verified,EMP000081,2014-09-17T04:58:48,https://docs.fintechbank.in/kyc/KYC000664.pdf,2012-04-29T06:44:09
KYC000665,CUST000723,pan,YCDYM9079W,2019-10-09T10:43:17,2026-10-07T10:43:17,verified,EMP000079,2025-02-27T23:28:58,https://docs.fintechbank.in/kyc/KYC000665.pdf,2019-10-09T10:43:17
KYC000666,CUST000722,passport,R2593934,2020-12-23T01:05:07,2030-12-21T01:05:07,verified,EMP000087,2023-11-15T23:56:34,https://docs.fintechbank.in/kyc/KYC000666.pdf,2020-12-23T01:05:07
KYC000667,CUST000583,pan,OOYFP2255K,2018-07-08T05:55:55,2025-07-06T05:55:55,verified,EMP000091,2022-01-31T23:00:56,https://docs.fintechbank.in/kyc/KYC000667.pdf,2018-07-08T05:55:55
KYC000668,CUST000268,pan,AZMFV4239N,2017-01-22T04:58:06,2027-01-20T04:58:06,verified,EMP000011,2020-07-20T15:23:42,https://docs.fintechbank.in/kyc/KYC000668.pdf,2017-01-22T04:58:06
KYC000669,CUST000738,passport,O4502979,2019-02-04T14:58:30,2026-02-02T14:58:30,verified,EMP000053,2021-06-24T03:49:52,https://docs.fintechbank.in/kyc/KYC000669.pdf,2019-02-04T14:58:30
KYC000670,CUST000892,aadhar,XXXX-XXXX-5806,2013-10-21T17:47:28,2023-10-19T17:47:28,verified,EMP000071,2016-03-16T12:43:02,https://docs.fintechbank.in/kyc/KYC000670.pdf,2013-10-21T17:47:28
KYC000671,CUST000975,voter_id,EEC148161,2015-02-12T08:47:08,2025-02-09T08:47:08,verified,EMP000037,2018-03-12T13:25:48,https://docs.fintechbank.in/kyc/KYC000671.pdf,2015-02-12T08:47:08
KYC000672,CUST000654,passport,W8955386,2010-01-19T04:18:02,2015-01-18T04:18:02,verified,EMP000083,2019-08-21T08:52:08,https://docs.fintechbank.in/kyc/KYC000672.pdf,2010-01-19T04:18:02
KYC000673,CUST000577,aadhar,XXXX-XXXX-9248,2022-06-25T12:16:10,2032-06-22T12:16:10,verified,EMP000026,2023-09-28T10:53:14,https://docs.fintechbank.in/kyc/KYC000673.pdf,2022-06-25T12:16:10
KYC000674,CUST000970,aadhar,XXXX-XXXX-9730,2020-04-22T01:21:38,2029-04-20T01:21:38,pending,,,https://docs.fintechbank.in/kyc/KYC000674.pdf,2020-04-22T01:21:38
KYC000675,CUST000513,pan,GUPPH6590S,2010-04-30T16:56:17,2018-04-28T16:56:17,verified,EMP000097,2014-06-21T11:47:51,https://docs.fintechbank.in/kyc/KYC000675.pdf,2010-04-30T16:56:17
KYC000676,CUST000394,driving_license,KA5130018624081,2013-03-07T23:23:08,2020-03-05T23:23:08,verified,EMP000041,2019-09-20T15:45:42,https://docs.fintechbank.in/kyc/KYC000676.pdf,2013-03-07T23:23:08
KYC000677,CUST000784,passport,L5521204,2016-12-22T02:54:11,2026-12-20T02:54:11,verified,EMP000010,2023-06-27T02:31:04,https://docs.fintechbank.in/kyc/KYC000677.pdf,2016-12-22T02:54:11
KYC000678,CUST000219,aadhar,XXXX-XXXX-1818,2014-09-10T10:56:35,2020-09-08T10:56:35,verified,EMP000092,2018-07-19T06:45:14,https://docs.fintechbank.in/kyc/KYC000678.pdf,2014-09-10T10:56:35
KYC000679,CUST000515,passport,E4844315,2022-05-07T04:55:32,2028-05-05T04:55:32,rejected,,,https://docs.fintechbank.in/kyc/KYC000679.pdf,2022-05-07T04:55:32
KYC000680,CUST000358,driving_license,KA8093090120067,2019-11-14T15:34:53,2024-11-12T15:34:53,verified,EMP000089,2025-05-11T02:40:28,https://docs.fintechbank.in/kyc/KYC000680.pdf,2019-11-14T15:34:53
KYC000681,CUST000414,passport,W9492218,2013-09-01T15:42:30,2020-08-30T15:42:30,verified,EMP000045,2015-01-29T18:05:50,https://docs.fintechbank.in/kyc/KYC000681.pdf,2013-09-01T15:42:30
KYC000682,CUST000090,pan,ZMQRM4462R,2015-08-23T04:44:34,2025-08-20T04:44:34,pending,,,https://docs.fintechbank.in/kyc/KYC000682.pdf,2015-08-23T04:44:34
KYC000683,CUST000179,pan,GRIOL8930R,2014-04-28T07:45:53,2020-04-26T07:45:53,verified,EMP000023,2025-02-06T22:32:32,https://docs.fintechbank.in/kyc/KYC000683.pdf,2014-04-28T07:45:53
KYC000684,CUST000626,driving_license,GJ6513579958374,2013-11-13T02:00:52,2022-11-11T02:00:52,pending,,,https://docs.fintechbank.in/kyc/KYC000684.pdf,2013-11-13T02:00:52
KYC000685,CUST000220,voter_id,AEP206308,2023-11-25T03:33:59,2031-11-23T03:33:59,pending,,,https://docs.fintechbank.in/kyc/KYC000685.pdf,2023-11-25T03:33:59
KYC000686,CUST000214,pan,YMPQS3288A,2011-11-30T16:06:05,2018-11-28T16:06:05,verified,EMP000063,2014-08-13T08:47:29,https://docs.fintechbank.in/kyc/KYC000686.pdf,2011-11-30T16:06:05
KYC000687,CUST000116,pan,NVWNV6766S,2015-03-13T20:02:16,2025-03-10T20:02:16,verified,EMP000026,2015-03-17T02:28:26,https://docs.fintechbank.in/kyc/KYC000687.pdf,2015-03-13T20:02:16
KYC000688,CUST000911,driving_license,DL2043945675539,2012-07-10T11:41:42,2021-07-08T11:41:42,verified,EMP000079,2016-04-04T16:15:33,https://docs.fintechbank.in/kyc/KYC000688.pdf,2012-07-10T11:41:42
KYC000689,CUST000241,passport,P9486032,2018-07-10T19:15:23,2023-07-09T19:15:23,verified,EMP000061,2024-10-05T22:17:18,https://docs.fintechbank.in/kyc/KYC000689.pdf,2018-07-10T19:15:23
KYC000690,CUST000252,passport,A1220971,2019-01-19T14:14:52,2026-01-17T14:14:52,verified,EMP000082,2022-06-23T16:41:52,https://docs.fintechbank.in/kyc/KYC000690.pdf,2019-01-19T14:14:52
KYC000691,CUST000459,pan,BXXVM5951U,2017-11-09T23:08:31,2027-11-07T23:08:31,verified,EMP000024,2020-04-14T16:00:13,https://docs.fintechbank.in/kyc/KYC000691.pdf,2017-11-09T23:08:31
KYC000692,CUST000504,pan,JYBBY4557E,2023-04-11T18:45:21,2030-04-09T18:45:21,rejected,,,https://docs.fintechbank.in/kyc/KYC000692.pdf,2023-04-11T18:45:21
KYC000693,CUST000167,pan,ESDKO5223V,2010-06-12T12:27:44,2018-06-10T12:27:44,rejected,,,https://docs.fintechbank.in/kyc/KYC000693.pdf,2010-06-12T12:27:44
KYC000694,CUST000061,aadhar,XXXX-XXXX-3327,2017-12-18T11:18:47,2026-12-16T11:18:47,pending,,,https://docs.fintechbank.in/kyc/KYC000694.pdf,2017-12-18T11:18:47
KYC000695,CUST000774,passport,A6543589,2020-01-16T20:49:04,2027-01-14T20:49:04,verified,EMP000085,2023-02-28T22:58:02,https://docs.fintechbank.in/kyc/KYC000695.pdf,2020-01-16T20:49:04
KYC000696,CUST000280,aadhar,XXXX-XXXX-5373,2012-12-21T17:24:26,2021-12-19T17:24:26,verified,EMP000069,2016-07-26T18:26:16,https://docs.fintechbank.in/kyc/KYC000696.pdf,2012-12-21T17:24:26
KYC000697,CUST000936,aadhar,XXXX-XXXX-5400,2019-05-18T18:55:23,2025-05-16T18:55:23,pending,,,https://docs.fintechbank.in/kyc/KYC000697.pdf,2019-05-18T18:55:23
KYC000698,CUST000216,passport,A9060589,2022-10-24T01:24:25,2027-10-23T01:24:25,verified,EMP000016,2023-10-14T10:04:22,https://docs.fintechbank.in/kyc/KYC000698.pdf,2022-10-24T01:24:25
KYC000699,CUST000963,aadhar,XXXX-XXXX-9557,2015-03-03T06:04:48,2024-02-29T06:04:48,verified,EMP000085,2016-12-25T18:55:34,https://docs.fintechbank.in/kyc/KYC000699.pdf,2015-03-03T06:04:48
KYC000700,CUST000657,driving_license,MH1710175450402,2015-03-24T01:19:20,2020-03-22T01:19:20,verified,EMP000071,2017-06-05T13:03:21,https://docs.fintechbank.in/kyc/KYC000700.pdf,2015-03-24T01:19:20
KYC000701,CUST000652,driving_license,DL5328135432684,2020-02-03T11:23:00,2028-02-01T11:23:00,verified,EMP000013,2025-09-12T22:39:34,https://docs.fintechbank.in/kyc/KYC000701.pdf,2020-02-03T11:23:00
KYC000702,CUST000627,aadhar,XXXX-XXXX-2905,2010-01-31T18:54:41,2016-01-30T18:54:41,verified,EMP000008,2011-10-18T05:13:12,https://docs.fintechbank.in/kyc/KYC000702.pdf,2010-01-31T18:54:41
KYC000703,CUST000961,driving_license,DL9228267537368,2013-03-11T06:34:19,2018-03-10T06:34:19,verified,EMP000080,2019-11-01T08:29:42,https://docs.fintechbank.in/kyc/KYC000703.pdf,2013-03-11T06:34:19
KYC000704,CUST000733,driving_license,TN7829555714088,2022-11-21T07:59:58,2028-11-19T07:59:58,verified,EMP000084,2023-12-18T08:12:19,https://docs.fintechbank.in/kyc/KYC000704.pdf,2022-11-21T07:59:58
KYC000705,CUST000303,voter_id,FWN628908,2017-02-24T10:47:02,2027-02-22T10:47:02,verified,EMP000056,2021-03-04T04:25:21,https://docs.fintechbank.in/kyc/KYC000705.pdf,2017-02-24T10:47:02
KYC000706,CUST000542,voter_id,JEU164517,2014-12-09T01:35:58,2022-12-07T01:35:58,verified,EMP000024,2015-02-15T14:15:22,https://docs.fintechbank.in/kyc/KYC000706.pdf,2014-12-09T01:35:58
KYC000707,CUST000762,passport,J8073533,2023-01-21T05:38:08,2029-01-19T05:38:08,verified,EMP000023,2025-01-11T06:18:12,https://docs.fintechbank.in/kyc/KYC000707.pdf,2023-01-21T05:38:08
KYC000708,CUST000079,pan,HNWRA7942P,2010-07-04T05:06:04,2019-07-02T05:06:04,verified,EMP000043,2017-01-24T05:19:34,https://docs.fintechbank.in/kyc/KYC000708.pdf,2010-07-04T05:06:04
KYC000709,CUST000355,aadhar,XXXX-XXXX-1779,2018-09-18T01:47:19,2028-09-15T01:47:19,pending,,,https://docs.fintechbank.in/kyc/KYC000709.pdf,2018-09-18T01:47:19
KYC000710,CUST000094,pan,SABTP4455S,2016-06-17T14:58:17,2023-06-16T14:58:17,verified,EMP000100,2017-12-12T01:47:16,https://docs.fintechbank.in/kyc/KYC000710.pdf,2016-06-17T14:58:17
KYC000711,CUST000044,aadhar,XXXX-XXXX-1289,2015-07-21T16:09:50,2021-07-19T16:09:50,verified,EMP000001,2024-03-27T01:45:25,https://docs.fintechbank.in/kyc/KYC000711.pdf,2015-07-21T16:09:50
KYC000712,CUST000844,passport,U4399406,2015-09-14T01:27:20,2024-09-11T01:27:20,verified,EMP000083,2025-12-04T11:53:20,https://docs.fintechbank.in/kyc/KYC000712.pdf,2015-09-14T01:27:20
KYC000713,CUST000794,voter_id,LGJ692238,2021-05-16T13:28:02,2026-05-15T13:28:02,verified,EMP000064,2021-12-12T22:37:12,https://docs.fintechbank.in/kyc/KYC000713.pdf,2021-05-16T13:28:02
KYC000714,CUST000995,aadhar,XXXX-XXXX-9783,2018-04-27T17:34:30,2025-04-25T17:34:30,verified,EMP000059,2023-08-06T08:11:19,https://docs.fintechbank.in/kyc/KYC000714.pdf,2018-04-27T17:34:30
KYC000715,CUST000233,passport,J7331093,2017-08-03T07:09:00,2023-08-02T07:09:00,pending,,,https://docs.fintechbank.in/kyc/KYC000715.pdf,2017-08-03T07:09:00
KYC000716,CUST000609,pan,JHOSO2018D,2022-10-08T15:54:41,2030-10-06T15:54:41,verified,EMP000043,2025-06-01T06:49:48,https://docs.fintechbank.in/kyc/KYC000716.pdf,2022-10-08T15:54:41
KYC000717,CUST000714,aadhar,XXXX-XXXX-3183,2010-02-03T02:36:11,2015-02-02T02:36:11,verified,EMP000071,2012-05-19T14:23:17,https://docs.fintechbank.in/kyc/KYC000717.pdf,2010-02-03T02:36:11
KYC000718,CUST000219,pan,WVSEQ8392Y,2021-09-13T13:35:42,2028-09-11T13:35:42,verified,EMP000026,2025-01-14T06:30:01,https://docs.fintechbank.in/kyc/KYC000718.pdf,2021-09-13T13:35:42
KYC000719,CUST000527,pan,BINTP7601U,2017-10-23T10:37:26,2022-10-22T10:37:26,pending,,,https://docs.fintechbank.in/kyc/KYC000719.pdf,2017-10-23T10:37:26
KYC000720,CUST000676,voter_id,BYN142487,2019-01-26T05:01:35,2027-01-24T05:01:35,verified,EMP000022,2019-05-01T16:08:19,https://docs.fintechbank.in/kyc/KYC000720.pdf,2019-01-26T05:01:35
KYC000721,CUST000205,pan,CXTRR7676A,2014-05-25T02:59:11,2019-05-24T02:59:11,pending,,,https://docs.fintechbank.in/kyc/KYC000721.pdf,2014-05-25T02:59:11
KYC000722,CUST000018,aadhar,XXXX-XXXX-3353,2023-01-25T23:52:51,2033-01-22T23:52:51,pending,,,https://docs.fintechbank.in/kyc/KYC000722.pdf,2023-01-25T23:52:51
KYC000723,CUST000895,driving_license,TN7987412543754,2014-06-16T22:08:11,2020-06-14T22:08:11,rejected,,,https://docs.fintechbank.in/kyc/KYC000723.pdf,2014-06-16T22:08:11
KYC000724,CUST000020,passport,Z4605908,2015-05-25T03:09:53,2024-05-22T03:09:53,verified,EMP000047,2023-12-26T09:00:08,https://docs.fintechbank.in/kyc/KYC000724.pdf,2015-05-25T03:09:53
KYC000725,CUST000899,passport,Q2105072,2015-05-06T16:50:26,2023-05-04T16:50:26,verified,EMP000016,2021-06-22T02:29:21,https://docs.fintechbank.in/kyc/KYC000725.pdf,2015-05-06T16:50:26
KYC000726,CUST000165,driving_license,MH1048867442000,2010-05-26T11:03:49,2018-05-24T11:03:49,verified,EMP000092,2015-07-10T01:36:36,https://docs.fintechbank.in/kyc/KYC000726.pdf,2010-05-26T11:03:49
KYC000727,CUST000489,driving_license,MH3775210841151,2021-07-04T06:47:06,2027-07-03T06:47:06,pending,,,https://docs.fintechbank.in/kyc/KYC000727.pdf,2021-07-04T06:47:06
KYC000728,CUST000541,voter_id,XCY218877,2014-01-08T10:03:56,2022-01-06T10:03:56,verified,EMP000024,2021-05-12T12:54:55,https://docs.fintechbank.in/kyc/KYC000728.pdf,2014-01-08T10:03:56
KYC000729,CUST000861,voter_id,VCD150887,2015-09-30T10:47:08,2020-09-28T10:47:08,rejected,,,https://docs.fintechbank.in/kyc/KYC000729.pdf,2015-09-30T10:47:08
KYC000730,CUST000426,aadhar,XXXX-XXXX-8843,2012-05-05T13:06:26,2020-05-03T13:06:26,verified,EMP000001,2019-09-20T16:52:50,https://docs.fintechbank.in/kyc/KYC000730.pdf,2012-05-05T13:06:26
KYC000731,CUST000821,passport,E7103596,2013-12-07T16:23:09,2021-12-05T16:23:09,pending,,,https://docs.fintechbank.in/kyc/KYC000731.pdf,2013-12-07T16:23:09
KYC000732,CUST000747,voter_id,JDK649810,2010-02-04T04:01:31,2020-02-02T04:01:31,verified,EMP000042,2016-09-25T05:08:53,https://docs.fintechbank.in/kyc/KYC000732.pdf,2010-02-04T04:01:31
KYC000733,CUST000029,voter_id,XIX717724,2012-08-23T01:32:38,2022-08-21T01:32:38,verified,EMP000040,2023-04-13T20:09:09,https://docs.fintechbank.in/kyc/KYC000733.pdf,2012-08-23T01:32:38
KYC000734,CUST000788,aadhar,XXXX-XXXX-1806,2023-07-10T23:22:30,2029-07-08T23:22:30,verified,EMP000075,2024-04-02T19:35:29,https://docs.fintechbank.in/kyc/KYC000734.pdf,2023-07-10T23:22:30
KYC000735,CUST000240,aadhar,XXXX-XXXX-8679,2010-04-06T18:13:43,2017-04-04T18:13:43,rejected,,,https://docs.fintechbank.in/kyc/KYC000735.pdf,2010-04-06T18:13:43
KYC000736,CUST000977,passport,T5305941,2018-10-12T14:42:12,2023-10-11T14:42:12,pending,,,https://docs.fintechbank.in/kyc/KYC000736.pdf,2018-10-12T14:42:12
KYC000737,CUST000134,passport,W1331210,2011-06-10T10:16:50,2021-06-07T10:16:50,rejected,,,https://docs.fintechbank.in/kyc/KYC000737.pdf,2011-06-10T10:16:50
KYC000738,CUST000914,voter_id,VRT919041,2016-12-15T21:25:10,2026-12-13T21:25:10,verified,EMP000051,2022-10-26T18:41:43,https://docs.fintechbank.in/kyc/KYC000738.pdf,2016-12-15T21:25:10
KYC000739,CUST000652,aadhar,XXXX-XXXX-5763,2020-10-17T20:56:51,2027-10-16T20:56:51,verified,EMP000089,2024-08-22T16:00:20,https://docs.fintechbank.in/kyc/KYC000739.pdf,2020-10-17T20:56:51
KYC000740,CUST000361,passport,J1317820,2012-05-22T07:46:00,2021-05-20T07:46:00,rejected,,,https://docs.fintechbank.in/kyc/KYC000740.pdf,2012-05-22T07:46:00
KYC000741,CUST000960,driving_license,MH1576633140428,2014-03-24T22:47:11,2019-03-23T22:47:11,verified,EMP000073,2023-08-08T11:21:21,https://docs.fintechbank.in/kyc/KYC000741.pdf,2014-03-24T22:47:11
KYC000742,CUST000293,pan,MSJWE7715R,2016-03-08T02:06:45,2024-03-06T02:06:45,verified,EMP000006,2022-02-25T05:44:31,https://docs.fintechbank.in/kyc/KYC000742.pdf,2016-03-08T02:06:45
KYC000743,CUST000424,voter_id,IKE745765,2018-10-16T22:12:17,2024-10-14T22:12:17,verified,EMP000016,2024-02-27T14:01:29,https://docs.fintechbank.in/kyc/KYC000743.pdf,2018-10-16T22:12:17
KYC000744,CUST000466,aadhar,XXXX-XXXX-5743,2011-11-03T17:20:10,2016-11-01T17:20:10,pending,,,https://docs.fintechbank.in/kyc/KYC000744.pdf,2011-11-03T17:20:10
KYC000745,CUST000709,driving_license,GJ1412398102727,2014-10-05T09:42:20,2019-10-04T09:42:20,verified,EMP000096,2023-02-19T13:55:01,https://docs.fintechbank.in/kyc/KYC000745.pdf,2014-10-05T09:42:20
KYC000746,CUST000204,driving_license,KA5123345597789,2012-04-22T09:46:28,2020-04-20T09:46:28,verified,EMP000096,2022-05-31T14:01:11,https://docs.fintechbank.in/kyc/KYC000746.pdf,2012-04-22T09:46:28
KYC000747,CUST000605,driving_license,GJ7433198475256,2018-12-06T06:23:22,2025-12-04T06:23:22,verified,EMP000034,2019-09-28T14:59:07,https://docs.fintechbank.in/kyc/KYC000747.pdf,2018-12-06T06:23:22
KYC000748,CUST000431,voter_id,QXP783044,2010-06-29T21:41:57,2018-06-27T21:41:57,pending,,,https://docs.fintechbank.in/kyc/KYC000748.pdf,2010-06-29T21:41:57
KYC000749,CUST000951,aadhar,XXXX-XXXX-6488,2017-06-16T08:37:23,2026-06-14T08:37:23,verified,EMP000063,2019-04-01T21:02:10,https://docs.fintechbank.in/kyc/KYC000749.pdf,2017-06-16T08:37:23
KYC000750,CUST000666,pan,AIGPF9718E,2017-01-20T08:06:56,2023-01-19T08:06:56,pending,,,https://docs.fintechbank.in/kyc/KYC000750.pdf,2017-01-20T08:06:56
KYC000751,CUST000970,driving_license,MH5816908455799,2017-12-13T04:27:15,2022-12-12T04:27:15,verified,EMP000051,2024-08-18T09:43:50,https://docs.fintechbank.in/kyc/KYC000751.pdf,2017-12-13T04:27:15
KYC000752,CUST000744,passport,I8244225,2016-09-19T07:36:59,2023-09-18T07:36:59,verified,EMP000055,2020-09-16T11:39:48,https://docs.fintechbank.in/kyc/KYC000752.pdf,2016-09-19T07:36:59
KYC000753,CUST000563,voter_id,FKS236053,2016-07-15T18:25:42,2024-07-13T18:25:42,verified,EMP000019,2025-07-09T07:20:47,https://docs.fintechbank.in/kyc/KYC000753.pdf,2016-07-15T18:25:42
KYC000754,CUST000894,pan,EVZBL5948F,2021-06-28T13:44:43,2031-06-26T13:44:43,verified,EMP000055,2024-12-16T22:16:27,https://docs.fintechbank.in/kyc/KYC000754.pdf,2021-06-28T13:44:43
KYC000755,CUST000413,pan,VFGKI3064L,2019-05-29T07:33:53,2025-05-27T07:33:53,verified,EMP000036,2024-02-04T23:50:21,https://docs.fintechbank.in/kyc/KYC000755.pdf,2019-05-29T07:33:53
KYC000756,CUST000069,driving_license,TN2043194218296,2015-10-23T03:50:39,2020-10-21T03:50:39,pending,,,https://docs.fintechbank.in/kyc/KYC000756.pdf,2015-10-23T03:50:39
KYC000757,CUST000940,passport,P8282872,2021-06-23T14:07:01,2028-06-21T14:07:01,verified,EMP000021,2024-08-26T13:20:57,https://docs.fintechbank.in/kyc/KYC000757.pdf,2021-06-23T14:07:01
KYC000758,CUST000610,pan,IMOAS6082K,2013-07-09T19:39:58,2018-07-08T19:39:58,verified,EMP000070,2016-12-16T23:13:55,https://docs.fintechbank.in/kyc/KYC000758.pdf,2013-07-09T19:39:58
KYC000759,CUST000458,pan,ECCTJ6060X,2021-04-22T13:53:31,2030-04-20T13:53:31,verified,EMP000049,2024-12-26T07:35:37,https://docs.fintechbank.in/kyc/KYC000759.pdf,2021-04-22T13:53:31
KYC000760,CUST000661,voter_id,PMD868290,2022-12-09T12:07:58,2032-12-06T12:07:58,verified,EMP000063,2024-06-30T20:51:58,https://docs.fintechbank.in/kyc/KYC000760.pdf,2022-12-09T12:07:58
KYC000761,CUST000495,driving_license,KA4887575899592,2016-02-15T16:06:05,2022-02-13T16:06:05,verified,EMP000098,2024-01-18T15:57:02,https://docs.fintechbank.in/kyc/KYC000761.pdf,2016-02-15T16:06:05
KYC000762,CUST000040,voter_id,AFI260411,2023-12-22T19:41:03,2028-12-20T19:41:03,verified,EMP000052,2024-01-01T05:34:09,https://docs.fintechbank.in/kyc/KYC000762.pdf,2023-12-22T19:41:03
KYC000763,CUST000045,voter_id,PDC599699,2021-12-01T04:31:50,2030-11-29T04:31:50,verified,EMP000033,2023-08-12T12:27:16,https://docs.fintechbank.in/kyc/KYC000763.pdf,2021-12-01T04:31:50
KYC000764,CUST000213,voter_id,LXL252782,2019-07-31T08:34:53,2027-07-29T08:34:53,verified,EMP000018,2023-02-03T17:02:57,https://docs.fintechbank.in/kyc/KYC000764.pdf,2019-07-31T08:34:53
KYC000765,CUST000064,pan,ADNIA7867M,2010-06-22T02:03:02,2020-06-19T02:03:02,verified,EMP000060,2012-12-19T22:51:18,https://docs.fintechbank.in/kyc/KYC000765.pdf,2010-06-22T02:03:02
KYC000766,CUST000968,driving_license,KA6463550231880,2022-07-19T08:44:47,2031-07-17T08:44:47,verified,EMP000031,2025-03-25T14:18:37,https://docs.fintechbank.in/kyc/KYC000766.pdf,2022-07-19T08:44:47
KYC000767,CUST000309,driving_license,DL3227062804441,2021-08-15T20:58:56,2029-08-13T20:58:56,verified,EMP000076,2022-01-19T23:44:43,https://docs.fintechbank.in/kyc/KYC000767.pdf,2021-08-15T20:58:56
KYC000768,CUST000516,aadhar,XXXX-XXXX-8754,2021-03-16T16:00:37,2026-03-15T16:00:37,verified,EMP000082,2022-05-06T11:18:46,https://docs.fintechbank.in/kyc/KYC000768.pdf,2021-03-16T16:00:37
KYC000769,CUST000330,voter_id,SQS854164,2022-05-05T12:36:42,2029-05-03T12:36:42,verified,EMP000088,2022-08-07T04:37:08,https://docs.fintechbank.in/kyc/KYC000769.pdf,2022-05-05T12:36:42
KYC000770,CUST000875,pan,LPWEL1551P,2021-09-28T15:40:28,2030-09-26T15:40:28,verified,EMP000034,2023-04-26T14:29:40,https://docs.fintechbank.in/kyc/KYC000770.pdf,2021-09-28T15:40:28
KYC000771,CUST000991,driving_license,GJ9217551397890,2021-10-07T11:00:23,2028-10-05T11:00:23,rejected,,,https://docs.fintechbank.in/kyc/KYC000771.pdf,2021-10-07T11:00:23
KYC000772,CUST000070,aadhar,XXXX-XXXX-1457,2012-04-05T04:09:48,2022-04-03T04:09:48,verified,EMP000023,2014-04-10T03:52:54,https://docs.fintechbank.in/kyc/KYC000772.pdf,2012-04-05T04:09:48
KYC000773,CUST000434,driving_license,DL5382490313269,2018-07-02T22:16:40,2025-06-30T22:16:40,rejected,,,https://docs.fintechbank.in/kyc/KYC000773.pdf,2018-07-02T22:16:40
KYC000774,CUST000113,voter_id,UTS113783,2019-05-04T20:48:36,2026-05-02T20:48:36,verified,EMP000082,2024-07-30T15:28:19,https://docs.fintechbank.in/kyc/KYC000774.pdf,2019-05-04T20:48:36
KYC000775,CUST000253,aadhar,XXXX-XXXX-4911,2014-08-27T07:12:03,2021-08-25T07:12:03,verified,EMP000015,2022-01-23T22:36:12,https://docs.fintechbank.in/kyc/KYC000775.pdf,2014-08-27T07:12:03
KYC000776,CUST000666,passport,A4874864,2020-05-10T22:37:14,2030-05-08T22:37:14,verified,EMP000056,2020-11-03T22:52:06,https://docs.fintechbank.in/kyc/KYC000776.pdf,2020-05-10T22:37:14
KYC000777,CUST000194,voter_id,HSX922973,2013-06-05T16:59:42,2022-06-03T16:59:42,verified,EMP000033,2017-12-05T07:36:14,https://docs.fintechbank.in/kyc/KYC000777.pdf,2013-06-05T16:59:42
KYC000778,CUST000746,passport,N5304844,2010-06-21T06:10:13,2018-06-19T06:10:13,pending,,,https://docs.fintechbank.in/kyc/KYC000778.pdf,2010-06-21T06:10:13
KYC000779,CUST000593,voter_id,GCQ660933,2013-09-06T15:26:52,2021-09-04T15:26:52,verified,EMP000008,2014-01-05T02:36:05,https://docs.fintechbank.in/kyc/KYC000779.pdf,2013-09-06T15:26:52
KYC000780,CUST000435,driving_license,TN9232376622536,2013-03-08T10:54:31,2018-03-07T10:54:31,verified,EMP000032,2021-11-29T14:26:19,https://docs.fintechbank.in/kyc/KYC000780.pdf,2013-03-08T10:54:31
KYC000781,CUST000676,aadhar,XXXX-XXXX-4508,2019-04-11T03:47:15,2029-04-08T03:47:15,verified,EMP000044,2023-06-24T16:26:27,https://docs.fintechbank.in/kyc/KYC000781.pdf,2019-04-11T03:47:15
KYC000782,CUST000150,passport,H2139022,2012-09-14T21:47:07,2020-09-12T21:47:07,verified,EMP000009,2022-02-09T03:50:06,https://docs.fintechbank.in/kyc/KYC000782.pdf,2012-09-14T21:47:07
KYC000783,CUST000232,driving_license,DL4585554078256,2014-05-17T04:24:43,2020-05-15T04:24:43,verified,EMP000026,2021-02-04T12:33:11,https://docs.fintechbank.in/kyc/KYC000783.pdf,2014-05-17T04:24:43
KYC000784,CUST000257,aadhar,XXXX-XXXX-3563,2012-08-30T02:29:05,2018-08-29T02:29:05,verified,EMP000070,2017-12-16T19:53:40,https://docs.fintechbank.in/kyc/KYC000784.pdf,2012-08-30T02:29:05
KYC000785,CUST000470,passport,Z2608149,2018-05-29T11:26:07,2024-05-27T11:26:07,verified,EMP000063,2023-01-20T06:33:03,https://docs.fintechbank.in/kyc/KYC000785.pdf,2018-05-29T11:26:07
KYC000786,CUST000271,driving_license,MH4497937775170,2020-02-03T10:22:37,2026-02-01T10:22:37,verified,EMP000017,2025-11-17T13:57:37,https://docs.fintechbank.in/kyc/KYC000786.pdf,2020-02-03T10:22:37
KYC000787,CUST000179,aadhar,XXXX-XXXX-3456,2022-08-30T12:11:09,2030-08-28T12:11:09,verified,EMP000060,2023-03-21T08:24:05,https://docs.fintechbank.in/kyc/KYC000787.pdf,2022-08-30T12:11:09
KYC000788,CUST000242,passport,A9795798,2018-05-29T04:19:22,2025-05-27T04:19:22,verified,EMP000011,2025-09-08T09:01:37,https://docs.fintechbank.in/kyc/KYC000788.pdf,2018-05-29T04:19:22
KYC000789,CUST000515,pan,AXQVU5250D,2018-01-04T02:35:01,2023-01-03T02:35:01,verified,EMP000080,2023-09-09T08:52:15,https://docs.fintechbank.in/kyc/KYC000789.pdf,2018-01-04T02:35:01
KYC000790,CUST000280,pan,BNCBJ6394O,2015-04-09T19:35:09,2020-04-07T19:35:09,pending,,,https://docs.fintechbank.in/kyc/KYC000790.pdf,2015-04-09T19:35:09
KYC000791,CUST000056,voter_id,QUI853600,2023-09-28T08:05:42,2031-09-26T08:05:42,verified,EMP000005,2025-01-11T01:13:01,https://docs.fintechbank.in/kyc/KYC000791.pdf,2023-09-28T08:05:42
KYC000792,CUST000131,pan,RYQVS3382S,2023-05-09T06:06:45,2032-05-06T06:06:45,verified,EMP000012,2023-08-20T23:19:27,https://docs.fintechbank.in/kyc/KYC000792.pdf,2023-05-09T06:06:45
KYC000793,CUST000454,voter_id,OBP879723,2012-08-26T20:45:43,2021-08-24T20:45:43,verified,EMP000039,2015-10-06T18:55:57,https://docs.fintechbank.in/kyc/KYC000793.pdf,2012-08-26T20:45:43
KYC000794,CUST000700,driving_license,MH5514208244966,2021-01-15T23:08:54,2029-01-13T23:08:54,verified,EMP000011,2024-05-22T16:17:33,https://docs.fintechbank.in/kyc/KYC000794.pdf,2021-01-15T23:08:54
KYC000795,CUST000836,aadhar,XXXX-XXXX-5002,2012-06-06T03:14:18,2017-06-05T03:14:18,rejected,,,https://docs.fintechbank.in/kyc/KYC000795.pdf,2012-06-06T03:14:18
KYC000796,CUST000815,pan,BXUFN4987Z,2016-09-04T07:46:13,2021-09-03T07:46:13,verified,EMP000058,2020-03-05T03:16:07,https://docs.fintechbank.in/kyc/KYC000796.pdf,2016-09-04T07:46:13
KYC000797,CUST000891,aadhar,XXXX-XXXX-3090,2013-03-20T16:35:40,2019-03-19T16:35:40,pending,,,https://docs.fintechbank.in/kyc/KYC000797.pdf,2013-03-20T16:35:40
KYC000798,CUST000505,driving_license,GJ5440506489592,2019-10-27T04:29:26,2025-10-25T04:29:26,pending,,,https://docs.fintechbank.in/kyc/KYC000798.pdf,2019-10-27T04:29:26
KYC000799,CUST000658,driving_license,TN7536611408913,2021-07-15T13:23:51,2027-07-14T13:23:51,verified,EMP000008,2023-02-18T20:43:30,https://docs.fintechbank.in/kyc/KYC000799.pdf,2021-07-15T13:23:51
KYC000800,CUST000933,driving_license,TN6019565420250,2020-09-28T06:10:33,2025-09-27T06:10:33,verified,EMP000098,2024-03-27T05:21:06,https://docs.fintechbank.in/kyc/KYC000800.pdf,2020-09-28T06:10:33
KYC000801,CUST000830,voter_id,ZUX497171,2014-08-28T14:48:54,2022-08-26T14:48:54,verified,EMP000089,2024-05-04T05:50:28,https://docs.fintechbank.in/kyc/KYC000801.pdf,2014-08-28T14:48:54
KYC000802,CUST000198,aadhar,XXXX-XXXX-1292,2012-07-12T23:49:36,2021-07-10T23:49:36,verified,EMP000062,2020-03-12T06:04:35,https://docs.fintechbank.in/kyc/KYC000802.pdf,2012-07-12T23:49:36
KYC000803,CUST000410,voter_id,PNG324098,2017-06-08T07:46:48,2022-06-07T07:46:48,rejected,,,https://docs.fintechbank.in/kyc/KYC000803.pdf,2017-06-08T07:46:48
KYC000804,CUST000203,aadhar,XXXX-XXXX-4871,2010-04-20T18:26:06,2018-04-18T18:26:06,verified,EMP000079,2019-03-14T07:42:07,https://docs.fintechbank.in/kyc/KYC000804.pdf,2010-04-20T18:26:06
KYC000805,CUST000104,passport,G4451912,2010-11-12T06:16:14,2016-11-10T06:16:14,verified,EMP000036,2016-01-09T07:30:46,https://docs.fintechbank.in/kyc/KYC000805.pdf,2010-11-12T06:16:14
KYC000806,CUST000443,voter_id,SND734372,2017-01-12T13:18:27,2024-01-11T13:18:27,verified,EMP000055,2019-10-17T14:40:49,https://docs.fintechbank.in/kyc/KYC000806.pdf,2017-01-12T13:18:27
KYC000807,CUST000674,passport,K9559171,2022-04-24T15:38:42,2031-04-22T15:38:42,rejected,,,https://docs.fintechbank.in/kyc/KYC000807.pdf,2022-04-24T15:38:42
KYC000808,CUST000053,driving_license,KA5321415414309,2014-12-27T02:24:26,2021-12-25T02:24:26,pending,,,https://docs.fintechbank.in/kyc/KYC000808.pdf,2014-12-27T02:24:26
KYC000809,CUST000353,voter_id,KHB279502,2021-11-22T17:31:52,2026-11-21T17:31:52,pending,,,https://docs.fintechbank.in/kyc/KYC000809.pdf,2021-11-22T17:31:52
KYC000810,CUST000548,driving_license,KA3979163836114,2022-11-10T14:20:41,2027-11-09T14:20:41,verified,EMP000074,2024-01-31T12:43:32,https://docs.fintechbank.in/kyc/KYC000810.pdf,2022-11-10T14:20:41
KYC000811,CUST000406,aadhar,XXXX-XXXX-6273,2015-10-07T08:02:30,2024-10-04T08:02:30,pending,,,https://docs.fintechbank.in/kyc/KYC000811.pdf,2015-10-07T08:02:30
KYC000812,CUST000806,driving_license,DL3875363825571,2021-06-15T12:49:53,2031-06-13T12:49:53,verified,EMP000083,2025-01-09T22:46:30,https://docs.fintechbank.in/kyc/KYC000812.pdf,2021-06-15T12:49:53
KYC000813,CUST000807,pan,YRZXO3613P,2022-11-05T04:40:59,2031-11-03T04:40:59,verified,EMP000022,2024-03-26T16:30:54,https://docs.fintechbank.in/kyc/KYC000813.pdf,2022-11-05T04:40:59
KYC000814,CUST000164,voter_id,WAJ849142,2018-06-07T05:08:58,2023-06-06T05:08:58,verified,EMP000039,2018-09-06T06:19:05,https://docs.fintechbank.in/kyc/KYC000814.pdf,2018-06-07T05:08:58
KYC000815,CUST000816,driving_license,MH5917128558428,2017-11-28T08:38:15,2023-11-27T08:38:15,verified,EMP000025,2020-07-24T23:08:06,https://docs.fintechbank.in/kyc/KYC000815.pdf,2017-11-28T08:38:15
KYC000816,CUST000918,voter_id,KCN918201,2020-12-10T17:14:02,2025-12-09T17:14:02,verified,EMP000055,2022-04-19T12:25:17,https://docs.fintechbank.in/kyc/KYC000816.pdf,2020-12-10T17:14:02
KYC000817,CUST000100,aadhar,XXXX-XXXX-9002,2010-06-04T20:46:10,2015-06-03T20:46:10,verified,EMP000045,2023-10-29T18:35:02,https://docs.fintechbank.in/kyc/KYC000817.pdf,2010-06-04T20:46:10
KYC000818,CUST000819,passport,K3165933,2018-03-31T03:44:38,2028-03-28T03:44:38,verified,EMP000096,2021-06-03T20:08:08,https://docs.fintechbank.in/kyc/KYC000818.pdf,2018-03-31T03:44:38
KYC000819,CUST000546,driving_license,KA2013366358507,2017-09-11T07:13:42,2023-09-10T07:13:42,pending,,,https://docs.fintechbank.in/kyc/KYC000819.pdf,2017-09-11T07:13:42
KYC000820,CUST000356,aadhar,XXXX-XXXX-5544,2014-01-16T12:00:30,2022-01-14T12:00:30,verified,EMP000043,2024-04-19T11:56:53,https://docs.fintechbank.in/kyc/KYC000820.pdf,2014-01-16T12:00:30
KYC000821,CUST000704,aadhar,XXXX-XXXX-9249,2016-01-16T08:33:13,2024-01-14T08:33:13,verified,EMP000085,2020-10-11T11:45:09,https://docs.fintechbank.in/kyc/KYC000821.pdf,2016-01-16T08:33:13
KYC000822,CUST000297,passport,M8330274,2020-11-11T04:14:41,2029-11-09T04:14:41,verified,EMP000044,2022-10-04T01:15:41,https://docs.fintechbank.in/kyc/KYC000822.pdf,2020-11-11T04:14:41
KYC000823,CUST000382,voter_id,XPL981325,2019-03-29T19:30:40,2025-03-27T19:30:40,verified,EMP000014,2019-06-01T03:11:29,https://docs.fintechbank.in/kyc/KYC000823.pdf,2019-03-29T19:30:40
KYC000824,CUST000064,aadhar,XXXX-XXXX-9412,2012-01-30T12:12:01,2019-01-28T12:12:01,verified,EMP000017,2013-10-30T20:45:37,https://docs.fintechbank.in/kyc/KYC000824.pdf,2012-01-30T12:12:01
KYC000825,CUST000952,aadhar,XXXX-XXXX-8690,2023-10-13T11:35:41,2033-10-10T11:35:41,verified,EMP000056,2024-03-21T09:13:23,https://docs.fintechbank.in/kyc/KYC000825.pdf,2023-10-13T11:35:41
KYC000826,CUST000649,voter_id,KJB949268,2021-07-04T11:02:02,2031-07-02T11:02:02,verified,EMP000022,2024-03-12T21:24:30,https://docs.fintechbank.in/kyc/KYC000826.pdf,2021-07-04T11:02:02
KYC000827,CUST000331,voter_id,VEJ552096,2015-07-15T01:08:02,2021-07-13T01:08:02,verified,EMP000088,2015-08-13T15:53:39,https://docs.fintechbank.in/kyc/KYC000827.pdf,2015-07-15T01:08:02
KYC000828,CUST000454,voter_id,DDG303501,2015-11-26T22:58:05,2020-11-24T22:58:05,verified,EMP000075,2023-11-22T20:48:32,https://docs.fintechbank.in/kyc/KYC000828.pdf,2015-11-26T22:58:05
KYC000829,CUST000513,aadhar,XXXX-XXXX-7848,2020-05-31T22:19:00,2027-05-30T22:19:00,verified,EMP000079,2024-11-25T07:54:52,https://docs.fintechbank.in/kyc/KYC000829.pdf,2020-05-31T22:19:00
KYC000830,CUST000477,driving_license,DL7091536745935,2010-07-19T06:45:51,2018-07-17T06:45:51,pending,,,https://docs.fintechbank.in/kyc/KYC000830.pdf,2010-07-19T06:45:51
KYC000831,CUST001000,driving_license,TN7091349963268,2017-03-24T08:47:06,2022-03-23T08:47:06,verified,EMP000072,2024-02-24T04:39:38,https://docs.fintechbank.in/kyc/KYC000831.pdf,2017-03-24T08:47:06
KYC000832,CUST000954,voter_id,IDC739775,2010-09-15T13:43:16,2020-09-12T13:43:16,pending,,,https://docs.fintechbank.in/kyc/KYC000832.pdf,2010-09-15T13:43:16
KYC000833,CUST000590,driving_license,MH9871746598665,2021-10-09T20:23:51,2029-10-07T20:23:51,verified,EMP000079,2022-04-05T12:11:23,https://docs.fintechbank.in/kyc/KYC000833.pdf,2021-10-09T20:23:51
KYC000834,CUST000160,voter_id,IYK873240,2020-05-29T22:07:25,2028-05-27T22:07:25,verified,EMP000015,2021-09-26T14:19:08,https://docs.fintechbank.in/kyc/KYC000834.pdf,2020-05-29T22:07:25
KYC000835,CUST000931,aadhar,XXXX-XXXX-9441,2012-04-18T12:57:16,2020-04-16T12:57:16,verified,EMP000074,2013-11-25T05:16:38,https://docs.fintechbank.in/kyc/KYC000835.pdf,2012-04-18T12:57:16
KYC000836,CUST000899,voter_id,BMO119471,2018-09-12T21:09:04,2026-09-10T21:09:04,verified,EMP000033,2019-02-22T08:53:23,https://docs.fintechbank.in/kyc/KYC000836.pdf,2018-09-12T21:09:04
KYC000837,CUST000291,voter_id,QCW127715,2020-03-29T14:00:32,2026-03-28T14:00:32,verified,EMP000053,2024-11-26T09:09:26,https://docs.fintechbank.in/kyc/KYC000837.pdf,2020-03-29T14:00:32
KYC000838,CUST000369,pan,XADAL3913Y,2023-08-20T14:12:49,2031-08-18T14:12:49,pending,,,https://docs.fintechbank.in/kyc/KYC000838.pdf,2023-08-20T14:12:49
KYC000839,CUST000311,driving_license,DL6227009691069,2016-04-02T16:08:26,2022-04-01T16:08:26,pending,,,https://docs.fintechbank.in/kyc/KYC000839.pdf,2016-04-02T16:08:26
KYC000840,CUST000080,passport,K7520651,2015-06-02T13:20:57,2023-05-31T13:20:57,verified,EMP000007,2017-07-27T09:51:58,https://docs.fintechbank.in/kyc/KYC000840.pdf,2015-06-02T13:20:57
KYC000841,CUST000861,driving_license,DL6165374845315,2018-08-22T01:13:53,2028-08-19T01:13:53,verified,EMP000050,2022-06-24T22:46:01,https://docs.fintechbank.in/kyc/KYC000841.pdf,2018-08-22T01:13:53
KYC000842,CUST000800,pan,EMVLD4044J,2013-03-01T01:10:58,2021-02-27T01:10:58,verified,EMP000029,2022-06-16T01:54:41,https://docs.fintechbank.in/kyc/KYC000842.pdf,2013-03-01T01:10:58
KYC000843,CUST000874,driving_license,DL1316223793828,2019-04-10T04:39:11,2025-04-08T04:39:11,verified,EMP000081,2021-10-16T11:47:37,https://docs.fintechbank.in/kyc/KYC000843.pdf,2019-04-10T04:39:11
KYC000844,CUST000193,driving_license,KA9820748323204,2011-06-13T06:28:27,2021-06-10T06:28:27,pending,,,https://docs.fintechbank.in/kyc/KYC000844.pdf,2011-06-13T06:28:27
KYC000845,CUST000497,passport,R1331784,2023-11-14T06:01:45,2033-11-11T06:01:45,verified,EMP000027,2024-07-16T19:35:17,https://docs.fintechbank.in/kyc/KYC000845.pdf,2023-11-14T06:01:45
KYC000846,CUST000116,aadhar,XXXX-XXXX-4406,2012-08-21T23:44:44,2022-08-19T23:44:44,pending,,,https://docs.fintechbank.in/kyc/KYC000846.pdf,2012-08-21T23:44:44
KYC000847,CUST000966,driving_license,KA7496528711328,2010-08-13T18:57:46,2020-08-10T18:57:46,verified,EMP000059,2013-04-18T09:25:48,https://docs.fintechbank.in/kyc/KYC000847.pdf,2010-08-13T18:57:46
KYC000848,CUST000330,pan,IJIWI7192O,2022-12-04T22:01:06,2030-12-02T22:01:06,verified,EMP000018,2023-07-12T13:37:40,https://docs.fintechbank.in/kyc/KYC000848.pdf,2022-12-04T22:01:06
KYC000849,CUST000482,voter_id,EAC614416,2015-07-09T12:11:08,2025-07-06T12:11:08,verified,EMP000039,2023-09-13T23:01:30,https://docs.fintechbank.in/kyc/KYC000849.pdf,2015-07-09T12:11:08
KYC000850,CUST000990,driving_license,DL9696220252919,2012-03-29T12:44:28,2021-03-27T12:44:28,verified,EMP000009,2013-05-20T13:41:02,https://docs.fintechbank.in/kyc/KYC000850.pdf,2012-03-29T12:44:28
KYC000851,CUST000127,passport,A2120216,2022-03-28T23:33:40,2032-03-25T23:33:40,verified,EMP000031,2023-05-30T03:02:11,https://docs.fintechbank.in/kyc/KYC000851.pdf,2022-03-28T23:33:40
KYC000852,CUST000150,passport,V2400418,2020-04-27T13:33:33,2025-04-26T13:33:33,verified,EMP000011,2024-12-30T01:12:22,https://docs.fintechbank.in/kyc/KYC000852.pdf,2020-04-27T13:33:33
KYC000853,CUST000525,driving_license,DL5426015927008,2016-11-16T02:00:45,2025-11-14T02:00:45,pending,,,https://docs.fintechbank.in/kyc/KYC000853.pdf,2016-11-16T02:00:45
KYC000854,CUST000370,driving_license,KA1152491820578,2010-12-19T13:29:42,2020-12-16T13:29:42,pending,,,https://docs.fintechbank.in/kyc/KYC000854.pdf,2010-12-19T13:29:42
KYC000855,CUST000180,voter_id,LPM119153,2012-04-22T12:19:14,2022-04-20T12:19:14,verified,EMP000001,2024-09-20T22:43:29,https://docs.fintechbank.in/kyc/KYC000855.pdf,2012-04-22T12:19:14
KYC000856,CUST000745,driving_license,GJ2639389871021,2022-07-17T05:27:42,2029-07-15T05:27:42,verified,EMP000093,2023-02-23T14:37:08,https://docs.fintechbank.in/kyc/KYC000856.pdf,2022-07-17T05:27:42
KYC000857,CUST000388,pan,CZCGL1894U,2011-05-23T17:16:57,2020-05-20T17:16:57,verified,EMP000046,2022-08-05T22:22:37,https://docs.fintechbank.in/kyc/KYC000857.pdf,2011-05-23T17:16:57
KYC000858,CUST000832,pan,HSTIR6680H,2015-10-15T18:30:02,2020-10-13T18:30:02,verified,EMP000013,2024-11-15T15:47:19,https://docs.fintechbank.in/kyc/KYC000858.pdf,2015-10-15T18:30:02
KYC000859,CUST000127,driving_license,KA7633230456515,2014-11-22T00:52:52,2019-11-21T00:52:52,verified,EMP000096,2020-06-11T23:55:22,https://docs.fintechbank.in/kyc/KYC000859.pdf,2014-11-22T00:52:52
KYC000860,CUST000369,aadhar,XXXX-XXXX-3508,2017-02-14T09:07:56,2025-02-12T09:07:56,verified,EMP000055,2017-07-15T22:50:33,https://docs.fintechbank.in/kyc/KYC000860.pdf,2017-02-14T09:07:56
KYC000861,CUST000328,pan,ZXNHT8506D,2018-04-01T22:44:57,2024-03-30T22:44:57,verified,EMP000079,2019-01-07T06:50:18,https://docs.fintechbank.in/kyc/KYC000861.pdf,2018-04-01T22:44:57
KYC000862,CUST000319,aadhar,XXXX-XXXX-7746,2021-07-24T12:32:57,2029-07-22T12:32:57,verified,EMP000076,2021-12-09T05:36:42,https://docs.fintechbank.in/kyc/KYC000862.pdf,2021-07-24T12:32:57
KYC000863,CUST000789,passport,C1716490,2021-04-25T01:36:59,2027-04-24T01:36:59,verified,EMP000016,2025-08-30T12:41:00,https://docs.fintechbank.in/kyc/KYC000863.pdf,2021-04-25T01:36:59
KYC000864,CUST000928,passport,D9602953,2020-04-24T12:19:09,2028-04-22T12:19:09,pending,,,https://docs.fintechbank.in/kyc/KYC000864.pdf,2020-04-24T12:19:09
KYC000865,CUST000386,driving_license,TN1429235484298,2021-01-29T08:15:01,2030-01-27T08:15:01,verified,EMP000086,2022-12-15T17:11:01,https://docs.fintechbank.in/kyc/KYC000865.pdf,2021-01-29T08:15:01
KYC000866,CUST000007,driving_license,GJ8716227840360,2016-05-18T20:04:02,2021-05-17T20:04:02,pending,,,https://docs.fintechbank.in/kyc/KYC000866.pdf,2016-05-18T20:04:02
KYC000867,CUST000389,pan,UASMZ9447O,2011-01-21T05:50:46,2021-01-18T05:50:46,verified,EMP000002,2023-09-29T14:24:59,https://docs.fintechbank.in/kyc/KYC000867.pdf,2011-01-21T05:50:46
KYC000868,CUST000031,driving_license,TN7877923612856,2019-09-13T15:36:51,2024-09-11T15:36:51,verified,EMP000046,2021-11-18T23:58:31,https://docs.fintechbank.in/kyc/KYC000868.pdf,2019-09-13T15:36:51
KYC000869,CUST000232,passport,N3246577,2010-03-14T15:49:22,2017-03-12T15:49:22,verified,EMP000048,2013-12-12T19:19:57,https://docs.fintechbank.in/kyc/KYC000869.pdf,2010-03-14T15:49:22
KYC000870,CUST000098,aadhar,XXXX-XXXX-7259,2016-05-28T23:52:13,2024-05-26T23:52:13,verified,EMP000029,2019-10-11T21:12:02,https://docs.fintechbank.in/kyc/KYC000870.pdf,2016-05-28T23:52:13
KYC000871,CUST000507,passport,D7353566,2014-03-27T13:04:36,2023-03-25T13:04:36,verified,EMP000030,2015-05-13T10:16:03,https://docs.fintechbank.in/kyc/KYC000871.pdf,2014-03-27T13:04:36
KYC000872,CUST000031,voter_id,LMO211176,2022-05-23T06:43:40,2031-05-21T06:43:40,pending,,,https://docs.fintechbank.in/kyc/KYC000872.pdf,2022-05-23T06:43:40
KYC000873,CUST000924,pan,BCOQO2946A,2015-08-08T10:57:34,2024-08-05T10:57:34,verified,EMP000054,2018-05-06T18:23:39,https://docs.fintechbank.in/kyc/KYC000873.pdf,2015-08-08T10:57:34
KYC000874,CUST000509,driving_license,KA6359709420949,2014-10-17T11:07:40,2023-10-15T11:07:40,verified,EMP000070,2017-04-15T07:31:56,https://docs.fintechbank.in/kyc/KYC000874.pdf,2014-10-17T11:07:40
KYC000875,CUST000739,driving_license,GJ1326253415486,2020-12-18T14:52:15,2026-12-17T14:52:15,verified,EMP000094,2022-02-22T15:59:27,https://docs.fintechbank.in/kyc/KYC000875.pdf,2020-12-18T14:52:15
KYC000876,CUST000838,voter_id,SGD579436,2022-07-30T18:45:21,2032-07-27T18:45:21,verified,EMP000078,2024-08-12T04:39:13,https://docs.fintechbank.in/kyc/KYC000876.pdf,2022-07-30T18:45:21
KYC000877,CUST000821,passport,L9295410,2020-06-13T19:06:52,2025-06-12T19:06:52,verified,EMP000033,2025-05-06T03:57:58,https://docs.fintechbank.in/kyc/KYC000877.pdf,2020-06-13T19:06:52
KYC000878,CUST000439,voter_id,KED912135,2014-07-02T08:35:55,2022-06-30T08:35:55,verified,EMP000028,2020-12-04T05:24:47,https://docs.fintechbank.in/kyc/KYC000878.pdf,2014-07-02T08:35:55
KYC000879,CUST000116,driving_license,TN3835926411926,2020-12-02T04:44:23,2030-11-30T04:44:23,rejected,,,https://docs.fintechbank.in/kyc/KYC000879.pdf,2020-12-02T04:44:23
KYC000880,CUST000615,passport,T2045939,2020-10-11T21:18:07,2029-10-09T21:18:07,verified,EMP000033,2022-05-11T15:15:55,https://docs.fintechbank.in/kyc/KYC000880.pdf,2020-10-11T21:18:07
KYC000881,CUST000790,passport,O6559284,2010-08-16T21:36:48,2018-08-14T21:36:48,rejected,,,https://docs.fintechbank.in/kyc/KYC000881.pdf,2010-08-16T21:36:48
KYC000882,CUST000093,pan,RUXYX8765N,2022-09-26T04:08:44,2031-09-24T04:08:44,verified,EMP000030,2023-12-11T03:11:31,https://docs.fintechbank.in/kyc/KYC000882.pdf,2022-09-26T04:08:44
KYC000883,CUST000752,passport,L6242646,2010-11-14T21:10:21,2020-11-11T21:10:21,verified,EMP000043,2016-01-28T08:09:31,https://docs.fintechbank.in/kyc/KYC000883.pdf,2010-11-14T21:10:21
KYC000884,CUST000741,voter_id,UMX433980,2014-07-21T21:44:41,2023-07-19T21:44:41,verified,EMP000097,2025-04-07T10:09:08,https://docs.fintechbank.in/kyc/KYC000884.pdf,2014-07-21T21:44:41
KYC000885,CUST000178,aadhar,XXXX-XXXX-5984,2021-05-20T04:36:14,2027-05-19T04:36:14,verified,EMP000050,2025-01-29T04:06:46,https://docs.fintechbank.in/kyc/KYC000885.pdf,2021-05-20T04:36:14
KYC000886,CUST000085,passport,V4973314,2021-12-22T20:47:24,2031-12-20T20:47:24,verified,EMP000042,2022-09-02T13:52:27,https://docs.fintechbank.in/kyc/KYC000886.pdf,2021-12-22T20:47:24
KYC000887,CUST000626,passport,B4978608,2011-03-27T16:24:35,2018-03-25T16:24:35,verified,EMP000051,2018-05-28T10:45:10,https://docs.fintechbank.in/kyc/KYC000887.pdf,2011-03-27T16:24:35
KYC000888,CUST000303,passport,O7881125,2013-06-24T01:37:10,2022-06-22T01:37:10,pending,,,https://docs.fintechbank.in/kyc/KYC000888.pdf,2013-06-24T01:37:10
KYC000889,CUST000653,voter_id,FEZ633670,2012-08-04T01:49:08,2017-08-03T01:49:08,verified,EMP000080,2021-02-10T18:16:39,https://docs.fintechbank.in/kyc/KYC000889.pdf,2012-08-04T01:49:08
KYC000890,CUST000504,aadhar,XXXX-XXXX-6586,2020-04-05T06:08:32,2026-04-04T06:08:32,rejected,,,https://docs.fintechbank.in/kyc/KYC000890.pdf,2020-04-05T06:08:32
KYC000891,CUST000242,pan,WGAOP5965E,2020-09-22T02:52:48,2027-09-21T02:52:48,verified,EMP000027,2021-07-08T21:57:51,https://docs.fintechbank.in/kyc/KYC000891.pdf,2020-09-22T02:52:48
KYC000892,CUST000546,voter_id,DRX917847,2012-04-19T14:30:37,2022-04-17T14:30:37,verified,EMP000041,2015-05-01T00:13:16,https://docs.fintechbank.in/kyc/KYC000892.pdf,2012-04-19T14:30:37
KYC000893,CUST000899,voter_id,CEZ277194,2013-08-07T04:02:34,2020-08-05T04:02:34,verified,EMP000026,2013-11-19T07:41:06,https://docs.fintechbank.in/kyc/KYC000893.pdf,2013-08-07T04:02:34
KYC000894,CUST000720,pan,FERLG4949D,2018-01-20T03:37:45,2025-01-18T03:37:45,verified,EMP000092,2023-11-16T16:50:11,https://docs.fintechbank.in/kyc/KYC000894.pdf,2018-01-20T03:37:45
KYC000895,CUST000579,passport,R9385586,2011-04-22T20:29:34,2019-04-20T20:29:34,verified,EMP000076,2011-12-06T11:05:58,https://docs.fintechbank.in/kyc/KYC000895.pdf,2011-04-22T20:29:34
KYC000896,CUST000139,passport,Y6120647,2014-09-22T11:37:02,2021-09-20T11:37:02,verified,EMP000026,2019-03-23T07:50:22,https://docs.fintechbank.in/kyc/KYC000896.pdf,2014-09-22T11:37:02
KYC000897,CUST000976,pan,TLULU3989T,2023-12-27T07:42:04,2030-12-25T07:42:04,verified,EMP000027,2025-07-15T10:42:28,https://docs.fintechbank.in/kyc/KYC000897.pdf,2023-12-27T07:42:04
KYC000898,CUST000476,aadhar,XXXX-XXXX-5430,2015-07-18T22:27:33,2024-07-15T22:27:33,pending,,,https://docs.fintechbank.in/kyc/KYC000898.pdf,2015-07-18T22:27:33
KYC000899,CUST000868,aadhar,XXXX-XXXX-3971,2022-10-13T14:02:30,2028-10-11T14:02:30,pending,,,https://docs.fintechbank.in/kyc/KYC000899.pdf,2022-10-13T14:02:30
KYC000900,CUST000440,voter_id,UQU490724,2012-02-25T19:53:06,2021-02-22T19:53:06,pending,,,https://docs.fintechbank.in/kyc/KYC000900.pdf,2012-02-25T19:53:06
KYC000901,CUST000263,aadhar,XXXX-XXXX-9486,2011-07-24T12:27:37,2019-07-22T12:27:37,verified,EMP000093,2019-06-21T02:58:43,https://docs.fintechbank.in/kyc/KYC000901.pdf,2011-07-24T12:27:37
KYC000902,CUST000110,voter_id,JPD119773,2023-01-24T21:20:03,2030-01-22T21:20:03,verified,EMP000049,2025-08-08T19:06:09,https://docs.fintechbank.in/kyc/KYC000902.pdf,2023-01-24T21:20:03
KYC000903,CUST000908,driving_license,GJ8933532806077,2013-06-24T00:22:49,2019-06-23T00:22:49,verified,EMP000036,2016-08-23T11:32:30,https://docs.fintechbank.in/kyc/KYC000903.pdf,2013-06-24T00:22:49
KYC000904,CUST000529,voter_id,MSA276821,2014-09-03T09:28:59,2019-09-02T09:28:59,verified,EMP000061,2023-03-20T17:23:57,https://docs.fintechbank.in/kyc/KYC000904.pdf,2014-09-03T09:28:59
KYC000905,CUST000059,driving_license,KA7436962475962,2014-06-26T15:12:38,2019-06-25T15:12:38,verified,EMP000066,2018-10-24T22:37:40,https://docs.fintechbank.in/kyc/KYC000905.pdf,2014-06-26T15:12:38
KYC000906,CUST000048,driving_license,TN1746615744587,2019-10-05T22:51:04,2028-10-02T22:51:04,pending,,,https://docs.fintechbank.in/kyc/KYC000906.pdf,2019-10-05T22:51:04
KYC000907,CUST000690,voter_id,XTY334376,2021-10-25T09:56:22,2027-10-24T09:56:22,verified,EMP000058,2023-04-25T06:22:38,https://docs.fintechbank.in/kyc/KYC000907.pdf,2021-10-25T09:56:22
KYC000908,CUST000997,pan,NIIYC1923X,2011-01-21T15:04:19,2016-01-20T15:04:19,verified,EMP000052,2018-11-30T23:00:22,https://docs.fintechbank.in/kyc/KYC000908.pdf,2011-01-21T15:04:19
KYC000909,CUST000147,driving_license,DL4619198534930,2018-08-06T22:52:25,2025-08-04T22:52:25,verified,EMP000086,2024-03-13T15:10:36,https://docs.fintechbank.in/kyc/KYC000909.pdf,2018-08-06T22:52:25
KYC000910,CUST000527,voter_id,XGE392203,2023-08-29T13:48:05,2031-08-27T13:48:05,verified,EMP000068,2025-10-17T12:38:55,https://docs.fintechbank.in/kyc/KYC000910.pdf,2023-08-29T13:48:05
KYC000911,CUST000198,passport,Z7989240,2018-02-15T03:40:25,2027-02-13T03:40:25,verified,EMP000087,2025-04-09T20:00:17,https://docs.fintechbank.in/kyc/KYC000911.pdf,2018-02-15T03:40:25
KYC000912,CUST000627,driving_license,KA3816829161352,2017-09-04T23:35:30,2023-09-03T23:35:30,verified,EMP000093,2023-03-17T23:39:21,https://docs.fintechbank.in/kyc/KYC000912.pdf,2017-09-04T23:35:30
KYC000913,CUST000976,driving_license,KA6812511226289,2016-09-01T04:44:16,2022-08-31T04:44:16,pending,,,https://docs.fintechbank.in/kyc/KYC000913.pdf,2016-09-01T04:44:16
KYC000914,CUST000310,passport,K7029547,2014-10-19T02:01:13,2022-10-17T02:01:13,verified,EMP000091,2024-09-24T05:06:33,https://docs.fintechbank.in/kyc/KYC000914.pdf,2014-10-19T02:01:13
KYC000915,CUST000947,pan,OXICX9190W,2012-11-24T04:28:04,2021-11-22T04:28:04,verified,EMP000044,2023-05-02T16:20:13,https://docs.fintechbank.in/kyc/KYC000915.pdf,2012-11-24T04:28:04
KYC000916,CUST000098,voter_id,COC198369,2020-04-18T22:31:39,2029-04-16T22:31:39,verified,EMP000083,2023-06-11T08:42:56,https://docs.fintechbank.in/kyc/KYC000916.pdf,2020-04-18T22:31:39
KYC000917,CUST000624,aadhar,XXXX-XXXX-9485,2022-04-12T10:22:04,2027-04-11T10:22:04,verified,EMP000096,2022-05-06T02:12:16,https://docs.fintechbank.in/kyc/KYC000917.pdf,2022-04-12T10:22:04
KYC000918,CUST000457,voter_id,FBL703459,2011-01-31T00:04:23,2020-01-29T00:04:23,verified,EMP000078,2016-09-04T18:56:06,https://docs.fintechbank.in/kyc/KYC000918.pdf,2011-01-31T00:04:23
KYC000919,CUST000289,aadhar,XXXX-XXXX-8912,2013-02-11T03:01:46,2018-02-10T03:01:46,verified,EMP000030,2022-01-11T11:00:39,https://docs.fintechbank.in/kyc/KYC000919.pdf,2013-02-11T03:01:46
KYC000920,CUST000871,aadhar,XXXX-XXXX-2467,2021-03-01T20:19:28,2027-02-28T20:19:28,verified,EMP000008,2025-03-24T14:37:51,https://docs.fintechbank.in/kyc/KYC000920.pdf,2021-03-01T20:19:28
KYC000921,CUST000807,voter_id,RXL666233,2023-12-27T00:22:12,2033-12-24T00:22:12,verified,EMP000024,2024-03-10T19:52:44,https://docs.fintechbank.in/kyc/KYC000921.pdf,2023-12-27T00:22:12
KYC000922,CUST000030,aadhar,XXXX-XXXX-6727,2019-11-18T19:33:59,2024-11-16T19:33:59,verified,EMP000097,2025-07-04T14:26:24,https://docs.fintechbank.in/kyc/KYC000922.pdf,2019-11-18T19:33:59
KYC000923,CUST000250,aadhar,XXXX-XXXX-4383,2018-07-07T07:19:22,2028-07-04T07:19:22,pending,,,https://docs.fintechbank.in/kyc/KYC000923.pdf,2018-07-07T07:19:22
KYC000924,CUST000048,aadhar,XXXX-XXXX-3176,2014-04-07T09:48:11,2021-04-05T09:48:11,pending,,,https://docs.fintechbank.in/kyc/KYC000924.pdf,2014-04-07T09:48:11
KYC000925,CUST000610,aadhar,XXXX-XXXX-9769,2023-12-20T08:31:14,2033-12-17T08:31:14,verified,EMP000093,2025-02-12T10:22:38,https://docs.fintechbank.in/kyc/KYC000925.pdf,2023-12-20T08:31:14
KYC000926,CUST000205,passport,U8294739,2017-03-05T05:13:26,2023-03-04T05:13:26,verified,EMP000015,2019-11-16T03:46:15,https://docs.fintechbank.in/kyc/KYC000926.pdf,2017-03-05T05:13:26
KYC000927,CUST000852,aadhar,XXXX-XXXX-7717,2020-03-20T04:44:10,2030-03-18T04:44:10,verified,EMP000031,2023-11-13T18:16:32,https://docs.fintechbank.in/kyc/KYC000927.pdf,2020-03-20T04:44:10
KYC000928,CUST000143,passport,A4662888,2013-02-13T09:00:27,2023-02-11T09:00:27,verified,EMP000063,2021-03-11T08:22:41,https://docs.fintechbank.in/kyc/KYC000928.pdf,2013-02-13T09:00:27
KYC000929,CUST000564,voter_id,KZR210616,2012-12-24T19:58:32,2017-12-23T19:58:32,verified,EMP000072,2019-07-06T01:35:35,https://docs.fintechbank.in/kyc/KYC000929.pdf,2012-12-24T19:58:32
KYC000930,CUST000552,driving_license,DL6495392460510,2018-08-23T03:40:56,2025-08-21T03:40:56,verified,EMP000020,2021-08-13T15:16:46,https://docs.fintechbank.in/kyc/KYC000930.pdf,2018-08-23T03:40:56
KYC000931,CUST000865,voter_id,TSE592881,2014-10-01T15:05:26,2019-09-30T15:05:26,verified,EMP000065,2021-07-05T12:35:48,https://docs.fintechbank.in/kyc/KYC000931.pdf,2014-10-01T15:05:26
KYC000932,CUST000916,aadhar,XXXX-XXXX-5044,2010-09-12T13:27:36,2015-09-11T13:27:36,pending,,,https://docs.fintechbank.in/kyc/KYC000932.pdf,2010-09-12T13:27:36
KYC000933,CUST000665,pan,EXSLZ1489L,2012-09-05T07:58:36,2020-09-03T07:58:36,verified,EMP000019,2014-06-07T04:26:20,https://docs.fintechbank.in/kyc/KYC000933.pdf,2012-09-05T07:58:36
KYC000934,CUST000510,passport,O4216594,2010-01-26T01:32:42,2015-01-25T01:32:42,verified,EMP000079,2021-08-02T17:15:33,https://docs.fintechbank.in/kyc/KYC000934.pdf,2010-01-26T01:32:42
KYC000935,CUST000217,voter_id,TBD180504,2022-04-05T02:22:24,2032-04-02T02:22:24,pending,,,https://docs.fintechbank.in/kyc/KYC000935.pdf,2022-04-05T02:22:24
KYC000936,CUST000826,aadhar,XXXX-XXXX-9302,2015-06-30T00:33:06,2024-06-27T00:33:06,rejected,,,https://docs.fintechbank.in/kyc/KYC000936.pdf,2015-06-30T00:33:06
KYC000937,CUST000817,voter_id,DHO614797,2011-10-20T03:53:27,2020-10-17T03:53:27,verified,EMP000098,2013-01-24T07:10:20,https://docs.fintechbank.in/kyc/KYC000937.pdf,2011-10-20T03:53:27
KYC000938,CUST000627,passport,Q8313498,2015-12-04T16:57:27,2022-12-02T16:57:27,pending,,,https://docs.fintechbank.in/kyc/KYC000938.pdf,2015-12-04T16:57:27
KYC000939,CUST000982,driving_license,DL6766766933408,2019-06-13T22:21:28,2029-06-10T22:21:28,pending,,,https://docs.fintechbank.in/kyc/KYC000939.pdf,2019-06-13T22:21:28
KYC000940,CUST000598,pan,RBXSZ7731A,2010-10-07T21:54:43,2020-10-04T21:54:43,verified,EMP000060,2023-07-21T14:17:53,https://docs.fintechbank.in/kyc/KYC000940.pdf,2010-10-07T21:54:43
KYC000941,CUST000979,aadhar,XXXX-XXXX-8165,2022-02-18T02:55:59,2031-02-16T02:55:59,rejected,,,https://docs.fintechbank.in/kyc/KYC000941.pdf,2022-02-18T02:55:59
KYC000942,CUST000603,voter_id,APA721446,2012-06-11T04:46:58,2019-06-10T04:46:58,verified,EMP000024,2020-02-12T12:00:50,https://docs.fintechbank.in/kyc/KYC000942.pdf,2012-06-11T04:46:58
KYC000943,CUST000671,pan,UQAOL4675T,2017-09-01T12:02:36,2027-08-30T12:02:36,verified,EMP000074,2023-09-16T10:06:04,https://docs.fintechbank.in/kyc/KYC000943.pdf,2017-09-01T12:02:36
KYC000944,CUST000950,aadhar,XXXX-XXXX-4169,2010-05-18T09:29:01,2020-05-15T09:29:01,verified,EMP000086,2015-06-22T14:39:23,https://docs.fintechbank.in/kyc/KYC000944.pdf,2010-05-18T09:29:01
KYC000945,CUST000338,voter_id,DBH756158,2010-10-08T19:32:45,2019-10-06T19:32:45,verified,EMP000065,2016-04-09T12:56:53,https://docs.fintechbank.in/kyc/KYC000945.pdf,2010-10-08T19:32:45
KYC000946,CUST000137,voter_id,KDB122567,2023-11-14T19:08:02,2032-11-11T19:08:02,verified,EMP000057,2024-10-22T20:20:52,https://docs.fintechbank.in/kyc/KYC000946.pdf,2023-11-14T19:08:02
KYC000947,CUST000598,pan,VIMSE2061E,2015-06-17T21:43:05,2025-06-14T21:43:05,verified,EMP000055,2016-08-05T20:37:19,https://docs.fintechbank.in/kyc/KYC000947.pdf,2015-06-17T21:43:05
KYC000948,CUST000331,pan,QUVIA4081H,2013-05-19T01:23:22,2022-05-17T01:23:22,pending,,,https://docs.fintechbank.in/kyc/KYC000948.pdf,2013-05-19T01:23:22
KYC000949,CUST000467,driving_license,TN1940463112015,2016-10-16T06:40:04,2026-10-14T06:40:04,verified,EMP000072,2024-11-29T22:49:39,https://docs.fintechbank.in/kyc/KYC000949.pdf,2016-10-16T06:40:04
KYC000950,CUST000298,aadhar,XXXX-XXXX-2742,2015-04-29T11:07:55,2021-04-27T11:07:55,pending,,,https://docs.fintechbank.in/kyc/KYC000950.pdf,2015-04-29T11:07:55
KYC000951,CUST000925,driving_license,MH1775380118525,2013-03-28T11:41:04,2020-03-26T11:41:04,verified,EMP000031,2015-11-25T03:37:49,https://docs.fintechbank.in/kyc/KYC000951.pdf,2013-03-28T11:41:04
KYC000952,CUST000568,driving_license,TN3212366788811,2023-06-07T16:11:23,2032-06-04T16:11:23,pending,,,https://docs.fintechbank.in/kyc/KYC000952.pdf,2023-06-07T16:11:23
KYC000953,CUST000558,voter_id,FER633745,2023-09-27T03:26:23,2031-09-25T03:26:23,pending,,,https://docs.fintechbank.in/kyc/KYC000953.pdf,2023-09-27T03:26:23
KYC000954,CUST000371,passport,O8223381,2015-07-06T10:38:33,2025-07-03T10:38:33,pending,,,https://docs.fintechbank.in/kyc/KYC000954.pdf,2015-07-06T10:38:33
KYC000955,CUST000022,pan,MJARO2181S,2019-09-07T19:25:30,2028-09-04T19:25:30,verified,EMP000060,2021-02-07T13:22:12,https://docs.fintechbank.in/kyc/KYC000955.pdf,2019-09-07T19:25:30
KYC000956,CUST000974,pan,QUOFA1753F,2013-07-12T19:21:46,2023-07-10T19:21:46,pending,,,https://docs.fintechbank.in/kyc/KYC000956.pdf,2013-07-12T19:21:46
KYC000957,CUST000444,aadhar,XXXX-XXXX-5168,2022-07-27T03:08:52,2031-07-25T03:08:52,verified,EMP000026,2023-01-03T03:09:57,https://docs.fintechbank.in/kyc/KYC000957.pdf,2022-07-27T03:08:52
KYC000958,CUST000124,voter_id,UDK384587,2022-06-16T22:44:24,2032-06-13T22:44:24,verified,EMP000088,2023-06-05T19:13:30,https://docs.fintechbank.in/kyc/KYC000958.pdf,2022-06-16T22:44:24
KYC000959,CUST000496,driving_license,GJ7467049551154,2017-08-29T15:38:28,2022-08-28T15:38:28,rejected,,,https://docs.fintechbank.in/kyc/KYC000959.pdf,2017-08-29T15:38:28
KYC000960,CUST000196,voter_id,BVY848301,2015-08-02T09:31:43,2022-07-31T09:31:43,pending,,,https://docs.fintechbank.in/kyc/KYC000960.pdf,2015-08-02T09:31:43
KYC000961,CUST000118,driving_license,GJ2620158182143,2013-07-27T06:38:58,2020-07-25T06:38:58,verified,EMP000007,2025-03-03T08:30:53,https://docs.fintechbank.in/kyc/KYC000961.pdf,2013-07-27T06:38:58
KYC000962,CUST000959,driving_license,DL8360707979656,2020-08-16T19:12:45,2030-08-14T19:12:45,verified,EMP000054,2020-10-24T15:42:10,https://docs.fintechbank.in/kyc/KYC000962.pdf,2020-08-16T19:12:45
KYC000963,CUST000284,passport,K9283861,2010-10-18T16:31:49,2020-10-15T16:31:49,verified,EMP000069,2024-09-01T03:56:33,https://docs.fintechbank.in/kyc/KYC000963.pdf,2010-10-18T16:31:49
KYC000964,CUST000294,voter_id,OTO907285,2014-04-20T03:25:52,2021-04-18T03:25:52,verified,EMP000047,2015-11-13T20:50:04,https://docs.fintechbank.in/kyc/KYC000964.pdf,2014-04-20T03:25:52
KYC000965,CUST000671,driving_license,DL5736462672241,2019-04-20T06:16:06,2026-04-18T06:16:06,verified,EMP000089,2025-08-12T09:29:02,https://docs.fintechbank.in/kyc/KYC000965.pdf,2019-04-20T06:16:06
KYC000966,CUST000739,aadhar,XXXX-XXXX-8312,2015-08-06T11:11:47,2021-08-04T11:11:47,rejected,,,https://docs.fintechbank.in/kyc/KYC000966.pdf,2015-08-06T11:11:47
KYC000967,CUST000919,driving_license,GJ1636952668598,2015-12-31T16:10:31,2021-12-29T16:10:31,verified,EMP000060,2020-11-05T13:33:24,https://docs.fintechbank.in/kyc/KYC000967.pdf,2015-12-31T16:10:31
KYC000968,CUST000385,passport,K7843963,2022-02-07T18:19:01,2027-02-06T18:19:01,verified,EMP000003,2025-03-28T04:57:53,https://docs.fintechbank.in/kyc/KYC000968.pdf,2022-02-07T18:19:01
KYC000969,CUST000652,driving_license,MH1328352639138,2021-04-24T22:12:27,2026-04-23T22:12:27,verified,EMP000021,2022-05-20T18:46:31,https://docs.fintechbank.in/kyc/KYC000969.pdf,2021-04-24T22:12:27
KYC000970,CUST000525,voter_id,JES435832,2015-07-01T18:27:49,2024-06-28T18:27:49,rejected,,,https://docs.fintechbank.in/kyc/KYC000970.pdf,2015-07-01T18:27:49
KYC000971,CUST000063,passport,S8008923,2020-01-08T13:50:59,2030-01-05T13:50:59,verified,EMP000082,2024-08-14T13:40:33,https://docs.fintechbank.in/kyc/KYC000971.pdf,2020-01-08T13:50:59
KYC000972,CUST000978,driving_license,KA8441970640279,2015-05-09T14:49:37,2024-05-06T14:49:37,pending,,,https://docs.fintechbank.in/kyc/KYC000972.pdf,2015-05-09T14:49:37
KYC000973,CUST000690,driving_license,DL6577218832806,2016-03-11T03:32:16,2023-03-10T03:32:16,verified,EMP000027,2023-07-21T17:07:47,https://docs.fintechbank.in/kyc/KYC000973.pdf,2016-03-11T03:32:16
KYC000974,CUST000636,driving_license,KA8371030152152,2022-09-12T19:07:38,2031-09-10T19:07:38,verified,EMP000059,2024-11-26T17:03:14,https://docs.fintechbank.in/kyc/KYC000974.pdf,2022-09-12T19:07:38
KYC000975,CUST000152,driving_license,TN6813269066955,2023-07-11T08:21:48,2029-07-09T08:21:48,verified,EMP000087,2025-05-05T00:26:18,https://docs.fintechbank.in/kyc/KYC000975.pdf,2023-07-11T08:21:48
KYC000976,CUST000125,pan,MOFIX3243X,2019-10-06T19:58:11,2029-10-03T19:58:11,verified,EMP000098,2020-12-02T21:35:13,https://docs.fintechbank.in/kyc/KYC000976.pdf,2019-10-06T19:58:11
KYC000977,CUST000949,pan,ATTAJ7541R,2016-06-18T03:30:30,2021-06-17T03:30:30,verified,EMP000068,2018-06-01T02:54:37,https://docs.fintechbank.in/kyc/KYC000977.pdf,2016-06-18T03:30:30
KYC000978,CUST000412,pan,WLOYS5159X,2019-12-12T01:26:39,2029-12-09T01:26:39,verified,EMP000051,2023-12-12T22:01:13,https://docs.fintechbank.in/kyc/KYC000978.pdf,2019-12-12T01:26:39
KYC000979,CUST000819,pan,WXLSL6701P,2021-10-18T00:54:51,2027-10-17T00:54:51,verified,EMP000075,2022-08-13T11:50:36,https://docs.fintechbank.in/kyc/KYC000979.pdf,2021-10-18T00:54:51
KYC000980,CUST000098,pan,EGHAA2181G,2021-07-06T01:11:14,2031-07-04T01:11:14,rejected,,,https://docs.fintechbank.in/kyc/KYC000980.pdf,2021-07-06T01:11:14
KYC000981,CUST000098,pan,WMRNB9087J,2015-05-22T05:39:55,2020-05-20T05:39:55,verified,EMP000051,2017-09-01T15:04:05,https://docs.fintechbank.in/kyc/KYC000981.pdf,2015-05-22T05:39:55
KYC000982,CUST000072,pan,PIRJO5360N,2023-11-14T14:26:39,2033-11-11T14:26:39,verified,EMP000100,2025-01-07T05:04:35,https://docs.fintechbank.in/kyc/KYC000982.pdf,2023-11-14T14:26:39
KYC000983,CUST000504,voter_id,SBN180647,2016-06-16T15:44:43,2023-06-15T15:44:43,pending,,,https://docs.fintechbank.in/kyc/KYC000983.pdf,2016-06-16T15:44:43
KYC000984,CUST000512,passport,A1280421,2014-11-18T17:40:19,2019-11-17T17:40:19,pending,,,https://docs.fintechbank.in/kyc/KYC000984.pdf,2014-11-18T17:40:19
KYC000985,CUST000811,pan,KTBHL7692G,2018-04-16T18:17:17,2026-04-14T18:17:17,verified,EMP000023,2025-12-24T14:45:50,https://docs.fintechbank.in/kyc/KYC000985.pdf,2018-04-16T18:17:17
KYC000986,CUST000463,aadhar,XXXX-XXXX-6783,2020-07-30T02:22:35,2028-07-28T02:22:35,verified,EMP000097,2024-02-04T00:29:15,https://docs.fintechbank.in/kyc/KYC000986.pdf,2020-07-30T02:22:35
KYC000987,CUST000072,passport,E1486405,2014-08-17T08:41:10,2019-08-16T08:41:10,verified,EMP000069,2023-03-04T11:07:45,https://docs.fintechbank.in/kyc/KYC000987.pdf,2014-08-17T08:41:10
KYC000988,CUST000409,pan,REJUI7565A,2017-06-09T20:03:33,2022-06-08T20:03:33,verified,EMP000064,2019-08-16T06:05:07,https://docs.fintechbank.in/kyc/KYC000988.pdf,2017-06-09T20:03:33
KYC000989,CUST000550,pan,TJSSR2874E,2019-08-17T07:04:25,2029-08-14T07:04:25,pending,,,https://docs.fintechbank.in/kyc/KYC000989.pdf,2019-08-17T07:04:25
KYC000990,CUST000402,aadhar,XXXX-XXXX-3648,2021-09-06T08:47:57,2030-09-04T08:47:57,pending,,,https://docs.fintechbank.in/kyc/KYC000990.pdf,2021-09-06T08:47:57
KYC000991,CUST000857,driving_license,DL2340434693877,2023-06-13T07:59:24,2028-06-11T07:59:24,verified,EMP000018,2023-07-30T16:47:46,https://docs.fintechbank.in/kyc/KYC000991.pdf,2023-06-13T07:59:24
KYC000992,CUST000730,driving_license,DL4637565347680,2013-05-14T19:47:56,2021-05-12T19:47:56,verified,EMP000026,2022-10-06T21:16:23,https://docs.fintechbank.in/kyc/KYC000992.pdf,2013-05-14T19:47:56
KYC000993,CUST000831,driving_license,KA2198156773523,2015-04-14T17:59:30,2025-04-11T17:59:30,verified,EMP000034,2018-04-28T23:18:30,https://docs.fintechbank.in/kyc/KYC000993.pdf,2015-04-14T17:59:30
KYC000994,CUST000032,aadhar,XXXX-XXXX-7145,2013-01-04T16:00:59,2019-01-03T16:00:59,rejected,,,https://docs.fintechbank.in/kyc/KYC000994.pdf,2013-01-04T16:00:59
KYC000995,CUST000965,pan,GNHDJ1440T,2019-04-23T22:58:56,2025-04-21T22:58:56,verified,EMP000022,2024-04-29T01:34:25,https://docs.fintechbank.in/kyc/KYC000995.pdf,2019-04-23T22:58:56
KYC000996,CUST000292,voter_id,VTE846370,2011-03-03T21:16:25,2019-03-01T21:16:25,verified,EMP000063,2016-05-11T11:26:14,https://docs.fintechbank.in/kyc/KYC000996.pdf,2011-03-03T21:16:25
KYC000997,CUST000560,voter_id,YIO314954,2017-04-27T05:31:15,2025-04-25T05:31:15,verified,EMP000100,2020-01-30T05:03:34,https://docs.fintechbank.in/kyc/KYC000997.pdf,2017-04-27T05:31:15
KYC000998,CUST000816,pan,OQCBO1422M,2012-09-11T00:27:18,2018-09-10T00:27:18,pending,,,https://docs.fintechbank.in/kyc/KYC000998.pdf,2012-09-11T00:27:18
KYC000999,CUST000157,passport,G9108460,2014-03-14T00:46:37,2023-03-12T00:46:37,verified,EMP000020,2019-08-13T10:19:10,https://docs.fintechbank.in/kyc/KYC000999.pdf,2014-03-14T00:46:37
KYC001000,CUST000604,pan,SNBFM8702X,2012-12-09T23:39:57,2017-12-08T23:39:57,verified,EMP000030,2025-10-08T09:36:21,https://docs.fintechbank.in/kyc/KYC001000.pdf,2012-12-09T23:39:57
KYC001001,CUST000718,driving_license,MH8649182153798,2023-07-13T03:16:02,2030-07-11T03:16:02,rejected,,,https://docs.fintechbank.in/kyc/KYC001001.pdf,2023-07-13T03:16:02
KYC001002,CUST000170,driving_license,DL7387983189375,2020-05-28T06:37:13,2026-05-27T06:37:13,pending,,,https://docs.fintechbank.in/kyc/KYC001002.pdf,2020-05-28T06:37:13
KYC001003,CUST000233,driving_license,KA8840693457595,2020-10-14T16:23:10,2027-10-13T16:23:10,verified,EMP000086,2021-04-01T06:14:03,https://docs.fintechbank.in/kyc/KYC001003.pdf,2020-10-14T16:23:10
KYC001004,CUST000368,passport,E5227061,2012-11-20T01:47:27,2018-11-19T01:47:27,verified,EMP000099,2020-04-25T15:55:47,https://docs.fintechbank.in/kyc/KYC001004.pdf,2012-11-20T01:47:27
KYC001005,CUST000418,pan,LTRYC4677A,2020-12-29T02:30:07,2028-12-27T02:30:07,verified,EMP000047,2022-01-09T03:27:19,https://docs.fintechbank.in/kyc/KYC001005.pdf,2020-12-29T02:30:07
KYC001006,CUST000146,driving_license,KA8496732435709,2012-08-01T09:50:24,2020-07-30T09:50:24,verified,EMP000095,2021-11-15T17:35:27,https://docs.fintechbank.in/kyc/KYC001006.pdf,2012-08-01T09:50:24
KYC001007,CUST000244,aadhar,XXXX-XXXX-7495,2017-07-30T12:57:19,2026-07-28T12:57:19,verified,EMP000023,2019-02-27T17:49:09,https://docs.fintechbank.in/kyc/KYC001007.pdf,2017-07-30T12:57:19
KYC001008,CUST000899,driving_license,KA8445315526943,2023-11-28T02:23:53,2032-11-25T02:23:53,verified,EMP000036,2024-04-23T17:49:37,https://docs.fintechbank.in/kyc/KYC001008.pdf,2023-11-28T02:23:53
KYC001009,CUST000301,pan,ZAVZF8667W,2013-09-14T08:02:05,2018-09-13T08:02:05,verified,EMP000051,2013-11-13T15:54:19,https://docs.fintechbank.in/kyc/KYC001009.pdf,2013-09-14T08:02:05
KYC001010,CUST000149,passport,G4734196,2023-11-25T12:40:31,2029-11-23T12:40:31,verified,EMP000055,2024-04-21T08:32:53,https://docs.fintechbank.in/kyc/KYC001010.pdf,2023-11-25T12:40:31
KYC001011,CUST000471,aadhar,XXXX-XXXX-7633,2020-09-08T11:11:59,2027-09-07T11:11:59,verified,EMP000077,2021-01-13T13:59:02,https://docs.fintechbank.in/kyc/KYC001011.pdf,2020-09-08T11:11:59
KYC001012,CUST000154,aadhar,XXXX-XXXX-2277,2020-08-29T12:45:08,2026-08-28T12:45:08,verified,EMP000054,2021-01-14T14:52:16,https://docs.fintechbank.in/kyc/KYC001012.pdf,2020-08-29T12:45:08
KYC001013,CUST000804,aadhar,XXXX-XXXX-4247,2019-07-08T20:46:36,2028-07-05T20:46:36,verified,EMP000006,2023-03-03T00:59:41,https://docs.fintechbank.in/kyc/KYC001013.pdf,2019-07-08T20:46:36
KYC001014,CUST000404,passport,X3570346,2018-01-13T10:30:05,2024-01-12T10:30:05,verified,EMP000088,2018-06-29T10:01:37,https://docs.fintechbank.in/kyc/KYC001014.pdf,2018-01-13T10:30:05
KYC001015,CUST000716,driving_license,TN5410469819958,2012-05-22T10:15:47,2017-05-21T10:15:47,verified,EMP000057,2022-08-24T02:02:54,https://docs.fintechbank.in/kyc/KYC001015.pdf,2012-05-22T10:15:47
KYC001016,CUST000715,driving_license,TN3299189040452,2021-09-22T11:06:27,2026-09-21T11:06:27,verified,EMP000099,2021-09-26T19:18:55,https://docs.fintechbank.in/kyc/KYC001016.pdf,2021-09-22T11:06:27
KYC001017,CUST000580,passport,M7578957,2013-04-11T12:26:57,2020-04-09T12:26:57,verified,EMP000052,2025-03-22T18:15:58,https://docs.fintechbank.in/kyc/KYC001017.pdf,2013-04-11T12:26:57
KYC001018,CUST000890,pan,CGJWN8733E,2014-05-15T14:03:08,2024-05-12T14:03:08,verified,EMP000088,2025-12-07T01:52:50,https://docs.fintechbank.in/kyc/KYC001018.pdf,2014-05-15T14:03:08
KYC001019,CUST000807,passport,Q8138409,2010-03-24T09:23:47,2015-03-23T09:23:47,verified,EMP000059,2016-04-11T09:12:45,https://docs.fintechbank.in/kyc/KYC001019.pdf,2010-03-24T09:23:47
KYC001020,CUST000686,pan,DDTJU1795Y,2011-09-03T21:49:11,2019-09-01T21:49:11,verified,EMP000059,2020-05-30T16:34:11,https://docs.fintechbank.in/kyc/KYC001020.pdf,2011-09-03T21:49:11
KYC001021,CUST000804,driving_license,DL6362121985797,2011-05-28T08:43:34,2019-05-26T08:43:34,pending,,,https://docs.fintechbank.in/kyc/KYC001021.pdf,2011-05-28T08:43:34
KYC001022,CUST000240,pan,DZMQO3984P,2011-01-21T06:20:13,2016-01-20T06:20:13,pending,,,https://docs.fintechbank.in/kyc/KYC001022.pdf,2011-01-21T06:20:13
KYC001023,CUST000439,pan,NDOFC9220C,2010-10-17T11:28:59,2018-10-15T11:28:59,pending,,,https://docs.fintechbank.in/kyc/KYC001023.pdf,2010-10-17T11:28:59
KYC001024,CUST000046,aadhar,XXXX-XXXX-9812,2013-05-06T13:26:51,2019-05-05T13:26:51,verified,EMP000064,2016-04-22T20:04:40,https://docs.fintechbank.in/kyc/KYC001024.pdf,2013-05-06T13:26:51
KYC001025,CUST000296,aadhar,XXXX-XXXX-7071,2016-07-20T07:33:47,2022-07-19T07:33:47,verified,EMP000003,2019-06-15T11:41:37,https://docs.fintechbank.in/kyc/KYC001025.pdf,2016-07-20T07:33:47
KYC001026,CUST000400,driving_license,KA6280596661439,2011-06-10T04:30:46,2016-06-08T04:30:46,rejected,,,https://docs.fintechbank.in/kyc/KYC001026.pdf,2011-06-10T04:30:46
KYC001027,CUST000557,driving_license,GJ9894978364801,2010-11-07T22:14:01,2018-11-05T22:14:01,rejected,,,https://docs.fintechbank.in/kyc/KYC001027.pdf,2010-11-07T22:14:01
KYC001028,CUST000031,passport,X3746259,2010-10-09T03:54:08,2015-10-08T03:54:08,verified,EMP000006,2011-02-11T12:29:05,https://docs.fintechbank.in/kyc/KYC001028.pdf,2010-10-09T03:54:08
KYC001029,CUST000318,pan,UHAVG1095S,2023-10-03T22:50:09,2031-10-01T22:50:09,verified,EMP000070,2025-08-15T05:40:46,https://docs.fintechbank.in/kyc/KYC001029.pdf,2023-10-03T22:50:09
KYC001030,CUST000180,passport,D3199560,2023-09-22T04:04:39,2030-09-20T04:04:39,verified,EMP000035,2024-02-18T08:04:48,https://docs.fintechbank.in/kyc/KYC001030.pdf,2023-09-22T04:04:39
KYC001031,CUST000800,passport,Y6043549,2023-11-03T02:16:27,2033-10-31T02:16:27,verified,EMP000008,2025-05-14T05:12:35,https://docs.fintechbank.in/kyc/KYC001031.pdf,2023-11-03T02:16:27
KYC001032,CUST000571,passport,C5963618,2013-06-24T05:08:28,2018-06-23T05:08:28,verified,EMP000072,2025-12-25T00:19:10,https://docs.fintechbank.in/kyc/KYC001032.pdf,2013-06-24T05:08:28
KYC001033,CUST000276,voter_id,SLC486168,2012-03-09T11:14:48,2022-03-07T11:14:48,verified,EMP000092,2024-02-20T07:38:41,https://docs.fintechbank.in/kyc/KYC001033.pdf,2012-03-09T11:14:48
KYC001034,CUST000588,voter_id,HJU713803,2022-03-15T05:37:23,2030-03-13T05:37:23,verified,EMP000037,2023-11-19T03:40:24,https://docs.fintechbank.in/kyc/KYC001034.pdf,2022-03-15T05:37:23
KYC001035,CUST000926,aadhar,XXXX-XXXX-5971,2023-04-19T08:58:37,2033-04-16T08:58:37,pending,,,https://docs.fintechbank.in/kyc/KYC001035.pdf,2023-04-19T08:58:37
KYC001036,CUST000361,aadhar,XXXX-XXXX-7026,2015-06-21T22:51:01,2022-06-19T22:51:01,rejected,,,https://docs.fintechbank.in/kyc/KYC001036.pdf,2015-06-21T22:51:01
KYC001037,CUST000231,aadhar,XXXX-XXXX-4232,2013-03-23T09:02:10,2018-03-22T09:02:10,verified,EMP000003,2016-03-04T16:50:33,https://docs.fintechbank.in/kyc/KYC001037.pdf,2013-03-23T09:02:10
KYC001038,CUST000124,voter_id,KTQ611428,2012-12-04T10:40:44,2022-12-02T10:40:44,verified,EMP000001,2014-03-31T12:25:33,https://docs.fintechbank.in/kyc/KYC001038.pdf,2012-12-04T10:40:44
KYC001039,CUST000565,driving_license,GJ4623826736644,2019-08-30T18:56:03,2029-08-27T18:56:03,verified,EMP000095,2021-01-11T04:24:42,https://docs.fintechbank.in/kyc/KYC001039.pdf,2019-08-30T18:56:03
KYC001040,CUST000756,voter_id,JXT913852,2015-03-12T14:06:53,2025-03-09T14:06:53,verified,EMP000023,2022-08-29T20:24:56,https://docs.fintechbank.in/kyc/KYC001040.pdf,2015-03-12T14:06:53
KYC001041,CUST000310,passport,Q9804123,2018-01-27T02:55:01,2025-01-25T02:55:01,verified,EMP000028,2022-01-18T16:47:14,https://docs.fintechbank.in/kyc/KYC001041.pdf,2018-01-27T02:55:01
KYC001042,CUST000115,driving_license,MH5886037679266,2020-08-14T11:51:25,2030-08-12T11:51:25,pending,,,https://docs.fintechbank.in/kyc/KYC001042.pdf,2020-08-14T11:51:25
KYC001043,CUST000848,aadhar,XXXX-XXXX-9743,2013-08-13T03:54:27,2020-08-11T03:54:27,verified,EMP000089,2015-07-11T02:18:13,https://docs.fintechbank.in/kyc/KYC001043.pdf,2013-08-13T03:54:27
KYC001044,CUST000078,driving_license,MH6121742846365,2018-08-12T23:48:13,2023-08-11T23:48:13,verified,EMP000067,2022-02-19T10:07:50,https://docs.fintechbank.in/kyc/KYC001044.pdf,2018-08-12T23:48:13
KYC001045,CUST000389,voter_id,ZRU255627,2020-10-15T07:48:33,2028-10-13T07:48:33,rejected,,,https://docs.fintechbank.in/kyc/KYC001045.pdf,2020-10-15T07:48:33
KYC001046,CUST000900,pan,IEQDD8078A,2014-04-27T05:39:11,2020-04-25T05:39:11,verified,EMP000011,2015-01-23T01:06:05,https://docs.fintechbank.in/kyc/KYC001046.pdf,2014-04-27T05:39:11
KYC001047,CUST000891,passport,Q3882640,2012-11-18T09:35:26,2021-11-16T09:35:26,pending,,,https://docs.fintechbank.in/kyc/KYC001047.pdf,2012-11-18T09:35:26
KYC001048,CUST000342,passport,A1778717,2023-10-05T01:51:52,2029-10-03T01:51:52,verified,EMP000064,2025-12-16T01:25:30,https://docs.fintechbank.in/kyc/KYC001048.pdf,2023-10-05T01:51:52
KYC001049,CUST000158,driving_license,MH6114834746797,2014-12-03T09:48:23,2023-12-01T09:48:23,verified,EMP000082,2018-03-22T03:56:27,https://docs.fintechbank.in/kyc/KYC001049.pdf,2014-12-03T09:48:23
KYC001050,CUST000279,pan,HPNHV2059R,2010-07-23T03:12:37,2015-07-22T03:12:37,pending,,,https://docs.fintechbank.in/kyc/KYC001050.pdf,2010-07-23T03:12:37
KYC001051,CUST000658,aadhar,XXXX-XXXX-1159,2019-08-15T18:34:54,2026-08-13T18:34:54,verified,EMP000061,2019-08-24T04:55:55,https://docs.fintechbank.in/kyc/KYC001051.pdf,2019-08-15T18:34:54
KYC001052,CUST000751,driving_license,KA3541221894965,2011-12-14T15:01:28,2016-12-12T15:01:28,verified,EMP000039,2023-11-23T03:12:46,https://docs.fintechbank.in/kyc/KYC001052.pdf,2011-12-14T15:01:28
KYC001053,CUST000167,driving_license,DL4754801299915,2011-12-20T22:32:37,2017-12-18T22:32:37,verified,EMP000042,2025-01-19T20:51:58,https://docs.fintechbank.in/kyc/KYC001053.pdf,2011-12-20T22:32:37
KYC001054,CUST000404,voter_id,ECL973709,2013-01-09T13:15:07,2018-01-08T13:15:07,pending,,,https://docs.fintechbank.in/kyc/KYC001054.pdf,2013-01-09T13:15:07
KYC001055,CUST000529,driving_license,KA5046464027455,2017-06-01T03:58:47,2025-05-30T03:58:47,verified,EMP000072,2021-06-28T23:25:06,https://docs.fintechbank.in/kyc/KYC001055.pdf,2017-06-01T03:58:47
KYC001056,CUST000091,driving_license,MH4636582345078,2019-11-02T07:01:14,2024-10-31T07:01:14,pending,,,https://docs.fintechbank.in/kyc/KYC001056.pdf,2019-11-02T07:01:14
KYC001057,CUST000257,pan,VKPCN4541K,2022-06-26T09:57:39,2027-06-25T09:57:39,verified,EMP000069,2024-04-30T12:15:21,https://docs.fintechbank.in/kyc/KYC001057.pdf,2022-06-26T09:57:39
KYC001058,CUST000175,driving_license,TN3385527617030,2019-01-11T09:54:05,2027-01-09T09:54:05,rejected,,,https://docs.fintechbank.in/kyc/KYC001058.pdf,2019-01-11T09:54:05
KYC001059,CUST000144,aadhar,XXXX-XXXX-7631,2013-04-16T13:09:01,2018-04-15T13:09:01,verified,EMP000042,2017-12-11T10:27:52,https://docs.fintechbank.in/kyc/KYC001059.pdf,2013-04-16T13:09:01
KYC001060,CUST000889,voter_id,NOZ732167,2015-10-31T06:25:48,2023-10-29T06:25:48,pending,,,https://docs.fintechbank.in/kyc/KYC001060.pdf,2015-10-31T06:25:48
KYC001061,CUST000158,voter_id,GRD675675,2016-11-14T07:02:45,2022-11-13T07:02:45,rejected,,,https://docs.fintechbank.in/kyc/KYC001061.pdf,2016-11-14T07:02:45
KYC001062,CUST000569,pan,QWAUI1038C,2015-08-11T16:47:18,2024-08-08T16:47:18,verified,EMP000074,2018-07-27T10:04:40,https://docs.fintechbank.in/kyc/KYC001062.pdf,2015-08-11T16:47:18
KYC001063,CUST000873,passport,I5295071,2010-09-17T17:32:33,2015-09-16T17:32:33,rejected,,,https://docs.fintechbank.in/kyc/KYC001063.pdf,2010-09-17T17:32:33
KYC001064,CUST000617,passport,T2518736,2012-03-23T19:32:43,2019-03-22T19:32:43,pending,,,https://docs.fintechbank.in/kyc/KYC001064.pdf,2012-03-23T19:32:43
KYC001065,CUST000837,pan,ZSIGA4824Y,2010-12-03T23:19:37,2020-11-30T23:19:37,verified,EMP000061,2018-01-20T17:06:45,https://docs.fintechbank.in/kyc/KYC001065.pdf,2010-12-03T23:19:37
KYC001066,CUST000232,voter_id,LEQ997803,2017-03-01T21:20:10,2025-02-27T21:20:10,verified,EMP000052,2020-01-05T11:54:22,https://docs.fintechbank.in/kyc/KYC001066.pdf,2017-03-01T21:20:10
KYC001067,CUST000428,voter_id,BPN159688,2019-03-01T01:09:37,2025-02-27T01:09:37,verified,EMP000048,2020-11-07T19:15:22,https://docs.fintechbank.in/kyc/KYC001067.pdf,2019-03-01T01:09:37
KYC001068,CUST000293,aadhar,XXXX-XXXX-1695,2015-05-23T11:21:13,2021-05-21T11:21:13,verified,EMP000085,2019-07-02T23:03:15,https://docs.fintechbank.in/kyc/KYC001068.pdf,2015-05-23T11:21:13
KYC001069,CUST000765,pan,KQYXV5192L,2022-06-04T21:03:20,2028-06-02T21:03:20,pending,,,https://docs.fintechbank.in/kyc/KYC001069.pdf,2022-06-04T21:03:20
KYC001070,CUST000471,driving_license,MH9912200541933,2023-11-05T17:00:10,2033-11-02T17:00:10,verified,EMP000090,2024-03-12T11:25:35,https://docs.fintechbank.in/kyc/KYC001070.pdf,2023-11-05T17:00:10
KYC001071,CUST000443,voter_id,FWS267038,2011-10-19T01:05:22,2020-10-16T01:05:22,rejected,,,https://docs.fintechbank.in/kyc/KYC001071.pdf,2011-10-19T01:05:22
KYC001072,CUST000823,voter_id,RHR476919,2021-06-24T08:41:57,2028-06-22T08:41:57,verified,EMP000054,2023-03-03T10:03:43,https://docs.fintechbank.in/kyc/KYC001072.pdf,2021-06-24T08:41:57
KYC001073,CUST000980,voter_id,VEZ802944,2021-05-24T05:52:04,2030-05-22T05:52:04,pending,,,https://docs.fintechbank.in/kyc/KYC001073.pdf,2021-05-24T05:52:04
KYC001074,CUST000492,aadhar,XXXX-XXXX-8673,2016-04-12T17:36:08,2022-04-11T17:36:08,verified,EMP000094,2020-03-15T13:44:46,https://docs.fintechbank.in/kyc/KYC001074.pdf,2016-04-12T17:36:08
KYC001075,CUST000170,driving_license,MH7897997063694,2020-05-25T08:12:25,2025-05-24T08:12:25,pending,,,https://docs.fintechbank.in/kyc/KYC001075.pdf,2020-05-25T08:12:25
KYC001076,CUST000579,voter_id,LFU200538,2012-09-01T08:30:22,2020-08-30T08:30:22,rejected,,,https://docs.fintechbank.in/kyc/KYC001076.pdf,2012-09-01T08:30:22
KYC001077,CUST000586,passport,S1288560,2021-08-27T00:44:21,2027-08-26T00:44:21,verified,EMP000052,2022-02-04T17:51:56,https://docs.fintechbank.in/kyc/KYC001077.pdf,2021-08-27T00:44:21
KYC001078,CUST000809,voter_id,ILB230668,2017-04-25T01:06:17,2026-04-23T01:06:17,verified,EMP000023,2021-09-22T09:21:28,https://docs.fintechbank.in/kyc/KYC001078.pdf,2017-04-25T01:06:17
KYC001079,CUST000247,driving_license,GJ3511107139678,2012-02-02T12:49:14,2017-01-31T12:49:14,rejected,,,https://docs.fintechbank.in/kyc/KYC001079.pdf,2012-02-02T12:49:14
KYC001080,CUST000787,passport,W5409695,2019-07-15T05:24:05,2029-07-12T05:24:05,verified,EMP000005,2022-12-21T11:30:46,https://docs.fintechbank.in/kyc/KYC001080.pdf,2019-07-15T05:24:05
KYC001081,CUST000638,passport,A7689503,2023-09-06T11:57:22,2030-09-04T11:57:22,verified,EMP000064,2024-02-06T15:48:07,https://docs.fintechbank.in/kyc/KYC001081.pdf,2023-09-06T11:57:22
KYC001082,CUST000581,driving_license,TN5997978941417,2013-10-28T13:54:40,2021-10-26T13:54:40,pending,,,https://docs.fintechbank.in/kyc/KYC001082.pdf,2013-10-28T13:54:40
KYC001083,CUST000250,pan,FFGAC1522Z,2023-06-18T17:07:29,2029-06-16T17:07:29,verified,EMP000038,2025-04-04T08:11:36,https://docs.fintechbank.in/kyc/KYC001083.pdf,2023-06-18T17:07:29
KYC001084,CUST000517,aadhar,XXXX-XXXX-4086,2020-08-06T13:38:36,2028-08-04T13:38:36,verified,EMP000087,2020-08-19T08:46:48,https://docs.fintechbank.in/kyc/KYC001084.pdf,2020-08-06T13:38:36
KYC001085,CUST000626,pan,IQCYZ7899U,2012-10-29T14:56:32,2021-10-27T14:56:32,rejected,,,https://docs.fintechbank.in/kyc/KYC001085.pdf,2012-10-29T14:56:32
KYC001086,CUST000806,pan,THJSK1703K,2017-01-12T01:55:52,2023-01-11T01:55:52,verified,EMP000006,2023-12-24T16:29:24,https://docs.fintechbank.in/kyc/KYC001086.pdf,2017-01-12T01:55:52
KYC001087,CUST000777,aadhar,XXXX-XXXX-2802,2013-02-17T12:32:25,2021-02-15T12:32:25,verified,EMP000006,2013-11-19T22:17:07,https://docs.fintechbank.in/kyc/KYC001087.pdf,2013-02-17T12:32:25
KYC001088,CUST000217,aadhar,XXXX-XXXX-2025,2012-11-27T18:19:07,2020-11-25T18:19:07,verified,EMP000039,2013-12-27T03:07:37,https://docs.fintechbank.in/kyc/KYC001088.pdf,2012-11-27T18:19:07
KYC001089,CUST000870,aadhar,XXXX-XXXX-8839,2016-05-21T09:01:30,2024-05-19T09:01:30,verified,EMP000056,2023-02-20T06:07:00,https://docs.fintechbank.in/kyc/KYC001089.pdf,2016-05-21T09:01:30
KYC001090,CUST000942,voter_id,TEB296371,2015-04-29T14:48:29,2025-04-26T14:48:29,verified,EMP000030,2022-11-25T06:58:15,https://docs.fintechbank.in/kyc/KYC001090.pdf,2015-04-29T14:48:29
KYC001091,CUST000636,driving_license,TN6425287007455,2022-10-27T08:43:21,2029-10-25T08:43:21,verified,EMP000093,2025-07-16T00:53:19,https://docs.fintechbank.in/kyc/KYC001091.pdf,2022-10-27T08:43:21
KYC001092,CUST000684,driving_license,KA4215283417103,2010-08-04T09:11:23,2018-08-02T09:11:23,verified,EMP000023,2021-12-20T18:01:54,https://docs.fintechbank.in/kyc/KYC001092.pdf,2010-08-04T09:11:23
KYC001093,CUST000829,aadhar,XXXX-XXXX-9092,2023-08-09T15:02:09,2032-08-06T15:02:09,verified,EMP000092,2023-12-15T17:49:59,https://docs.fintechbank.in/kyc/KYC001093.pdf,2023-08-09T15:02:09
KYC001094,CUST000389,passport,K9310203,2017-07-02T14:31:01,2025-06-30T14:31:01,pending,,,https://docs.fintechbank.in/kyc/KYC001094.pdf,2017-07-02T14:31:01
KYC001095,CUST000931,aadhar,XXXX-XXXX-8248,2016-02-01T03:41:35,2025-01-29T03:41:35,verified,EMP000046,2019-12-31T13:29:28,https://docs.fintechbank.in/kyc/KYC001095.pdf,2016-02-01T03:41:35
KYC001096,CUST000379,passport,E8195250,2019-09-26T05:30:07,2025-09-24T05:30:07,verified,EMP000039,2020-01-02T07:52:07,https://docs.fintechbank.in/kyc/KYC001096.pdf,2019-09-26T05:30:07
KYC001097,CUST000616,aadhar,XXXX-XXXX-8390,2013-04-06T09:47:41,2019-04-05T09:47:41,verified,EMP000046,2021-11-19T13:17:08,https://docs.fintechbank.in/kyc/KYC001097.pdf,2013-04-06T09:47:41
KYC001098,CUST000320,aadhar,XXXX-XXXX-4330,2019-04-29T20:34:31,2028-04-26T20:34:31,verified,EMP000093,2023-12-03T18:49:11,https://docs.fintechbank.in/kyc/KYC001098.pdf,2019-04-29T20:34:31
KYC001099,CUST000463,aadhar,XXXX-XXXX-8275,2016-08-19T10:41:01,2025-08-17T10:41:01,verified,EMP000098,2025-07-28T17:41:51,https://docs.fintechbank.in/kyc/KYC001099.pdf,2016-08-19T10:41:01
KYC001100,CUST000203,driving_license,GJ4141035372232,2017-04-02T01:15:27,2022-04-01T01:15:27,verified,EMP000036,2017-12-01T04:07:15,https://docs.fintechbank.in/kyc/KYC001100.pdf,2017-04-02T01:15:27
KYC001101,CUST000308,aadhar,XXXX-XXXX-2516,2012-06-23T00:48:01,2019-06-22T00:48:01,pending,,,https://docs.fintechbank.in/kyc/KYC001101.pdf,2012-06-23T00:48:01
KYC001102,CUST000471,aadhar,XXXX-XXXX-2910,2014-10-03T20:47:11,2019-10-02T20:47:11,pending,,,https://docs.fintechbank.in/kyc/KYC001102.pdf,2014-10-03T20:47:11
KYC001103,CUST000820,driving_license,MH5196337315306,2011-08-14T16:25:22,2018-08-12T16:25:22,rejected,,,https://docs.fintechbank.in/kyc/KYC001103.pdf,2011-08-14T16:25:22
KYC001104,CUST000798,pan,TJHKE1146Q,2014-04-13T20:52:21,2019-04-12T20:52:21,verified,EMP000029,2016-09-13T18:52:10,https://docs.fintechbank.in/kyc/KYC001104.pdf,2014-04-13T20:52:21
KYC001105,CUST000014,pan,TKZIR7341A,2011-11-16T20:23:28,2020-11-13T20:23:28,verified,EMP000022,2019-06-05T13:39:26,https://docs.fintechbank.in/kyc/KYC001105.pdf,2011-11-16T20:23:28
KYC001106,CUST000969,pan,VQCAT3197R,2020-01-22T11:53:26,2029-01-19T11:53:26,pending,,,https://docs.fintechbank.in/kyc/KYC001106.pdf,2020-01-22T11:53:26
KYC001107,CUST000115,driving_license,TN6250373410936,2016-02-12T07:25:54,2024-02-10T07:25:54,verified,EMP000052,2020-03-17T08:52:28,https://docs.fintechbank.in/kyc/KYC001107.pdf,2016-02-12T07:25:54
KYC001108,CUST001000,passport,L6337362,2022-09-04T10:15:03,2032-09-01T10:15:03,verified,EMP000028,2025-09-03T16:07:33,https://docs.fintechbank.in/kyc/KYC001108.pdf,2022-09-04T10:15:03
KYC001109,CUST000149,aadhar,XXXX-XXXX-2986,2014-01-13T22:21:47,2023-01-11T22:21:47,verified,EMP000047,2024-01-23T16:21:55,https://docs.fintechbank.in/kyc/KYC001109.pdf,2014-01-13T22:21:47
KYC001110,CUST000549,pan,PAEXK4705P,2017-03-04T17:03:05,2022-03-03T17:03:05,verified,EMP000070,2017-03-07T12:20:28,https://docs.fintechbank.in/kyc/KYC001110.pdf,2017-03-04T17:03:05
KYC001111,CUST000279,voter_id,WKV511540,2020-10-12T18:50:28,2026-10-11T18:50:28,verified,EMP000061,2024-08-28T20:26:56,https://docs.fintechbank.in/kyc/KYC001111.pdf,2020-10-12T18:50:28
KYC001112,CUST000178,voter_id,GIO222797,2021-01-15T11:41:19,2029-01-13T11:41:19,pending,,,https://docs.fintechbank.in/kyc/KYC001112.pdf,2021-01-15T11:41:19
KYC001113,CUST000619,voter_id,QHT806745,2014-11-29T02:47:12,2021-11-27T02:47:12,rejected,,,https://docs.fintechbank.in/kyc/KYC001113.pdf,2014-11-29T02:47:12
KYC001114,CUST000575,driving_license,TN6264718324587,2019-07-10T19:13:39,2027-07-08T19:13:39,rejected,,,https://docs.fintechbank.in/kyc/KYC001114.pdf,2019-07-10T19:13:39
KYC001115,CUST000177,aadhar,XXXX-XXXX-1367,2013-04-23T14:23:21,2020-04-21T14:23:21,rejected,,,https://docs.fintechbank.in/kyc/KYC001115.pdf,2013-04-23T14:23:21
KYC001116,CUST000960,voter_id,KFH826075,2018-02-07T23:33:46,2028-02-05T23:33:46,pending,,,https://docs.fintechbank.in/kyc/KYC001116.pdf,2018-02-07T23:33:46
KYC001117,CUST000419,aadhar,XXXX-XXXX-8650,2020-07-31T10:07:59,2027-07-30T10:07:59,verified,EMP000094,2025-11-21T13:48:33,https://docs.fintechbank.in/kyc/KYC001117.pdf,2020-07-31T10:07:59
KYC001118,CUST000595,voter_id,TCQ247750,2013-08-26T15:22:41,2018-08-25T15:22:41,verified,EMP000004,2015-10-11T19:05:55,https://docs.fintechbank.in/kyc/KYC001118.pdf,2013-08-26T15:22:41
KYC001119,CUST000656,driving_license,TN6560809333948,2021-05-27T19:10:09,2029-05-25T19:10:09,verified,EMP000084,2023-03-13T00:41:23,https://docs.fintechbank.in/kyc/KYC001119.pdf,2021-05-27T19:10:09
KYC001120,CUST000181,voter_id,LQC185346,2014-01-14T21:26:58,2020-01-13T21:26:58,verified,EMP000090,2017-10-19T12:11:48,https://docs.fintechbank.in/kyc/KYC001120.pdf,2014-01-14T21:26:58
KYC001121,CUST000345,passport,X9259125,2011-12-24T19:54:58,2019-12-22T19:54:58,verified,EMP000039,2017-04-04T10:56:32,https://docs.fintechbank.in/kyc/KYC001121.pdf,2011-12-24T19:54:58
KYC001122,CUST000898,driving_license,KA3862129775082,2018-10-07T21:58:07,2028-10-04T21:58:07,verified,EMP000021,2021-01-24T11:37:27,https://docs.fintechbank.in/kyc/KYC001122.pdf,2018-10-07T21:58:07
KYC001123,CUST000955,driving_license,MH3076863557612,2021-08-02T00:40:13,2031-07-31T00:40:13,verified,EMP000050,2025-09-11T07:14:14,https://docs.fintechbank.in/kyc/KYC001123.pdf,2021-08-02T00:40:13
KYC001124,CUST000113,passport,L4631802,2012-10-08T04:22:01,2021-10-06T04:22:01,verified,EMP000078,2020-06-04T01:58:56,https://docs.fintechbank.in/kyc/KYC001124.pdf,2012-10-08T04:22:01
KYC001125,CUST000047,passport,E6068778,2014-12-06T23:15:18,2023-12-04T23:15:18,rejected,,,https://docs.fintechbank.in/kyc/KYC001125.pdf,2014-12-06T23:15:18
KYC001126,CUST000547,driving_license,MH5884193620631,2018-03-25T10:21:38,2024-03-23T10:21:38,verified,EMP000027,2025-12-24T03:17:33,https://docs.fintechbank.in/kyc/KYC001126.pdf,2018-03-25T10:21:38
KYC001127,CUST000818,voter_id,WED346191,2010-12-19T21:14:58,2019-12-17T21:14:58,pending,,,https://docs.fintechbank.in/kyc/KYC001127.pdf,2010-12-19T21:14:58
KYC001128,CUST000270,aadhar,XXXX-XXXX-9982,2016-04-12T08:00:34,2024-04-10T08:00:34,verified,EMP000073,2024-05-22T04:34:47,https://docs.fintechbank.in/kyc/KYC001128.pdf,2016-04-12T08:00:34
KYC001129,CUST000110,aadhar,XXXX-XXXX-5088,2020-11-02T05:16:00,2025-11-01T05:16:00,verified,EMP000011,2023-09-22T05:46:43,https://docs.fintechbank.in/kyc/KYC001129.pdf,2020-11-02T05:16:00
KYC001130,CUST000895,pan,NQAQL9110P,2021-06-08T20:16:39,2031-06-06T20:16:39,rejected,,,https://docs.fintechbank.in/kyc/KYC001130.pdf,2021-06-08T20:16:39
KYC001131,CUST000803,passport,S5037805,2020-03-14T14:05:38,2025-03-13T14:05:38,verified,EMP000028,2022-04-28T11:50:41,https://docs.fintechbank.in/kyc/KYC001131.pdf,2020-03-14T14:05:38
KYC001132,CUST000990,passport,A3912943,2012-03-03T09:21:45,2019-03-02T09:21:45,verified,EMP000017,2019-09-23T18:10:25,https://docs.fintechbank.in/kyc/KYC001132.pdf,2012-03-03T09:21:45
KYC001133,CUST000702,passport,T1293112,2018-05-06T03:39:46,2026-05-04T03:39:46,pending,,,https://docs.fintechbank.in/kyc/KYC001133.pdf,2018-05-06T03:39:46
KYC001134,CUST000507,aadhar,XXXX-XXXX-6078,2015-03-11T09:11:27,2020-03-09T09:11:27,verified,EMP000067,2024-12-11T09:56:27,https://docs.fintechbank.in/kyc/KYC001134.pdf,2015-03-11T09:11:27
KYC001135,CUST000628,pan,CASNB4048V,2022-10-11T20:26:09,2030-10-09T20:26:09,verified,EMP000056,2023-08-17T22:34:02,https://docs.fintechbank.in/kyc/KYC001135.pdf,2022-10-11T20:26:09
KYC001136,CUST000252,pan,BOKUH9716T,2022-05-31T09:45:10,2030-05-29T09:45:10,pending,,,https://docs.fintechbank.in/kyc/KYC001136.pdf,2022-05-31T09:45:10
KYC001137,CUST000549,pan,GJKGH2322I,2015-06-29T12:56:00,2025-06-26T12:56:00,verified,EMP000015,2024-05-17T14:24:00,https://docs.fintechbank.in/kyc/KYC001137.pdf,2015-06-29T12:56:00
KYC001138,CUST000687,voter_id,LND240287,2012-01-06T02:36:16,2019-01-04T02:36:16,verified,EMP000081,2020-12-24T20:25:27,https://docs.fintechbank.in/kyc/KYC001138.pdf,2012-01-06T02:36:16
KYC001139,CUST000384,voter_id,DSP447715,2015-01-10T11:13:15,2020-01-09T11:13:15,verified,EMP000037,2024-03-25T22:23:12,https://docs.fintechbank.in/kyc/KYC001139.pdf,2015-01-10T11:13:15
KYC001140,CUST000410,driving_license,KA9244482387867,2011-11-01T02:03:54,2019-10-30T02:03:54,verified,EMP000048,2020-08-30T10:49:53,https://docs.fintechbank.in/kyc/KYC001140.pdf,2011-11-01T02:03:54
KYC001141,CUST000448,pan,GRBLZ4279P,2020-04-28T08:51:47,2025-04-27T08:51:47,verified,EMP000066,2023-06-17T23:53:59,https://docs.fintechbank.in/kyc/KYC001141.pdf,2020-04-28T08:51:47
KYC001142,CUST000676,pan,EGIBE1332W,2020-11-26T07:32:42,2029-11-24T07:32:42,verified,EMP000017,2023-01-30T01:24:15,https://docs.fintechbank.in/kyc/KYC001142.pdf,2020-11-26T07:32:42
KYC001143,CUST000205,driving_license,MH4930413911921,2015-11-26T03:57:56,2021-11-24T03:57:56,verified,EMP000088,2025-12-07T05:38:04,https://docs.fintechbank.in/kyc/KYC001143.pdf,2015-11-26T03:57:56
KYC001144,CUST000136,aadhar,XXXX-XXXX-5174,2016-01-23T05:16:05,2023-01-21T05:16:05,pending,,,https://docs.fintechbank.in/kyc/KYC001144.pdf,2016-01-23T05:16:05
KYC001145,CUST000014,voter_id,CBR370462,2020-08-14T07:29:56,2026-08-13T07:29:56,rejected,,,https://docs.fintechbank.in/kyc/KYC001145.pdf,2020-08-14T07:29:56
KYC001146,CUST000029,driving_license,MH5270964394405,2023-11-30T20:28:01,2028-11-28T20:28:01,verified,EMP000045,2025-02-23T12:51:08,https://docs.fintechbank.in/kyc/KYC001146.pdf,2023-11-30T20:28:01
KYC001147,CUST000967,driving_license,GJ1047544153583,2014-08-15T12:59:34,2023-08-13T12:59:34,verified,EMP000049,2025-02-07T08:03:08,https://docs.fintechbank.in/kyc/KYC001147.pdf,2014-08-15T12:59:34
KYC001148,CUST000585,driving_license,GJ8333846894823,2012-06-22T07:32:08,2020-06-20T07:32:08,verified,EMP000029,2024-02-17T07:41:19,https://docs.fintechbank.in/kyc/KYC001148.pdf,2012-06-22T07:32:08
KYC001149,CUST000131,voter_id,LJF524117,2021-11-17T16:49:37,2030-11-15T16:49:37,verified,EMP000030,2024-08-26T19:07:22,https://docs.fintechbank.in/kyc/KYC001149.pdf,2021-11-17T16:49:37
KYC001150,CUST000506,pan,NEZDQ2310U,2012-05-02T18:11:38,2020-04-30T18:11:38,verified,EMP000003,2014-09-01T07:53:55,https://docs.fintechbank.in/kyc/KYC001150.pdf,2012-05-02T18:11:38
KYC001151,CUST000343,driving_license,KA6720255934977,2020-11-08T12:35:43,2030-11-06T12:35:43,verified,EMP000006,2024-12-23T03:22:42,https://docs.fintechbank.in/kyc/KYC001151.pdf,2020-11-08T12:35:43
KYC001152,CUST000426,driving_license,KA2015644278887,2019-10-28T12:07:34,2028-10-25T12:07:34,verified,EMP000047,2020-10-25T05:59:38,https://docs.fintechbank.in/kyc/KYC001152.pdf,2019-10-28T12:07:34
KYC001153,CUST000481,voter_id,DEA221262,2014-02-02T21:57:57,2023-01-31T21:57:57,verified,EMP000077,2021-10-02T21:01:54,https://docs.fintechbank.in/kyc/KYC001153.pdf,2014-02-02T21:57:57
KYC001154,CUST000895,pan,RTWMU7400K,2014-08-23T15:05:55,2019-08-22T15:05:55,pending,,,https://docs.fintechbank.in/kyc/KYC001154.pdf,2014-08-23T15:05:55
KYC001155,CUST000078,pan,ARSXU4762J,2010-11-23T02:50:22,2017-11-21T02:50:22,verified,EMP000009,2025-01-19T05:21:24,https://docs.fintechbank.in/kyc/KYC001155.pdf,2010-11-23T02:50:22
KYC001156,CUST000965,aadhar,XXXX-XXXX-4673,2012-01-31T04:33:35,2021-01-28T04:33:35,verified,EMP000007,2023-05-11T23:59:04,https://docs.fintechbank.in/kyc/KYC001156.pdf,2012-01-31T04:33:35
KYC001157,CUST000714,passport,W4385595,2018-11-06T19:30:11,2024-11-04T19:30:11,verified,EMP000074,2020-01-21T04:56:00,https://docs.fintechbank.in/kyc/KYC001157.pdf,2018-11-06T19:30:11
KYC001158,CUST000718,voter_id,LQE965435,2016-10-09T06:32:34,2026-10-07T06:32:34,verified,EMP000005,2021-05-09T06:41:04,https://docs.fintechbank.in/kyc/KYC001158.pdf,2016-10-09T06:32:34
KYC001159,CUST000233,passport,H4584512,2018-12-06T11:27:54,2028-12-03T11:27:54,verified,EMP000030,2023-01-14T20:35:52,https://docs.fintechbank.in/kyc/KYC001159.pdf,2018-12-06T11:27:54
KYC001160,CUST000421,driving_license,GJ3856729610162,2010-07-16T08:26:03,2019-07-14T08:26:03,verified,EMP000083,2015-09-07T03:37:20,https://docs.fintechbank.in/kyc/KYC001160.pdf,2010-07-16T08:26:03
KYC001161,CUST000617,aadhar,XXXX-XXXX-9139,2011-12-30T16:24:02,2019-12-28T16:24:02,verified,EMP000068,2013-10-02T08:04:21,https://docs.fintechbank.in/kyc/KYC001161.pdf,2011-12-30T16:24:02
KYC001162,CUST000250,pan,RLYXF4237X,2013-02-09T14:38:52,2022-02-07T14:38:52,verified,EMP000067,2019-05-12T02:41:55,https://docs.fintechbank.in/kyc/KYC001162.pdf,2013-02-09T14:38:52
KYC001163,CUST000671,pan,BDBAH8655H,2014-05-30T11:39:39,2022-05-28T11:39:39,pending,,,https://docs.fintechbank.in/kyc/KYC001163.pdf,2014-05-30T11:39:39
KYC001164,CUST000339,aadhar,XXXX-XXXX-4689,2016-06-28T12:35:43,2026-06-26T12:35:43,verified,EMP000028,2021-04-26T00:24:23,https://docs.fintechbank.in/kyc/KYC001164.pdf,2016-06-28T12:35:43
KYC001165,CUST000301,aadhar,XXXX-XXXX-8730,2023-09-27T08:34:13,2030-09-25T08:34:13,pending,,,https://docs.fintechbank.in/kyc/KYC001165.pdf,2023-09-27T08:34:13
KYC001166,CUST000286,voter_id,ONO320143,2022-05-29T11:33:47,2027-05-28T11:33:47,rejected,,,https://docs.fintechbank.in/kyc/KYC001166.pdf,2022-05-29T11:33:47
KYC001167,CUST000095,voter_id,UNH591456,2016-04-14T22:32:45,2025-04-12T22:32:45,verified,EMP000037,2025-09-28T15:01:38,https://docs.fintechbank.in/kyc/KYC001167.pdf,2016-04-14T22:32:45
KYC001168,CUST000083,driving_license,GJ8487851935913,2020-08-04T20:47:58,2029-08-02T20:47:58,pending,,,https://docs.fintechbank.in/kyc/KYC001168.pdf,2020-08-04T20:47:58
KYC001169,CUST000331,pan,DVPMP8984R,2017-06-01T00:59:08,2026-05-30T00:59:08,verified,EMP000016,2024-01-30T11:43:57,https://docs.fintechbank.in/kyc/KYC001169.pdf,2017-06-01T00:59:08
KYC001170,CUST000402,passport,P9933065,2012-05-05T13:22:28,2022-05-03T13:22:28,verified,EMP000012,2020-06-25T16:10:42,https://docs.fintechbank.in/kyc/KYC001170.pdf,2012-05-05T13:22:28
KYC001171,CUST000497,passport,F7015359,2017-10-29T03:34:15,2025-10-27T03:34:15,verified,EMP000062,2021-06-13T14:28:41,https://docs.fintechbank.in/kyc/KYC001171.pdf,2017-10-29T03:34:15
KYC001172,CUST000045,pan,KCPEL6351E,2022-08-09T12:02:31,2031-08-07T12:02:31,verified,EMP000038,2022-10-11T05:48:50,https://docs.fintechbank.in/kyc/KYC001172.pdf,2022-08-09T12:02:31
KYC001173,CUST000066,voter_id,XXU935280,2011-11-28T05:42:33,2018-11-26T05:42:33,rejected,,,https://docs.fintechbank.in/kyc/KYC001173.pdf,2011-11-28T05:42:33
KYC001174,CUST000083,passport,J3133437,2023-09-12T09:58:40,2028-09-10T09:58:40,verified,EMP000009,2023-09-17T02:52:04,https://docs.fintechbank.in/kyc/KYC001174.pdf,2023-09-12T09:58:40
KYC001175,CUST000989,pan,JUPIP5888H,2020-05-06T04:46:35,2026-05-05T04:46:35,verified,EMP000028,2022-02-16T12:31:13,https://docs.fintechbank.in/kyc/KYC001175.pdf,2020-05-06T04:46:35
KYC001176,CUST000922,pan,BMGQR6740H,2020-04-15T02:59:44,2029-04-13T02:59:44,verified,EMP000037,2020-06-18T21:47:52,https://docs.fintechbank.in/kyc/KYC001176.pdf,2020-04-15T02:59:44
KYC001177,CUST000539,driving_license,KA7967605388435,2023-07-07T00:20:40,2032-07-04T00:20:40,verified,EMP000055,2024-01-29T01:09:16,https://docs.fintechbank.in/kyc/KYC001177.pdf,2023-07-07T00:20:40
KYC001178,CUST000336,aadhar,XXXX-XXXX-4262,2013-08-20T13:48:02,2023-08-18T13:48:02,verified,EMP000095,2021-08-01T21:06:19,https://docs.fintechbank.in/kyc/KYC001178.pdf,2013-08-20T13:48:02
KYC001179,CUST000845,passport,Q9095985,2020-02-09T11:36:19,2030-02-06T11:36:19,verified,EMP000038,2025-06-26T21:28:52,https://docs.fintechbank.in/kyc/KYC001179.pdf,2020-02-09T11:36:19
KYC001180,CUST000695,voter_id,HSC483743,2021-07-25T16:23:56,2029-07-23T16:23:56,verified,EMP000089,2022-07-09T04:44:21,https://docs.fintechbank.in/kyc/KYC001180.pdf,2021-07-25T16:23:56
KYC001181,CUST000078,aadhar,XXXX-XXXX-8532,2013-04-25T15:11:14,2021-04-23T15:11:14,verified,EMP000023,2016-01-08T14:13:54,https://docs.fintechbank.in/kyc/KYC001181.pdf,2013-04-25T15:11:14
KYC001182,CUST000863,driving_license,DL6088105911003,2018-05-30T12:26:16,2027-05-28T12:26:16,verified,EMP000048,2020-10-27T19:04:49,https://docs.fintechbank.in/kyc/KYC001182.pdf,2018-05-30T12:26:16
KYC001183,CUST000058,voter_id,JMI974561,2022-07-14T03:19:13,2029-07-12T03:19:13,pending,,,https://docs.fintechbank.in/kyc/KYC001183.pdf,2022-07-14T03:19:13
KYC001184,CUST000355,voter_id,PPM233625,2011-10-09T07:07:00,2020-10-06T07:07:00,rejected,,,https://docs.fintechbank.in/kyc/KYC001184.pdf,2011-10-09T07:07:00
KYC001185,CUST001000,driving_license,MH9337363326526,2020-04-02T08:59:16,2028-03-31T08:59:16,pending,,,https://docs.fintechbank.in/kyc/KYC001185.pdf,2020-04-02T08:59:16
KYC001186,CUST000045,passport,W9063966,2014-10-03T08:46:31,2023-10-01T08:46:31,pending,,,https://docs.fintechbank.in/kyc/KYC001186.pdf,2014-10-03T08:46:31
KYC001187,CUST000862,pan,MDREQ6159A,2018-07-13T12:09:44,2028-07-10T12:09:44,pending,,,https://docs.fintechbank.in/kyc/KYC001187.pdf,2018-07-13T12:09:44
KYC001188,CUST000790,pan,URWVM7601E,2021-03-18T09:11:27,2028-03-16T09:11:27,pending,,,https://docs.fintechbank.in/kyc/KYC001188.pdf,2021-03-18T09:11:27
KYC001189,CUST000361,passport,D1361530,2012-02-26T15:33:22,2017-02-24T15:33:22,pending,,,https://docs.fintechbank.in/kyc/KYC001189.pdf,2012-02-26T15:33:22
KYC001190,CUST000980,aadhar,XXXX-XXXX-5945,2010-08-14T14:24:50,2016-08-12T14:24:50,pending,,,https://docs.fintechbank.in/kyc/KYC001190.pdf,2010-08-14T14:24:50
KYC001191,CUST000780,passport,A9465531,2023-11-19T19:24:32,2031-11-17T19:24:32,verified,EMP000076,2024-12-24T14:00:06,https://docs.fintechbank.in/kyc/KYC001191.pdf,2023-11-19T19:24:32
KYC001192,CUST000121,voter_id,JXZ395644,2011-01-24T06:24:14,2019-01-22T06:24:14,rejected,,,https://docs.fintechbank.in/kyc/KYC001192.pdf,2011-01-24T06:24:14
KYC001193,CUST000052,voter_id,IJG584059,2023-12-16T12:02:50,2028-12-14T12:02:50,verified,EMP000025,2024-01-04T07:01:07,https://docs.fintechbank.in/kyc/KYC001193.pdf,2023-12-16T12:02:50
KYC001194,CUST000945,pan,KCHHI5986U,2023-01-11T11:26:19,2031-01-09T11:26:19,verified,EMP000082,2023-12-27T22:45:48,https://docs.fintechbank.in/kyc/KYC001194.pdf,2023-01-11T11:26:19
KYC001195,CUST000578,driving_license,GJ3535306510806,2011-08-16T03:15:19,2019-08-14T03:15:19,verified,EMP000062,2020-07-07T07:16:50,https://docs.fintechbank.in/kyc/KYC001195.pdf,2011-08-16T03:15:19
KYC001196,CUST000394,passport,E4187138,2022-10-18T15:42:26,2029-10-16T15:42:26,verified,EMP000025,2024-07-05T00:34:01,https://docs.fintechbank.in/kyc/KYC001196.pdf,2022-10-18T15:42:26
KYC001197,CUST000168,aadhar,XXXX-XXXX-9884,2022-01-18T13:28:12,2030-01-16T13:28:12,verified,EMP000008,2025-03-09T18:03:53,https://docs.fintechbank.in/kyc/KYC001197.pdf,2022-01-18T13:28:12
KYC001198,CUST000577,driving_license,MH6585297736129,2022-07-22T04:15:16,2032-07-19T04:15:16,verified,EMP000092,2024-08-24T07:47:28,https://docs.fintechbank.in/kyc/KYC001198.pdf,2022-07-22T04:15:16
KYC001199,CUST000380,driving_license,KA4134667338635,2014-12-24T21:48:08,2024-12-21T21:48:08,verified,EMP000056,2023-04-06T04:27:43,https://docs.fintechbank.in/kyc/KYC001199.pdf,2014-12-24T21:48:08
KYC001200,CUST000617,passport,F1204926,2013-07-22T05:03:02,2022-07-20T05:03:02,verified,EMP000026,2016-10-01T00:48:10,https://docs.fintechbank.in/kyc/KYC001200.pdf,2013-07-22T05:03:02
KYC001201,CUST000233,voter_id,ZVP484674,2018-11-03T13:12:49,2023-11-02T13:12:49,verified,EMP000008,2025-08-24T10:57:31,https://docs.fintechbank.in/kyc/KYC001201.pdf,2018-11-03T13:12:49
KYC001202,CUST000695,voter_id,CXY519532,2012-07-14T14:14:49,2021-07-12T14:14:49,verified,EMP000036,2014-08-17T01:58:32,https://docs.fintechbank.in/kyc/KYC001202.pdf,2012-07-14T14:14:49
KYC001203,CUST000808,voter_id,IXE467645,2011-05-26T07:05:16,2016-05-24T07:05:16,pending,,,https://docs.fintechbank.in/kyc/KYC001203.pdf,2011-05-26T07:05:16
KYC001204,CUST000895,driving_license,TN8914969458267,2011-05-14T23:26:23,2020-05-11T23:26:23,verified,EMP000031,2023-12-31T08:08:38,https://docs.fintechbank.in/kyc/KYC001204.pdf,2011-05-14T23:26:23
KYC001205,CUST000188,pan,FFMHW8830L,2020-09-21T13:24:19,2030-09-19T13:24:19,verified,EMP000037,2024-12-07T01:05:08,https://docs.fintechbank.in/kyc/KYC001205.pdf,2020-09-21T13:24:19
KYC001206,CUST000212,voter_id,ATI351171,2016-07-06T02:41:07,2024-07-04T02:41:07,verified,EMP000059,2025-08-02T21:15:03,https://docs.fintechbank.in/kyc/KYC001206.pdf,2016-07-06T02:41:07
KYC001207,CUST000896,passport,S5370037,2023-06-07T00:27:32,2032-06-04T00:27:32,pending,,,https://docs.fintechbank.in/kyc/KYC001207.pdf,2023-06-07T00:27:32
KYC001208,CUST000581,voter_id,CBC971519,2022-04-25T14:04:33,2030-04-23T14:04:33,rejected,,,https://docs.fintechbank.in/kyc/KYC001208.pdf,2022-04-25T14:04:33
KYC001209,CUST000272,aadhar,XXXX-XXXX-3280,2023-05-27T21:44:56,2031-05-25T21:44:56,verified,EMP000043,2023-12-18T09:26:01,https://docs.fintechbank.in/kyc/KYC001209.pdf,2023-05-27T21:44:56
KYC001210,CUST000341,voter_id,GPV382152,2023-09-09T13:37:23,2033-09-06T13:37:23,pending,,,https://docs.fintechbank.in/kyc/KYC001210.pdf,2023-09-09T13:37:23
KYC001211,CUST000485,passport,Q6999997,2015-12-29T22:56:59,2023-12-27T22:56:59,pending,,,https://docs.fintechbank.in/kyc/KYC001211.pdf,2015-12-29T22:56:59
KYC001212,CUST000529,pan,PCVBH5820X,2022-07-22T09:29:30,2030-07-20T09:29:30,verified,EMP000083,2023-10-21T12:48:54,https://docs.fintechbank.in/kyc/KYC001212.pdf,2022-07-22T09:29:30
KYC001213,CUST000977,pan,MWAXW5561T,2018-01-26T19:49:34,2026-01-24T19:49:34,verified,EMP000051,2019-10-06T01:39:59,https://docs.fintechbank.in/kyc/KYC001213.pdf,2018-01-26T19:49:34
KYC001214,CUST000649,driving_license,MH1047059056855,2018-07-16T07:45:01,2026-07-14T07:45:01,pending,,,https://docs.fintechbank.in/kyc/KYC001214.pdf,2018-07-16T07:45:01
KYC001215,CUST000742,voter_id,ZRQ850763,2016-07-24T01:26:04,2021-07-23T01:26:04,verified,EMP000001,2017-06-20T22:54:10,https://docs.fintechbank.in/kyc/KYC001215.pdf,2016-07-24T01:26:04
KYC001216,CUST000453,aadhar,XXXX-XXXX-6986,2015-12-31T23:07:32,2023-12-29T23:07:32,verified,EMP000006,2019-05-04T11:42:42,https://docs.fintechbank.in/kyc/KYC001216.pdf,2015-12-31T23:07:32
KYC001217,CUST000970,pan,DBEFK8395X,2023-02-11T09:47:33,2030-02-09T09:47:33,pending,,,https://docs.fintechbank.in/kyc/KYC001217.pdf,2023-02-11T09:47:33
KYC001218,CUST000271,pan,QZUEB2016U,2016-11-05T10:29:52,2025-11-03T10:29:52,verified,EMP000067,2024-06-09T21:49:14,https://docs.fintechbank.in/kyc/KYC001218.pdf,2016-11-05T10:29:52
KYC001219,CUST000487,pan,IUOBK9911J,2011-11-07T08:51:15,2021-11-04T08:51:15,verified,EMP000088,2025-02-17T23:25:37,https://docs.fintechbank.in/kyc/KYC001219.pdf,2011-11-07T08:51:15
KYC001220,CUST000384,driving_license,TN8758709418827,2014-03-28T18:01:33,2019-03-27T18:01:33,verified,EMP000036,2015-01-12T09:44:54,https://docs.fintechbank.in/kyc/KYC001220.pdf,2014-03-28T18:01:33
KYC001221,CUST000467,voter_id,PHZ747000,2014-03-03T21:46:01,2021-03-01T21:46:01,verified,EMP000005,2018-01-30T18:16:46,https://docs.fintechbank.in/kyc/KYC001221.pdf,2014-03-03T21:46:01
KYC001222,CUST000885,voter_id,VDZ887282,2012-06-14T20:39:47,2018-06-13T20:39:47,pending,,,https://docs.fintechbank.in/kyc/KYC001222.pdf,2012-06-14T20:39:47
KYC001223,CUST000209,pan,CYOZL6180N,2014-07-06T13:49:06,2023-07-04T13:49:06,verified,EMP000083,2020-06-29T04:11:21,https://docs.fintechbank.in/kyc/KYC001223.pdf,2014-07-06T13:49:06
KYC001224,CUST000048,aadhar,XXXX-XXXX-1685,2020-08-29T20:13:44,2028-08-27T20:13:44,rejected,,,https://docs.fintechbank.in/kyc/KYC001224.pdf,2020-08-29T20:13:44
KYC001225,CUST000416,passport,G8446194,2013-05-13T01:15:53,2022-05-11T01:15:53,verified,EMP000057,2018-01-19T18:45:13,https://docs.fintechbank.in/kyc/KYC001225.pdf,2013-05-13T01:15:53
KYC001226,CUST000176,pan,RARVT6719J,2020-06-03T21:29:51,2025-06-02T21:29:51,rejected,,,https://docs.fintechbank.in/kyc/KYC001226.pdf,2020-06-03T21:29:51
KYC001227,CUST000051,voter_id,PDS245566,2020-06-15T16:27:56,2029-06-13T16:27:56,pending,,,https://docs.fintechbank.in/kyc/KYC001227.pdf,2020-06-15T16:27:56
KYC001228,CUST000102,driving_license,KA5958770540079,2012-11-15T21:17:50,2020-11-13T21:17:50,verified,EMP000084,2017-02-06T21:36:06,https://docs.fintechbank.in/kyc/KYC001228.pdf,2012-11-15T21:17:50
KYC001229,CUST000991,aadhar,XXXX-XXXX-8292,2013-04-24T02:33:06,2021-04-22T02:33:06,verified,EMP000029,2021-02-02T19:16:42,https://docs.fintechbank.in/kyc/KYC001229.pdf,2013-04-24T02:33:06
KYC001230,CUST000519,pan,SCISQ4917H,2011-12-08T22:54:30,2021-12-05T22:54:30,verified,EMP000075,2020-12-24T18:41:33,https://docs.fintechbank.in/kyc/KYC001230.pdf,2011-12-08T22:54:30
KYC001231,CUST000928,driving_license,GJ9973986800581,2018-09-30T10:47:58,2026-09-28T10:47:58,rejected,,,https://docs.fintechbank.in/kyc/KYC001231.pdf,2018-09-30T10:47:58
KYC001232,CUST000625,voter_id,UER163819,2010-10-10T01:13:07,2017-10-08T01:13:07,pending,,,https://docs.fintechbank.in/kyc/KYC001232.pdf,2010-10-10T01:13:07
KYC001233,CUST000478,pan,ZPWLA2234N,2020-05-02T17:26:31,2027-05-01T17:26:31,verified,EMP000089,2022-07-14T15:24:11,https://docs.fintechbank.in/kyc/KYC001233.pdf,2020-05-02T17:26:31
KYC001234,CUST000851,voter_id,YMO330183,2019-07-15T06:47:27,2025-07-13T06:47:27,verified,EMP000092,2024-07-14T08:03:00,https://docs.fintechbank.in/kyc/KYC001234.pdf,2019-07-15T06:47:27
KYC001235,CUST000273,passport,E3813624,2022-03-03T15:14:02,2027-03-02T15:14:02,verified,EMP000075,2023-12-21T04:52:11,https://docs.fintechbank.in/kyc/KYC001235.pdf,2022-03-03T15:14:02
KYC001236,CUST000934,passport,J5269437,2014-02-05T10:39:43,2020-02-04T10:39:43,pending,,,https://docs.fintechbank.in/kyc/KYC001236.pdf,2014-02-05T10:39:43
KYC001237,CUST000879,driving_license,GJ9098450205717,2015-01-31T15:20:48,2021-01-29T15:20:48,verified,EMP000038,2025-03-10T23:14:13,https://docs.fintechbank.in/kyc/KYC001237.pdf,2015-01-31T15:20:48
KYC001238,CUST000975,driving_license,DL4857945657349,2013-06-13T15:34:20,2023-06-11T15:34:20,verified,EMP000048,2022-02-28T04:17:45,https://docs.fintechbank.in/kyc/KYC001238.pdf,2013-06-13T15:34:20
KYC001239,CUST000651,pan,TWRLH4503L,2017-07-01T08:55:30,2026-06-29T08:55:30,pending,,,https://docs.fintechbank.in/kyc/KYC001239.pdf,2017-07-01T08:55:30
KYC001240,CUST000398,driving_license,DL6510926431458,2020-02-03T15:56:13,2027-02-01T15:56:13,pending,,,https://docs.fintechbank.in/kyc/KYC001240.pdf,2020-02-03T15:56:13
KYC001241,CUST000283,voter_id,XEL854710,2020-09-27T15:22:49,2027-09-26T15:22:49,verified,EMP000065,2023-12-20T14:24:53,https://docs.fintechbank.in/kyc/KYC001241.pdf,2020-09-27T15:22:49
KYC001242,CUST000311,pan,UPHDL5077M,2014-09-07T17:16:52,2019-09-06T17:16:52,verified,EMP000061,2021-10-05T10:52:52,https://docs.fintechbank.in/kyc/KYC001242.pdf,2014-09-07T17:16:52
KYC001243,CUST000794,pan,AEOLR7636B,2020-09-18T06:33:30,2030-09-16T06:33:30,verified,EMP000080,2020-12-30T01:37:30,https://docs.fintechbank.in/kyc/KYC001243.pdf,2020-09-18T06:33:30
KYC001244,CUST000330,voter_id,GIJ407218,2020-05-10T04:15:13,2030-05-08T04:15:13,verified,EMP000085,2022-01-13T18:23:43,https://docs.fintechbank.in/kyc/KYC001244.pdf,2020-05-10T04:15:13
KYC001245,CUST000174,pan,HPNAT2969K,2014-09-26T22:34:07,2023-09-24T22:34:07,verified,EMP000006,2021-06-21T16:28:30,https://docs.fintechbank.in/kyc/KYC001245.pdf,2014-09-26T22:34:07
KYC001246,CUST000565,driving_license,KA1793415910907,2012-11-09T07:43:54,2022-11-07T07:43:54,verified,EMP000046,2019-01-29T03:31:47,https://docs.fintechbank.in/kyc/KYC001246.pdf,2012-11-09T07:43:54
KYC001247,CUST000117,driving_license,TN5885531211352,2019-11-15T12:58:32,2028-11-12T12:58:32,verified,EMP000030,2020-09-09T10:53:30,https://docs.fintechbank.in/kyc/KYC001247.pdf,2019-11-15T12:58:32
KYC001248,CUST000254,aadhar,XXXX-XXXX-3264,2014-12-24T17:08:57,2020-12-22T17:08:57,verified,EMP000079,2021-02-28T14:41:29,https://docs.fintechbank.in/kyc/KYC001248.pdf,2014-12-24T17:08:57
KYC001249,CUST000348,voter_id,ANA664834,2013-08-24T00:00:33,2023-08-22T00:00:33,verified,EMP000056,2020-05-24T18:55:01,https://docs.fintechbank.in/kyc/KYC001249.pdf,2013-08-24T00:00:33
KYC001250,CUST000232,voter_id,OKS346372,2023-12-27T15:28:04,2030-12-25T15:28:04,verified,EMP000056,2025-05-07T13:49:59,https://docs.fintechbank.in/kyc/KYC001250.pdf,2023-12-27T15:28:04
KYC001251,CUST000811,voter_id,ZVD797447,2015-04-08T03:45:37,2024-04-05T03:45:37,verified,EMP000030,2025-01-03T07:33:38,https://docs.fintechbank.in/kyc/KYC001251.pdf,2015-04-08T03:45:37
KYC001252,CUST000457,aadhar,XXXX-XXXX-1922,2019-03-27T20:26:15,2026-03-25T20:26:15,pending,,,https://docs.fintechbank.in/kyc/KYC001252.pdf,2019-03-27T20:26:15
KYC001253,CUST000525,aadhar,XXXX-XXXX-1246,2012-03-15T01:34:19,2022-03-13T01:34:19,pending,,,https://docs.fintechbank.in/kyc/KYC001253.pdf,2012-03-15T01:34:19
KYC001254,CUST000889,driving_license,DL2563782845114,2011-05-05T21:24:37,2019-05-03T21:24:37,verified,EMP000085,2011-06-16T06:21:32,https://docs.fintechbank.in/kyc/KYC001254.pdf,2011-05-05T21:24:37
KYC001255,CUST000069,aadhar,XXXX-XXXX-6302,2023-08-12T13:58:35,2029-08-10T13:58:35,verified,EMP000011,2024-04-14T18:03:05,https://docs.fintechbank.in/kyc/KYC001255.pdf,2023-08-12T13:58:35
KYC001256,CUST000724,driving_license,TN2331458416401,2017-07-10T07:18:40,2027-07-08T07:18:40,verified,EMP000034,2023-11-28T19:19:39,https://docs.fintechbank.in/kyc/KYC001256.pdf,2017-07-10T07:18:40
KYC001257,CUST000796,passport,H4831796,2013-06-23T09:38:57,2021-06-21T09:38:57,rejected,,,https://docs.fintechbank.in/kyc/KYC001257.pdf,2013-06-23T09:38:57
KYC001258,CUST000340,aadhar,XXXX-XXXX-7882,2016-05-08T11:47:49,2025-05-06T11:47:49,verified,EMP000026,2018-09-07T11:34:57,https://docs.fintechbank.in/kyc/KYC001258.pdf,2016-05-08T11:47:49
KYC001259,CUST000238,passport,Q4267536,2011-02-27T22:13:05,2021-02-24T22:13:05,verified,EMP000080,2017-08-14T20:17:36,https://docs.fintechbank.in/kyc/KYC001259.pdf,2011-02-27T22:13:05
KYC001260,CUST000882,passport,C9877252,2010-04-20T00:05:45,2015-04-19T00:05:45,rejected,,,https://docs.fintechbank.in/kyc/KYC001260.pdf,2010-04-20T00:05:45
KYC001261,CUST000613,passport,N3404147,2015-04-25T07:49:41,2024-04-22T07:49:41,verified,EMP000036,2021-11-24T05:51:54,https://docs.fintechbank.in/kyc/KYC001261.pdf,2015-04-25T07:49:41
KYC001262,CUST000165,aadhar,XXXX-XXXX-4181,2014-08-28T21:01:15,2024-08-25T21:01:15,pending,,,https://docs.fintechbank.in/kyc/KYC001262.pdf,2014-08-28T21:01:15
KYC001263,CUST000415,aadhar,XXXX-XXXX-2588,2017-06-13T05:47:15,2023-06-12T05:47:15,verified,EMP000079,2022-07-16T20:28:22,https://docs.fintechbank.in/kyc/KYC001263.pdf,2017-06-13T05:47:15
KYC001264,CUST000045,aadhar,XXXX-XXXX-7855,2016-01-24T16:33:23,2024-01-22T16:33:23,verified,EMP000087,2025-11-07T09:10:21,https://docs.fintechbank.in/kyc/KYC001264.pdf,2016-01-24T16:33:23
KYC001265,CUST000688,aadhar,XXXX-XXXX-1932,2023-04-23T06:17:23,2031-04-21T06:17:23,pending,,,https://docs.fintechbank.in/kyc/KYC001265.pdf,2023-04-23T06:17:23
KYC001266,CUST000336,aadhar,XXXX-XXXX-8528,2010-07-08T17:32:24,2018-07-06T17:32:24,rejected,,,https://docs.fintechbank.in/kyc/KYC001266.pdf,2010-07-08T17:32:24
KYC001267,CUST000813,voter_id,UMY384758,2021-09-14T04:18:59,2027-09-13T04:18:59,verified,EMP000095,2022-02-20T01:25:59,https://docs.fintechbank.in/kyc/KYC001267.pdf,2021-09-14T04:18:59
KYC001268,CUST000953,passport,T4630403,2010-10-11T05:52:27,2016-10-09T05:52:27,pending,,,https://docs.fintechbank.in/kyc/KYC001268.pdf,2010-10-11T05:52:27
KYC001269,CUST000608,voter_id,JLM648870,2020-12-10T04:08:22,2029-12-08T04:08:22,pending,,,https://docs.fintechbank.in/kyc/KYC001269.pdf,2020-12-10T04:08:22
KYC001270,CUST000629,pan,WLNLF8718C,2012-08-15T13:24:48,2018-08-14T13:24:48,verified,EMP000027,2014-04-09T12:09:30,https://docs.fintechbank.in/kyc/KYC001270.pdf,2012-08-15T13:24:48
KYC001271,CUST000683,aadhar,XXXX-XXXX-7041,2021-06-15T05:52:00,2028-06-13T05:52:00,pending,,,https://docs.fintechbank.in/kyc/KYC001271.pdf,2021-06-15T05:52:00
KYC001272,CUST000571,passport,B1356719,2018-03-31T08:12:00,2025-03-29T08:12:00,rejected,,,https://docs.fintechbank.in/kyc/KYC001272.pdf,2018-03-31T08:12:00
KYC001273,CUST000278,driving_license,MH2063401355551,2014-07-17T12:58:06,2021-07-15T12:58:06,pending,,,https://docs.fintechbank.in/kyc/KYC001273.pdf,2014-07-17T12:58:06
KYC001274,CUST000782,voter_id,TKG917275,2018-07-03T15:32:33,2027-07-01T15:32:33,rejected,,,https://docs.fintechbank.in/kyc/KYC001274.pdf,2018-07-03T15:32:33
KYC001275,CUST000838,voter_id,NWJ909280,2013-09-16T01:05:11,2019-09-15T01:05:11,verified,EMP000095,2019-06-30T20:00:26,https://docs.fintechbank.in/kyc/KYC001275.pdf,2013-09-16T01:05:11
KYC001276,CUST000884,voter_id,HGL218808,2011-10-04T05:28:55,2016-10-02T05:28:55,verified,EMP000002,2020-05-31T23:59:05,https://docs.fintechbank.in/kyc/KYC001276.pdf,2011-10-04T05:28:55
KYC001277,CUST000234,passport,P8905596,2020-03-21T07:22:18,2028-03-19T07:22:18,verified,EMP000034,2021-10-08T15:08:06,https://docs.fintechbank.in/kyc/KYC001277.pdf,2020-03-21T07:22:18
KYC001278,CUST000277,aadhar,XXXX-XXXX-7636,2017-10-19T23:31:08,2022-10-18T23:31:08,pending,,,https://docs.fintechbank.in/kyc/KYC001278.pdf,2017-10-19T23:31:08
KYC001279,CUST000107,passport,H3345877,2020-01-22T13:51:34,2026-01-20T13:51:34,rejected,,,https://docs.fintechbank.in/kyc/KYC001279.pdf,2020-01-22T13:51:34
KYC001280,CUST000451,passport,P9830115,2017-02-02T16:05:27,2023-02-01T16:05:27,verified,EMP000085,2020-02-02T00:55:10,https://docs.fintechbank.in/kyc/KYC001280.pdf,2017-02-02T16:05:27
KYC001281,CUST000245,pan,MQIWA1074O,2018-11-08T02:42:02,2025-11-06T02:42:02,pending,,,https://docs.fintechbank.in/kyc/KYC001281.pdf,2018-11-08T02:42:02
KYC001282,CUST000876,aadhar,XXXX-XXXX-2004,2021-04-15T04:35:12,2029-04-13T04:35:12,verified,EMP000038,2024-07-11T22:11:31,https://docs.fintechbank.in/kyc/KYC001282.pdf,2021-04-15T04:35:12
KYC001283,CUST000857,pan,FAQGR5845N,2022-11-03T23:50:27,2031-11-01T23:50:27,verified,EMP000008,2025-11-08T05:43:59,https://docs.fintechbank.in/kyc/KYC001283.pdf,2022-11-03T23:50:27
KYC001284,CUST000954,pan,BTFLK2233V,2014-11-15T13:38:04,2022-11-13T13:38:04,verified,EMP000002,2020-04-10T19:32:11,https://docs.fintechbank.in/kyc/KYC001284.pdf,2014-11-15T13:38:04
KYC001285,CUST000968,driving_license,TN5526437420986,2010-04-11T03:54:41,2016-04-09T03:54:41,pending,,,https://docs.fintechbank.in/kyc/KYC001285.pdf,2010-04-11T03:54:41
KYC001286,CUST000673,pan,PCRPO9793U,2020-01-20T21:22:34,2030-01-17T21:22:34,rejected,,,https://docs.fintechbank.in/kyc/KYC001286.pdf,2020-01-20T21:22:34
KYC001287,CUST000379,pan,ZPTDA1735I,2018-04-15T12:23:24,2024-04-13T12:23:24,verified,EMP000095,2022-09-02T18:12:04,https://docs.fintechbank.in/kyc/KYC001287.pdf,2018-04-15T12:23:24
KYC001288,CUST000607,passport,P4995702,2020-11-15T09:34:31,2027-11-14T09:34:31,verified,EMP000003,2021-08-26T18:15:30,https://docs.fintechbank.in/kyc/KYC001288.pdf,2020-11-15T09:34:31
KYC001289,CUST000013,passport,I9778879,2020-08-21T05:26:36,2027-08-20T05:26:36,rejected,,,https://docs.fintechbank.in/kyc/KYC001289.pdf,2020-08-21T05:26:36
KYC001290,CUST000345,passport,G6698942,2018-02-13T21:54:22,2024-02-12T21:54:22,pending,,,https://docs.fintechbank.in/kyc/KYC001290.pdf,2018-02-13T21:54:22
KYC001291,CUST000300,voter_id,GQD158366,2018-08-25T00:10:35,2027-08-23T00:10:35,verified,EMP000085,2019-10-12T19:24:48,https://docs.fintechbank.in/kyc/KYC001291.pdf,2018-08-25T00:10:35
KYC001292,CUST000154,passport,M7593415,2019-03-17T13:51:32,2028-03-14T13:51:32,rejected,,,https://docs.fintechbank.in/kyc/KYC001292.pdf,2019-03-17T13:51:32
KYC001293,CUST000666,aadhar,XXXX-XXXX-3234,2010-10-11T05:27:33,2020-10-08T05:27:33,pending,,,https://docs.fintechbank.in/kyc/KYC001293.pdf,2010-10-11T05:27:33
KYC001294,CUST000341,voter_id,EUK876171,2016-01-26T20:19:36,2024-01-24T20:19:36,verified,EMP000087,2016-06-19T22:31:57,https://docs.fintechbank.in/kyc/KYC001294.pdf,2016-01-26T20:19:36
KYC001295,CUST000351,passport,O8816604,2021-07-08T10:50:14,2029-07-06T10:50:14,verified,EMP000007,2022-05-24T21:50:44,https://docs.fintechbank.in/kyc/KYC001295.pdf,2021-07-08T10:50:14
KYC001296,CUST000261,passport,Q2083201,2018-01-14T03:05:13,2027-01-12T03:05:13,rejected,,,https://docs.fintechbank.in/kyc/KYC001296.pdf,2018-01-14T03:05:13
KYC001297,CUST000092,driving_license,TN6378273517147,2015-11-25T21:23:10,2025-11-22T21:23:10,rejected,,,https://docs.fintechbank.in/kyc/KYC001297.pdf,2015-11-25T21:23:10
KYC001298,CUST000190,passport,P1336413,2013-02-14T02:19:58,2023-02-12T02:19:58,verified,EMP000092,2019-06-03T12:50:32,https://docs.fintechbank.in/kyc/KYC001298.pdf,2013-02-14T02:19:58
KYC001299,CUST000360,driving_license,DL6445472739867,2018-01-19T07:04:42,2025-01-17T07:04:42,verified,EMP000002,2019-11-10T00:28:54,https://docs.fintechbank.in/kyc/KYC001299.pdf,2018-01-19T07:04:42
KYC001300,CUST000740,driving_license,TN3099751080267,2018-01-22T08:42:24,2026-01-20T08:42:24,verified,EMP000012,2025-04-26T06:41:24,https://docs.fintechbank.in/kyc/KYC001300.pdf,2018-01-22T08:42:24
KYC001301,CUST000483,voter_id,AUM320335,2018-07-21T15:01:39,2026-07-19T15:01:39,pending,,,https://docs.fintechbank.in/kyc/KYC001301.pdf,2018-07-21T15:01:39
KYC001302,CUST000446,aadhar,XXXX-XXXX-1070,2010-01-02T00:56:36,2016-01-01T00:56:36,verified,EMP000076,2023-02-06T02:59:33,https://docs.fintechbank.in/kyc/KYC001302.pdf,2010-01-02T00:56:36
KYC001303,CUST000781,pan,NQJJU7021J,2014-11-27T21:31:23,2023-11-25T21:31:23,pending,,,https://docs.fintechbank.in/kyc/KYC001303.pdf,2014-11-27T21:31:23
KYC001304,CUST000222,driving_license,DL1834283623972,2012-02-03T21:43:37,2020-02-01T21:43:37,verified,EMP000079,2012-02-12T05:58:19,https://docs.fintechbank.in/kyc/KYC001304.pdf,2012-02-03T21:43:37
KYC001305,CUST000970,driving_license,TN4724113589400,2013-01-10T17:16:53,2018-01-09T17:16:53,verified,EMP000079,2022-01-19T01:37:59,https://docs.fintechbank.in/kyc/KYC001305.pdf,2013-01-10T17:16:53
KYC001306,CUST000235,pan,POMSX6173Y,2012-07-01T21:13:33,2019-06-30T21:13:33,verified,EMP000082,2016-11-02T16:18:35,https://docs.fintechbank.in/kyc/KYC001306.pdf,2012-07-01T21:13:33
KYC001307,CUST000668,driving_license,DL5721995436797,2016-09-14T16:41:52,2025-09-12T16:41:52,verified,EMP000033,2021-03-09T08:49:31,https://docs.fintechbank.in/kyc/KYC001307.pdf,2016-09-14T16:41:52
KYC001308,CUST000568,driving_license,KA8380907628191,2017-09-16T16:33:17,2026-09-14T16:33:17,rejected,,,https://docs.fintechbank.in/kyc/KYC001308.pdf,2017-09-16T16:33:17
KYC001309,CUST000997,voter_id,UUJ621301,2012-10-05T21:08:57,2018-10-04T21:08:57,pending,,,https://docs.fintechbank.in/kyc/KYC001309.pdf,2012-10-05T21:08:57
KYC001310,CUST000401,voter_id,JTU620865,2022-02-12T10:19:49,2030-02-10T10:19:49,verified,EMP000059,2025-10-03T14:51:38,https://docs.fintechbank.in/kyc/KYC001310.pdf,2022-02-12T10:19:49
KYC001311,CUST000544,voter_id,EQW326496,2012-11-28T20:22:40,2017-11-27T20:22:40,verified,EMP000005,2025-07-24T11:34:56,https://docs.fintechbank.in/kyc/KYC001311.pdf,2012-11-28T20:22:40
KYC001312,CUST000033,aadhar,XXXX-XXXX-8923,2023-08-03T03:16:06,2029-08-01T03:16:06,pending,,,https://docs.fintechbank.in/kyc/KYC001312.pdf,2023-08-03T03:16:06
KYC001313,CUST000963,pan,YMSIQ5844O,2012-03-10T04:45:49,2019-03-09T04:45:49,verified,EMP000085,2017-02-18T19:55:38,https://docs.fintechbank.in/kyc/KYC001313.pdf,2012-03-10T04:45:49
KYC001314,CUST000617,passport,T6087566,2021-03-22T12:53:22,2027-03-21T12:53:22,verified,EMP000090,2021-07-15T12:30:50,https://docs.fintechbank.in/kyc/KYC001314.pdf,2021-03-22T12:53:22
KYC001315,CUST000047,pan,ZFMGC6815X,2019-07-13T06:02:35,2026-07-11T06:02:35,verified,EMP000063,2022-06-27T15:37:14,https://docs.fintechbank.in/kyc/KYC001315.pdf,2019-07-13T06:02:35
KYC001316,CUST000600,aadhar,XXXX-XXXX-5740,2017-10-31T04:49:16,2026-10-29T04:49:16,pending,,,https://docs.fintechbank.in/kyc/KYC001316.pdf,2017-10-31T04:49:16
KYC001317,CUST000494,aadhar,XXXX-XXXX-6957,2021-10-02T02:40:56,2031-09-30T02:40:56,verified,EMP000074,2025-11-24T09:07:06,https://docs.fintechbank.in/kyc/KYC001317.pdf,2021-10-02T02:40:56
KYC001318,CUST000706,passport,Z3322207,2014-09-09T03:50:56,2023-09-07T03:50:56,pending,,,https://docs.fintechbank.in/kyc/KYC001318.pdf,2014-09-09T03:50:56
KYC001319,CUST000122,voter_id,EZL446462,2014-11-21T13:19:40,2023-11-19T13:19:40,verified,EMP000058,2025-08-21T02:55:04,https://docs.fintechbank.in/kyc/KYC001319.pdf,2014-11-21T13:19:40
KYC001320,CUST000497,aadhar,XXXX-XXXX-6662,2018-09-06T02:37:58,2025-09-04T02:37:58,verified,EMP000026,2025-12-19T13:46:35,https://docs.fintechbank.in/kyc/KYC001320.pdf,2018-09-06T02:37:58
KYC001321,CUST000104,voter_id,BAR817835,2016-12-18T16:24:07,2025-12-16T16:24:07,verified,EMP000064,2019-09-13T18:42:43,https://docs.fintechbank.in/kyc/KYC001321.pdf,2016-12-18T16:24:07
KYC001322,CUST000560,aadhar,XXXX-XXXX-9541,2016-12-18T10:47:15,2021-12-17T10:47:15,verified,EMP000002,2022-11-05T04:30:31,https://docs.fintechbank.in/kyc/KYC001322.pdf,2016-12-18T10:47:15
KYC001323,CUST000785,pan,FSSKZ7116C,2022-08-29T11:21:22,2029-08-27T11:21:22,verified,EMP000048,2024-08-09T12:22:17,https://docs.fintechbank.in/kyc/KYC001323.pdf,2022-08-29T11:21:22
KYC001324,CUST000585,voter_id,ANV721315,2021-08-17T05:13:55,2026-08-16T05:13:55,verified,EMP000075,2025-10-26T02:16:08,https://docs.fintechbank.in/kyc/KYC001324.pdf,2021-08-17T05:13:55
KYC001325,CUST000562,passport,T2841307,2015-08-07T17:42:40,2025-08-04T17:42:40,verified,EMP000013,2020-05-21T10:53:14,https://docs.fintechbank.in/kyc/KYC001325.pdf,2015-08-07T17:42:40
KYC001326,CUST000379,passport,V8634447,2023-12-21T02:41:33,2028-12-19T02:41:33,verified,EMP000098,2024-06-29T04:04:31,https://docs.fintechbank.in/kyc/KYC001326.pdf,2023-12-21T02:41:33
KYC001327,CUST000952,pan,RZNWH5940P,2010-03-02T18:25:04,2018-02-28T18:25:04,verified,EMP000027,2014-08-16T08:00:12,https://docs.fintechbank.in/kyc/KYC001327.pdf,2010-03-02T18:25:04
KYC001328,CUST000913,passport,I6464982,2021-06-13T20:36:12,2028-06-11T20:36:12,verified,EMP000012,2023-06-02T11:19:24,https://docs.fintechbank.in/kyc/KYC001328.pdf,2021-06-13T20:36:12
KYC001329,CUST000801,passport,M1837833,2016-10-27T07:44:45,2022-10-26T07:44:45,verified,EMP000005,2020-08-24T12:27:46,https://docs.fintechbank.in/kyc/KYC001329.pdf,2016-10-27T07:44:45
KYC001330,CUST000558,voter_id,NBW839836,2017-04-01T12:59:53,2025-03-30T12:59:53,verified,EMP000049,2021-01-13T16:40:37,https://docs.fintechbank.in/kyc/KYC001330.pdf,2017-04-01T12:59:53
KYC001331,CUST000632,pan,YEPQO1999C,2017-02-11T04:31:36,2023-02-10T04:31:36,pending,,,https://docs.fintechbank.in/kyc/KYC001331.pdf,2017-02-11T04:31:36
KYC001332,CUST000217,aadhar,XXXX-XXXX-7058,2021-11-29T06:01:09,2029-11-27T06:01:09,pending,,,https://docs.fintechbank.in/kyc/KYC001332.pdf,2021-11-29T06:01:09
KYC001333,CUST000535,passport,Q4032071,2016-10-05T23:07:55,2022-10-04T23:07:55,verified,EMP000031,2023-06-12T11:25:39,https://docs.fintechbank.in/kyc/KYC001333.pdf,2016-10-05T23:07:55
KYC001334,CUST000601,pan,KFFRQ8145Q,2023-11-29T19:41:25,2032-11-26T19:41:25,pending,,,https://docs.fintechbank.in/kyc/KYC001334.pdf,2023-11-29T19:41:25
KYC001335,CUST000549,aadhar,XXXX-XXXX-4398,2014-06-14T23:38:08,2021-06-12T23:38:08,pending,,,https://docs.fintechbank.in/kyc/KYC001335.pdf,2014-06-14T23:38:08
KYC001336,CUST000183,voter_id,JBF453712,2023-03-11T15:00:21,2030-03-09T15:00:21,verified,EMP000058,2025-08-14T06:25:39,https://docs.fintechbank.in/kyc/KYC001336.pdf,2023-03-11T15:00:21
KYC001337,CUST000008,driving_license,DL2319496586637,2017-10-16T16:10:53,2023-10-15T16:10:53,verified,EMP000007,2019-08-02T06:14:19,https://docs.fintechbank.in/kyc/KYC001337.pdf,2017-10-16T16:10:53
KYC001338,CUST000382,voter_id,DZR805594,2020-02-15T22:53:45,2029-02-12T22:53:45,pending,,,https://docs.fintechbank.in/kyc/KYC001338.pdf,2020-02-15T22:53:45
KYC001339,CUST000498,voter_id,VCR896724,2016-12-12T14:16:19,2024-12-10T14:16:19,verified,EMP000022,2025-07-23T15:57:21,https://docs.fintechbank.in/kyc/KYC001339.pdf,2016-12-12T14:16:19
KYC001340,CUST000806,pan,OXGFJ3931N,2018-08-22T22:44:53,2026-08-20T22:44:53,verified,EMP000097,2023-10-15T13:31:07,https://docs.fintechbank.in/kyc/KYC001340.pdf,2018-08-22T22:44:53
KYC001341,CUST000874,driving_license,KA5380351896440,2020-06-28T12:26:48,2028-06-26T12:26:48,pending,,,https://docs.fintechbank.in/kyc/KYC001341.pdf,2020-06-28T12:26:48
KYC001342,CUST000283,voter_id,SRF531499,2016-08-17T03:58:09,2025-08-15T03:58:09,verified,EMP000024,2024-02-07T02:11:03,https://docs.fintechbank.in/kyc/KYC001342.pdf,2016-08-17T03:58:09
KYC001343,CUST000061,passport,R6654807,2015-06-18T21:55:45,2022-06-16T21:55:45,verified,EMP000015,2022-05-24T06:27:03,https://docs.fintechbank.in/kyc/KYC001343.pdf,2015-06-18T21:55:45
KYC001344,CUST000683,aadhar,XXXX-XXXX-4274,2017-01-13T14:38:55,2024-01-12T14:38:55,pending,,,https://docs.fintechbank.in/kyc/KYC001344.pdf,2017-01-13T14:38:55
KYC001345,CUST000857,voter_id,NHK248724,2012-09-16T01:05:29,2019-09-15T01:05:29,verified,EMP000026,2025-10-04T12:15:56,https://docs.fintechbank.in/kyc/KYC001345.pdf,2012-09-16T01:05:29
KYC001346,CUST000675,pan,WLOPZ2298N,2016-11-08T10:40:12,2026-11-06T10:40:12,verified,EMP000084,2022-06-28T16:56:16,https://docs.fintechbank.in/kyc/KYC001346.pdf,2016-11-08T10:40:12
KYC001347,CUST000691,pan,ZGRBO8801A,2023-10-12T14:53:18,2030-10-10T14:53:18,verified,EMP000003,2025-10-03T06:12:43,https://docs.fintechbank.in/kyc/KYC001347.pdf,2023-10-12T14:53:18
KYC001348,CUST000109,aadhar,XXXX-XXXX-1958,2010-11-14T08:55:19,2016-11-12T08:55:19,rejected,,,https://docs.fintechbank.in/kyc/KYC001348.pdf,2010-11-14T08:55:19
KYC001349,CUST000761,pan,UWGNE8491J,2022-11-01T03:46:40,2028-10-30T03:46:40,pending,,,https://docs.fintechbank.in/kyc/KYC001349.pdf,2022-11-01T03:46:40
KYC001350,CUST000622,pan,TOAZI6755N,2012-01-07T09:20:28,2021-01-04T09:20:28,verified,EMP000029,2019-07-25T22:05:44,https://docs.fintechbank.in/kyc/KYC001350.pdf,2012-01-07T09:20:28
KYC001351,CUST000006,pan,IUTBP8410Y,2013-07-12T12:22:50,2019-07-11T12:22:50,verified,EMP000004,2021-02-03T19:46:41,https://docs.fintechbank.in/kyc/KYC001351.pdf,2013-07-12T12:22:50
KYC001352,CUST000420,passport,B9220334,2016-11-01T01:23:41,2021-10-31T01:23:41,verified,EMP000090,2023-08-10T05:58:21,https://docs.fintechbank.in/kyc/KYC001352.pdf,2016-11-01T01:23:41
KYC001353,CUST000668,pan,ZOHIS3916S,2015-12-02T13:23:55,2024-11-29T13:23:55,pending,,,https://docs.fintechbank.in/kyc/KYC001353.pdf,2015-12-02T13:23:55
KYC001354,CUST000495,passport,C6451091,2016-10-30T00:09:36,2022-10-29T00:09:36,verified,EMP000020,2017-12-22T13:04:25,https://docs.fintechbank.in/kyc/KYC001354.pdf,2016-10-30T00:09:36
KYC001355,CUST000512,passport,U7594864,2016-08-27T02:28:02,2021-08-26T02:28:02,verified,EMP000031,2019-09-06T11:04:41,https://docs.fintechbank.in/kyc/KYC001355.pdf,2016-08-27T02:28:02
KYC001356,CUST000307,aadhar,XXXX-XXXX-2206,2010-05-11T05:02:39,2015-05-10T05:02:39,rejected,,,https://docs.fintechbank.in/kyc/KYC001356.pdf,2010-05-11T05:02:39
KYC001357,CUST000301,driving_license,KA1589491340420,2021-04-29T13:28:19,2026-04-28T13:28:19,pending,,,https://docs.fintechbank.in/kyc/KYC001357.pdf,2021-04-29T13:28:19
KYC001358,CUST000218,driving_license,MH2157195923478,2021-11-21T13:56:02,2030-11-19T13:56:02,verified,EMP000046,2023-03-10T00:40:45,https://docs.fintechbank.in/kyc/KYC001358.pdf,2021-11-21T13:56:02
KYC001359,CUST000092,voter_id,PIV310238,2017-11-07T01:32:13,2024-11-05T01:32:13,verified,EMP000033,2023-10-16T01:33:44,https://docs.fintechbank.in/kyc/KYC001359.pdf,2017-11-07T01:32:13
KYC001360,CUST000771,aadhar,XXXX-XXXX-9434,2018-06-23T15:18:41,2024-06-21T15:18:41,rejected,,,https://docs.fintechbank.in/kyc/KYC001360.pdf,2018-06-23T15:18:41
KYC001361,CUST000371,voter_id,JRA804754,2014-06-29T05:22:12,2020-06-27T05:22:12,verified,EMP000033,2021-09-01T00:59:25,https://docs.fintechbank.in/kyc/KYC001361.pdf,2014-06-29T05:22:12
KYC001362,CUST000273,passport,S1969222,2010-07-16T17:31:10,2020-07-13T17:31:10,pending,,,https://docs.fintechbank.in/kyc/KYC001362.pdf,2010-07-16T17:31:10
KYC001363,CUST000603,driving_license,GJ8722403621109,2012-05-17T15:23:55,2017-05-16T15:23:55,verified,EMP000037,2015-08-09T12:32:54,https://docs.fintechbank.in/kyc/KYC001363.pdf,2012-05-17T15:23:55
KYC001364,CUST000716,passport,L9308023,2010-02-01T00:25:59,2018-01-30T00:25:59,verified,EMP000056,2016-12-21T07:44:19,https://docs.fintechbank.in/kyc/KYC001364.pdf,2010-02-01T00:25:59
KYC001365,CUST000423,passport,P4182291,2020-09-03T23:37:42,2028-09-01T23:37:42,verified,EMP000013,2020-10-12T06:32:34,https://docs.fintechbank.in/kyc/KYC001365.pdf,2020-09-03T23:37:42
KYC001366,CUST000767,passport,U1799446,2012-03-16T19:50:32,2019-03-15T19:50:32,verified,EMP000050,2017-04-10T16:49:40,https://docs.fintechbank.in/kyc/KYC001366.pdf,2012-03-16T19:50:32
KYC001367,CUST000233,pan,OMZFA5297P,2020-06-06T11:43:47,2028-06-04T11:43:47,rejected,,,https://docs.fintechbank.in/kyc/KYC001367.pdf,2020-06-06T11:43:47
KYC001368,CUST000785,driving_license,KA9498863777888,2013-12-03T05:15:20,2019-12-02T05:15:20,verified,EMP000059,2021-10-27T07:25:58,https://docs.fintechbank.in/kyc/KYC001368.pdf,2013-12-03T05:15:20
KYC001369,CUST000566,aadhar,XXXX-XXXX-7507,2022-02-20T07:29:38,2027-02-19T07:29:38,verified,EMP000078,2023-05-02T15:04:27,https://docs.fintechbank.in/kyc/KYC001369.pdf,2022-02-20T07:29:38
KYC001370,CUST000330,passport,U7584493,2020-09-24T13:32:34,2026-09-23T13:32:34,verified,EMP000095,2023-12-30T00:53:47,https://docs.fintechbank.in/kyc/KYC001370.pdf,2020-09-24T13:32:34
KYC001371,CUST000930,passport,I7504714,2021-05-14T11:04:13,2031-05-12T11:04:13,pending,,,https://docs.fintechbank.in/kyc/KYC001371.pdf,2021-05-14T11:04:13
KYC001372,CUST000188,voter_id,DSQ597607,2020-06-14T04:53:12,2026-06-13T04:53:12,verified,EMP000078,2024-04-25T11:38:21,https://docs.fintechbank.in/kyc/KYC001372.pdf,2020-06-14T04:53:12
KYC001373,CUST000186,passport,T3852880,2020-06-13T19:34:08,2030-06-11T19:34:08,verified,EMP000060,2022-10-24T15:50:44,https://docs.fintechbank.in/kyc/KYC001373.pdf,2020-06-13T19:34:08
KYC001374,CUST000019,aadhar,XXXX-XXXX-6268,2016-10-20T18:00:31,2023-10-19T18:00:31,verified,EMP000021,2019-10-30T15:14:32,https://docs.fintechbank.in/kyc/KYC001374.pdf,2016-10-20T18:00:31
KYC001375,CUST000742,aadhar,XXXX-XXXX-6703,2018-03-17T22:29:03,2023-03-16T22:29:03,verified,EMP000014,2019-02-04T12:53:18,https://docs.fintechbank.in/kyc/KYC001375.pdf,2018-03-17T22:29:03
KYC001376,CUST000963,passport,D5038756,2016-01-16T03:25:00,2026-01-13T03:25:00,verified,EMP000070,2024-09-05T07:38:33,https://docs.fintechbank.in/kyc/KYC001376.pdf,2016-01-16T03:25:00
KYC001377,CUST000024,passport,O9741888,2019-02-24T06:43:21,2027-02-22T06:43:21,verified,EMP000079,2020-02-28T14:54:07,https://docs.fintechbank.in/kyc/KYC001377.pdf,2019-02-24T06:43:21
KYC001378,CUST000621,passport,I6521772,2010-03-27T15:41:41,2018-03-25T15:41:41,verified,EMP000006,2019-08-15T06:40:08,https://docs.fintechbank.in/kyc/KYC001378.pdf,2010-03-27T15:41:41
KYC001379,CUST000957,passport,D3614855,2013-06-03T19:38:37,2023-06-01T19:38:37,verified,EMP000079,2015-09-26T22:05:35,https://docs.fintechbank.in/kyc/KYC001379.pdf,2013-06-03T19:38:37
KYC001380,CUST000840,voter_id,ILA946663,2017-11-01T20:25:21,2022-10-31T20:25:21,pending,,,https://docs.fintechbank.in/kyc/KYC001380.pdf,2017-11-01T20:25:21
KYC001381,CUST000656,driving_license,GJ1189761086277,2019-06-09T11:35:38,2029-06-06T11:35:38,verified,EMP000029,2022-07-30T16:40:24,https://docs.fintechbank.in/kyc/KYC001381.pdf,2019-06-09T11:35:38
KYC001382,CUST000425,voter_id,UMX168785,2016-06-18T11:33:34,2021-06-17T11:33:34,verified,EMP000091,2018-11-28T07:42:26,https://docs.fintechbank.in/kyc/KYC001382.pdf,2016-06-18T11:33:34
KYC001383,CUST000308,passport,L6571402,2013-05-12T04:20:08,2020-05-10T04:20:08,verified,EMP000078,2020-11-20T17:55:55,https://docs.fintechbank.in/kyc/KYC001383.pdf,2013-05-12T04:20:08
KYC001384,CUST000230,aadhar,XXXX-XXXX-7194,2013-10-22T10:19:02,2018-10-21T10:19:02,verified,EMP000090,2015-12-22T05:08:47,https://docs.fintechbank.in/kyc/KYC001384.pdf,2013-10-22T10:19:02
KYC001385,CUST000668,pan,GUQSN1174Q,2015-05-24T13:48:12,2023-05-22T13:48:12,verified,EMP000004,2023-11-11T02:34:10,https://docs.fintechbank.in/kyc/KYC001385.pdf,2015-05-24T13:48:12
KYC001386,CUST000696,voter_id,EUA488666,2023-04-05T05:05:53,2032-04-02T05:05:53,pending,,,https://docs.fintechbank.in/kyc/KYC001386.pdf,2023-04-05T05:05:53
KYC001387,CUST000350,aadhar,XXXX-XXXX-5546,2010-09-12T06:20:48,2018-09-10T06:20:48,verified,EMP000035,2010-09-26T09:21:31,https://docs.fintechbank.in/kyc/KYC001387.pdf,2010-09-12T06:20:48
KYC001388,CUST000544,driving_license,TN4233579445812,2012-09-13T02:00:06,2017-09-12T02:00:06,pending,,,https://docs.fintechbank.in/kyc/KYC001388.pdf,2012-09-13T02:00:06
KYC001389,CUST000329,driving_license,KA9470756290897,2019-06-07T10:16:06,2028-06-04T10:16:06,verified,EMP000032,2024-11-26T21:55:45,https://docs.fintechbank.in/kyc/KYC001389.pdf,2019-06-07T10:16:06
KYC001390,CUST000944,voter_id,VAV330251,2021-04-21T21:05:16,2031-04-19T21:05:16,rejected,,,https://docs.fintechbank.in/kyc/KYC001390.pdf,2021-04-21T21:05:16
KYC001391,CUST000701,aadhar,XXXX-XXXX-6308,2023-12-01T23:17:54,2030-11-29T23:17:54,verified,EMP000090,2025-01-06T18:03:26,https://docs.fintechbank.in/kyc/KYC001391.pdf,2023-12-01T23:17:54
KYC001392,CUST000161,passport,O1790541,2019-01-21T01:00:57,2027-01-19T01:00:57,rejected,,,https://docs.fintechbank.in/kyc/KYC001392.pdf,2019-01-21T01:00:57
KYC001393,CUST000591,aadhar,XXXX-XXXX-4252,2012-06-09T02:00:20,2021-06-07T02:00:20,verified,EMP000066,2015-12-27T17:29:59,https://docs.fintechbank.in/kyc/KYC001393.pdf,2012-06-09T02:00:20
KYC001394,CUST000324,passport,W8314108,2013-02-22T00:33:03,2020-02-21T00:33:03,pending,,,https://docs.fintechbank.in/kyc/KYC001394.pdf,2013-02-22T00:33:03
KYC001395,CUST000861,passport,G7160557,2021-04-11T21:54:06,2028-04-09T21:54:06,rejected,,,https://docs.fintechbank.in/kyc/KYC001395.pdf,2021-04-11T21:54:06
KYC001396,CUST000571,pan,UENPE1096V,2013-08-19T09:31:51,2022-08-17T09:31:51,verified,EMP000049,2014-01-28T21:15:36,https://docs.fintechbank.in/kyc/KYC001396.pdf,2013-08-19T09:31:51
KYC001397,CUST000215,passport,U9703813,2020-11-08T01:31:08,2030-11-06T01:31:08,verified,EMP000001,2023-12-22T17:30:10,https://docs.fintechbank.in/kyc/KYC001397.pdf,2020-11-08T01:31:08
KYC001398,CUST000288,pan,MZUPQ2604A,2022-07-27T02:49:28,2032-07-24T02:49:28,pending,,,https://docs.fintechbank.in/kyc/KYC001398.pdf,2022-07-27T02:49:28
KYC001399,CUST000647,pan,DUJIE7938R,2016-03-14T22:20:21,2022-03-13T22:20:21,verified,EMP000038,2020-03-22T16:38:54,https://docs.fintechbank.in/kyc/KYC001399.pdf,2016-03-14T22:20:21
KYC001400,CUST000232,driving_license,GJ6255971985470,2012-05-20T06:42:36,2020-05-18T06:42:36,verified,EMP000023,2017-01-03T10:51:22,https://docs.fintechbank.in/kyc/KYC001400.pdf,2012-05-20T06:42:36
KYC001401,CUST000537,aadhar,XXXX-XXXX-7212,2016-05-05T21:38:40,2022-05-04T21:38:40,verified,EMP000031,2025-01-11T23:23:36,https://docs.fintechbank.in/kyc/KYC001401.pdf,2016-05-05T21:38:40
KYC001402,CUST000920,voter_id,JUN165875,2019-07-27T14:18:58,2029-07-24T14:18:58,verified,EMP000089,2021-04-18T03:36:15,https://docs.fintechbank.in/kyc/KYC001402.pdf,2019-07-27T14:18:58
KYC001403,CUST000722,passport,G1465464,2020-05-12T08:54:51,2027-05-11T08:54:51,verified,EMP000053,2021-02-26T14:49:05,https://docs.fintechbank.in/kyc/KYC001403.pdf,2020-05-12T08:54:51
KYC001404,CUST000938,pan,JJKUQ9576Y,2013-03-08T19:16:41,2023-03-06T19:16:41,pending,,,https://docs.fintechbank.in/kyc/KYC001404.pdf,2013-03-08T19:16:41
KYC001405,CUST000406,passport,I3967734,2015-04-15T15:29:40,2024-04-12T15:29:40,verified,EMP000063,2016-11-20T15:26:00,https://docs.fintechbank.in/kyc/KYC001405.pdf,2015-04-15T15:29:40
KYC001406,CUST000333,voter_id,PHG777555,2013-03-27T07:19:35,2021-03-25T07:19:35,verified,EMP000034,2022-01-19T14:34:51,https://docs.fintechbank.in/kyc/KYC001406.pdf,2013-03-27T07:19:35
KYC001407,CUST000103,pan,TWCIP7385N,2020-01-02T12:35:11,2027-12-31T12:35:11,verified,EMP000081,2021-04-04T05:32:58,https://docs.fintechbank.in/kyc/KYC001407.pdf,2020-01-02T12:35:11
KYC001408,CUST000362,aadhar,XXXX-XXXX-7467,2013-05-30T00:33:59,2020-05-28T00:33:59,verified,EMP000045,2020-08-07T19:55:45,https://docs.fintechbank.in/kyc/KYC001408.pdf,2013-05-30T00:33:59
KYC001409,CUST000370,pan,YXTUP9814J,2011-04-11T10:45:42,2021-04-08T10:45:42,verified,EMP000035,2025-05-05T00:58:32,https://docs.fintechbank.in/kyc/KYC001409.pdf,2011-04-11T10:45:42
KYC001410,CUST000264,voter_id,HJD215183,2011-09-11T21:48:23,2017-09-09T21:48:23,verified,EMP000023,2021-07-17T00:08:56,https://docs.fintechbank.in/kyc/KYC001410.pdf,2011-09-11T21:48:23
KYC001411,CUST000763,driving_license,KA2319354490938,2016-02-18T18:31:09,2024-02-16T18:31:09,rejected,,,https://docs.fintechbank.in/kyc/KYC001411.pdf,2016-02-18T18:31:09
KYC001412,CUST000579,passport,G7869841,2021-05-12T13:41:42,2030-05-10T13:41:42,rejected,,,https://docs.fintechbank.in/kyc/KYC001412.pdf,2021-05-12T13:41:42
KYC001413,CUST000350,passport,Z6910545,2014-03-16T02:23:49,2019-03-15T02:23:49,pending,,,https://docs.fintechbank.in/kyc/KYC001413.pdf,2014-03-16T02:23:49
KYC001414,CUST000011,passport,P2495092,2021-03-10T05:06:04,2028-03-08T05:06:04,verified,EMP000091,2023-07-10T00:27:47,https://docs.fintechbank.in/kyc/KYC001414.pdf,2021-03-10T05:06:04
KYC001415,CUST000048,aadhar,XXXX-XXXX-6194,2014-08-27T17:52:54,2022-08-25T17:52:54,verified,EMP000073,2020-01-19T23:32:39,https://docs.fintechbank.in/kyc/KYC001415.pdf,2014-08-27T17:52:54
KYC001416,CUST000282,driving_license,TN6240836278650,2017-12-02T04:37:07,2025-11-30T04:37:07,verified,EMP000031,2022-02-28T07:32:19,https://docs.fintechbank.in/kyc/KYC001416.pdf,2017-12-02T04:37:07
KYC001417,CUST000200,voter_id,IGM108288,2022-07-12T14:30:57,2032-07-09T14:30:57,verified,EMP000030,2022-10-23T09:05:59,https://docs.fintechbank.in/kyc/KYC001417.pdf,2022-07-12T14:30:57
KYC001418,CUST000863,passport,A2577131,2016-01-18T01:57:41,2023-01-16T01:57:41,verified,EMP000080,2020-09-12T01:11:36,https://docs.fintechbank.in/kyc/KYC001418.pdf,2016-01-18T01:57:41
KYC001419,CUST000696,voter_id,MEB364349,2021-03-11T05:05:13,2030-03-09T05:05:13,verified,EMP000033,2021-03-18T01:55:55,https://docs.fintechbank.in/kyc/KYC001419.pdf,2021-03-11T05:05:13
KYC001420,CUST000699,passport,H9431567,2014-05-30T20:03:55,2022-05-28T20:03:55,verified,EMP000098,2016-06-07T14:32:24,https://docs.fintechbank.in/kyc/KYC001420.pdf,2014-05-30T20:03:55
KYC001421,CUST000615,pan,DXLQS3781W,2016-08-22T05:19:17,2022-08-21T05:19:17,verified,EMP000063,2016-10-04T22:20:12,https://docs.fintechbank.in/kyc/KYC001421.pdf,2016-08-22T05:19:17
KYC001422,CUST000286,pan,QEUID2636M,2010-06-07T19:16:51,2016-06-05T19:16:51,verified,EMP000008,2016-04-17T20:49:17,https://docs.fintechbank.in/kyc/KYC001422.pdf,2010-06-07T19:16:51
KYC001423,CUST000299,aadhar,XXXX-XXXX-6465,2013-11-01T00:18:04,2023-10-30T00:18:04,verified,EMP000100,2018-08-14T22:50:28,https://docs.fintechbank.in/kyc/KYC001423.pdf,2013-11-01T00:18:04
KYC001424,CUST000955,voter_id,MAQ919825,2015-04-24T12:28:24,2023-04-22T12:28:24,rejected,,,https://docs.fintechbank.in/kyc/KYC001424.pdf,2015-04-24T12:28:24
KYC001425,CUST000792,pan,YUZHJ6672T,2021-11-14T14:15:46,2027-11-13T14:15:46,verified,EMP000087,2024-04-11T18:58:47,https://docs.fintechbank.in/kyc/KYC001425.pdf,2021-11-14T14:15:46
KYC001426,CUST000014,passport,O5095826,2017-08-13T23:08:24,2025-08-11T23:08:24,verified,EMP000087,2021-06-18T06:41:12,https://docs.fintechbank.in/kyc/KYC001426.pdf,2017-08-13T23:08:24
KYC001427,CUST000700,aadhar,XXXX-XXXX-3826,2020-03-29T01:24:42,2030-03-27T01:24:42,verified,EMP000074,2021-08-19T19:05:33,https://docs.fintechbank.in/kyc/KYC001427.pdf,2020-03-29T01:24:42
KYC001428,CUST000407,pan,ZZINB2030P,2014-03-05T03:45:39,2020-03-03T03:45:39,verified,EMP000025,2018-05-27T19:19:00,https://docs.fintechbank.in/kyc/KYC001428.pdf,2014-03-05T03:45:39
KYC001429,CUST000005,voter_id,DTL402935,2010-06-01T04:18:37,2020-05-29T04:18:37,verified,EMP000060,2011-10-01T23:35:30,https://docs.fintechbank.in/kyc/KYC001429.pdf,2010-06-01T04:18:37
KYC001430,CUST000199,voter_id,GWQ740326,2012-12-31T16:12:25,2019-12-30T16:12:25,verified,EMP000071,2018-01-07T01:04:20,https://docs.fintechbank.in/kyc/KYC001430.pdf,2012-12-31T16:12:25
KYC001431,CUST000973,driving_license,MH2391972193644,2017-03-11T21:31:58,2026-03-09T21:31:58,verified,EMP000067,2025-03-31T20:26:12,https://docs.fintechbank.in/kyc/KYC001431.pdf,2017-03-11T21:31:58
KYC001432,CUST000862,aadhar,XXXX-XXXX-2564,2017-02-04T20:00:04,2022-02-03T20:00:04,verified,EMP000045,2018-07-27T02:38:09,https://docs.fintechbank.in/kyc/KYC001432.pdf,2017-02-04T20:00:04
KYC001433,CUST000076,driving_license,TN3373599804207,2014-01-17T16:08:24,2024-01-15T16:08:24,verified,EMP000086,2021-06-25T08:02:19,https://docs.fintechbank.in/kyc/KYC001433.pdf,2014-01-17T16:08:24
KYC001434,CUST000009,voter_id,TZT205960,2021-01-17T14:36:00,2028-01-16T14:36:00,verified,EMP000044,2022-07-12T06:22:30,https://docs.fintechbank.in/kyc/KYC001434.pdf,2021-01-17T14:36:00
KYC001435,CUST000311,voter_id,NVI438732,2010-10-04T02:22:42,2016-10-02T02:22:42,pending,,,https://docs.fintechbank.in/kyc/KYC001435.pdf,2010-10-04T02:22:42
KYC001436,CUST000971,pan,ELLEZ8666Z,2010-11-04T22:57:52,2016-11-02T22:57:52,rejected,,,https://docs.fintechbank.in/kyc/KYC001436.pdf,2010-11-04T22:57:52
KYC001437,CUST000668,driving_license,GJ8766740963849,2020-08-02T09:13:35,2028-07-31T09:13:35,verified,EMP000095,2025-04-28T21:40:16,https://docs.fintechbank.in/kyc/KYC001437.pdf,2020-08-02T09:13:35
KYC001438,CUST000428,pan,CHJCB9678V,2010-04-23T07:46:56,2018-04-21T07:46:56,verified,EMP000071,2012-07-10T18:46:54,https://docs.fintechbank.in/kyc/KYC001438.pdf,2010-04-23T07:46:56
KYC001439,CUST000694,passport,V8596038,2023-09-01T22:24:17,2030-08-30T22:24:17,rejected,,,https://docs.fintechbank.in/kyc/KYC001439.pdf,2023-09-01T22:24:17
KYC001440,CUST000154,pan,WOCOU1561N,2020-12-29T18:21:20,2029-12-27T18:21:20,verified,EMP000040,2025-05-19T12:58:12,https://docs.fintechbank.in/kyc/KYC001440.pdf,2020-12-29T18:21:20
KYC001441,CUST000486,driving_license,TN9071933773440,2021-03-12T02:34:16,2026-03-11T02:34:16,verified,EMP000054,2025-05-14T22:34:31,https://docs.fintechbank.in/kyc/KYC001441.pdf,2021-03-12T02:34:16
KYC001442,CUST000578,passport,E9874524,2023-04-20T11:04:42,2033-04-17T11:04:42,verified,EMP000043,2023-06-05T13:22:15,https://docs.fintechbank.in/kyc/KYC001442.pdf,2023-04-20T11:04:42
KYC001443,CUST000180,voter_id,EJD357474,2020-08-07T03:37:18,2026-08-06T03:37:18,rejected,,,https://docs.fintechbank.in/kyc/KYC001443.pdf,2020-08-07T03:37:18
KYC001444,CUST000179,aadhar,XXXX-XXXX-7641,2014-05-04T05:52:42,2021-05-02T05:52:42,verified,EMP000006,2014-06-19T11:42:26,https://docs.fintechbank.in/kyc/KYC001444.pdf,2014-05-04T05:52:42
KYC001445,CUST000572,passport,E4347853,2019-08-05T08:08:58,2029-08-02T08:08:58,verified,EMP000081,2022-09-07T09:08:33,https://docs.fintechbank.in/kyc/KYC001445.pdf,2019-08-05T08:08:58
KYC001446,CUST000319,voter_id,SER858050,2015-07-02T23:19:34,2021-06-30T23:19:34,verified,EMP000030,2021-11-21T06:31:24,https://docs.fintechbank.in/kyc/KYC001446.pdf,2015-07-02T23:19:34
KYC001447,CUST000922,pan,ETCMQ1502G,2023-12-24T23:58:56,2031-12-22T23:58:56,verified,EMP000052,2025-08-19T15:39:03,https://docs.fintechbank.in/kyc/KYC001447.pdf,2023-12-24T23:58:56
KYC001448,CUST000004,passport,N4186348,2021-08-06T17:23:03,2031-08-04T17:23:03,verified,EMP000024,2022-02-17T06:44:29,https://docs.fintechbank.in/kyc/KYC001448.pdf,2021-08-06T17:23:03
KYC001449,CUST000917,pan,MNKEE4553I,2016-03-25T17:43:46,2023-03-24T17:43:46,verified,EMP000030,2021-09-27T02:35:20,https://docs.fintechbank.in/kyc/KYC001449.pdf,2016-03-25T17:43:46
KYC001450,CUST000502,aadhar,XXXX-XXXX-1419,2023-11-16T17:23:32,2029-11-14T17:23:32,verified,EMP000078,2023-12-21T19:28:06,https://docs.fintechbank.in/kyc/KYC001450.pdf,2023-11-16T17:23:32
KYC001451,CUST000921,driving_license,KA4048696763504,2017-03-08T17:29:49,2022-03-07T17:29:49,verified,EMP000027,2021-12-19T20:02:00,https://docs.fintechbank.in/kyc/KYC001451.pdf,2017-03-08T17:29:49
KYC001452,CUST000529,aadhar,XXXX-XXXX-3790,2014-11-08T19:21:01,2023-11-06T19:21:01,verified,EMP000015,2016-08-21T15:21:17,https://docs.fintechbank.in/kyc/KYC001452.pdf,2014-11-08T19:21:01
KYC001453,CUST000997,voter_id,SAY387705,2012-09-07T02:32:07,2022-09-05T02:32:07,pending,,,https://docs.fintechbank.in/kyc/KYC001453.pdf,2012-09-07T02:32:07
KYC001454,CUST000153,aadhar,XXXX-XXXX-5221,2015-02-21T04:02:56,2022-02-19T04:02:56,verified,EMP000082,2017-11-26T04:59:02,https://docs.fintechbank.in/kyc/KYC001454.pdf,2015-02-21T04:02:56
KYC001455,CUST000994,voter_id,FRM255506,2012-08-15T20:56:11,2020-08-13T20:56:11,verified,EMP000061,2013-11-14T20:55:04,https://docs.fintechbank.in/kyc/KYC001455.pdf,2012-08-15T20:56:11
KYC001456,CUST000594,driving_license,MH2353637263241,2023-01-27T03:43:57,2028-01-26T03:43:57,verified,EMP000077,2023-12-04T05:01:38,https://docs.fintechbank.in/kyc/KYC001456.pdf,2023-01-27T03:43:57
KYC001457,CUST000677,voter_id,IWY876368,2021-01-25T18:32:01,2030-01-23T18:32:01,rejected,,,https://docs.fintechbank.in/kyc/KYC001457.pdf,2021-01-25T18:32:01
KYC001458,CUST000314,passport,F1737878,2016-04-23T11:32:08,2023-04-22T11:32:08,verified,EMP000047,2025-01-28T06:12:58,https://docs.fintechbank.in/kyc/KYC001458.pdf,2016-04-23T11:32:08
KYC001459,CUST000485,driving_license,DL2293123908067,2018-09-24T08:46:26,2026-09-22T08:46:26,verified,EMP000074,2025-02-02T21:18:33,https://docs.fintechbank.in/kyc/KYC001459.pdf,2018-09-24T08:46:26
KYC001460,CUST000314,pan,LJWKT5267T,2017-09-25T07:52:03,2024-09-23T07:52:03,verified,EMP000017,2017-10-04T19:41:47,https://docs.fintechbank.in/kyc/KYC001460.pdf,2017-09-25T07:52:03
KYC001461,CUST000412,aadhar,XXXX-XXXX-5746,2014-10-03T15:55:32,2019-10-02T15:55:32,verified,EMP000086,2016-08-11T11:33:52,https://docs.fintechbank.in/kyc/KYC001461.pdf,2014-10-03T15:55:32
KYC001462,CUST000288,driving_license,KA9161563574850,2014-06-18T04:56:57,2021-06-16T04:56:57,verified,EMP000092,2019-08-21T23:16:09,https://docs.fintechbank.in/kyc/KYC001462.pdf,2014-06-18T04:56:57
KYC001463,CUST000292,pan,XNTZR7681E,2012-03-23T10:56:37,2017-03-22T10:56:37,verified,EMP000034,2019-03-17T00:18:43,https://docs.fintechbank.in/kyc/KYC001463.pdf,2012-03-23T10:56:37
KYC001464,CUST000427,passport,E8577366,2019-10-04T21:30:07,2024-10-02T21:30:07,pending,,,https://docs.fintechbank.in/kyc/KYC001464.pdf,2019-10-04T21:30:07
KYC001465,CUST000592,voter_id,AHG672340,2010-11-23T03:39:08,2019-11-21T03:39:08,pending,,,https://docs.fintechbank.in/kyc/KYC001465.pdf,2010-11-23T03:39:08
KYC001466,CUST000320,pan,DRAUZ8838F,2013-02-14T01:04:57,2021-02-12T01:04:57,verified,EMP000094,2017-03-20T13:41:45,https://docs.fintechbank.in/kyc/KYC001466.pdf,2013-02-14T01:04:57
KYC001467,CUST000043,pan,OOYVI3978W,2011-04-19T15:09:45,2018-04-17T15:09:45,verified,EMP000078,2014-02-18T16:43:44,https://docs.fintechbank.in/kyc/KYC001467.pdf,2011-04-19T15:09:45
KYC001468,CUST000781,driving_license,TN6033274747080,2019-02-08T23:48:18,2028-02-06T23:48:18,verified,EMP000093,2022-08-29T19:14:42,https://docs.fintechbank.in/kyc/KYC001468.pdf,2019-02-08T23:48:18
KYC001469,CUST000954,driving_license,MH1779285478614,2022-06-13T11:03:49,2031-06-11T11:03:49,pending,,,https://docs.fintechbank.in/kyc/KYC001469.pdf,2022-06-13T11:03:49
KYC001470,CUST000513,pan,YHDKJ3248I,2010-09-02T03:41:12,2016-08-31T03:41:12,verified,EMP000027,2016-02-21T06:08:10,https://docs.fintechbank.in/kyc/KYC001470.pdf,2010-09-02T03:41:12
KYC001471,CUST000344,aadhar,XXXX-XXXX-1905,2015-07-22T20:03:47,2020-07-20T20:03:47,pending,,,https://docs.fintechbank.in/kyc/KYC001471.pdf,2015-07-22T20:03:47
KYC001472,CUST000959,pan,EGBXM5553N,2017-11-09T22:22:56,2026-11-07T22:22:56,verified,EMP000075,2019-07-08T01:08:53,https://docs.fintechbank.in/kyc/KYC001472.pdf,2017-11-09T22:22:56
KYC001473,CUST000093,aadhar,XXXX-XXXX-2859,2011-06-17T16:45:00,2019-06-15T16:45:00,verified,EMP000033,2025-09-03T04:59:47,https://docs.fintechbank.in/kyc/KYC001473.pdf,2011-06-17T16:45:00
KYC001474,CUST000488,driving_license,GJ4811954622365,2019-07-26T20:35:26,2028-07-23T20:35:26,pending,,,https://docs.fintechbank.in/kyc/KYC001474.pdf,2019-07-26T20:35:26
KYC001475,CUST000203,voter_id,XMB675887,2023-08-08T19:10:47,2031-08-06T19:10:47,verified,EMP000050,2024-09-25T20:08:29,https://docs.fintechbank.in/kyc/KYC001475.pdf,2023-08-08T19:10:47
KYC001476,CUST000782,pan,DPKXH6850R,2014-04-06T02:47:44,2019-04-05T02:47:44,pending,,,https://docs.fintechbank.in/kyc/KYC001476.pdf,2014-04-06T02:47:44
KYC001477,CUST000719,pan,EUOTF7669S,2013-08-01T14:10:57,2018-07-31T14:10:57,verified,EMP000031,2014-05-21T01:41:32,https://docs.fintechbank.in/kyc/KYC001477.pdf,2013-08-01T14:10:57
KYC001478,CUST000774,pan,DWGHT7000A,2011-02-12T11:21:46,2021-02-09T11:21:46,verified,EMP000046,2020-01-07T10:13:06,https://docs.fintechbank.in/kyc/KYC001478.pdf,2011-02-12T11:21:46
KYC001479,CUST000065,driving_license,DL2955685631144,2016-06-01T04:08:46,2024-05-30T04:08:46,verified,EMP000012,2023-08-02T08:02:08,https://docs.fintechbank.in/kyc/KYC001479.pdf,2016-06-01T04:08:46
KYC001480,CUST000551,passport,V6980402,2019-11-13T02:59:44,2024-11-11T02:59:44,pending,,,https://docs.fintechbank.in/kyc/KYC001480.pdf,2019-11-13T02:59:44
KYC001481,CUST000028,driving_license,KA8575788522660,2018-04-22T19:32:52,2023-04-21T19:32:52,rejected,,,https://docs.fintechbank.in/kyc/KYC001481.pdf,2018-04-22T19:32:52
KYC001482,CUST000690,pan,FFODZ3761X,2010-11-21T09:26:44,2016-11-19T09:26:44,verified,EMP000067,2022-11-25T17:36:24,https://docs.fintechbank.in/kyc/KYC001482.pdf,2010-11-21T09:26:44
KYC001483,CUST000980,aadhar,XXXX-XXXX-7873,2020-01-29T03:25:14,2027-01-27T03:25:14,verified,EMP000098,2025-07-15T06:16:06,https://docs.fintechbank.in/kyc/KYC001483.pdf,2020-01-29T03:25:14
KYC001484,CUST000963,passport,A6945899,2016-09-08T01:30:27,2023-09-07T01:30:27,verified,EMP000039,2019-10-20T15:57:23,https://docs.fintechbank.in/kyc/KYC001484.pdf,2016-09-08T01:30:27
KYC001485,CUST000194,passport,C1092259,2013-10-27T00:38:53,2023-10-25T00:38:53,verified,EMP000012,2025-05-01T11:41:57,https://docs.fintechbank.in/kyc/KYC001485.pdf,2013-10-27T00:38:53
KYC001486,CUST000310,passport,G9345151,2023-09-19T14:30:26,2028-09-17T14:30:26,verified,EMP000094,2025-03-20T06:05:23,https://docs.fintechbank.in/kyc/KYC001486.pdf,2023-09-19T14:30:26
KYC001487,CUST000132,aadhar,XXXX-XXXX-9683,2015-02-22T05:14:15,2023-02-20T05:14:15,verified,EMP000021,2018-09-19T12:01:46,https://docs.fintechbank.in/kyc/KYC001487.pdf,2015-02-22T05:14:15
KYC001488,CUST000905,voter_id,RZU519641,2018-08-07T21:00:26,2025-08-05T21:00:26,verified,EMP000017,2022-12-19T16:31:05,https://docs.fintechbank.in/kyc/KYC001488.pdf,2018-08-07T21:00:26
KYC001489,CUST000254,driving_license,MH4474939199027,2013-09-03T16:16:19,2022-09-01T16:16:19,verified,EMP000060,2015-08-19T18:22:13,https://docs.fintechbank.in/kyc/KYC001489.pdf,2013-09-03T16:16:19
KYC001490,CUST000095,driving_license,MH6813884446048,2012-05-18T05:49:16,2022-05-16T05:49:16,rejected,,,https://docs.fintechbank.in/kyc/KYC001490.pdf,2012-05-18T05:49:16
KYC001491,CUST000949,driving_license,TN8579800711138,2010-07-16T21:08:10,2019-07-14T21:08:10,verified,EMP000011,2016-12-26T06:48:16,https://docs.fintechbank.in/kyc/KYC001491.pdf,2010-07-16T21:08:10
KYC001492,CUST000555,passport,F5314359,2020-06-16T16:34:34,2027-06-15T16:34:34,pending,,,https://docs.fintechbank.in/kyc/KYC001492.pdf,2020-06-16T16:34:34
KYC001493,CUST000156,passport,C3608520,2012-05-01T17:14:11,2017-04-30T17:14:11,verified,EMP000071,2017-05-08T07:20:53,https://docs.fintechbank.in/kyc/KYC001493.pdf,2012-05-01T17:14:11
KYC001494,CUST000920,driving_license,MH9864522952216,2017-02-11T21:24:37,2022-02-10T21:24:37,verified,EMP000040,2022-01-28T02:34:11,https://docs.fintechbank.in/kyc/KYC001494.pdf,2017-02-11T21:24:37
KYC001495,CUST000900,pan,ZFXGH7323X,2020-08-27T20:31:55,2029-08-25T20:31:55,verified,EMP000023,2025-05-19T06:19:28,https://docs.fintechbank.in/kyc/KYC001495.pdf,2020-08-27T20:31:55
KYC001496,CUST000486,passport,E1253506,2014-09-27T05:26:53,2021-09-25T05:26:53,pending,,,https://docs.fintechbank.in/kyc/KYC001496.pdf,2014-09-27T05:26:53
KYC001497,CUST000047,passport,B8573189,2019-12-09T06:24:12,2024-12-07T06:24:12,verified,EMP000061,2025-08-13T22:34:52,https://docs.fintechbank.in/kyc/KYC001497.pdf,2019-12-09T06:24:12
KYC001498,CUST000280,aadhar,XXXX-XXXX-8758,2023-11-24T18:44:26,2033-11-21T18:44:26,verified,EMP000056,2023-11-30T05:18:41,https://docs.fintechbank.in/kyc/KYC001498.pdf,2023-11-24T18:44:26
KYC001499,CUST000274,aadhar,XXXX-XXXX-4395,2012-05-09T07:52:21,2022-05-07T07:52:21,verified,EMP000057,2016-10-13T20:21:15,https://docs.fintechbank.in/kyc/KYC001499.pdf,2012-05-09T07:52:21
KYC001500,CUST000108,pan,LALNJ4852F,2015-05-31T02:46:43,2021-05-29T02:46:43,verified,EMP000073,2022-07-25T04:03:41,https://docs.fintechbank.in/kyc/KYC001500.pdf,2015-05-31T02:46:43
