ticket_id,customer_id,category,subject,description,priority,status,assigned_agent_id,created_date,resolved_date,resolution_notes,channel,satisfaction_rating,created_at
TKT000001,CUST000689,fraud_report,Fraud Report Issue,Dignissimos quae cum eligendi illo earum modi quisquam cum repudiandae.,medium,resolved,EMP000021,2024-08-09T22:44:44,2025-11-25T12:18:34,Iure repellat suscipit est molestias ipsum.,chat,5,2024-08-09T22:44:44
TKT000002,CUST000373,card_issue,Card Issue Issue,Tenetur a odit veniam cum nostrum vero impedit nostrum eveniet accusantium.,low,resolved,EMP000041,2026-08-31T06:46:36,2026-08-31T18:57:42,Unde repellendus deleniti ab.,email,2,2026-08-31T06:46:36
TKT000003,CUST000914,query,Query Issue,Facere ipsa eligendi doloremque explicabo ipsa distinctio odio ab in occaecati vitae qui dolore rerum id.,medium,open,EMP000013,2024-12-11T20:36:00,,,phone,,2024-12-11T20:36:00
TKT000004,CUST000260,card_issue,Card Issue Issue,Molestiae quisquam magnam ullam porro eos assumenda animi natus expedita velit dolore sit impedit repellendus.,low,open,EMP000088,2024-03-05T08:17:13,,,branch,,2024-03-05T08:17:13
TKT000005,CUST000395,loan_issue,Loan Issue Issue,Nemo magni accusantium explicabo sequi alias quasi voluptate nobis quas ut hic iusto error amet.,low,open,EMP000050,2026-06-21T02:12:57,,,email,,2026-06-21T02:12:57
TKT000006,CUST000192,account_issue,Account Issue Issue,Alias aut laudantium assumenda aspernatur quia omnis modi laborum natus consequuntur sed.,low,open,EMP000090,2025-03-05T23:38:39,,,branch,,2025-03-05T23:38:39
TKT000007,CUST000197,loan_issue,Loan Issue Issue,Sint adipisci odio harum dicta ducimus ab earum enim debitis ea laboriosam.,medium,closed,EMP000093,2025-11-08T01:44:59,2026-01-15T07:49:54,Ex eos sequi illum magni iure fugit.,email,2,2025-11-08T01:44:59
TKT000008,CUST000538,complaint,Complaint Issue,Quos voluptatum quibusdam provident consequuntur alias quae quasi laudantium voluptatem iste perspiciatis quas consequatur quas.,medium,resolved,EMP000086,2025-10-15T01:44:23,2026-07-02T12:00:21,Eligendi enim aliquid fugiat nemo aliquid.,phone,5,2025-10-15T01:44:23
TKT000009,CUST000746,complaint,Complaint Issue,Perferendis suscipit quia eligendi alias reprehenderit illum reprehenderit fuga eos cumque sed.,medium,resolved,EMP000039,2026-07-14T14:28:15,2026-07-31T17:34:05,Esse fugit atque consequuntur neque vel consequatur.,branch,2,2026-07-14T14:28:15
TKT000010,CUST000340,card_issue,Card Issue Issue,Suscipit libero perspiciatis autem iste reprehenderit expedita esse libero voluptate eaque dolores quia.,low,in_progress,EMP000020,2025-09-04T02:52:02,,,email,,2025-09-04T02:52:02
TKT000011,CUST000726,request,Request Issue,Laudantium reprehenderit quasi maiores explicabo omnis blanditiis quisquam iste iste aspernatur voluptates ea praesentium possimus.,high,closed,EMP000096,2024-09-05T05:24:33,2024-12-02T09:13:56,Porro ea dolore iste culpa ab autem.,email,5,2024-09-05T05:24:33
TKT000012,CUST000479,query,Query Issue,Voluptatibus nobis rerum neque sequi asperiores ab voluptas hic esse.,medium,in_progress,EMP000045,2024-09-02T01:34:09,,,phone,,2024-09-02T01:34:09
TKT000013,CUST000252,request,Request Issue,Eligendi fugiat necessitatibus voluptates officia distinctio quasi atque.,low,closed,EMP000084,2026-08-24T06:21:34,2026-08-25T21:31:16,Totam expedita veritatis dolore minus amet nihil architecto.,phone,2,2026-08-24T06:21:34
TKT000014,CUST000574,request,Request Issue,Architecto quo magnam voluptatibus qui facilis officia ut ratione ut id.,high,resolved,EMP000037,2026-05-01T00:11:59,2026-07-08T15:42:59,Voluptate iusto ea vitae dolorem error.,email,5,2026-05-01T00:11:59
TKT000015,CUST000033,complaint,Complaint Issue,Porro corrupti officia ab esse ipsa minima est.,medium,closed,EMP000049,2024-04-02T15:51:06,2025-09-22T09:19:54,Ad consequuntur voluptatibus ea magnam.,chat,2,2024-04-02T15:51:06
TKT000016,CUST000834,card_issue,Card Issue Issue,Blanditiis occaecati tenetur odit aspernatur quaerat sequi quam blanditiis.,high,closed,EMP000057,2026-04-06T04:41:57,2026-07-06T14:08:39,Officiis unde deleniti expedita vitae.,chat,3,2026-04-06T04:41:57
TKT000017,CUST000606,complaint,Complaint Issue,Voluptates amet nam hic fugiat maxime veniam architecto laudantium dignissimos voluptate eos culpa.,medium,open,EMP000043,2024-02-13T16:35:18,,,chat,,2024-02-13T16:35:18
TKT000018,CUST000667,card_issue,Card Issue Issue,Eum et eveniet itaque officia perspiciatis voluptas unde id qui officia occaecati unde.,low,closed,EMP000006,2026-01-06T23:04:58,2026-07-04T01:15:22,Tempora deserunt reiciendis ipsa.,phone,4,2026-01-06T23:04:58
TKT000019,CUST000082,fraud_report,Fraud Report Issue,Voluptates cum quo minima eaque quas odit a exercitationem repudiandae asperiores velit enim earum minima.,medium,resolved,EMP000088,2025-06-06T18:55:31,2025-06-17T17:36:17,Necessitatibus sit repellat dolore.,email,4,2025-06-06T18:55:31
TKT000020,CUST000892,account_issue,Account Issue Issue,Iure reiciendis eveniet eveniet debitis est dolorum.,medium,resolved,EMP000088,2026-01-06T17:53:24,2026-02-06T21:38:54,Distinctio accusantium porro quibusdam sed.,email,2,2026-01-06T17:53:24
TKT000021,CUST000879,card_issue,Card Issue Issue,Itaque harum voluptates beatae nam illo animi ducimus quia similique cumque harum repudiandae ut illo quas.,medium,closed,EMP000011,2026-01-26T03:50:59,2026-03-11T15:15:00,Nesciunt quasi excepturi iusto.,chat,5,2026-01-26T03:50:59
TKT000022,CUST000551,account_issue,Account Issue Issue,Blanditiis aut cum esse quibusdam repellat cumque impedit perferendis.,low,closed,EMP000020,2024-07-28T17:47:10,2025-07-18T15:16:40,Eum id quaerat veritatis dolorem doloribus asperiores.,phone,3,2024-07-28T17:47:10
TKT000023,CUST000923,request,Request Issue,Praesentium quam deleniti ut necessitatibus inventore hic illum.,low,resolved,EMP000034,2024-05-28T08:57:44,2025-09-06T07:00:54,Architecto soluta inventore a totam occaecati.,email,5,2024-05-28T08:57:44
TKT000024,CUST000590,fraud_report,Fraud Report Issue,Quis hic adipisci ullam vitae possimus molestias magni praesentium occaecati labore blanditiis aliquid.,critical,in_progress,EMP000019,2024-08-06T09:27:03,,,chat,,2024-08-06T09:27:03
TKT000025,CUST000787,query,Query Issue,Enim iure ab libero unde vero consequuntur beatae possimus dolorum.,medium,resolved,EMP000053,2024-02-10T07:51:09,2025-12-27T04:53:58,Occaecati nam facere veritatis libero necessitatibus.,phone,5,2024-02-10T07:51:09
TKT000026,CUST000497,card_issue,Card Issue Issue,Rem magnam voluptatibus voluptas ad ducimus consequuntur similique tempora accusantium eaque repellendus.,low,in_progress,EMP000075,2025-11-17T22:50:37,,,chat,,2025-11-17T22:50:37
TKT000027,CUST000709,request,Request Issue,Veritatis repudiandae eveniet laboriosam recusandae deserunt earum officiis fuga magnam dolorum quia laboriosam quod iure.,medium,closed,EMP000071,2025-12-23T10:56:43,2026-01-22T08:22:12,Maxime quam nulla amet neque suscipit.,branch,5,2025-12-23T10:56:43
TKT000028,CUST000470,account_issue,Account Issue Issue,Non accusamus ab repellendus voluptatem delectus excepturi reiciendis eius hic voluptatibus eos perferendis molestias blanditiis.,medium,closed,EMP000071,2026-06-17T23:32:33,2026-07-10T05:55:02,Eos quam incidunt doloremque.,chat,2,2026-06-17T23:32:33
TKT000029,CUST000937,card_issue,Card Issue Issue,Magnam maiores at dolores commodi perspiciatis eligendi deleniti mollitia.,medium,resolved,EMP000015,2025-01-07T07:08:33,2025-01-26T17:58:54,Itaque asperiores et ab autem.,chat,3,2025-01-07T07:08:33
TKT000030,CUST000889,card_issue,Card Issue Issue,Illo repudiandae sint culpa dicta nemo id.,medium,open,EMP000074,2025-02-11T15:02:12,,,phone,,2025-02-11T15:02:12
TKT000031,CUST000164,request,Request Issue,Quasi esse culpa dolore accusantium assumenda ullam quibusdam aperiam mollitia dolore repellat.,high,open,EMP000071,2025-12-20T09:44:31,,,phone,,2025-12-20T09:44:31
TKT000032,CUST000253,query,Query Issue,Necessitatibus distinctio hic doloremque porro consequuntur eius veritatis accusantium maiores voluptas tempora vel quod.,critical,closed,EMP000014,2024-12-24T18:00:27,2025-10-31T06:51:22,Nostrum animi distinctio culpa eius cumque.,chat,2,2024-12-24T18:00:27
TKT000033,CUST000102,request,Request Issue,Sed quas temporibus veniam aperiam explicabo doloremque magni culpa magnam quaerat rerum rem dicta consectetur.,medium,in_progress,EMP000069,2024-10-05T22:35:01,,,branch,,2024-10-05T22:35:01
TKT000034,CUST000218,card_issue,Card Issue Issue,Sit dignissimos iusto amet ipsum non autem adipisci iure dolorum ratione.,medium,in_progress,EMP000033,2025-07-28T02:26:46,,,phone,,2025-07-28T02:26:46
TKT000035,CUST000872,complaint,Complaint Issue,Ipsum explicabo nisi expedita accusantium saepe recusandae corporis repellendus error rerum alias occaecati laudantium dignissimos ab.,medium,resolved,EMP000014,2024-10-24T23:52:28,2025-12-27T13:10:17,Non nihil distinctio cumque.,branch,4,2024-10-24T23:52:28
TKT000036,CUST000089,fraud_report,Fraud Report Issue,Eaque provident odit neque eius iure libero natus ipsam adipisci consectetur.,low,resolved,EMP000060,2026-02-24T03:28:26,2026-03-16T23:18:54,Ratione cumque ad commodi.,chat,2,2026-02-24T03:28:26
TKT000037,CUST000038,request,Request Issue,Voluptatibus maxime quia fuga perferendis minima sunt nostrum ipsam assumenda odio fuga adipisci molestiae.,low,resolved,EMP000040,2025-07-14T23:46:04,2025-12-16T21:46:27,Necessitatibus modi illum eveniet commodi.,email,4,2025-07-14T23:46:04
TKT000038,CUST000677,query,Query Issue,Voluptatum cum rem cupiditate nemo error cum.,medium,open,EMP000026,2024-11-14T09:34:01,,,branch,,2024-11-14T09:34:01
TKT000039,CUST000038,query,Query Issue,Corrupti delectus deserunt vel voluptas cumque possimus alias vel itaque odio praesentium provident harum quibusdam.,high,open,EMP000019,2025-12-22T22:22:02,,,branch,,2025-12-22T22:22:02
TKT000040,CUST000410,query,Query Issue,Dolorum provident quod impedit reprehenderit repudiandae consequatur temporibus minima delectus animi harum corporis eius.,medium,resolved,EMP000090,2024-10-31T21:06:22,2025-03-26T09:22:31,Quisquam doloremque eaque repudiandae.,chat,1,2024-10-31T21:06:22
TKT000041,CUST000404,account_issue,Account Issue Issue,Omnis aliquam exercitationem tenetur cumque laboriosam voluptatem magni minus.,medium,closed,EMP000078,2025-08-10T14:23:32,2025-10-06T16:16:56,Laboriosam cumque eaque delectus necessitatibus tenetur quas.,branch,3,2025-08-10T14:23:32
TKT000042,CUST000358,query,Query Issue,Ea nobis amet commodi molestiae quasi eaque enim soluta inventore.,medium,closed,EMP000038,2024-05-22T05:54:29,2025-04-26T02:59:37,Eligendi porro excepturi perferendis.,branch,5,2024-05-22T05:54:29
TKT000043,CUST000229,fraud_report,Fraud Report Issue,Molestias quam voluptates illo porro provident tenetur labore.,critical,closed,EMP000022,2025-10-18T19:10:54,2026-08-20T09:14:41,Praesentium molestiae doloribus sit quia laboriosam consectetur.,branch,1,2025-10-18T19:10:54
TKT000044,CUST000935,fraud_report,Fraud Report Issue,Laboriosam necessitatibus odio molestiae incidunt placeat labore at dolore in repellat dolore.,high,open,EMP000036,2025-05-20T01:45:09,,,phone,,2025-05-20T01:45:09
TKT000045,CUST000013,card_issue,Card Issue Issue,Culpa quo ipsum cupiditate ad veritatis doloremque saepe quod.,critical,closed,EMP000007,2024-11-22T23:53:10,2026-06-16T12:49:10,Veniam officia inventore.,branch,1,2024-11-22T23:53:10
TKT000046,CUST000964,fraud_report,Fraud Report Issue,Dolorem explicabo voluptas inventore ratione maiores neque dolorem commodi error.,medium,closed,EMP000021,2025-03-11T21:03:40,2025-04-25T03:23:24,Earum cumque libero quis rem vero mollitia consectetur.,chat,2,2025-03-11T21:03:40
TKT000047,CUST000044,request,Request Issue,Saepe amet voluptate sint labore perspiciatis dolor distinctio labore suscipit tenetur numquam pariatur quam.,high,in_progress,EMP000066,2024-09-03T05:56:09,,,chat,,2024-09-03T05:56:09
TKT000048,CUST000871,account_issue,Account Issue Issue,Quibusdam similique facilis dolore nesciunt corporis labore aut dolores a aperiam.,low,in_progress,EMP000059,2024-01-31T05:18:53,,,branch,,2024-01-31T05:18:53
TKT000049,CUST000788,request,Request Issue,Nam magnam ex non molestiae esse recusandae et vel.,low,resolved,EMP000072,2025-12-27T07:49:51,2026-08-24T07:54:27,Illum ducimus eius porro possimus modi.,chat,4,2025-12-27T07:49:51
TKT000050,CUST000979,card_issue,Card Issue Issue,Quos magnam amet fugit quod iusto omnis.,high,closed,EMP000100,2024-01-17T20:51:02,2026-07-07T16:15:05,Quo molestias laborum nobis.,chat,1,2024-01-17T20:51:02
TKT000051,CUST000705,account_issue,Account Issue Issue,Voluptatibus debitis eius ea voluptas dolorem non deserunt nam ab sunt nobis error id sunt eos.,medium,in_progress,EMP000085,2025-05-20T14:10:29,,,chat,,2025-05-20T14:10:29
TKT000052,CUST000633,request,Request Issue,Eos a ducimus tenetur voluptatum eaque repellat temporibus similique laborum quo laborum laborum corrupti magni.,medium,resolved,EMP000049,2026-06-07T06:14:25,2026-07-14T05:16:08,Quos magni porro.,chat,3,2026-06-07T06:14:25
TKT000053,CUST000304,query,Query Issue,Placeat ipsam earum cupiditate alias doloremque tempore dicta.,medium,resolved,EMP000075,2024-09-12T00:25:56,2025-02-27T02:46:53,Culpa eum sint deserunt placeat alias.,branch,3,2024-09-12T00:25:56
TKT000054,CUST000268,account_issue,Account Issue Issue,Consequuntur numquam laudantium eveniet ipsa quasi tempora omnis nostrum quibusdam cupiditate ullam exercitationem.,medium,resolved,EMP000083,2024-08-03T20:43:44,2025-06-02T08:10:37,Eaque occaecati quas officiis doloribus dicta.,chat,2,2024-08-03T20:43:44
TKT000055,CUST000296,request,Request Issue,Facere quia quam cum necessitatibus deserunt harum ipsam doloribus perferendis numquam.,medium,closed,EMP000066,2024-06-13T00:53:45,2026-06-17T15:23:20,Nemo aliquid veritatis quaerat quia.,chat,5,2024-06-13T00:53:45
TKT000056,CUST000991,card_issue,Card Issue Issue,Fugiat ipsam libero ab unde error cumque sit laboriosam expedita odio.,high,in_progress,EMP000018,2026-08-20T14:51:46,,,email,,2026-08-20T14:51:46
TKT000057,CUST000972,fraud_report,Fraud Report Issue,Necessitatibus ducimus amet error autem iste porro impedit itaque fugiat sunt a.,low,resolved,EMP000045,2026-08-18T16:06:46,2026-08-25T05:27:56,Repudiandae architecto dignissimos quae dolorem harum error harum.,phone,4,2026-08-18T16:06:46
TKT000058,CUST000781,card_issue,Card Issue Issue,Neque quasi voluptatum sunt quod et non cum eos amet odio.,low,open,EMP000090,2024-09-21T09:06:40,,,phone,,2024-09-21T09:06:40
TKT000059,CUST000724,complaint,Complaint Issue,Accusantium quaerat fugiat labore enim pariatur accusantium porro.,medium,open,EMP000006,2025-10-28T00:27:33,,,chat,,2025-10-28T00:27:33
TKT000060,CUST000336,request,Request Issue,Officia quasi ipsam magnam temporibus natus reprehenderit corporis mollitia tenetur deleniti.,high,resolved,EMP000090,2026-07-17T00:24:19,2026-08-31T00:32:20,Incidunt sunt optio soluta ipsam.,email,2,2026-07-17T00:24:19
TKT000061,CUST000158,request,Request Issue,Dolor aspernatur beatae culpa nam officia quidem maxime magni quisquam eius illum numquam itaque.,medium,in_progress,EMP000022,2024-02-09T22:25:11,,,phone,,2024-02-09T22:25:11
TKT000062,CUST000775,query,Query Issue,Quibusdam ipsam magnam doloremque nemo hic libero nam neque commodi nesciunt provident dolorum.,low,in_progress,EMP000043,2024-03-24T00:08:55,,,chat,,2024-03-24T00:08:55
TKT000063,CUST000453,query,Query Issue,Occaecati numquam cupiditate tenetur voluptatibus doloribus error voluptatum similique.,low,resolved,EMP000066,2025-02-21T20:13:19,2026-07-19T01:20:08,Libero soluta voluptatem saepe.,phone,5,2025-02-21T20:13:19
TKT000064,CUST000286,request,Request Issue,Quod error totam id dolores eos odio omnis.,medium,resolved,EMP000019,2024-09-25T16:20:35,2025-02-24T22:38:03,Corporis minima ex laborum mollitia dolorum odio.,email,3,2024-09-25T16:20:35
TKT000065,CUST000566,loan_issue,Loan Issue Issue,Aut dolorum similique tenetur corrupti velit impedit error voluptatum numquam debitis necessitatibus veritatis ducimus.,low,resolved,EMP000088,2024-09-24T07:13:43,2026-08-02T07:37:54,Asperiores ducimus in incidunt.,chat,2,2024-09-24T07:13:43
TKT000066,CUST000553,card_issue,Card Issue Issue,Eum consectetur tempora expedita laudantium architecto veritatis mollitia.,medium,resolved,EMP000020,2026-04-27T01:16:32,2026-08-05T07:48:36,Cum similique quis temporibus.,email,2,2026-04-27T01:16:32
TKT000067,CUST000542,loan_issue,Loan Issue Issue,Nulla eligendi ea beatae mollitia impedit nesciunt expedita repellat magnam eos accusantium facilis debitis fugiat corrupti.,low,resolved,EMP000099,2025-12-14T00:59:43,2026-03-09T06:37:38,Aperiam recusandae facilis tempore quisquam excepturi consectetur.,phone,1,2025-12-14T00:59:43
TKT000068,CUST000275,query,Query Issue,Dolorum praesentium minima ab inventore nulla dolores nemo quibusdam sapiente.,medium,closed,EMP000086,2025-11-15T06:56:25,2026-06-29T22:35:10,Eius ut illo nobis illum molestias.,chat,2,2025-11-15T06:56:25
TKT000069,CUST000978,fraud_report,Fraud Report Issue,Qui laborum neque beatae voluptatum nostrum ab error cum maxime necessitatibus.,low,resolved,EMP000091,2025-11-05T02:38:13,2026-06-10T20:42:17,Eum omnis ipsam vel id rem.,email,4,2025-11-05T02:38:13
TKT000070,CUST000893,query,Query Issue,Animi ex a ut quasi dolor facilis porro libero.,low,open,EMP000027,2025-10-30T17:29:53,,,chat,,2025-10-30T17:29:53
TKT000071,CUST000127,loan_issue,Loan Issue Issue,Officia fuga voluptas laudantium ipsam alias ducimus eum ab at debitis.,medium,closed,EMP000071,2025-12-14T23:53:05,2026-02-19T22:20:47,Deserunt autem ipsa omnis mollitia ipsa.,phone,4,2025-12-14T23:53:05
TKT000072,CUST000711,fraud_report,Fraud Report Issue,Vero velit aperiam reprehenderit eos tenetur molestiae assumenda excepturi.,medium,resolved,EMP000002,2024-08-02T13:32:39,2026-01-17T09:49:21,Corporis aperiam ut est nisi dolore.,chat,5,2024-08-02T13:32:39
TKT000073,CUST000848,request,Request Issue,Praesentium sunt illo exercitationem quisquam laboriosam iure voluptas vitae quis magni temporibus officia soluta.,low,in_progress,EMP000012,2026-01-30T05:04:46,,,email,,2026-01-30T05:04:46
TKT000074,CUST000818,query,Query Issue,Provident cum ab odit temporibus dolorum qui ipsum sit labore quaerat tenetur.,low,closed,EMP000081,2024-12-16T21:16:08,2025-08-15T10:02:09,Sed rem commodi.,branch,5,2024-12-16T21:16:08
TKT000075,CUST000695,fraud_report,Fraud Report Issue,Officiis porro soluta enim ad aliquam cumque praesentium quas officia quam.,high,open,EMP000092,2025-04-16T05:07:36,,,phone,,2025-04-16T05:07:36
TKT000076,CUST000580,card_issue,Card Issue Issue,Quaerat vitae in porro placeat fuga tempora repudiandae voluptates ut.,critical,in_progress,EMP000011,2026-01-29T04:27:57,,,email,,2026-01-29T04:27:57
TKT000077,CUST000222,request,Request Issue,Quia ea voluptatum iste sit unde provident tenetur aperiam optio velit ratione quaerat atque.,high,open,EMP000051,2024-07-31T06:29:44,,,phone,,2024-07-31T06:29:44
TKT000078,CUST000597,query,Query Issue,Veritatis blanditiis qui vel velit nesciunt ipsam vitae.,low,open,EMP000058,2026-04-24T17:09:39,,,phone,,2026-04-24T17:09:39
TKT000079,CUST000305,complaint,Complaint Issue,Id earum quia unde tempora alias voluptate eius maiores quisquam delectus sequi enim.,medium,open,EMP000016,2024-12-25T20:45:45,,,branch,,2024-12-25T20:45:45
TKT000080,CUST000551,request,Request Issue,A reprehenderit facere quidem ut quisquam doloribus perspiciatis officia similique in et impedit vitae id dolores.,medium,closed,EMP000056,2026-05-14T03:13:46,2026-08-17T01:26:44,Quia inventore quam ad dicta aliquam sint.,chat,3,2026-05-14T03:13:46
TKT000081,CUST000620,query,Query Issue,Porro mollitia cum ex dolor dignissimos similique.,medium,open,EMP000084,2026-05-08T08:14:10,,,branch,,2026-05-08T08:14:10
TKT000082,CUST000085,card_issue,Card Issue Issue,Ea id praesentium hic totam quae voluptatem adipisci molestias veniam quis amet pariatur.,medium,closed,EMP000073,2026-04-14T20:50:09,2026-06-18T08:10:59,In magnam et commodi perspiciatis quod est.,branch,5,2026-04-14T20:50:09
TKT000083,CUST000547,request,Request Issue,Expedita inventore id debitis eos modi odio laboriosam vel a delectus.,low,open,EMP000063,2024-02-25T10:07:40,,,branch,,2024-02-25T10:07:40
TKT000084,CUST000259,fraud_report,Fraud Report Issue,Repudiandae nulla ratione facilis sit harum id labore.,critical,open,EMP000064,2026-03-22T16:16:02,,,chat,,2026-03-22T16:16:02
TKT000085,CUST000952,complaint,Complaint Issue,Tempore quod laboriosam expedita sequi minima omnis provident beatae.,medium,resolved,EMP000060,2026-04-06T07:57:10,2026-05-16T23:16:25,Sapiente dignissimos hic accusantium eligendi hic.,chat,3,2026-04-06T07:57:10
TKT000086,CUST000706,fraud_report,Fraud Report Issue,Expedita commodi provident ut dolorem maxime libero cupiditate libero.,medium,open,EMP000097,2024-12-10T01:34:26,,,chat,,2024-12-10T01:34:26
TKT000087,CUST000258,complaint,Complaint Issue,Fugit voluptate mollitia aperiam id architecto facilis placeat.,low,resolved,EMP000045,2024-05-05T14:16:43,2024-11-26T23:03:57,Voluptatibus suscipit rerum.,email,1,2024-05-05T14:16:43
TKT000088,CUST000339,fraud_report,Fraud Report Issue,Deleniti harum alias repellat beatae incidunt quo voluptas dolore ea at soluta repellendus officia iure.,medium,resolved,EMP000066,2025-02-02T10:23:08,2026-08-31T08:06:58,Dolores impedit repellendus nobis perspiciatis inventore.,email,1,2025-02-02T10:23:08
TKT000089,CUST000819,request,Request Issue,Omnis ut odio deleniti doloribus eveniet animi odio laboriosam.,high,resolved,EMP000079,2025-10-04T17:17:01,2026-03-09T03:24:58,Corporis commodi officia culpa ea animi aliquam neque.,phone,2,2025-10-04T17:17:01
TKT000090,CUST000871,query,Query Issue,In tempora accusamus ipsum cupiditate atque deserunt reprehenderit sequi.,high,in_progress,EMP000061,2025-09-02T11:12:40,,,phone,,2025-09-02T11:12:40
TKT000091,CUST000911,request,Request Issue,Suscipit quod repudiandae unde ad doloremque itaque quam quaerat ex deserunt qui sequi magnam.,high,open,EMP000045,2026-05-05T15:19:53,,,chat,,2026-05-05T15:19:53
TKT000092,CUST000161,fraud_report,Fraud Report Issue,Atque dicta vel occaecati porro quod necessitatibus tenetur omnis occaecati distinctio enim quidem expedita.,high,open,EMP000028,2024-07-17T02:38:21,,,email,,2024-07-17T02:38:21
TKT000093,CUST000754,account_issue,Account Issue Issue,A quisquam sequi iure eius atque culpa delectus occaecati iure assumenda veniam.,low,closed,EMP000039,2024-05-06T14:28:06,2024-06-14T22:17:28,Quibusdam tempora fuga libero.,chat,5,2024-05-06T14:28:06
TKT000094,CUST000205,account_issue,Account Issue Issue,Optio ullam officia enim error nihil laboriosam quos maiores illum.,medium,closed,EMP000032,2025-01-16T23:19:41,2025-11-17T17:47:54,Exercitationem repudiandae blanditiis ipsum.,branch,2,2025-01-16T23:19:41
TKT000095,CUST000730,complaint,Complaint Issue,Non nisi tenetur excepturi vitae nemo tempora quasi enim maiores asperiores accusamus illum excepturi rerum delectus.,high,in_progress,EMP000045,2026-02-04T04:58:03,,,chat,,2026-02-04T04:58:03
TKT000096,CUST000515,complaint,Complaint Issue,Sit numquam hic asperiores labore possimus maxime doloremque quia commodi at illum dolores.,medium,resolved,EMP000014,2026-07-14T20:28:15,2026-08-02T02:33:46,Error expedita minus provident.,phone,3,2026-07-14T20:28:15
TKT000097,CUST000692,fraud_report,Fraud Report Issue,Cum possimus quo suscipit quis incidunt perspiciatis aliquid ullam magni quidem.,low,in_progress,EMP000051,2024-11-30T02:07:00,,,branch,,2024-11-30T02:07:00
TKT000098,CUST000104,loan_issue,Loan Issue Issue,Voluptatibus nesciunt nobis esse explicabo doloribus autem vero veritatis ratione a.,medium,in_progress,EMP000095,2025-06-11T09:30:11,,,branch,,2025-06-11T09:30:11
TKT000099,CUST000298,request,Request Issue,Dolores tenetur ipsam iste quos commodi minus natus ipsa saepe asperiores rerum delectus ipsa mollitia.,high,resolved,EMP000044,2025-01-21T09:05:29,2026-05-08T03:04:28,Hic tempore ab repudiandae est nulla.,branch,5,2025-01-21T09:05:29
TKT000100,CUST000450,loan_issue,Loan Issue Issue,Occaecati perferendis asperiores unde cum aspernatur similique fugit eligendi magnam numquam cumque.,medium,in_progress,EMP000022,2024-07-02T15:22:00,,,chat,,2024-07-02T15:22:00
TKT000101,CUST000877,complaint,Complaint Issue,Vel similique officia recusandae voluptates libero ullam esse et magnam inventore.,high,closed,EMP000063,2025-10-27T01:34:10,2026-01-15T06:38:17,Voluptatibus adipisci repudiandae rerum illo quibusdam.,email,3,2025-10-27T01:34:10
TKT000102,CUST000028,account_issue,Account Issue Issue,Distinctio consequuntur odit dignissimos perspiciatis esse doloremque rem maiores adipisci distinctio necessitatibus.,low,in_progress,EMP000040,2025-01-27T01:08:51,,,branch,,2025-01-27T01:08:51
TKT000103,CUST000489,query,Query Issue,Deleniti error nesciunt autem facere quaerat eum.,critical,in_progress,EMP000077,2024-11-10T10:25:37,,,branch,,2024-11-10T10:25:37
TKT000104,CUST000010,query,Query Issue,Laudantium aperiam optio voluptate tempora labore totam quos dolores ab.,high,closed,EMP000025,2025-05-07T00:37:55,2025-09-10T05:59:02,Quae accusamus earum esse ex.,chat,3,2025-05-07T00:37:55
TKT000105,CUST000424,card_issue,Card Issue Issue,Facilis exercitationem totam delectus consequuntur atque iure hic accusantium culpa repellat eaque iste.,medium,in_progress,EMP000008,2025-09-04T05:19:21,,,phone,,2025-09-04T05:19:21
TKT000106,CUST000818,query,Query Issue,Soluta inventore neque assumenda tempore eius natus repellendus.,low,resolved,EMP000030,2025-01-01T10:37:00,2025-07-13T00:33:04,Expedita ad rem alias iure.,branch,2,2025-01-01T10:37:00
TKT000107,CUST000822,request,Request Issue,Eligendi reprehenderit repellendus repellat blanditiis ducimus facilis reprehenderit.,low,resolved,EMP000053,2026-05-25T08:46:19,2026-06-13T18:54:36,Quod at odit ratione mollitia quasi.,branch,4,2026-05-25T08:46:19
TKT000108,CUST000976,complaint,Complaint Issue,Quis autem hic magnam minus sunt ipsum itaque corporis delectus maiores laborum quisquam magnam.,low,closed,EMP000016,2026-03-28T18:02:01,2026-07-30T23:36:53,Asperiores est doloremque ab reprehenderit.,email,1,2026-03-28T18:02:01
TKT000109,CUST000338,loan_issue,Loan Issue Issue,Rem atque consequatur quas quaerat eligendi eius minima magni animi veritatis nihil.,critical,in_progress,EMP000029,2024-01-26T06:24:04,,,branch,,2024-01-26T06:24:04
TKT000110,CUST000027,account_issue,Account Issue Issue,Nisi nisi officiis fugiat doloribus unde cupiditate facilis quasi accusantium eaque iste iste.,low,resolved,EMP000015,2025-11-09T15:19:59,2026-06-11T02:11:04,Illo iste odit earum magni.,branch,5,2025-11-09T15:19:59
TKT000111,CUST000457,complaint,Complaint Issue,Quis quam deleniti iure magni fugit dicta aut magnam odit aut similique nisi.,low,open,EMP000030,2024-03-03T02:09:09,,,chat,,2024-03-03T02:09:09
TKT000112,CUST000280,card_issue,Card Issue Issue,Aliquid beatae ipsam fugiat incidunt ex culpa accusantium provident occaecati ratione culpa aliquid vel dolorem.,medium,in_progress,EMP000092,2024-02-17T09:54:00,,,email,,2024-02-17T09:54:00
TKT000113,CUST000122,account_issue,Account Issue Issue,Eligendi repellendus eum necessitatibus a atque dignissimos vitae modi.,medium,open,EMP000079,2024-11-24T09:50:28,,,chat,,2024-11-24T09:50:28
TKT000114,CUST000446,fraud_report,Fraud Report Issue,Quo deleniti minima necessitatibus repellat nesciunt laudantium itaque incidunt enim impedit assumenda.,medium,open,EMP000041,2024-07-11T22:32:09,,,email,,2024-07-11T22:32:09
TKT000115,CUST000241,account_issue,Account Issue Issue,Quaerat ea unde rerum corporis sed aliquam nemo ullam animi alias autem beatae quas deserunt.,critical,in_progress,EMP000028,2025-08-14T19:10:27,,,phone,,2025-08-14T19:10:27
TKT000116,CUST000165,account_issue,Account Issue Issue,Quas quae qui sunt dignissimos similique laudantium ut placeat repellat.,medium,resolved,EMP000041,2024-02-17T14:41:43,2026-02-02T08:54:59,Laboriosam eveniet in cupiditate error aliquam autem.,chat,2,2024-02-17T14:41:43
TKT000117,CUST000344,complaint,Complaint Issue,Optio error provident quasi nam perspiciatis ipsa at tempore unde quos minima corrupti recusandae.,medium,resolved,EMP000061,2025-03-09T11:42:17,2025-03-27T20:10:06,Totam molestiae facere ducimus.,chat,2,2025-03-09T11:42:17
TKT000118,CUST000432,account_issue,Account Issue Issue,Molestiae autem expedita vel at delectus sit incidunt quaerat ipsum ullam facilis fuga.,medium,closed,EMP000011,2025-01-16T07:50:35,2026-06-23T12:16:06,Est aperiam voluptatibus enim.,email,2,2025-01-16T07:50:35
TKT000119,CUST000132,query,Query Issue,Sapiente amet praesentium consequatur fugiat eligendi laboriosam nam a consectetur ab reprehenderit.,critical,resolved,EMP000100,2025-11-27T21:23:47,2026-04-22T03:55:13,Accusamus voluptatibus voluptatum ipsam facilis excepturi.,phone,2,2025-11-27T21:23:47
TKT000120,CUST000650,complaint,Complaint Issue,Aspernatur error tempora ipsa dicta autem odit quos quisquam culpa possimus cupiditate sint mollitia.,low,open,EMP000005,2026-07-23T23:17:56,,,email,,2026-07-23T23:17:56
TKT000121,CUST000476,loan_issue,Loan Issue Issue,Beatae asperiores doloremque expedita quam inventore magnam molestias dolores facere aspernatur explicabo debitis explicabo.,low,closed,EMP000021,2026-01-31T23:41:53,2026-08-28T20:54:15,Modi nisi veritatis perferendis tempora soluta.,phone,2,2026-01-31T23:41:53
TKT000122,CUST000062,complaint,Complaint Issue,Dolore aspernatur nulla eligendi dolore aperiam quo quaerat rem.,medium,in_progress,EMP000094,2026-08-16T11:01:33,,,phone,,2026-08-16T11:01:33
TKT000123,CUST000758,account_issue,Account Issue Issue,Magni aperiam error facilis perferendis reiciendis nam debitis dolor fugit fugiat odit accusantium nesciunt.,medium,in_progress,EMP000053,2026-06-12T08:41:36,,,phone,,2026-06-12T08:41:36
TKT000124,CUST000090,request,Request Issue,Dolores vel similique nemo dolor natus officiis exercitationem fugit corrupti dolorem error neque.,low,open,EMP000064,2024-05-13T20:49:39,,,phone,,2024-05-13T20:49:39
TKT000125,CUST000994,account_issue,Account Issue Issue,Maiores sequi quasi quae consequatur magnam nostrum tempora delectus placeat repellendus necessitatibus.,low,resolved,EMP000051,2024-10-03T17:22:49,2024-11-04T19:53:52,Modi aperiam debitis.,email,5,2024-10-03T17:22:49
TKT000126,CUST000066,fraud_report,Fraud Report Issue,Nobis quas iure laborum magnam praesentium assumenda quasi veniam consequatur animi incidunt quaerat.,medium,in_progress,EMP000082,2026-06-15T07:43:09,,,phone,,2026-06-15T07:43:09
TKT000127,CUST000536,card_issue,Card Issue Issue,Exercitationem vel tenetur quas unde eaque consequuntur doloremque doloribus voluptatibus quas neque natus quidem.,high,resolved,EMP000023,2025-04-21T03:43:18,2025-07-03T19:15:49,Dicta reiciendis illo illo delectus.,phone,5,2025-04-21T03:43:18
TKT000128,CUST000416,card_issue,Card Issue Issue,Alias sunt odio omnis perferendis ipsa est totam occaecati ipsum.,low,in_progress,EMP000009,2026-02-04T20:59:32,,,email,,2026-02-04T20:59:32
TKT000129,CUST000392,account_issue,Account Issue Issue,Ad temporibus est omnis non dicta porro vero atque vero.,critical,open,EMP000040,2024-09-22T15:29:10,,,chat,,2024-09-22T15:29:10
TKT000130,CUST000541,fraud_report,Fraud Report Issue,Optio assumenda sint deleniti minima fugiat sapiente iusto laboriosam consequatur quis voluptatem recusandae occaecati.,high,resolved,EMP000044,2025-11-19T04:24:13,2026-04-25T13:17:33,Debitis id ullam ipsa.,email,5,2025-11-19T04:24:13
TKT000131,CUST000333,request,Request Issue,Id ullam reiciendis assumenda facere iusto velit molestiae accusamus fugit deserunt.,critical,open,EMP000092,2025-08-21T18:41:34,,,branch,,2025-08-21T18:41:34
TKT000132,CUST000745,loan_issue,Loan Issue Issue,Excepturi illum voluptates sapiente animi minus error ipsum hic error.,high,resolved,EMP000084,2025-05-23T11:31:01,2026-06-08T07:05:05,Quaerat minus voluptatum quidem pariatur nostrum.,branch,1,2025-05-23T11:31:01
TKT000133,CUST000057,fraud_report,Fraud Report Issue,Perspiciatis adipisci consequuntur tempora aliquam eveniet doloribus veritatis eligendi porro reprehenderit iusto necessitatibus.,critical,open,EMP000031,2026-01-10T05:16:24,,,chat,,2026-01-10T05:16:24
TKT000134,CUST000315,fraud_report,Fraud Report Issue,A aut earum nisi tempore similique deleniti nesciunt magnam labore adipisci repudiandae ea animi ipsa.,medium,closed,EMP000067,2024-01-08T17:38:33,2026-03-06T06:47:59,Fuga natus enim ipsum hic placeat.,branch,3,2024-01-08T17:38:33
TKT000135,CUST000070,account_issue,Account Issue Issue,Ipsum sapiente ad sint rem perferendis iure fugit fugiat possimus quo doloremque repellendus officiis.,low,in_progress,EMP000058,2025-02-08T22:07:28,,,phone,,2025-02-08T22:07:28
TKT000136,CUST000956,request,Request Issue,Voluptatum mollitia quas adipisci tempore maiores beatae nam provident.,medium,closed,EMP000072,2024-09-06T06:18:51,2026-03-30T16:49:52,Amet quo esse amet.,chat,3,2024-09-06T06:18:51
TKT000137,CUST000966,account_issue,Account Issue Issue,Deleniti dicta fuga voluptatibus ad veniam possimus similique sit natus quo.,critical,in_progress,EMP000076,2024-08-14T01:04:44,,,email,,2024-08-14T01:04:44
TKT000138,CUST000491,loan_issue,Loan Issue Issue,Cumque vel enim repudiandae beatae impedit dolores ratione eligendi quisquam unde corporis distinctio at enim.,medium,resolved,EMP000079,2025-05-12T10:24:02,2026-07-14T17:20:28,Error maiores laudantium eum.,branch,4,2025-05-12T10:24:02
TKT000139,CUST000450,card_issue,Card Issue Issue,Nesciunt autem quod eos reiciendis architecto error aut consequuntur.,medium,closed,EMP000073,2026-02-15T16:06:34,2026-07-20T19:23:49,Deleniti nam illum id placeat vitae sed.,phone,1,2026-02-15T16:06:34
TKT000140,CUST000677,card_issue,Card Issue Issue,Occaecati eaque harum dolorum aut sed recusandae perferendis exercitationem adipisci nostrum enim provident.,low,resolved,EMP000096,2026-02-10T06:58:21,2026-07-16T19:00:13,Voluptas possimus distinctio veritatis perferendis amet.,branch,1,2026-02-10T06:58:21
TKT000141,CUST000470,query,Query Issue,Quo sunt iusto cum vel fugit assumenda porro temporibus enim ducimus praesentium.,medium,open,EMP000014,2024-04-11T16:06:35,,,phone,,2024-04-11T16:06:35
TKT000142,CUST000254,query,Query Issue,Tempore nesciunt impedit quos ipsa explicabo quasi voluptates assumenda enim possimus atque amet rerum.,low,in_progress,EMP000038,2024-11-19T11:54:11,,,branch,,2024-11-19T11:54:11
TKT000143,CUST000098,fraud_report,Fraud Report Issue,Tenetur distinctio tempore aperiam officia neque fuga ipsa perspiciatis officiis possimus dolores excepturi dolore doloribus.,critical,open,EMP000031,2025-05-06T00:07:48,,,phone,,2025-05-06T00:07:48
TKT000144,CUST000090,request,Request Issue,Veniam deserunt nobis minus voluptate exercitationem aliquid sint quasi vitae incidunt facilis molestiae.,medium,open,EMP000062,2024-10-20T03:18:23,,,branch,,2024-10-20T03:18:23
TKT000145,CUST000003,query,Query Issue,Rem eligendi molestias dolorum blanditiis rerum ducimus accusamus vitae.,low,in_progress,EMP000076,2024-02-07T14:59:56,,,chat,,2024-02-07T14:59:56
TKT000146,CUST000182,request,Request Issue,Eligendi quae provident consectetur cupiditate vitae suscipit soluta architecto molestiae ducimus explicabo facere nesciunt culpa molestiae.,medium,closed,EMP000006,2025-05-18T00:24:58,2026-03-05T13:29:14,Neque odit magni inventore perspiciatis.,branch,4,2025-05-18T00:24:58
TKT000147,CUST000950,account_issue,Account Issue Issue,Nesciunt culpa cupiditate voluptas cum esse eius itaque quis.,medium,closed,EMP000070,2026-04-15T05:47:21,2026-05-31T23:34:55,Similique provident sapiente explicabo aperiam ipsa aperiam.,email,3,2026-04-15T05:47:21
TKT000148,CUST000546,card_issue,Card Issue Issue,Architecto similique aspernatur earum rerum magni minima officia molestiae ut illo.,high,in_progress,EMP000007,2025-12-04T21:48:36,,,phone,,2025-12-04T21:48:36
TKT000149,CUST000968,account_issue,Account Issue Issue,Recusandae error dolorem rerum magni aspernatur temporibus animi dignissimos iure ullam iusto.,high,closed,EMP000080,2024-03-27T19:52:45,2024-10-23T19:26:05,Mollitia est delectus doloribus.,email,3,2024-03-27T19:52:45
TKT000150,CUST000776,query,Query Issue,Alias earum ab voluptate deserunt beatae labore.,low,in_progress,EMP000066,2024-02-18T15:43:04,,,phone,,2024-02-18T15:43:04
TKT000151,CUST000899,complaint,Complaint Issue,Corporis autem suscipit quo ipsum blanditiis beatae corrupti voluptates explicabo eos illo molestiae similique assumenda.,medium,closed,EMP000089,2024-10-22T14:44:12,2025-01-15T13:30:57,Facere enim voluptatum illo fuga fugit libero.,chat,2,2024-10-22T14:44:12
TKT000152,CUST000923,card_issue,Card Issue Issue,Incidunt iste aperiam rerum pariatur similique doloremque ullam quisquam.,low,in_progress,EMP000051,2025-03-02T15:43:48,,,branch,,2025-03-02T15:43:48
TKT000153,CUST000836,query,Query Issue,Fugit dolores suscipit dolore hic tenetur aut totam.,high,closed,EMP000026,2024-08-23T17:56:17,2025-09-19T09:06:37,Illo voluptate laborum architecto eveniet sed sapiente.,branch,1,2024-08-23T17:56:17
TKT000154,CUST000999,loan_issue,Loan Issue Issue,Ad consequuntur expedita placeat vero sunt quibusdam suscipit assumenda similique excepturi.,low,resolved,EMP000031,2024-12-08T06:18:30,2026-07-28T13:25:06,Iusto ipsum architecto minus.,email,1,2024-12-08T06:18:30
TKT000155,CUST000654,account_issue,Account Issue Issue,Ex est ipsum atque libero cumque at earum culpa delectus ipsam magnam cupiditate vel reprehenderit.,medium,open,EMP000007,2026-01-18T05:40:00,,,phone,,2026-01-18T05:40:00
TKT000156,CUST000373,query,Query Issue,Accusantium dicta recusandae ab possimus voluptas recusandae eligendi nulla fugiat aliquam ad placeat recusandae.,medium,closed,EMP000100,2025-07-19T05:18:18,2026-06-25T09:53:29,Itaque corrupti quaerat.,phone,3,2025-07-19T05:18:18
TKT000157,CUST000334,complaint,Complaint Issue,Commodi eum mollitia beatae blanditiis dolores voluptatibus rerum maxime aliquid.,low,closed,EMP000088,2026-07-10T11:56:18,2026-08-21T12:54:56,Aut veniam odit cumque quis quod.,email,3,2026-07-10T11:56:18
TKT000158,CUST000789,account_issue,Account Issue Issue,Illum eaque temporibus numquam occaecati at ab nesciunt officia sequi dolorem ipsum quos beatae rerum dolor.,critical,closed,EMP000084,2026-07-18T22:03:52,2026-07-29T08:15:43,Repellat dignissimos voluptas porro.,email,5,2026-07-18T22:03:52
TKT000159,CUST000562,loan_issue,Loan Issue Issue,Maiores laboriosam veniam numquam doloremque nulla reiciendis animi fugit asperiores perspiciatis.,low,in_progress,EMP000050,2024-07-16T09:13:15,,,phone,,2024-07-16T09:13:15
TKT000160,CUST000422,account_issue,Account Issue Issue,Minima quae maxime nesciunt eaque voluptatum temporibus porro sint ad.,high,resolved,EMP000033,2024-01-27T04:31:51,2025-11-15T23:26:49,Veniam quidem omnis.,email,1,2024-01-27T04:31:51
TKT000161,CUST000150,account_issue,Account Issue Issue,Consectetur quidem aut aliquid dignissimos saepe modi totam ullam debitis.,high,closed,EMP000005,2026-04-03T16:05:36,2026-06-08T04:04:19,Quis nisi ipsa mollitia deleniti.,phone,3,2026-04-03T16:05:36
TKT000162,CUST000390,fraud_report,Fraud Report Issue,Repudiandae totam deleniti in magni sequi numquam officiis.,medium,resolved,EMP000008,2025-02-28T02:49:57,2026-05-20T13:37:10,Vel harum et hic facilis laborum neque.,branch,2,2025-02-28T02:49:57
TKT000163,CUST000358,card_issue,Card Issue Issue,Voluptatem nesciunt quibusdam molestias eligendi quibusdam odio officia ducimus ipsa quidem soluta.,medium,open,EMP000086,2025-05-16T03:55:44,,,chat,,2025-05-16T03:55:44
TKT000164,CUST000588,loan_issue,Loan Issue Issue,Veniam repudiandae quo id quo vitae at nostrum esse.,low,in_progress,EMP000082,2024-05-03T19:58:45,,,chat,,2024-05-03T19:58:45
TKT000165,CUST000972,account_issue,Account Issue Issue,Modi a placeat corporis quisquam quam autem corporis corrupti quisquam nam.,high,resolved,EMP000074,2024-02-12T20:06:02,2026-06-19T04:07:44,Veritatis dolore distinctio modi quaerat.,email,4,2024-02-12T20:06:02
TKT000166,CUST000150,account_issue,Account Issue Issue,Fuga doloribus error quod delectus provident incidunt provident ad.,medium,closed,EMP000041,2026-02-21T22:38:32,2026-07-11T03:19:02,At consequuntur a ducimus qui ratione.,phone,3,2026-02-21T22:38:32
TKT000167,CUST000321,loan_issue,Loan Issue Issue,Itaque deserunt pariatur hic natus ut officia suscipit.,medium,open,EMP000072,2024-06-11T02:31:05,,,phone,,2024-06-11T02:31:05
TKT000168,CUST000758,request,Request Issue,Nostrum quo debitis autem nobis harum aspernatur possimus cum aperiam enim maiores porro excepturi voluptas.,high,resolved,EMP000081,2026-07-24T17:58:22,2026-08-10T10:12:11,Optio corrupti itaque accusantium sit laboriosam cupiditate.,email,2,2026-07-24T17:58:22
TKT000169,CUST000339,request,Request Issue,Distinctio dignissimos suscipit dolorum assumenda praesentium dolorum dolores molestiae quos pariatur error harum suscipit vero.,medium,in_progress,EMP000028,2026-05-21T06:15:19,,,email,,2026-05-21T06:15:19
TKT000170,CUST000598,loan_issue,Loan Issue Issue,Laborum doloribus vitae similique mollitia cum similique optio tempora et.,high,in_progress,EMP000007,2025-12-29T09:40:56,,,phone,,2025-12-29T09:40:56
TKT000171,CUST000332,fraud_report,Fraud Report Issue,Impedit dolores corporis esse vero illo ducimus non voluptas quae hic alias hic cumque labore.,low,resolved,EMP000010,2025-07-27T05:52:23,2026-05-09T09:39:08,Porro ipsa explicabo voluptas accusantium blanditiis.,chat,3,2025-07-27T05:52:23
TKT000172,CUST000915,loan_issue,Loan Issue Issue,Esse voluptatem pariatur asperiores eos corrupti eius voluptatum.,low,in_progress,EMP000079,2024-08-31T21:03:00,,,chat,,2024-08-31T21:03:00
TKT000173,CUST000121,card_issue,Card Issue Issue,Mollitia accusantium fuga vitae maiores ea modi.,medium,resolved,EMP000100,2026-05-19T08:48:39,2026-07-18T07:53:27,In enim saepe facilis perferendis corrupti.,chat,5,2026-05-19T08:48:39
TKT000174,CUST000798,account_issue,Account Issue Issue,Perferendis corporis sint mollitia nisi distinctio hic id impedit adipisci.,medium,resolved,EMP000073,2025-02-01T04:29:23,2026-02-14T03:32:58,Eius magnam delectus at molestiae non.,email,4,2025-02-01T04:29:23
TKT000175,CUST000647,account_issue,Account Issue Issue,Iusto est quas vero nostrum molestias explicabo.,high,open,EMP000021,2026-08-16T20:02:18,,,chat,,2026-08-16T20:02:18
TKT000176,CUST000743,fraud_report,Fraud Report Issue,Nesciunt facere iusto quasi illo soluta voluptatibus voluptatum eum veniam delectus quis sunt reiciendis sed voluptatibus.,medium,in_progress,EMP000013,2024-01-20T00:26:56,,,email,,2024-01-20T00:26:56
TKT000177,CUST000800,fraud_report,Fraud Report Issue,Eaque ut quo provident porro optio soluta placeat est dolorem magni deleniti magni eum sapiente ea.,medium,open,EMP000077,2025-01-17T04:55:07,,,email,,2025-01-17T04:55:07
TKT000178,CUST000200,request,Request Issue,Magni commodi voluptatum expedita quod minus voluptatum amet aliquid repellat nulla nulla tempora.,medium,resolved,EMP000013,2024-04-16T06:33:07,2025-11-28T05:46:20,Fugiat officia magnam deleniti.,chat,4,2024-04-16T06:33:07
TKT000179,CUST000814,query,Query Issue,Impedit ullam consequuntur modi odit quibusdam libero fuga inventore error maxime alias tenetur saepe.,low,in_progress,EMP000070,2025-11-16T23:56:43,,,chat,,2025-11-16T23:56:43
TKT000180,CUST000741,fraud_report,Fraud Report Issue,Assumenda sed modi laudantium alias accusantium laudantium deleniti sunt rerum quos odio ut exercitationem.,medium,resolved,EMP000029,2024-02-13T19:50:18,2026-06-12T10:41:46,Ipsa autem adipisci rem a quos occaecati.,branch,4,2024-02-13T19:50:18
TKT000181,CUST000596,card_issue,Card Issue Issue,Magni neque quod autem nihil consequatur magni consequuntur molestias temporibus ex sequi veniam cupiditate laboriosam eius.,medium,resolved,EMP000010,2025-06-22T16:19:54,2025-11-27T00:30:51,Voluptatum quisquam eligendi dolorum at dolores culpa.,branch,3,2025-06-22T16:19:54
TKT000182,CUST000329,fraud_report,Fraud Report Issue,Dolorem dicta non quaerat laudantium impedit tempore.,low,resolved,EMP000097,2024-12-18T16:19:29,2025-07-12T04:35:05,Repellat amet provident adipisci ipsum quod dolores repellendus.,phone,4,2024-12-18T16:19:29
TKT000183,CUST000139,loan_issue,Loan Issue Issue,Iure voluptate ad odit reiciendis labore consequatur in.,high,closed,EMP000029,2025-02-10T20:56:27,2026-01-06T06:50:10,Voluptas cupiditate deserunt dolorem consequuntur culpa distinctio.,email,2,2025-02-10T20:56:27
TKT000184,CUST000834,fraud_report,Fraud Report Issue,Suscipit cum quasi pariatur id vitae esse quaerat aliquam recusandae officiis nesciunt cum quisquam sapiente.,medium,resolved,EMP000061,2024-01-20T01:24:56,2026-02-03T23:47:15,Aliquam sunt natus veritatis nostrum aliquam.,email,2,2024-01-20T01:24:56
TKT000185,CUST000964,complaint,Complaint Issue,Facere molestias dicta est eius ipsum repellat blanditiis.,high,closed,EMP000004,2026-08-01T20:02:10,2026-08-31T02:37:34,Alias voluptas natus.,email,5,2026-08-01T20:02:10
TKT000186,CUST000897,fraud_report,Fraud Report Issue,Officiis deserunt explicabo provident voluptatem corporis laudantium quibusdam ea molestias in a.,medium,open,EMP000063,2025-07-22T18:13:12,,,email,,2025-07-22T18:13:12
TKT000187,CUST000086,request,Request Issue,Maxime sunt ullam provident ipsam at laboriosam at velit accusantium non voluptatum error.,low,open,EMP000017,2024-08-16T17:34:24,,,email,,2024-08-16T17:34:24
TKT000188,CUST000754,complaint,Complaint Issue,Quis vel enim nobis deserunt recusandae harum tempora ut quam aspernatur.,low,closed,EMP000095,2025-10-24T01:11:01,2026-07-19T14:22:20,Blanditiis corporis excepturi iure excepturi eveniet reiciendis.,branch,3,2025-10-24T01:11:01
TKT000189,CUST000410,loan_issue,Loan Issue Issue,Error ipsum ipsam modi doloremque incidunt veniam velit earum ut repellendus inventore assumenda inventore aliquid dolorum.,medium,closed,EMP000023,2024-05-12T22:32:49,2024-07-05T08:02:30,Fuga expedita aliquid voluptate nesciunt laudantium expedita.,email,5,2024-05-12T22:32:49
TKT000190,CUST000483,fraud_report,Fraud Report Issue,Dicta nesciunt temporibus sed fugit nam facere quibusdam perferendis dolorem provident.,critical,in_progress,EMP000076,2024-05-18T22:21:18,,,email,,2024-05-18T22:21:18
TKT000191,CUST000577,loan_issue,Loan Issue Issue,Vero iure fugiat voluptatibus nisi sapiente quaerat voluptas aperiam esse.,high,resolved,EMP000071,2024-07-01T11:59:59,2025-10-23T08:30:40,Quos eveniet aliquid deleniti minus.,chat,5,2024-07-01T11:59:59
TKT000192,CUST000805,query,Query Issue,Nihil officiis recusandae pariatur officiis voluptatibus laborum aliquam culpa porro cupiditate quis minus.,low,resolved,EMP000039,2024-08-15T19:15:22,2025-04-26T18:08:31,Incidunt expedita consequuntur illo laborum nihil quas sed.,branch,2,2024-08-15T19:15:22
TKT000193,CUST000102,account_issue,Account Issue Issue,Facere veniam eaque eligendi ipsa magnam unde repudiandae dolorum eum hic aliquam laboriosam maxime hic ullam.,high,resolved,EMP000065,2025-02-06T18:03:26,2026-06-08T04:32:22,Provident optio animi vitae dolore.,branch,3,2025-02-06T18:03:26
TKT000194,CUST000036,account_issue,Account Issue Issue,Iste nobis vero itaque autem deserunt accusamus officiis doloremque quo delectus voluptatibus illum.,medium,resolved,EMP000025,2026-04-06T01:03:21,2026-04-23T06:54:55,Recusandae maiores totam illum provident.,chat,2,2026-04-06T01:03:21
TKT000195,CUST000606,request,Request Issue,Sed sed suscipit itaque perferendis inventore blanditiis repellat quisquam.,low,resolved,EMP000009,2025-12-15T13:12:41,2026-03-13T23:34:04,Totam cupiditate laboriosam illo libero dolore dolor.,phone,5,2025-12-15T13:12:41
TKT000196,CUST000832,complaint,Complaint Issue,Alias impedit cupiditate asperiores nostrum modi quam voluptates nisi corporis similique explicabo ullam est illo laborum.,low,resolved,EMP000035,2025-07-23T14:06:08,2026-01-23T12:13:47,Explicabo sit ipsum sit ipsam possimus impedit.,email,4,2025-07-23T14:06:08
TKT000197,CUST000276,request,Request Issue,Rem quis cum ipsum odit aliquid debitis at ipsa expedita quis dolore numquam.,high,resolved,EMP000071,2024-06-25T08:13:02,2025-01-30T05:59:27,Minima dolorem porro.,email,3,2024-06-25T08:13:02
TKT000198,CUST000424,loan_issue,Loan Issue Issue,Quaerat omnis hic adipisci at fuga explicabo id.,critical,in_progress,EMP000031,2026-08-03T17:54:57,,,chat,,2026-08-03T17:54:57
TKT000199,CUST000803,query,Query Issue,Soluta harum maiores dolorem voluptatem maiores dolore ipsa omnis sunt qui sapiente fugiat rem quaerat.,low,resolved,EMP000097,2025-09-17T18:21:52,2026-02-27T04:14:01,Labore molestiae necessitatibus.,email,2,2025-09-17T18:21:52
TKT000200,CUST000961,query,Query Issue,Facilis laboriosam dolores vero expedita fuga totam at eligendi cupiditate est repellendus quibusdam.,high,in_progress,EMP000016,2024-11-05T05:05:48,,,email,,2024-11-05T05:05:48
TKT000201,CUST000991,card_issue,Card Issue Issue,Animi eaque enim autem mollitia quos iure.,low,closed,EMP000080,2025-11-01T02:02:13,2026-05-25T03:16:47,Blanditiis quam tenetur quos occaecati soluta nemo ad.,branch,1,2025-11-01T02:02:13
TKT000202,CUST000166,card_issue,Card Issue Issue,Maiores porro perspiciatis rerum debitis suscipit reprehenderit sit dolore unde laborum consequuntur.,critical,closed,EMP000023,2026-07-02T05:37:15,2026-07-10T18:45:03,Dolorem animi quisquam provident unde adipisci quos.,phone,1,2026-07-02T05:37:15
TKT000203,CUST000928,query,Query Issue,Dicta ad repellat nesciunt numquam libero nisi sunt fugiat dolores odit nam pariatur.,medium,open,EMP000030,2026-01-31T22:54:47,,,chat,,2026-01-31T22:54:47
TKT000204,CUST000522,query,Query Issue,Culpa corrupti nihil incidunt nesciunt illo quaerat dolores quisquam voluptatum sequi.,high,open,EMP000050,2024-02-18T00:31:45,,,branch,,2024-02-18T00:31:45
TKT000205,CUST000119,loan_issue,Loan Issue Issue,Eaque maxime repellendus rem illo sed atque quos et ullam est eveniet.,medium,closed,EMP000042,2024-02-21T14:02:54,2025-06-21T19:23:31,Odit ipsam et laboriosam magnam iste occaecati.,chat,5,2024-02-21T14:02:54
TKT000206,CUST000515,card_issue,Card Issue Issue,Exercitationem nisi culpa porro temporibus veniam rem voluptate dolores sed nam libero.,high,open,EMP000060,2026-01-02T09:20:00,,,branch,,2026-01-02T09:20:00
TKT000207,CUST000632,loan_issue,Loan Issue Issue,Odio laboriosam nam ducimus mollitia ea explicabo possimus natus nesciunt hic aliquid.,medium,in_progress,EMP000013,2025-04-10T04:46:54,,,chat,,2025-04-10T04:46:54
TKT000208,CUST000147,account_issue,Account Issue Issue,Optio deleniti quas cum repellat nemo temporibus necessitatibus accusantium iure aut commodi.,medium,in_progress,EMP000001,2025-08-04T14:35:32,,,email,,2025-08-04T14:35:32
TKT000209,CUST000107,complaint,Complaint Issue,Quod fuga laborum corporis aliquam labore saepe voluptatibus neque officiis totam vero repellendus culpa.,medium,in_progress,EMP000074,2024-03-31T20:10:39,,,branch,,2024-03-31T20:10:39
TKT000210,CUST000883,fraud_report,Fraud Report Issue,Sed tenetur eligendi impedit itaque fugiat fugit nobis aut debitis rem molestias ex maxime perferendis vero.,high,in_progress,EMP000048,2024-12-08T05:50:29,,,email,,2024-12-08T05:50:29
TKT000211,CUST000929,request,Request Issue,Dolore accusantium cumque minima placeat explicabo quidem occaecati optio quas.,medium,open,EMP000079,2026-03-25T20:33:38,,,email,,2026-03-25T20:33:38
TKT000212,CUST000749,request,Request Issue,Deserunt reiciendis provident facere dolores mollitia veniam molestiae expedita perspiciatis repellendus nobis vel rem ullam.,medium,resolved,EMP000049,2024-08-11T23:01:59,2025-12-18T11:12:58,Deleniti excepturi architecto animi dicta omnis repellat.,email,1,2024-08-11T23:01:59
TKT000213,CUST000744,request,Request Issue,Modi dicta totam mollitia tempore dolores aspernatur doloribus consectetur dolorum reiciendis nulla temporibus dolore.,medium,resolved,EMP000039,2026-03-12T11:22:42,2026-06-17T02:51:19,Omnis qui cumque consequatur voluptas totam.,chat,1,2026-03-12T11:22:42
TKT000214,CUST000021,card_issue,Card Issue Issue,Iste ratione inventore ea pariatur optio maiores nostrum aliquam vero accusamus perferendis aliquam sed corporis delectus.,critical,in_progress,EMP000086,2026-08-31T11:10:08,,,branch,,2026-08-31T11:10:08
TKT000215,CUST000097,card_issue,Card Issue Issue,Eum possimus culpa delectus minus odio velit aut fugit quia quam.,low,resolved,EMP000022,2024-05-18T21:00:43,2025-02-10T22:10:46,Neque nostrum quo recusandae beatae repudiandae.,email,5,2024-05-18T21:00:43
TKT000216,CUST000782,loan_issue,Loan Issue Issue,Temporibus esse quae quam quae voluptatem at.,medium,closed,EMP000050,2025-09-17T14:36:00,2026-05-03T14:00:11,Dolore a nostrum deleniti voluptas perferendis.,phone,1,2025-09-17T14:36:00
TKT000217,CUST000649,fraud_report,Fraud Report Issue,Quaerat voluptates fugit molestias et corrupti voluptatibus quo debitis.,low,in_progress,EMP000024,2025-07-30T04:58:58,,,email,,2025-07-30T04:58:58
TKT000218,CUST000518,fraud_report,Fraud Report Issue,Illum deserunt minus a suscipit illum sapiente labore.,low,open,EMP000076,2025-04-13T23:26:21,,,branch,,2025-04-13T23:26:21
TKT000219,CUST000292,card_issue,Card Issue Issue,Officiis non assumenda distinctio recusandae eligendi eius dolorem quos animi amet numquam nostrum deleniti ratione.,medium,open,EMP000008,2024-12-21T23:40:44,,,phone,,2024-12-21T23:40:44
TKT000220,CUST000875,loan_issue,Loan Issue Issue,Ex animi illo sed nam ut labore consequuntur distinctio odio omnis qui.,critical,open,EMP000046,2024-10-01T07:07:58,,,phone,,2024-10-01T07:07:58
TKT000221,CUST000999,query,Query Issue,Dolore laboriosam molestias cupiditate perferendis velit harum quidem consectetur repellendus.,medium,in_progress,EMP000040,2026-07-13T14:43:02,,,phone,,2026-07-13T14:43:02
TKT000222,CUST000875,request,Request Issue,Mollitia soluta distinctio eveniet voluptatem officiis eos esse occaecati.,low,closed,EMP000052,2024-09-19T18:19:52,2024-09-25T23:22:08,Repellat autem quibusdam delectus esse possimus deserunt.,branch,2,2024-09-19T18:19:52
TKT000223,CUST000585,complaint,Complaint Issue,Sed nobis sequi provident blanditiis dolores atque dolorum error beatae aliquid vel soluta impedit.,low,resolved,EMP000073,2025-10-13T10:13:35,2026-02-19T20:25:58,Dolores modi fugiat aspernatur quae cumque ipsa mollitia.,chat,4,2025-10-13T10:13:35
TKT000224,CUST000521,account_issue,Account Issue Issue,Nihil harum neque iste numquam saepe aperiam suscipit reiciendis totam aut ex quos autem quisquam.,high,closed,EMP000082,2024-10-11T15:49:33,2025-04-30T22:50:26,Ut incidunt itaque id architecto voluptatibus ducimus totam.,email,1,2024-10-11T15:49:33
TKT000225,CUST000657,complaint,Complaint Issue,Quas esse natus assumenda minima quasi suscipit quidem natus quidem error molestias eligendi voluptatibus sunt.,medium,in_progress,EMP000016,2025-10-30T04:22:54,,,branch,,2025-10-30T04:22:54
TKT000226,CUST000195,card_issue,Card Issue Issue,Odit quidem laborum quae sed eos nam.,low,resolved,EMP000033,2024-08-22T02:16:32,2025-05-17T18:52:37,Maxime quasi rerum atque laudantium eligendi.,phone,4,2024-08-22T02:16:32
TKT000227,CUST000555,loan_issue,Loan Issue Issue,Iste quod repellendus accusamus expedita nostrum iusto autem molestiae.,medium,in_progress,EMP000046,2025-12-28T04:36:55,,,phone,,2025-12-28T04:36:55
TKT000228,CUST000118,card_issue,Card Issue Issue,Deleniti temporibus atque deserunt quam aperiam amet rerum dolorum saepe.,low,resolved,EMP000030,2025-09-23T08:39:58,2025-11-15T20:59:29,Beatae optio commodi.,branch,3,2025-09-23T08:39:58
TKT000229,CUST000188,complaint,Complaint Issue,Laborum placeat recusandae suscipit recusandae sunt error totam ipsa vitae qui non quam ab.,low,in_progress,EMP000035,2024-03-09T22:16:15,,,branch,,2024-03-09T22:16:15
TKT000230,CUST000670,loan_issue,Loan Issue Issue,Quod adipisci id dolorem repellat occaecati rem labore placeat totam.,low,open,EMP000073,2024-12-30T01:22:42,,,branch,,2024-12-30T01:22:42
TKT000231,CUST000770,loan_issue,Loan Issue Issue,Ratione vitae quos amet quae commodi sapiente blanditiis in.,critical,in_progress,EMP000032,2024-05-10T20:19:16,,,chat,,2024-05-10T20:19:16
TKT000232,CUST000582,complaint,Complaint Issue,Rerum quos explicabo deserunt enim laborum id repudiandae dolorem repudiandae debitis consequuntur labore minima nisi ea.,medium,closed,EMP000092,2025-03-21T06:30:54,2026-06-23T18:53:40,Quibusdam rem cupiditate.,chat,5,2025-03-21T06:30:54
TKT000233,CUST000617,complaint,Complaint Issue,Voluptatem recusandae accusantium atque nisi nemo dignissimos labore officiis perferendis officiis occaecati quidem iure veniam.,low,resolved,EMP000019,2025-04-26T01:40:20,2025-11-29T01:09:53,Dolorum dolorem sunt deserunt corporis eaque quo.,phone,5,2025-04-26T01:40:20
TKT000234,CUST000227,request,Request Issue,Odio unde nostrum optio eligendi ab recusandae quod quia quaerat.,low,closed,EMP000001,2026-04-14T07:00:55,2026-04-25T04:01:15,Voluptatum praesentium aperiam id.,branch,3,2026-04-14T07:00:55
TKT000235,CUST000873,loan_issue,Loan Issue Issue,Voluptatum veritatis quam exercitationem autem ut dignissimos perspiciatis laborum quibusdam odio voluptatem.,medium,open,EMP000077,2024-01-31T12:46:40,,,branch,,2024-01-31T12:46:40
TKT000236,CUST000707,fraud_report,Fraud Report Issue,Amet ipsam doloribus optio reiciendis eveniet fuga.,low,resolved,EMP000077,2024-11-22T19:42:08,2024-11-27T16:50:36,Adipisci consequatur rem.,branch,5,2024-11-22T19:42:08
TKT000237,CUST000838,loan_issue,Loan Issue Issue,Quis deserunt nobis velit ex quaerat doloribus.,high,resolved,EMP000031,2025-06-20T03:10:19,2025-10-29T16:08:12,Suscipit quasi rem hic delectus.,chat,1,2025-06-20T03:10:19
TKT000238,CUST000916,complaint,Complaint Issue,Aliquid odit non sint nihil quam similique delectus accusantium maxime amet architecto cupiditate illo provident.,medium,in_progress,EMP000080,2026-05-13T20:30:06,,,branch,,2026-05-13T20:30:06
TKT000239,CUST000571,loan_issue,Loan Issue Issue,Ipsam officia doloribus aperiam vitae at reiciendis facere eveniet.,low,closed,EMP000056,2025-01-08T21:54:30,2026-07-22T04:11:57,Quas hic impedit maiores.,chat,3,2025-01-08T21:54:30
TKT000240,CUST000808,account_issue,Account Issue Issue,Perspiciatis minus maiores quibusdam facere perferendis beatae sunt incidunt quam.,medium,closed,EMP000048,2025-07-31T01:05:20,2025-10-12T05:06:23,Iusto vel incidunt.,branch,4,2025-07-31T01:05:20
TKT000241,CUST000886,complaint,Complaint Issue,Ut possimus nesciunt repellat aliquid culpa quibusdam tenetur molestias.,low,in_progress,EMP000041,2026-07-17T16:55:35,,,chat,,2026-07-17T16:55:35
TKT000242,CUST000560,query,Query Issue,Rem soluta exercitationem quo enim deserunt quas suscipit voluptatibus esse nemo delectus enim deleniti eius.,medium,resolved,EMP000016,2024-07-23T20:52:10,2025-05-01T15:21:12,Temporibus quasi repellendus.,phone,2,2024-07-23T20:52:10
TKT000243,CUST000984,loan_issue,Loan Issue Issue,Eaque vitae non corporis excepturi eos explicabo necessitatibus sint natus.,medium,in_progress,EMP000012,2024-07-20T02:39:26,,,email,,2024-07-20T02:39:26
TKT000244,CUST000824,fraud_report,Fraud Report Issue,Itaque omnis facere deleniti temporibus reiciendis rerum est necessitatibus dolore earum qui fugit nihil illo.,high,resolved,EMP000068,2024-09-23T20:16:18,2024-11-01T14:35:28,Recusandae at quam consequatur sunt quia esse debitis.,phone,1,2024-09-23T20:16:18
TKT000245,CUST000089,query,Query Issue,Possimus asperiores dolor assumenda dolorem quisquam necessitatibus illum ducimus occaecati dicta inventore.,high,open,EMP000032,2024-01-02T07:40:38,,,email,,2024-01-02T07:40:38
TKT000246,CUST000599,request,Request Issue,Itaque error consequatur vitae consequuntur quaerat dicta eos assumenda perspiciatis doloremque soluta at corporis asperiores.,medium,open,EMP000050,2025-03-25T07:51:06,,,chat,,2025-03-25T07:51:06
TKT000247,CUST000774,complaint,Complaint Issue,Repudiandae sequi inventore officiis earum minima voluptatem ratione eaque nobis quae recusandae.,high,closed,EMP000097,2024-10-20T20:11:42,2025-10-12T22:10:58,Facilis aliquid blanditiis odio necessitatibus cum.,chat,5,2024-10-20T20:11:42
TKT000248,CUST000562,fraud_report,Fraud Report Issue,Maxime eveniet ab optio voluptatum reprehenderit nisi natus vero dolores error nesciunt sit.,low,closed,EMP000007,2026-03-20T12:25:02,2026-07-18T03:40:37,Ratione molestias adipisci eligendi quis perspiciatis quo.,email,2,2026-03-20T12:25:02
TKT000249,CUST000886,request,Request Issue,Iusto architecto unde ipsa occaecati rerum labore rerum a perferendis itaque.,medium,resolved,EMP000004,2024-05-21T14:34:36,2024-09-06T19:03:09,Nobis laboriosam explicabo quisquam perferendis dolores.,branch,4,2024-05-21T14:34:36
TKT000250,CUST000091,fraud_report,Fraud Report Issue,Assumenda mollitia autem fugit commodi delectus possimus ad possimus repellat dignissimos tempora quod.,medium,resolved,EMP000049,2025-04-25T17:06:15,2026-05-01T01:31:41,Repellat molestias deserunt voluptate deserunt molestias accusamus inventore.,branch,3,2025-04-25T17:06:15
TKT000251,CUST000249,request,Request Issue,Assumenda incidunt saepe saepe necessitatibus velit repellendus pariatur nisi ad officia aut voluptatibus fuga soluta soluta.,high,resolved,EMP000088,2026-04-18T05:19:35,2026-06-23T12:28:55,Vero porro itaque quisquam corrupti asperiores nulla.,branch,5,2026-04-18T05:19:35
TKT000252,CUST000804,complaint,Complaint Issue,Deserunt eaque inventore nostrum nisi modi ipsum itaque temporibus nam vel ipsum.,medium,closed,EMP000063,2025-03-26T06:52:23,2026-03-04T14:37:05,Beatae delectus suscipit quo neque.,email,3,2025-03-26T06:52:23
TKT000253,CUST000638,account_issue,Account Issue Issue,Dicta porro esse error culpa quis beatae.,medium,resolved,EMP000004,2026-05-25T20:07:02,2026-08-17T02:26:09,Porro debitis cupiditate beatae ab iusto.,email,3,2026-05-25T20:07:02
TKT000254,CUST000127,query,Query Issue,Perferendis assumenda repellendus quidem quo soluta dignissimos temporibus.,medium,in_progress,EMP000090,2026-06-08T20:56:30,,,phone,,2026-06-08T20:56:30
TKT000255,CUST000843,fraud_report,Fraud Report Issue,Perferendis omnis quisquam consectetur nobis tenetur quo maiores consequuntur officiis voluptatem vero.,low,resolved,EMP000079,2024-05-20T06:16:04,2025-06-07T07:44:01,Rem optio natus.,branch,4,2024-05-20T06:16:04
TKT000256,CUST000592,account_issue,Account Issue Issue,Dignissimos unde laborum laboriosam provident id maiores ipsa sint libero ullam fugit dolore iste.,low,closed,EMP000048,2025-11-04T09:05:02,2026-06-02T15:37:58,Quis eos aspernatur cumque itaque.,phone,1,2025-11-04T09:05:02
TKT000257,CUST000989,card_issue,Card Issue Issue,Vitae tenetur consequuntur quasi adipisci minima architecto numquam nulla ab nam excepturi.,medium,closed,EMP000038,2025-04-12T01:15:22,2026-04-29T14:17:33,Quasi veniam dicta deserunt rem.,chat,1,2025-04-12T01:15:22
TKT000258,CUST000020,fraud_report,Fraud Report Issue,Quibusdam dolores perspiciatis necessitatibus soluta animi id laborum.,high,resolved,EMP000004,2025-03-08T19:03:58,2026-01-10T01:05:03,Quod fugit beatae saepe fuga recusandae et.,email,5,2025-03-08T19:03:58
TKT000259,CUST000932,fraud_report,Fraud Report Issue,Possimus numquam nihil illum ducimus repellat laudantium quibusdam nam eos occaecati quod odio deserunt eaque.,high,open,EMP000036,2026-05-16T15:48:41,,,chat,,2026-05-16T15:48:41
TKT000260,CUST000518,loan_issue,Loan Issue Issue,Praesentium ab labore minima blanditiis neque dignissimos ratione repellat corporis in est atque blanditiis odit.,low,closed,EMP000039,2024-11-22T14:08:54,2026-08-24T17:43:21,Rem delectus consequatur molestias harum aspernatur.,phone,2,2024-11-22T14:08:54
TKT000261,CUST000364,card_issue,Card Issue Issue,Amet veritatis voluptas molestiae perferendis molestiae recusandae.,high,resolved,EMP000068,2024-12-01T21:38:35,2025-08-07T02:42:33,Beatae corrupti qui illo quisquam aliquid.,branch,3,2024-12-01T21:38:35
TKT000262,CUST000908,complaint,Complaint Issue,Quod reiciendis accusantium soluta dolores fuga tempora ea.,medium,resolved,EMP000018,2026-07-16T22:21:44,2026-07-18T21:24:10,Culpa reiciendis nostrum nisi iste minus.,chat,2,2026-07-16T22:21:44
TKT000263,CUST000582,loan_issue,Loan Issue Issue,Commodi vel eos nulla quam ab laudantium consequuntur quae doloribus facere cumque blanditiis occaecati.,medium,resolved,EMP000100,2025-11-08T03:11:23,2025-12-20T18:59:37,Laboriosam nihil repellendus saepe deleniti.,branch,3,2025-11-08T03:11:23
TKT000264,CUST000188,complaint,Complaint Issue,Officiis aperiam reiciendis dolor cum repellendus architecto necessitatibus iure totam.,medium,in_progress,EMP000016,2024-06-29T01:23:16,,,phone,,2024-06-29T01:23:16
TKT000265,CUST000922,complaint,Complaint Issue,Culpa facere voluptatibus odit quidem alias maxime recusandae quae temporibus autem vitae eum.,critical,resolved,EMP000018,2024-05-12T21:52:46,2026-08-13T00:24:39,Aliquam ad reprehenderit recusandae.,phone,1,2024-05-12T21:52:46
TKT000266,CUST000286,loan_issue,Loan Issue Issue,Nemo reiciendis dicta odio magnam illum autem alias rerum modi.,medium,in_progress,EMP000098,2025-10-06T18:46:03,,,phone,,2025-10-06T18:46:03
TKT000267,CUST000658,card_issue,Card Issue Issue,Molestiae beatae vel explicabo numquam occaecati autem illo quo.,low,resolved,EMP000064,2025-07-16T10:24:14,2025-08-29T12:57:44,Neque beatae nostrum incidunt voluptatum praesentium.,chat,5,2025-07-16T10:24:14
TKT000268,CUST000255,account_issue,Account Issue Issue,Accusamus eum nesciunt vero possimus cupiditate quos cumque minima iste deserunt ab illum nesciunt.,low,open,EMP000091,2025-09-01T11:39:52,,,email,,2025-09-01T11:39:52
TKT000269,CUST000257,account_issue,Account Issue Issue,Voluptates tempore officia voluptates qui laboriosam illum perferendis et corrupti soluta quibusdam laboriosam.,high,closed,EMP000074,2026-01-15T07:27:45,2026-01-19T19:42:09,Perferendis dolores voluptas officia aut natus veritatis itaque.,phone,2,2026-01-15T07:27:45
TKT000270,CUST000609,request,Request Issue,Magnam consectetur eius quas odio porro aut assumenda nihil.,critical,closed,EMP000059,2024-11-16T19:44:16,2025-08-29T03:07:19,Sint harum itaque eligendi voluptates reiciendis maiores.,branch,2,2024-11-16T19:44:16
TKT000271,CUST000423,request,Request Issue,Deleniti iure corrupti in hic perferendis sint voluptates reprehenderit.,low,open,EMP000067,2024-11-05T01:36:17,,,email,,2024-11-05T01:36:17
TKT000272,CUST000312,account_issue,Account Issue Issue,Laborum hic culpa optio quam sed atque dignissimos exercitationem possimus sed quasi.,high,open,EMP000018,2026-08-11T22:45:38,,,phone,,2026-08-11T22:45:38
TKT000273,CUST000528,complaint,Complaint Issue,Necessitatibus tempora dignissimos quos ex vitae molestiae ducimus accusantium alias.,medium,in_progress,EMP000042,2025-10-07T04:32:30,,,email,,2025-10-07T04:32:30
TKT000274,CUST000753,loan_issue,Loan Issue Issue,Esse velit nulla aperiam magnam minus corporis dignissimos ipsa.,low,closed,EMP000043,2024-07-26T09:49:58,2026-04-23T08:21:04,Provident fugit excepturi magni quisquam exercitationem.,branch,5,2024-07-26T09:49:58
TKT000275,CUST000278,complaint,Complaint Issue,Porro autem cumque aliquid laborum doloribus consectetur vitae.,medium,closed,EMP000070,2024-05-31T20:53:45,2025-02-27T09:51:30,Explicabo veniam nam aliquam harum culpa laborum.,branch,1,2024-05-31T20:53:45
TKT000276,CUST000905,card_issue,Card Issue Issue,Autem soluta fuga enim atque debitis quis excepturi ipsum quos sunt voluptatem quo.,low,resolved,EMP000049,2024-01-19T21:48:42,2025-12-09T16:16:33,Exercitationem nostrum adipisci voluptate.,chat,5,2024-01-19T21:48:42
TKT000277,CUST000209,account_issue,Account Issue Issue,Voluptatem dolore aut harum exercitationem dolorum facilis provident quasi deserunt cupiditate cumque neque voluptatibus.,low,resolved,EMP000044,2024-07-03T09:48:38,2025-08-08T11:29:41,Assumenda laudantium adipisci deleniti reiciendis.,branch,5,2024-07-03T09:48:38
TKT000278,CUST000395,loan_issue,Loan Issue Issue,Sed aperiam adipisci cum voluptates pariatur consequatur maxime iste.,medium,open,EMP000054,2026-02-05T15:16:17,,,phone,,2026-02-05T15:16:17
TKT000279,CUST000472,account_issue,Account Issue Issue,Eos cupiditate a accusantium tempora repudiandae eveniet iste possimus deserunt nulla sint.,medium,in_progress,EMP000098,2024-01-06T01:20:05,,,branch,,2024-01-06T01:20:05
TKT000280,CUST000237,card_issue,Card Issue Issue,Quis quam beatae incidunt corporis itaque minima cum ipsum dolorum quia.,high,open,EMP000011,2025-06-26T06:45:54,,,branch,,2025-06-26T06:45:54
TKT000281,CUST000797,card_issue,Card Issue Issue,Autem dolore iste ea excepturi cum tempore facere autem fuga labore nostrum nam ipsa.,high,resolved,EMP000091,2025-04-28T02:18:46,2025-12-19T09:55:10,Odit repudiandae error blanditiis quidem cum.,phone,5,2025-04-28T02:18:46
TKT000282,CUST000475,complaint,Complaint Issue,Animi cupiditate eius voluptatem minima doloremque tempore asperiores natus officiis voluptates sed.,high,resolved,EMP000044,2024-12-09T14:33:07,2025-06-18T06:53:46,Veritatis dicta autem delectus id enim.,chat,4,2024-12-09T14:33:07
TKT000283,CUST000679,complaint,Complaint Issue,Natus dolor impedit tempore ad voluptatum neque unde perspiciatis pariatur excepturi laboriosam.,high,closed,EMP000088,2024-04-27T03:59:36,2026-01-20T23:02:20,Aliquid excepturi inventore fugiat officia ipsam debitis.,chat,3,2024-04-27T03:59:36
TKT000284,CUST000514,fraud_report,Fraud Report Issue,Iste temporibus veritatis minima mollitia placeat soluta dicta veritatis laboriosam odit.,medium,resolved,EMP000047,2026-07-18T18:47:29,2026-08-23T10:36:10,Occaecati suscipit ipsum.,phone,5,2026-07-18T18:47:29
TKT000285,CUST000168,complaint,Complaint Issue,At architecto dolorem dolore dolor fuga illum necessitatibus perferendis eligendi perferendis incidunt nam.,critical,in_progress,EMP000050,2025-04-12T16:28:11,,,branch,,2025-04-12T16:28:11
TKT000286,CUST000648,complaint,Complaint Issue,Ab at temporibus nulla provident dignissimos aperiam odit nihil autem quos officia molestias quibusdam perferendis.,critical,closed,EMP000076,2024-03-02T21:33:58,2025-12-20T14:43:16,Commodi eius ab perferendis eveniet et nostrum.,chat,5,2024-03-02T21:33:58
TKT000287,CUST000026,loan_issue,Loan Issue Issue,Rerum porro hic quas qui minima maiores quos esse consequuntur perferendis libero molestiae ipsam veritatis unde.,medium,in_progress,EMP000074,2026-08-25T13:08:09,,,branch,,2026-08-25T13:08:09
TKT000288,CUST000561,account_issue,Account Issue Issue,Adipisci quisquam pariatur voluptatum quas id odit sequi nulla alias quaerat.,high,in_progress,EMP000031,2024-02-29T11:47:31,,,phone,,2024-02-29T11:47:31
TKT000289,CUST000722,loan_issue,Loan Issue Issue,Est eveniet quis expedita voluptatibus blanditiis reprehenderit saepe eum eligendi at non fuga ullam maxime.,medium,open,EMP000093,2024-02-19T18:45:00,,,chat,,2024-02-19T18:45:00
TKT000290,CUST000560,complaint,Complaint Issue,Facilis impedit doloribus animi totam dolorem sed veniam blanditiis cupiditate.,critical,resolved,EMP000032,2024-06-25T06:37:44,2025-03-22T07:46:50,Natus ducimus deserunt aliquid enim architecto expedita magni.,branch,4,2024-06-25T06:37:44
TKT000291,CUST000105,loan_issue,Loan Issue Issue,Sunt asperiores sequi laboriosam mollitia nulla accusamus praesentium quo asperiores nam quod occaecati repellat.,critical,open,EMP000075,2024-06-05T19:21:16,,,branch,,2024-06-05T19:21:16
TKT000292,CUST000628,complaint,Complaint Issue,Consectetur possimus sed quasi culpa odio quo dignissimos hic temporibus.,medium,closed,EMP000030,2026-08-25T17:18:55,2026-08-29T12:10:00,Eos vero neque.,branch,5,2026-08-25T17:18:55
TKT000293,CUST000751,fraud_report,Fraud Report Issue,Asperiores voluptatum eius ipsa quos ab nisi omnis libero porro pariatur aut dolore.,medium,open,EMP000077,2024-05-28T08:52:17,,,email,,2024-05-28T08:52:17
TKT000294,CUST000726,loan_issue,Loan Issue Issue,Ratione quo dicta eius cupiditate dolore ad quia natus veniam quisquam commodi.,low,open,EMP000079,2025-03-26T20:38:57,,,branch,,2025-03-26T20:38:57
TKT000295,CUST000701,fraud_report,Fraud Report Issue,Quae repudiandae nihil ullam perspiciatis inventore labore.,high,open,EMP000048,2025-09-06T16:54:03,,,branch,,2025-09-06T16:54:03
TKT000296,CUST000735,card_issue,Card Issue Issue,Cupiditate quo a optio quibusdam molestias nesciunt repellat veritatis velit voluptatum quia incidunt quibusdam impedit nam.,medium,resolved,EMP000091,2025-01-01T14:23:00,2025-01-17T23:57:05,Pariatur libero aliquid.,chat,4,2025-01-01T14:23:00
TKT000297,CUST000131,card_issue,Card Issue Issue,Ipsa tempora vel iste et repudiandae labore maxime facilis omnis.,medium,resolved,EMP000084,2025-09-29T15:07:57,2026-05-18T11:35:38,Tempore molestias accusamus modi quasi.,phone,1,2025-09-29T15:07:57
TKT000298,CUST000928,query,Query Issue,Porro iure maiores dolorem veritatis doloremque porro alias aspernatur quo cumque.,high,resolved,EMP000057,2024-02-24T05:51:03,2024-05-27T18:54:29,Odio sapiente minima adipisci omnis.,branch,1,2024-02-24T05:51:03
TKT000299,CUST000247,request,Request Issue,Odio hic aliquam quasi assumenda ducimus hic quasi eos quisquam voluptatum non.,medium,closed,EMP000087,2025-05-18T16:44:33,2026-05-20T09:04:59,Laudantium optio enim perferendis repellat.,branch,1,2025-05-18T16:44:33
TKT000300,CUST000210,complaint,Complaint Issue,Temporibus id molestias laboriosam eos magnam ipsa vel facere cupiditate quo eius eum molestias.,medium,open,EMP000005,2024-12-15T09:11:15,,,chat,,2024-12-15T09:11:15
TKT000301,CUST000690,loan_issue,Loan Issue Issue,Doloribus porro dicta reprehenderit earum a nobis exercitationem minus quaerat sed.,low,resolved,EMP000019,2024-10-30T08:22:20,2024-12-12T02:56:31,Magnam repellendus maiores officiis.,chat,2,2024-10-30T08:22:20
TKT000302,CUST000070,account_issue,Account Issue Issue,Porro sapiente totam quis praesentium nobis illo possimus.,medium,open,EMP000010,2025-06-17T16:56:17,,,branch,,2025-06-17T16:56:17
TKT000303,CUST000746,complaint,Complaint Issue,Possimus at expedita quis nihil inventore magnam ad architecto nam asperiores totam iste alias.,low,resolved,EMP000023,2025-10-15T07:58:25,2026-04-25T12:41:48,Omnis ea voluptatibus.,chat,3,2025-10-15T07:58:25
TKT000304,CUST000766,loan_issue,Loan Issue Issue,Fuga voluptatem alias placeat voluptas nesciunt nemo saepe vitae deserunt architecto nobis molestiae neque optio optio.,high,closed,EMP000047,2024-06-07T15:23:27,2026-03-20T02:58:45,Qui ducimus culpa cumque iste ratione.,email,3,2024-06-07T15:23:27
TKT000305,CUST000181,query,Query Issue,Quidem ut sunt praesentium voluptates pariatur provident aperiam libero reiciendis pariatur.,high,in_progress,EMP000014,2026-03-27T07:33:11,,,phone,,2026-03-27T07:33:11
TKT000306,CUST000771,card_issue,Card Issue Issue,Explicabo quam voluptatibus dignissimos nesciunt ducimus reprehenderit iusto.,high,in_progress,EMP000056,2024-04-01T22:43:38,,,branch,,2024-04-01T22:43:38
TKT000307,CUST000485,account_issue,Account Issue Issue,Culpa adipisci modi sequi ut quae nihil in deserunt repellendus quo perspiciatis.,low,closed,EMP000038,2025-04-14T14:46:26,2025-05-12T03:36:40,Non eius itaque cum praesentium aliquam.,chat,3,2025-04-14T14:46:26
TKT000308,CUST000314,card_issue,Card Issue Issue,Dolore quos sequi possimus recusandae vitae accusantium commodi vero est itaque.,low,in_progress,EMP000027,2024-04-10T03:54:54,,,branch,,2024-04-10T03:54:54
TKT000309,CUST000791,loan_issue,Loan Issue Issue,Reiciendis deserunt maxime molestiae velit officiis necessitatibus.,medium,resolved,EMP000011,2026-03-19T22:55:30,2026-06-05T09:42:22,Eligendi quam optio.,phone,5,2026-03-19T22:55:30
TKT000310,CUST000696,account_issue,Account Issue Issue,Ipsum natus nobis blanditiis laudantium dolorum sint temporibus officiis sequi.,high,open,EMP000060,2026-07-15T04:37:09,,,chat,,2026-07-15T04:37:09
TKT000311,CUST000757,complaint,Complaint Issue,Ut assumenda sapiente eius ea rerum reprehenderit suscipit impedit ratione necessitatibus porro molestias ratione quis.,low,in_progress,EMP000063,2025-03-28T20:44:03,,,branch,,2025-03-28T20:44:03
TKT000312,CUST000848,request,Request Issue,Iste labore ducimus voluptatibus expedita temporibus quo placeat sed.,medium,resolved,EMP000063,2026-06-08T09:26:03,2026-08-11T19:56:25,Ducimus magni harum eos.,email,4,2026-06-08T09:26:03
TKT000313,CUST000264,complaint,Complaint Issue,Doloremque libero iusto distinctio architecto qui exercitationem necessitatibus vel harum.,high,open,EMP000014,2025-10-12T21:25:46,,,phone,,2025-10-12T21:25:46
TKT000314,CUST000724,complaint,Complaint Issue,Hic ducimus cum perspiciatis repellat officia odio aperiam et deleniti necessitatibus quam.,low,closed,EMP000051,2025-04-23T10:25:49,2026-08-14T00:31:33,Quae veniam tempora non.,email,5,2025-04-23T10:25:49
TKT000315,CUST000210,account_issue,Account Issue Issue,Nostrum nihil recusandae totam laborum enim qui consectetur minus temporibus officia quod magni soluta reprehenderit.,low,resolved,EMP000090,2024-08-24T02:37:52,2025-02-21T08:39:36,Dolore voluptatum accusamus modi nisi.,branch,1,2024-08-24T02:37:52
TKT000316,CUST000382,account_issue,Account Issue Issue,Nesciunt praesentium omnis accusamus amet laudantium debitis modi blanditiis.,high,open,EMP000028,2026-01-18T14:30:25,,,phone,,2026-01-18T14:30:25
TKT000317,CUST000914,card_issue,Card Issue Issue,Voluptates enim minus omnis laborum perspiciatis minus doloremque.,medium,open,EMP000002,2024-03-19T00:26:02,,,chat,,2024-03-19T00:26:02
TKT000318,CUST000148,account_issue,Account Issue Issue,Et optio eligendi cupiditate iusto modi reprehenderit eveniet veritatis impedit laudantium asperiores modi.,low,resolved,EMP000042,2026-08-04T22:21:19,2026-08-20T05:43:35,Dolorem veritatis adipisci delectus distinctio ex nostrum.,branch,1,2026-08-04T22:21:19
TKT000319,CUST000433,complaint,Complaint Issue,Repellat excepturi tenetur minus dolorem atque perferendis officiis exercitationem odio occaecati accusamus qui ex odio.,medium,closed,EMP000086,2026-04-28T07:40:43,2026-08-29T22:32:47,Assumenda asperiores rem voluptas natus earum nulla.,email,5,2026-04-28T07:40:43
TKT000320,CUST000615,request,Request Issue,Nam modi voluptate asperiores distinctio earum enim dolores quia labore aspernatur.,low,open,EMP000087,2026-07-08T06:58:31,,,phone,,2026-07-08T06:58:31
TKT000321,CUST000830,complaint,Complaint Issue,Error natus exercitationem quod distinctio rerum libero doloremque nulla vel esse.,high,in_progress,EMP000047,2024-02-11T05:42:28,,,chat,,2024-02-11T05:42:28
TKT000322,CUST000883,loan_issue,Loan Issue Issue,Totam quis mollitia repudiandae quibusdam voluptatem ab accusamus blanditiis excepturi.,high,closed,EMP000077,2024-05-14T01:06:40,2026-02-12T21:39:32,Explicabo provident quam tempora quod sint odit.,branch,2,2024-05-14T01:06:40
TKT000323,CUST000392,card_issue,Card Issue Issue,Dolore delectus quia modi omnis dolore quas aspernatur a nostrum sapiente officia reiciendis.,low,closed,EMP000079,2025-08-30T12:27:03,2026-07-14T14:48:35,Dolorum amet perferendis sequi possimus repudiandae eos.,branch,3,2025-08-30T12:27:03
TKT000324,CUST000373,complaint,Complaint Issue,Corporis et blanditiis unde earum officiis accusamus debitis voluptas architecto tempore vel ratione aperiam adipisci architecto.,low,in_progress,EMP000065,2024-03-01T18:28:14,,,branch,,2024-03-01T18:28:14
TKT000325,CUST000923,query,Query Issue,Quam possimus iure porro sunt iure accusamus dolores omnis ullam ratione magni asperiores similique facilis suscipit.,high,resolved,EMP000099,2024-01-13T22:26:09,2025-01-12T13:47:47,Fuga deleniti reiciendis corrupti.,branch,4,2024-01-13T22:26:09
TKT000326,CUST000830,loan_issue,Loan Issue Issue,Dolores adipisci ducimus excepturi eum facere ad saepe repudiandae doloremque ipsa est.,critical,in_progress,EMP000037,2024-01-31T08:40:33,,,email,,2024-01-31T08:40:33
TKT000327,CUST000261,query,Query Issue,Reprehenderit doloribus reprehenderit dolorum natus quod aliquid quisquam.,low,open,EMP000075,2024-07-31T18:49:34,,,phone,,2024-07-31T18:49:34
TKT000328,CUST000264,complaint,Complaint Issue,Tenetur in nisi laboriosam nam earum tempora voluptatum laboriosam fugit blanditiis neque corrupti.,low,resolved,EMP000070,2024-12-20T04:01:56,2026-03-24T01:27:20,Eos sapiente commodi.,branch,5,2024-12-20T04:01:56
TKT000329,CUST000943,loan_issue,Loan Issue Issue,Maxime optio soluta dignissimos quos vero fuga quas aut sit nihil cupiditate nam laudantium beatae.,critical,resolved,EMP000036,2025-01-19T22:30:15,2025-11-23T23:51:32,Eius fuga minus ipsam nesciunt odit autem.,branch,4,2025-01-19T22:30:15
TKT000330,CUST000338,account_issue,Account Issue Issue,Modi eaque dolores ratione ipsa culpa laudantium blanditiis.,critical,resolved,EMP000039,2026-05-08T08:21:08,2026-07-30T18:12:28,Laudantium asperiores aliquam nostrum explicabo tempora debitis sint.,chat,1,2026-05-08T08:21:08
TKT000331,CUST000811,fraud_report,Fraud Report Issue,Neque ducimus beatae laboriosam consequuntur voluptatem dicta ullam pariatur voluptatum possimus delectus quos.,medium,in_progress,EMP000011,2025-03-15T21:16:25,,,phone,,2025-03-15T21:16:25
TKT000332,CUST000711,fraud_report,Fraud Report Issue,Consequuntur delectus voluptas perferendis assumenda minus quos enim quo nesciunt eveniet distinctio consequatur.,low,resolved,EMP000008,2025-10-16T15:54:36,2025-10-23T04:40:44,Inventore fugit totam optio temporibus deserunt est.,branch,4,2025-10-16T15:54:36
TKT000333,CUST000512,card_issue,Card Issue Issue,Facilis adipisci dolorem in suscipit illum at sit commodi vitae.,low,closed,EMP000047,2025-08-04T13:56:22,2026-06-26T15:05:19,Adipisci veniam vero quas corporis.,email,1,2025-08-04T13:56:22
TKT000334,CUST000568,complaint,Complaint Issue,A nisi iste libero tempore repudiandae officiis minus aspernatur quod.,critical,open,EMP000039,2024-07-03T03:35:54,,,chat,,2024-07-03T03:35:54
TKT000335,CUST000714,query,Query Issue,Nam iure nobis debitis quos neque nesciunt.,medium,in_progress,EMP000048,2026-05-13T10:53:32,,,chat,,2026-05-13T10:53:32
TKT000336,CUST000075,card_issue,Card Issue Issue,Sunt rem dicta reiciendis nemo in iste.,high,open,EMP000058,2025-10-18T14:49:50,,,phone,,2025-10-18T14:49:50
TKT000337,CUST000721,loan_issue,Loan Issue Issue,Perspiciatis dolores at ipsam praesentium dolorem assumenda asperiores similique necessitatibus similique architecto aliquid eum.,high,resolved,EMP000018,2024-06-28T14:15:50,2025-11-19T13:44:16,Similique ratione dolore vel voluptatem odit blanditiis cumque.,email,3,2024-06-28T14:15:50
TKT000338,CUST000974,account_issue,Account Issue Issue,Suscipit eligendi nostrum ipsum ad vel nesciunt voluptatem.,high,resolved,EMP000099,2024-06-17T11:32:54,2025-10-18T06:20:58,Quas esse saepe mollitia nostrum non error.,chat,3,2024-06-17T11:32:54
TKT000339,CUST000234,fraud_report,Fraud Report Issue,Enim commodi ullam animi corporis mollitia quas nihil facilis iure maiores mollitia totam alias asperiores iste.,low,open,EMP000087,2024-10-13T06:15:03,,,phone,,2024-10-13T06:15:03
TKT000340,CUST000965,account_issue,Account Issue Issue,Odio corporis quidem quo atque cumque iusto placeat libero eaque ratione beatae id.,high,resolved,EMP000082,2026-04-25T03:46:45,2026-06-13T20:50:18,Vero ipsam non.,chat,2,2026-04-25T03:46:45
TKT000341,CUST000700,loan_issue,Loan Issue Issue,Veniam possimus sed tempore placeat ipsum modi fugit dolore fugit illum natus deleniti tenetur molestiae.,low,in_progress,EMP000042,2024-06-17T00:38:27,,,phone,,2024-06-17T00:38:27
TKT000342,CUST000698,card_issue,Card Issue Issue,Aut sapiente vel nihil ab praesentium consequatur illo ab.,high,resolved,EMP000075,2025-06-21T13:26:10,2025-06-25T17:53:56,Quos assumenda tenetur perspiciatis consequatur asperiores.,phone,1,2025-06-21T13:26:10
TKT000343,CUST000030,request,Request Issue,Ducimus suscipit nihil quisquam quia ut animi eius molestiae.,high,closed,EMP000098,2025-11-28T22:05:14,2026-08-04T23:31:50,Dolor recusandae voluptatem enim expedita quidem.,email,1,2025-11-28T22:05:14
TKT000344,CUST000115,account_issue,Account Issue Issue,Ut perferendis non atque sint dolore laudantium debitis qui.,high,in_progress,EMP000060,2025-03-07T19:44:21,,,email,,2025-03-07T19:44:21
TKT000345,CUST000552,complaint,Complaint Issue,Possimus voluptate nam cum enim asperiores quaerat rem.,medium,in_progress,EMP000053,2024-05-10T06:23:47,,,phone,,2024-05-10T06:23:47
TKT000346,CUST000965,query,Query Issue,Minus fugit odit recusandae voluptate quas voluptates voluptates natus similique sed recusandae provident.,low,in_progress,EMP000065,2026-05-10T14:20:49,,,phone,,2026-05-10T14:20:49
TKT000347,CUST000006,query,Query Issue,Magni amet sequi ad aliquam provident cumque cum laudantium iste modi voluptas dolorum.,low,in_progress,EMP000039,2026-08-08T01:47:30,,,phone,,2026-08-08T01:47:30
TKT000348,CUST000163,query,Query Issue,Dolore commodi necessitatibus possimus autem error quam.,low,resolved,EMP000026,2026-02-20T11:57:41,2026-03-31T21:11:02,Explicabo odit vel ab earum.,email,2,2026-02-20T11:57:41
TKT000349,CUST000965,fraud_report,Fraud Report Issue,Veniam dolorem repudiandae molestias quo delectus inventore qui reiciendis mollitia eius.,high,in_progress,EMP000073,2025-05-15T15:57:53,,,phone,,2025-05-15T15:57:53
TKT000350,CUST000155,loan_issue,Loan Issue Issue,Sequi nemo temporibus assumenda ab dolorum odit repellat repellendus sint dolores autem tempora.,high,resolved,EMP000058,2024-08-05T10:28:55,2025-05-19T10:01:05,Accusamus dolores repellat totam architecto commodi.,phone,1,2024-08-05T10:28:55
TKT000351,CUST000528,fraud_report,Fraud Report Issue,Possimus recusandae repudiandae aperiam itaque natus doloremque voluptate facere eaque consequatur.,low,open,EMP000075,2025-02-24T06:37:25,,,email,,2025-02-24T06:37:25
TKT000352,CUST000494,request,Request Issue,Sed asperiores consequatur enim expedita tempora nostrum illum similique vero velit odio iure necessitatibus veritatis.,critical,in_progress,EMP000063,2026-02-17T11:07:26,,,branch,,2026-02-17T11:07:26
TKT000353,CUST000761,loan_issue,Loan Issue Issue,Aliquid dolore eveniet dolor cum voluptatem nemo corporis fugit.,medium,in_progress,EMP000042,2025-07-13T15:29:02,,,chat,,2025-07-13T15:29:02
TKT000354,CUST000582,query,Query Issue,Aut inventore veritatis ipsam incidunt nemo ipsum nemo vero excepturi ducimus tenetur sunt blanditiis.,medium,resolved,EMP000005,2026-02-27T02:20:10,2026-05-07T09:04:42,Illum nihil eum suscipit cupiditate ducimus vel ipsam.,email,4,2026-02-27T02:20:10
TKT000355,CUST000475,query,Query Issue,Qui quia corrupti repellat dolores illum dignissimos neque a a dolor est qui consequuntur eos error.,medium,open,EMP000042,2025-11-25T02:51:30,,,phone,,2025-11-25T02:51:30
TKT000356,CUST000385,request,Request Issue,Nisi debitis ducimus sed rem officiis deleniti corporis quisquam harum.,medium,in_progress,EMP000082,2025-03-02T05:52:49,,,phone,,2025-03-02T05:52:49
TKT000357,CUST000540,query,Query Issue,Aut veniam distinctio cum tenetur eaque iusto fuga blanditiis esse minima voluptas.,medium,resolved,EMP000083,2024-09-01T00:52:57,2025-05-06T15:58:43,Ullam a sunt ipsum reiciendis.,chat,2,2024-09-01T00:52:57
TKT000358,CUST000518,complaint,Complaint Issue,Quibusdam modi possimus quos ipsam alias odio earum.,low,in_progress,EMP000007,2025-11-02T16:03:32,,,branch,,2025-11-02T16:03:32
TKT000359,CUST000898,loan_issue,Loan Issue Issue,Ab odio ullam culpa dolorem doloremque pariatur.,critical,resolved,EMP000032,2024-08-08T18:38:39,2024-09-14T08:29:04,Sint laudantium vitae quo iste.,branch,2,2024-08-08T18:38:39
TKT000360,CUST000287,query,Query Issue,Ad asperiores quo quam nihil temporibus nam.,high,open,EMP000018,2025-03-12T17:28:47,,,email,,2025-03-12T17:28:47
TKT000361,CUST000636,request,Request Issue,Aliquam similique mollitia porro rerum alias velit eveniet molestiae vitae nostrum magnam repellendus perspiciatis quis.,critical,in_progress,EMP000096,2026-01-09T18:16:20,,,chat,,2026-01-09T18:16:20
TKT000362,CUST000976,query,Query Issue,Delectus accusamus perferendis aspernatur debitis iusto quam a iste repellendus enim quibusdam totam consectetur ex.,high,closed,EMP000003,2024-04-04T23:22:25,2025-04-21T16:30:29,Fugiat impedit dolor corrupti ipsa.,phone,2,2024-04-04T23:22:25
TKT000363,CUST000854,query,Query Issue,Eius dolore inventore sed quibusdam ducimus a debitis sunt accusantium dolorum adipisci voluptatem itaque fugit.,high,in_progress,EMP000088,2025-03-21T03:21:05,,,phone,,2025-03-21T03:21:05
TKT000364,CUST000313,account_issue,Account Issue Issue,Labore provident nam quasi ea sed aspernatur cupiditate.,high,resolved,EMP000079,2026-06-13T21:14:08,2026-07-09T12:35:00,Explicabo accusantium natus cupiditate dolores totam possimus tempore.,email,2,2026-06-13T21:14:08
TKT000365,CUST000417,card_issue,Card Issue Issue,Consequatur sit voluptates beatae mollitia quod vero provident expedita.,medium,in_progress,EMP000041,2024-08-17T13:46:50,,,email,,2024-08-17T13:46:50
TKT000366,CUST000631,query,Query Issue,Nobis veniam quae ipsa quae et eveniet aperiam saepe sunt.,low,resolved,EMP000006,2024-02-04T17:22:41,2025-12-08T21:51:32,Inventore eligendi omnis minima.,branch,5,2024-02-04T17:22:41
TKT000367,CUST000343,request,Request Issue,Minima quisquam ut est iusto quam corrupti ex eius.,medium,in_progress,EMP000083,2025-05-13T18:52:41,,,branch,,2025-05-13T18:52:41
TKT000368,CUST000444,query,Query Issue,Aspernatur dicta rerum tenetur soluta nostrum fugiat consectetur iure accusamus eaque tempore soluta voluptas.,medium,resolved,EMP000048,2024-08-14T05:05:16,2024-10-15T21:29:45,Tempora provident doloremque explicabo libero et voluptatum.,email,4,2024-08-14T05:05:16
TKT000369,CUST000392,loan_issue,Loan Issue Issue,Architecto nisi sit dicta quod suscipit rem impedit doloribus repellat aliquam corrupti blanditiis culpa minus.,medium,resolved,EMP000080,2024-11-20T21:15:03,2026-05-26T15:19:04,Quisquam sequi magni iste.,email,5,2024-11-20T21:15:03
TKT000370,CUST000194,account_issue,Account Issue Issue,Officiis incidunt quod quo perspiciatis quod laborum ipsum dolores harum.,low,resolved,EMP000004,2024-12-28T02:47:52,2025-09-11T19:38:50,Quibusdam nihil voluptatem recusandae.,chat,3,2024-12-28T02:47:52
TKT000371,CUST000869,account_issue,Account Issue Issue,Incidunt a ducimus quas unde culpa placeat saepe itaque nam enim reprehenderit nihil.,low,closed,EMP000033,2025-07-31T02:15:11,2026-07-22T02:08:33,Eligendi numquam soluta quo modi.,chat,4,2025-07-31T02:15:11
TKT000372,CUST000984,loan_issue,Loan Issue Issue,Reiciendis ex quisquam reiciendis sapiente magni tempora magnam molestiae praesentium.,medium,in_progress,EMP000076,2024-02-27T11:12:36,,,email,,2024-02-27T11:12:36
TKT000373,CUST000342,request,Request Issue,Doloribus animi officia repellendus nulla blanditiis eius nam eveniet et.,medium,resolved,EMP000046,2025-01-06T21:56:17,2026-05-23T23:49:54,Aliquam facere nesciunt perspiciatis aliquam quaerat.,chat,5,2025-01-06T21:56:17
TKT000374,CUST000342,loan_issue,Loan Issue Issue,Nulla nam dicta tempora ratione quae id quisquam debitis adipisci modi pariatur tempore sunt.,medium,in_progress,EMP000011,2024-04-25T22:35:53,,,chat,,2024-04-25T22:35:53
TKT000375,CUST000262,complaint,Complaint Issue,Fuga mollitia ipsum eaque similique commodi cumque quasi rerum temporibus quibusdam ea.,high,in_progress,EMP000091,2024-09-12T19:43:56,,,phone,,2024-09-12T19:43:56
TKT000376,CUST000495,fraud_report,Fraud Report Issue,Eaque suscipit reiciendis dolorem ipsum sequi rem quos minus iste quia fuga quis beatae non.,medium,resolved,EMP000086,2024-12-05T18:34:54,2025-08-14T06:19:20,Id eligendi fuga nisi ex rem.,email,2,2024-12-05T18:34:54
TKT000377,CUST000115,loan_issue,Loan Issue Issue,Officiis sint ducimus assumenda dolore expedita aliquam.,critical,in_progress,EMP000018,2025-05-25T05:12:05,,,chat,,2025-05-25T05:12:05
TKT000378,CUST000508,card_issue,Card Issue Issue,Provident repellendus quo corporis recusandae delectus sequi quis cupiditate ratione modi nemo harum.,medium,resolved,EMP000098,2025-03-18T04:39:31,2025-10-13T10:05:18,Officia dolores similique vero et temporibus.,chat,3,2025-03-18T04:39:31
TKT000379,CUST000888,complaint,Complaint Issue,Optio ex omnis magni a eum repellendus mollitia magnam.,low,open,EMP000003,2026-08-13T00:25:09,,,phone,,2026-08-13T00:25:09
TKT000380,CUST000232,complaint,Complaint Issue,Nesciunt eius nisi hic aperiam pariatur enim eaque consectetur ab illum nam dolorum quae quasi.,high,closed,EMP000020,2024-02-04T08:38:02,2025-01-14T11:40:41,Esse tenetur magnam.,email,3,2024-02-04T08:38:02
TKT000381,CUST000589,loan_issue,Loan Issue Issue,Tempore laborum iusto quasi necessitatibus natus exercitationem quibusdam explicabo id iure maiores architecto eos ipsa ullam.,medium,in_progress,EMP000074,2026-06-12T08:27:29,,,branch,,2026-06-12T08:27:29
TKT000382,CUST000124,card_issue,Card Issue Issue,Tempora ipsa vero optio rem dolore vero harum sed.,medium,closed,EMP000026,2025-06-25T15:42:51,2025-09-23T10:53:04,Ut eos explicabo nihil corrupti molestias exercitationem quibusdam.,phone,2,2025-06-25T15:42:51
TKT000383,CUST000447,complaint,Complaint Issue,Placeat ipsa nemo accusantium recusandae minima ducimus.,low,resolved,EMP000018,2025-02-14T13:13:17,2025-05-19T15:44:44,Mollitia quas rem aspernatur.,branch,5,2025-02-14T13:13:17
TKT000384,CUST000085,complaint,Complaint Issue,Expedita id non cupiditate perspiciatis quidem porro temporibus temporibus.,medium,closed,EMP000042,2025-06-23T16:52:55,2025-10-12T07:06:35,Soluta esse libero eligendi placeat fugiat rerum.,phone,4,2025-06-23T16:52:55
TKT000385,CUST000620,request,Request Issue,Vel id cumque aliquam maiores quos vel maxime ut necessitatibus ex.,low,resolved,EMP000082,2024-12-17T07:55:41,2025-09-14T05:18:57,Assumenda rem debitis ab laudantium delectus.,branch,5,2024-12-17T07:55:41
TKT000386,CUST000541,request,Request Issue,Sapiente facere iste fugit neque aspernatur nobis quibusdam itaque iure.,low,resolved,EMP000053,2024-07-23T17:07:11,2026-06-16T00:26:30,At deleniti nisi repellendus nobis iure consectetur.,branch,1,2024-07-23T17:07:11
TKT000387,CUST000301,fraud_report,Fraud Report Issue,Esse adipisci assumenda ipsa adipisci eum quidem consequuntur fugit.,low,closed,EMP000070,2025-06-20T15:23:01,2026-06-06T08:55:47,Officia quas alias dolor sunt quae.,phone,5,2025-06-20T15:23:01
TKT000388,CUST000390,account_issue,Account Issue Issue,Incidunt ullam laboriosam labore aliquam repellendus impedit labore dolorum aliquam.,medium,closed,EMP000053,2024-05-21T03:45:15,2025-04-03T16:55:37,Illum reprehenderit maiores.,chat,2,2024-05-21T03:45:15
TKT000389,CUST000307,complaint,Complaint Issue,Blanditiis assumenda pariatur laudantium itaque quisquam dicta illo iste neque dolore nam.,medium,in_progress,EMP000031,2025-10-07T12:13:58,,,phone,,2025-10-07T12:13:58
TKT000390,CUST000380,request,Request Issue,Ratione consectetur magni modi perferendis quaerat alias eveniet.,medium,closed,EMP000079,2024-08-27T06:47:41,2024-09-14T11:42:49,Perspiciatis pariatur mollitia inventore facere.,email,1,2024-08-27T06:47:41
TKT000391,CUST000478,fraud_report,Fraud Report Issue,Ipsam natus asperiores ad odio dicta esse nihil quos fugiat enim aspernatur at laborum suscipit.,low,closed,EMP000059,2026-02-01T22:57:20,2026-08-24T11:52:53,Fuga sapiente dolore a illum.,branch,1,2026-02-01T22:57:20
TKT000392,CUST000161,query,Query Issue,Magnam quibusdam expedita corporis maxime ratione blanditiis consequuntur aperiam quasi perspiciatis cumque.,low,resolved,EMP000084,2025-05-15T04:04:42,2026-01-17T11:12:20,Necessitatibus molestias dolor animi quo.,phone,1,2025-05-15T04:04:42
TKT000393,CUST000536,account_issue,Account Issue Issue,Dignissimos cumque ducimus beatae temporibus voluptate saepe praesentium sapiente mollitia.,medium,in_progress,EMP000042,2026-03-25T21:24:00,,,phone,,2026-03-25T21:24:00
TKT000394,CUST000767,account_issue,Account Issue Issue,Velit assumenda nulla eveniet libero dolor cupiditate.,low,resolved,EMP000047,2026-03-04T19:19:45,2026-07-06T18:17:47,Autem quidem sint eveniet iste laborum.,chat,2,2026-03-04T19:19:45
TKT000395,CUST000395,card_issue,Card Issue Issue,Quidem quas sed maiores velit animi omnis voluptatem minima nam.,low,closed,EMP000030,2025-11-23T07:40:24,2026-02-05T11:21:25,Cumque quam nemo incidunt molestias laboriosam consectetur distinctio.,phone,2,2025-11-23T07:40:24
TKT000396,CUST000130,request,Request Issue,Saepe sed quam ullam corporis doloremque nemo tempore asperiores voluptatibus.,critical,open,EMP000081,2025-11-08T19:50:33,,,chat,,2025-11-08T19:50:33
TKT000397,CUST000142,account_issue,Account Issue Issue,Ut saepe inventore architecto error aliquid odit repudiandae aliquid veniam quas pariatur deserunt architecto.,high,resolved,EMP000047,2024-08-01T20:32:09,2024-10-14T14:48:13,Odit repellat in itaque.,phone,2,2024-08-01T20:32:09
TKT000398,CUST000773,account_issue,Account Issue Issue,Voluptate sit labore ab suscipit delectus ab.,medium,closed,EMP000080,2026-04-18T09:04:13,2026-08-31T00:55:32,Asperiores ducimus doloribus porro culpa a.,chat,3,2026-04-18T09:04:13
TKT000399,CUST000996,card_issue,Card Issue Issue,Laborum recusandae in minus earum vero libero est accusantium sed voluptates corporis at repellat suscipit cumque.,high,in_progress,EMP000028,2024-02-07T02:32:10,,,phone,,2024-02-07T02:32:10
TKT000400,CUST000462,account_issue,Account Issue Issue,Ad vel debitis maiores sapiente nisi alias velit nulla quos corporis rerum numquam.,low,resolved,EMP000050,2025-01-14T10:54:00,2025-08-12T19:33:39,Molestiae in aspernatur.,phone,3,2025-01-14T10:54:00
TKT000401,CUST000218,loan_issue,Loan Issue Issue,Tenetur at voluptatum mollitia quod animi nobis.,low,closed,EMP000100,2024-05-14T18:07:56,2024-08-31T19:35:10,Vero maiores autem beatae odio est voluptatem sit.,chat,1,2024-05-14T18:07:56
TKT000402,CUST000317,fraud_report,Fraud Report Issue,Blanditiis voluptatum minima porro optio accusamus dignissimos nemo nisi nam officiis accusamus placeat doloribus voluptatibus.,critical,resolved,EMP000050,2026-08-08T22:07:27,2026-08-10T03:34:09,Odio quasi ipsa asperiores.,email,2,2026-08-08T22:07:27
TKT000403,CUST000989,request,Request Issue,A dolorem ut asperiores voluptates nulla mollitia laudantium odit nostrum dolorum beatae aliquam sunt.,low,closed,EMP000079,2025-06-19T02:00:04,2025-06-25T18:51:48,Beatae distinctio eveniet totam omnis.,branch,4,2025-06-19T02:00:04
TKT000404,CUST000321,account_issue,Account Issue Issue,Quasi praesentium nisi doloribus quo optio natus.,medium,resolved,EMP000047,2026-03-13T00:33:48,2026-05-23T12:17:30,Deserunt ad nobis eligendi amet in.,email,1,2026-03-13T00:33:48
TKT000405,CUST000035,loan_issue,Loan Issue Issue,Excepturi nihil eius repellendus ipsa modi modi pariatur possimus modi dolorum blanditiis natus nesciunt aspernatur.,medium,open,EMP000002,2024-04-20T18:12:55,,,branch,,2024-04-20T18:12:55
TKT000406,CUST000358,account_issue,Account Issue Issue,Culpa ipsa repellat hic dignissimos dolorum natus perferendis.,medium,closed,EMP000071,2025-11-10T03:12:29,2025-11-25T10:00:37,Consequatur officiis aliquam excepturi veritatis tempore placeat.,chat,1,2025-11-10T03:12:29
TKT000407,CUST000376,fraud_report,Fraud Report Issue,Illum repellat reprehenderit in quae ex officiis consequatur eos ex labore excepturi quia ab.,medium,closed,EMP000039,2025-02-09T22:30:00,2025-05-26T11:25:55,Quisquam voluptate perferendis.,phone,5,2025-02-09T22:30:00
TKT000408,CUST000140,request,Request Issue,Ducimus sed rerum praesentium commodi illum sapiente necessitatibus.,medium,in_progress,EMP000014,2025-09-23T15:29:14,,,email,,2025-09-23T15:29:14
TKT000409,CUST000274,card_issue,Card Issue Issue,Praesentium cum cupiditate cumque facere repudiandae sint quis ratione consequuntur reprehenderit sapiente magni odit.,medium,closed,EMP000099,2025-07-11T17:01:25,2025-07-18T17:28:25,Rerum sequi ipsum.,chat,5,2025-07-11T17:01:25
TKT000410,CUST000708,request,Request Issue,Veniam sapiente facilis alias amet eum quis incidunt.,high,resolved,EMP000042,2024-11-09T22:45:30,2026-07-31T11:38:53,Veniam laboriosam voluptas itaque officia.,phone,2,2024-11-09T22:45:30
TKT000411,CUST000768,fraud_report,Fraud Report Issue,Dolorem quasi nam sequi ipsa pariatur reiciendis repellat.,high,open,EMP000095,2024-01-13T11:48:40,,,phone,,2024-01-13T11:48:40
TKT000412,CUST000748,complaint,Complaint Issue,Cum tenetur temporibus fugit corrupti non nemo dolore harum natus odio nostrum eaque delectus a.,medium,closed,EMP000052,2025-12-21T23:10:19,2026-01-22T02:11:33,Provident a harum.,chat,3,2025-12-21T23:10:19
TKT000413,CUST000822,account_issue,Account Issue Issue,Odit vitae modi ullam temporibus hic impedit repellendus.,high,resolved,EMP000040,2024-12-16T06:49:59,2026-04-05T08:35:12,Iusto enim vitae distinctio aperiam laboriosam.,email,2,2024-12-16T06:49:59
TKT000414,CUST000742,fraud_report,Fraud Report Issue,Deserunt labore molestiae nulla excepturi fugit nostrum voluptates quae quas facilis dolorum qui praesentium consequatur.,low,closed,EMP000093,2025-12-28T20:37:07,2026-01-08T19:08:16,Dolores nemo quos corrupti nisi.,email,5,2025-12-28T20:37:07
TKT000415,CUST000110,card_issue,Card Issue Issue,Fugit harum rerum harum doloribus laborum quos necessitatibus.,medium,in_progress,EMP000076,2024-03-17T19:56:15,,,email,,2024-03-17T19:56:15
TKT000416,CUST000752,card_issue,Card Issue Issue,Minus aspernatur corporis perferendis inventore officia dicta dolorum similique in dignissimos.,low,resolved,EMP000076,2025-07-19T21:34:58,2026-04-24T13:12:49,Laborum earum numquam ratione.,email,5,2025-07-19T21:34:58
TKT000417,CUST000517,request,Request Issue,Laudantium nesciunt beatae odit ratione cupiditate placeat voluptates dolore.,low,closed,EMP000091,2024-06-25T20:36:27,2026-01-15T12:34:35,Saepe odit repellat hic enim nobis voluptatum.,branch,4,2024-06-25T20:36:27
TKT000418,CUST000210,complaint,Complaint Issue,At aspernatur dolor est doloremque inventore nobis vitae quaerat reiciendis deleniti sunt minus.,medium,resolved,EMP000058,2024-12-29T09:00:05,2026-04-25T10:35:17,Beatae doloribus iste quam doloremque.,email,5,2024-12-29T09:00:05
TKT000419,CUST000564,account_issue,Account Issue Issue,Exercitationem amet asperiores quos rerum culpa iste laborum harum.,low,open,EMP000060,2025-07-19T20:32:46,,,email,,2025-07-19T20:32:46
TKT000420,CUST000273,card_issue,Card Issue Issue,Placeat qui a dolorem suscipit quam earum autem voluptatem eius voluptate accusamus in aliquam.,critical,closed,EMP000100,2025-09-07T11:48:00,2026-08-01T04:41:44,Magnam ex repellendus quod iusto.,phone,4,2025-09-07T11:48:00
TKT000421,CUST000256,complaint,Complaint Issue,Velit veritatis quae autem voluptate accusantium beatae similique facilis quas dicta nulla.,medium,closed,EMP000084,2024-05-02T20:02:51,2024-06-11T03:54:28,Iure recusandae doloribus unde deserunt iusto.,email,4,2024-05-02T20:02:51
TKT000422,CUST000876,loan_issue,Loan Issue Issue,Perspiciatis est odit sapiente quas illum tenetur pariatur ullam dolores deserunt numquam.,high,closed,EMP000075,2024-06-09T01:52:53,2025-02-22T11:34:51,Ullam quaerat minus cumque.,chat,3,2024-06-09T01:52:53
TKT000423,CUST000379,request,Request Issue,Hic beatae dolorem iste debitis dicta nostrum odit natus reprehenderit aperiam voluptatum possimus consequuntur officiis dicta.,critical,open,EMP000088,2025-03-04T08:52:36,,,email,,2025-03-04T08:52:36
TKT000424,CUST000606,request,Request Issue,A voluptatum modi voluptatibus maiores ea odio nostrum quisquam libero.,medium,resolved,EMP000087,2024-09-29T10:38:10,2024-10-03T09:30:41,Molestias officia accusantium vel aliquam.,email,2,2024-09-29T10:38:10
TKT000425,CUST000098,card_issue,Card Issue Issue,Eaque officia placeat praesentium mollitia magnam quo hic amet.,critical,open,EMP000018,2025-09-15T12:33:41,,,branch,,2025-09-15T12:33:41
TKT000426,CUST000550,account_issue,Account Issue Issue,Id consequuntur quas fugit consectetur aut dicta.,critical,resolved,EMP000014,2024-02-05T22:43:55,2025-03-20T06:40:59,Sint molestiae nobis ea.,branch,2,2024-02-05T22:43:55
TKT000427,CUST000473,query,Query Issue,Possimus laboriosam ex ducimus ullam itaque quis placeat molestias necessitatibus eius cumque.,low,in_progress,EMP000023,2025-07-28T04:31:00,,,email,,2025-07-28T04:31:00
TKT000428,CUST000961,account_issue,Account Issue Issue,Maiores atque praesentium accusantium dolor iure autem maiores quas deleniti placeat.,low,resolved,EMP000042,2025-02-04T22:30:53,2025-02-16T11:51:42,Numquam quisquam natus.,chat,4,2025-02-04T22:30:53
TKT000429,CUST000722,query,Query Issue,Vero dolor nostrum odit nihil sequi ad sapiente officia dignissimos porro accusamus.,low,closed,EMP000008,2024-01-04T14:46:46,2024-02-14T02:32:10,Tenetur ea rerum ducimus.,phone,2,2024-01-04T14:46:46
TKT000430,CUST000621,request,Request Issue,Reiciendis provident delectus quidem rem adipisci sequi eveniet voluptatibus esse nulla accusamus assumenda at.,medium,resolved,EMP000051,2025-07-18T04:14:34,2025-10-15T12:55:32,Omnis assumenda ipsum dignissimos et iusto.,phone,4,2025-07-18T04:14:34
TKT000431,CUST000053,request,Request Issue,Vero molestias culpa nemo molestiae accusantium non ipsam magni voluptate.,critical,closed,EMP000022,2025-11-25T16:55:26,2025-11-30T09:09:04,Repellendus eius dolorum officia porro neque rerum.,email,5,2025-11-25T16:55:26
TKT000432,CUST000051,fraud_report,Fraud Report Issue,Recusandae dolores quisquam optio labore soluta delectus necessitatibus unde possimus doloremque veritatis excepturi vero occaecati totam.,critical,in_progress,EMP000011,2026-03-10T23:37:53,,,phone,,2026-03-10T23:37:53
TKT000433,CUST000109,card_issue,Card Issue Issue,Enim sed facilis unde culpa dicta ad perferendis.,low,resolved,EMP000057,2024-06-06T20:59:09,2025-11-11T10:54:05,Non veritatis alias minus nobis.,email,5,2024-06-06T20:59:09
TKT000434,CUST000276,request,Request Issue,Ipsum corporis nemo laudantium asperiores totam debitis laudantium sunt.,medium,resolved,EMP000096,2025-03-30T14:49:11,2026-01-12T05:09:30,Rerum quibusdam reprehenderit harum temporibus totam.,email,4,2025-03-30T14:49:11
TKT000435,CUST000957,fraud_report,Fraud Report Issue,Ex ad voluptatibus provident id iste suscipit tempora qui quos magni maxime.,medium,closed,EMP000096,2026-08-19T02:09:26,2026-08-26T02:05:01,Consequuntur perspiciatis optio recusandae vitae officia consequatur molestias.,phone,2,2026-08-19T02:09:26
TKT000436,CUST000315,account_issue,Account Issue Issue,Voluptatum voluptatem facilis aspernatur maiores aperiam perspiciatis porro deserunt culpa molestias nulla possimus.,critical,closed,EMP000037,2025-05-24T15:31:28,2025-06-13T12:16:46,Enim rerum repellat minima beatae ullam sunt.,branch,3,2025-05-24T15:31:28
TKT000437,CUST000529,fraud_report,Fraud Report Issue,Veniam soluta doloribus natus laudantium earum incidunt cumque.,low,closed,EMP000015,2024-11-24T18:31:03,2025-06-13T22:02:13,Aspernatur iusto aperiam deserunt quidem voluptatem optio error.,chat,3,2024-11-24T18:31:03
TKT000438,CUST000050,complaint,Complaint Issue,Perspiciatis corporis sequi voluptatum perspiciatis quasi laudantium ea veritatis dolorem laudantium sapiente velit culpa commodi.,critical,resolved,EMP000095,2024-04-12T10:54:35,2024-05-10T16:26:34,Non quo consequuntur dolorum magni.,phone,4,2024-04-12T10:54:35
TKT000439,CUST000717,loan_issue,Loan Issue Issue,Cum eveniet voluptate quia nesciunt repudiandae reprehenderit cumque modi distinctio quia voluptates explicabo mollitia.,medium,resolved,EMP000035,2026-01-05T16:23:35,2026-03-09T14:52:58,Nostrum optio recusandae iure omnis.,chat,1,2026-01-05T16:23:35
TKT000440,CUST000260,loan_issue,Loan Issue Issue,Rerum ratione impedit fugit provident odit fuga incidunt tenetur eius nam adipisci quibusdam facere accusamus distinctio.,low,closed,EMP000064,2024-01-19T09:35:35,2024-05-01T10:51:11,Eligendi sed quia ea.,chat,3,2024-01-19T09:35:35
TKT000441,CUST000885,card_issue,Card Issue Issue,Quis consequatur ea natus illum dolores dolore.,medium,resolved,EMP000051,2025-10-11T03:11:10,2025-11-22T07:20:25,Minus facere recusandae quis id rem.,chat,2,2025-10-11T03:11:10
TKT000442,CUST000195,loan_issue,Loan Issue Issue,Ad natus repellat ea occaecati adipisci quod facilis aliquid perferendis dolorem impedit cupiditate totam.,low,open,EMP000076,2024-09-30T12:53:57,,,chat,,2024-09-30T12:53:57
TKT000443,CUST000826,card_issue,Card Issue Issue,Eaque corporis architecto ut incidunt vel laboriosam debitis.,high,resolved,EMP000026,2024-04-13T04:54:22,2025-05-29T12:11:34,Quae vitae delectus distinctio fugit.,branch,3,2024-04-13T04:54:22
TKT000444,CUST000374,query,Query Issue,Optio quos blanditiis enim laudantium illum expedita officia.,medium,resolved,EMP000083,2024-08-02T15:58:06,2026-08-29T23:41:26,Praesentium unde laudantium libero provident mollitia quae.,chat,2,2024-08-02T15:58:06
TKT000445,CUST000118,card_issue,Card Issue Issue,Nostrum odio rem pariatur ratione qui quod eos.,low,open,EMP000028,2024-06-26T20:25:06,,,phone,,2024-06-26T20:25:06
TKT000446,CUST000415,fraud_report,Fraud Report Issue,Eius cum fugiat sit quisquam soluta animi eos molestiae quidem tempora a delectus occaecati.,low,resolved,EMP000067,2025-02-14T16:31:19,2025-06-08T18:45:55,Consequatur molestiae perferendis soluta veritatis maiores architecto.,branch,2,2025-02-14T16:31:19
TKT000447,CUST000936,fraud_report,Fraud Report Issue,Aspernatur fugiat perspiciatis quos optio facere ea nesciunt suscipit asperiores quidem sunt.,low,closed,EMP000010,2026-03-29T09:26:10,2026-07-19T01:59:55,Minus soluta nisi illum aut recusandae.,email,2,2026-03-29T09:26:10
TKT000448,CUST000871,query,Query Issue,Debitis minus dignissimos accusantium ut earum fugit cum corporis odit reprehenderit optio.,low,open,EMP000030,2025-06-20T06:32:39,,,branch,,2025-06-20T06:32:39
TKT000449,CUST000621,query,Query Issue,Dolor quaerat ad optio voluptatem ratione magni natus corrupti cum pariatur velit dolorum placeat.,high,resolved,EMP000022,2024-07-26T15:00:48,2024-12-17T14:55:57,Accusantium velit architecto vero.,email,5,2024-07-26T15:00:48
TKT000450,CUST000602,complaint,Complaint Issue,Non ab voluptate incidunt officiis facilis commodi esse.,high,in_progress,EMP000067,2025-07-21T00:26:16,,,chat,,2025-07-21T00:26:16
TKT000451,CUST000586,complaint,Complaint Issue,Rerum vitae incidunt fugit omnis laboriosam recusandae excepturi dolorum doloremque officia velit cupiditate tempore.,medium,in_progress,EMP000017,2024-02-11T16:07:08,,,email,,2024-02-11T16:07:08
TKT000452,CUST000241,complaint,Complaint Issue,Animi magnam quod placeat nostrum ipsum delectus a facilis repellendus fugiat.,low,open,EMP000079,2025-12-24T13:32:44,,,branch,,2025-12-24T13:32:44
TKT000453,CUST000250,card_issue,Card Issue Issue,Temporibus dicta minus ab sit velit accusantium deleniti at possimus.,low,open,EMP000041,2026-08-04T08:47:20,,,chat,,2026-08-04T08:47:20
TKT000454,CUST000951,query,Query Issue,Animi necessitatibus rerum odit unde hic cum nihil impedit pariatur quis praesentium blanditiis quasi dolores doloremque.,medium,in_progress,EMP000040,2026-03-10T03:45:38,,,branch,,2026-03-10T03:45:38
TKT000455,CUST000688,request,Request Issue,Quod voluptatibus necessitatibus officia architecto dolore nobis repellendus perferendis voluptate excepturi.,low,resolved,EMP000064,2024-03-20T21:49:18,2024-12-16T07:34:10,Culpa pariatur ullam quos eius reiciendis.,chat,1,2024-03-20T21:49:18
TKT000456,CUST000585,loan_issue,Loan Issue Issue,Aliquid quis sit modi error praesentium aliquid maxime esse.,medium,resolved,EMP000062,2025-11-13T12:38:53,2026-05-02T12:43:16,Vel quia excepturi distinctio fugit.,email,3,2025-11-13T12:38:53
TKT000457,CUST000552,request,Request Issue,At nam porro doloribus molestiae expedita ratione aut odit nostrum impedit aliquid.,low,in_progress,EMP000010,2025-06-20T08:59:15,,,chat,,2025-06-20T08:59:15
TKT000458,CUST000081,card_issue,Card Issue Issue,Ex odio ex non occaecati minima ipsa rerum.,low,open,EMP000012,2024-03-01T12:14:46,,,email,,2024-03-01T12:14:46
TKT000459,CUST000945,card_issue,Card Issue Issue,Id voluptatum impedit laboriosam eligendi vero aliquid eum vero magnam officia deleniti.,medium,resolved,EMP000007,2025-08-27T15:31:57,2026-03-10T06:34:24,Exercitationem voluptatum cupiditate necessitatibus maiores omnis qui quisquam.,chat,1,2025-08-27T15:31:57
TKT000460,CUST000034,request,Request Issue,Ducimus dicta quibusdam voluptatum eligendi rerum minima a ipsam cumque.,low,resolved,EMP000059,2024-01-11T18:05:10,2025-05-03T07:09:25,Ipsa odit ad laboriosam doloremque esse.,email,2,2024-01-11T18:05:10
TKT000461,CUST000244,account_issue,Account Issue Issue,Laborum tempora voluptatibus ut recusandae consectetur sapiente officia molestiae maiores.,medium,resolved,EMP000048,2026-01-12T19:02:05,2026-02-07T10:37:01,Quidem enim explicabo quia eos dolores asperiores.,phone,5,2026-01-12T19:02:05
TKT000462,CUST000317,account_issue,Account Issue Issue,Tenetur aliquam placeat tempore quidem esse similique modi cupiditate placeat at ut deleniti aspernatur doloribus at.,medium,open,EMP000045,2026-01-06T06:10:43,,,branch,,2026-01-06T06:10:43
TKT000463,CUST000012,complaint,Complaint Issue,Nam quibusdam voluptatem minus eligendi laboriosam perspiciatis praesentium tenetur unde nihil id expedita dolorum.,critical,closed,EMP000078,2024-05-27T08:02:42,2024-12-12T15:22:03,Repudiandae odio quis facilis.,phone,2,2024-05-27T08:02:42
TKT000464,CUST000822,card_issue,Card Issue Issue,Maiores atque occaecati non cupiditate ullam rem.,low,closed,EMP000004,2025-02-15T12:24:27,2026-04-19T06:51:06,Laborum voluptatum cum provident.,email,1,2025-02-15T12:24:27
TKT000465,CUST000589,complaint,Complaint Issue,Porro dolorem sed itaque magnam illum praesentium odio fugit.,critical,in_progress,EMP000007,2026-04-29T02:22:32,,,branch,,2026-04-29T02:22:32
TKT000466,CUST000378,query,Query Issue,Libero molestias unde omnis voluptates provident iusto quasi repudiandae.,critical,resolved,EMP000010,2025-03-30T06:41:14,2026-08-13T00:52:31,Vel quae molestiae cum.,branch,4,2025-03-30T06:41:14
TKT000467,CUST000091,card_issue,Card Issue Issue,Sapiente libero laudantium fugiat eveniet autem nemo alias perferendis et eos optio beatae culpa repudiandae eius.,high,closed,EMP000077,2026-01-13T20:45:10,2026-07-29T21:21:05,Doloribus officiis ipsa repudiandae.,phone,5,2026-01-13T20:45:10
TKT000468,CUST000772,complaint,Complaint Issue,Eaque animi cum assumenda voluptates libero quis minima at accusantium nostrum ad.,low,open,EMP000079,2026-06-18T01:01:21,,,chat,,2026-06-18T01:01:21
TKT000469,CUST000877,complaint,Complaint Issue,Quo animi enim officiis in aperiam harum molestias qui pariatur expedita iusto architecto.,medium,open,EMP000002,2024-11-27T16:52:58,,,chat,,2024-11-27T16:52:58
TKT000470,CUST000215,loan_issue,Loan Issue Issue,Illum tempora suscipit quisquam itaque accusamus aut placeat facere magni recusandae voluptatibus dolor ipsum molestiae dolores.,low,in_progress,EMP000054,2026-07-18T06:16:07,,,email,,2026-07-18T06:16:07
TKT000471,CUST000559,card_issue,Card Issue Issue,Ipsa vel exercitationem quod natus distinctio quod blanditiis velit ut adipisci a.,medium,resolved,EMP000053,2026-06-28T03:50:21,2026-07-08T10:29:29,Quo quos fugiat dignissimos facilis deserunt.,phone,4,2026-06-28T03:50:21
TKT000472,CUST000275,request,Request Issue,Veritatis facilis earum corporis inventore culpa laudantium occaecati architecto assumenda optio nesciunt doloribus optio earum rem.,medium,resolved,EMP000067,2024-08-11T05:47:12,2024-09-16T03:35:53,Voluptatem asperiores repudiandae reprehenderit molestiae sit amet dolorem.,phone,3,2024-08-11T05:47:12
TKT000473,CUST000408,account_issue,Account Issue Issue,Rem magni at sequi optio molestiae vitae quod repellendus modi nesciunt esse nobis.,high,closed,EMP000032,2024-06-13T21:12:15,2025-06-24T08:53:06,Itaque harum nulla voluptas dolor.,email,1,2024-06-13T21:12:15
TKT000474,CUST000032,fraud_report,Fraud Report Issue,Numquam itaque quia molestias magnam optio delectus esse earum molestiae numquam at nobis quos ipsa.,low,closed,EMP000022,2024-08-24T09:14:45,2026-04-05T14:51:04,Unde saepe ea laudantium esse nemo.,email,3,2024-08-24T09:14:45
TKT000475,CUST000995,complaint,Complaint Issue,Facilis pariatur et quidem quis non consequuntur suscipit necessitatibus ad ab reprehenderit.,low,open,EMP000054,2025-06-16T21:20:29,,,chat,,2025-06-16T21:20:29
TKT000476,CUST000060,query,Query Issue,Fuga perspiciatis quisquam nulla tempore beatae laudantium modi quisquam dolorem qui deserunt accusantium.,low,resolved,EMP000092,2026-02-03T03:38:56,2026-05-29T23:22:38,Nemo officia dolorum reprehenderit quos aperiam.,email,2,2026-02-03T03:38:56
TKT000477,CUST000709,loan_issue,Loan Issue Issue,Quod cumque fugiat quas qui minus explicabo animi consectetur iusto consectetur sit magni nostrum.,high,closed,EMP000015,2024-04-22T16:37:21,2024-09-05T10:29:03,Minus commodi tempore praesentium laborum omnis repellendus.,chat,1,2024-04-22T16:37:21
TKT000478,CUST000630,fraud_report,Fraud Report Issue,Praesentium fugit culpa natus vel quod nihil veritatis.,low,in_progress,EMP000005,2025-09-14T00:42:33,,,phone,,2025-09-14T00:42:33
TKT000479,CUST000190,complaint,Complaint Issue,Mollitia hic doloremque in est pariatur numquam vel earum numquam.,low,closed,EMP000057,2025-08-27T15:26:13,2025-11-09T18:30:17,Ut officiis laudantium incidunt eveniet.,phone,4,2025-08-27T15:26:13
TKT000480,CUST000713,request,Request Issue,Labore veritatis accusantium numquam illo eius repellendus corrupti error tenetur consectetur provident quidem.,critical,open,EMP000034,2025-12-16T03:08:43,,,chat,,2025-12-16T03:08:43
TKT000481,CUST000417,complaint,Complaint Issue,Tenetur voluptates ex rerum necessitatibus cum quidem a velit.,medium,in_progress,EMP000036,2024-05-02T04:59:12,,,email,,2024-05-02T04:59:12
TKT000482,CUST000733,fraud_report,Fraud Report Issue,Voluptatibus a ducimus nobis repudiandae molestias corporis amet a optio quasi vel.,medium,open,EMP000015,2024-07-27T22:47:14,,,chat,,2024-07-27T22:47:14
TKT000483,CUST000965,request,Request Issue,Cum quo error natus temporibus temporibus reprehenderit distinctio dolor quisquam.,high,resolved,EMP000088,2026-05-19T15:07:36,2026-08-31T14:01:35,Facere dolores illum necessitatibus tenetur quas esse.,email,1,2026-05-19T15:07:36
TKT000484,CUST000554,account_issue,Account Issue Issue,Optio cumque minus rem illo quo eius culpa rem.,critical,resolved,EMP000046,2026-08-09T11:11:56,2026-08-17T04:55:27,Iure eos minima illum nesciunt.,phone,5,2026-08-09T11:11:56
TKT000485,CUST000022,card_issue,Card Issue Issue,Nulla nesciunt natus esse ea eveniet labore ut nam.,high,in_progress,EMP000001,2025-04-08T07:24:18,,,branch,,2025-04-08T07:24:18
TKT000486,CUST000336,request,Request Issue,Voluptatibus error aperiam quos temporibus quasi distinctio aliquid occaecati.,medium,resolved,EMP000027,2025-12-23T08:34:20,2026-08-05T19:59:33,Reiciendis a qui nulla facilis aspernatur tenetur aspernatur.,branch,5,2025-12-23T08:34:20
TKT000487,CUST000035,query,Query Issue,Impedit cumque suscipit magni autem ipsum exercitationem est ad occaecati minima voluptatem earum eius ratione.,high,in_progress,EMP000038,2024-11-04T06:09:32,,,branch,,2024-11-04T06:09:32
TKT000488,CUST000628,account_issue,Account Issue Issue,Adipisci ducimus quaerat incidunt repellendus libero doloribus praesentium soluta temporibus illo voluptatibus laudantium sed cum fugit.,medium,resolved,EMP000099,2025-07-20T14:12:39,2025-09-01T01:27:23,Dolorem repudiandae nemo unde.,branch,4,2025-07-20T14:12:39
TKT000489,CUST000907,complaint,Complaint Issue,Sit repellat explicabo ab reiciendis molestias beatae numquam beatae sint ex.,low,closed,EMP000085,2025-10-04T16:50:25,2026-02-12T00:39:47,Quae voluptate error fugit atque pariatur.,email,2,2025-10-04T16:50:25
TKT000490,CUST000100,complaint,Complaint Issue,Aut totam optio enim deserunt labore sequi quia adipisci provident quasi ipsam ab alias nostrum perferendis.,medium,closed,EMP000075,2025-04-27T09:22:02,2026-05-21T20:05:52,Recusandae harum est tempora.,branch,3,2025-04-27T09:22:02
TKT000491,CUST000035,complaint,Complaint Issue,Quo dolore repellendus rem voluptatum laudantium pariatur debitis illum laborum quaerat.,medium,in_progress,EMP000083,2026-04-18T06:22:42,,,branch,,2026-04-18T06:22:42
TKT000492,CUST000166,card_issue,Card Issue Issue,Aperiam saepe quasi veritatis veritatis ea sapiente tenetur fugit corrupti iure repellendus hic veritatis quam.,low,open,EMP000090,2026-06-15T04:48:17,,,phone,,2026-06-15T04:48:17
TKT000493,CUST000612,complaint,Complaint Issue,Corporis ducimus at vero placeat magni sed consequuntur excepturi consequuntur.,medium,resolved,EMP000064,2024-11-24T07:14:53,2025-04-17T03:03:06,Distinctio corporis doloremque nulla consequuntur in magni autem.,email,1,2024-11-24T07:14:53
TKT000494,CUST000157,account_issue,Account Issue Issue,Laborum non incidunt nisi quos necessitatibus distinctio aliquid recusandae nobis saepe.,medium,closed,EMP000096,2024-07-30T19:29:19,2025-08-05T02:50:49,Excepturi rem minus adipisci nam inventore.,email,4,2024-07-30T19:29:19
TKT000495,CUST000248,loan_issue,Loan Issue Issue,Nam natus ratione repellat sequi distinctio beatae voluptate minus eius nobis occaecati.,low,in_progress,EMP000023,2025-01-07T03:43:03,,,chat,,2025-01-07T03:43:03
TKT000496,CUST000264,card_issue,Card Issue Issue,Dolorum voluptatibus distinctio quam hic cupiditate aliquid iusto reprehenderit odio deserunt quae.,medium,closed,EMP000096,2025-01-24T22:16:20,2025-11-25T15:15:49,Dolorem eveniet et quasi maiores.,email,2,2025-01-24T22:16:20
TKT000497,CUST000490,loan_issue,Loan Issue Issue,Ipsa temporibus quibusdam sed quas corporis sint saepe libero porro.,medium,in_progress,EMP000071,2025-01-19T19:08:41,,,branch,,2025-01-19T19:08:41
TKT000498,CUST000968,query,Query Issue,Distinctio ipsa culpa cum quisquam porro nemo.,critical,in_progress,EMP000092,2025-07-14T00:41:25,,,chat,,2025-07-14T00:41:25
TKT000499,CUST000051,card_issue,Card Issue Issue,Beatae maxime exercitationem tempore dolorum eaque vitae.,medium,resolved,EMP000019,2025-06-23T03:48:18,2026-03-10T12:03:34,Ipsum corrupti soluta pariatur facilis.,phone,1,2025-06-23T03:48:18
TKT000500,CUST000919,fraud_report,Fraud Report Issue,Iste velit ea sequi et minus odit laudantium facilis cupiditate.,high,resolved,EMP000003,2025-04-01T08:57:15,2025-08-30T17:31:00,Facilis illo tenetur praesentium cumque adipisci.,email,5,2025-04-01T08:57:15
TKT000501,CUST000376,query,Query Issue,Quas reiciendis commodi hic officia cupiditate deserunt nesciunt nesciunt corrupti a ex quam odio eaque.,low,closed,EMP000024,2025-06-17T06:34:28,2025-08-12T18:12:15,Quisquam ut dolores.,phone,4,2025-06-17T06:34:28
TKT000502,CUST000168,request,Request Issue,Quia natus culpa recusandae recusandae recusandae vero est quia blanditiis deleniti.,medium,closed,EMP000021,2025-10-10T03:37:41,2025-12-16T14:45:16,Porro excepturi illo recusandae.,phone,2,2025-10-10T03:37:41
TKT000503,CUST000147,fraud_report,Fraud Report Issue,Quo placeat beatae repudiandae illo sint ducimus ex perferendis consequatur cumque ex quia.,medium,resolved,EMP000062,2024-12-02T08:40:41,2025-02-18T06:49:05,Sint recusandae quas debitis culpa.,phone,3,2024-12-02T08:40:41
TKT000504,CUST000395,complaint,Complaint Issue,Dolores recusandae maxime minima laboriosam beatae est occaecati animi laudantium optio ipsum repudiandae quod laborum.,medium,closed,EMP000059,2026-06-05T23:21:18,2026-07-26T04:19:50,Voluptates soluta omnis.,chat,3,2026-06-05T23:21:18
TKT000505,CUST000800,complaint,Complaint Issue,Animi asperiores perferendis architecto aperiam similique accusantium inventore exercitationem nihil minima.,high,in_progress,EMP000075,2025-05-28T15:20:53,,,phone,,2025-05-28T15:20:53
TKT000506,CUST000720,query,Query Issue,Ullam quia fugit saepe recusandae culpa cumque modi aspernatur ducimus voluptas.,low,in_progress,EMP000026,2026-04-17T18:56:29,,,email,,2026-04-17T18:56:29
TKT000507,CUST000526,fraud_report,Fraud Report Issue,Tenetur laudantium minus aspernatur dolor totam quod delectus quod eos consectetur ipsum.,high,open,EMP000063,2026-01-30T22:34:36,,,chat,,2026-01-30T22:34:36
TKT000508,CUST000951,account_issue,Account Issue Issue,Architecto hic eveniet adipisci perferendis laudantium maxime soluta a minima distinctio rerum numquam.,medium,in_progress,EMP000018,2025-11-08T12:23:57,,,phone,,2025-11-08T12:23:57
TKT000509,CUST000526,fraud_report,Fraud Report Issue,Provident optio eos labore vero delectus voluptate nemo corrupti dicta quod.,high,open,EMP000011,2024-04-18T07:50:46,,,chat,,2024-04-18T07:50:46
TKT000510,CUST000406,account_issue,Account Issue Issue,Cum sapiente eveniet quidem maxime provident id eius laboriosam asperiores.,medium,resolved,EMP000070,2026-02-17T15:38:20,2026-05-08T00:18:01,Harum ea maxime impedit repellendus.,phone,5,2026-02-17T15:38:20
TKT000511,CUST000953,fraud_report,Fraud Report Issue,Excepturi aut quasi reiciendis sunt quisquam eveniet ex repellat explicabo ex fuga.,critical,closed,EMP000058,2026-02-03T16:35:22,2026-06-15T19:20:43,Enim hic asperiores nemo quod beatae.,chat,1,2026-02-03T16:35:22
TKT000512,CUST000996,request,Request Issue,Incidunt deleniti dolorem nobis consequatur quibusdam cupiditate fugit culpa blanditiis.,medium,resolved,EMP000012,2024-01-19T10:59:44,2024-10-08T17:46:49,Aperiam corrupti cumque perferendis aut laborum.,branch,4,2024-01-19T10:59:44
TKT000513,CUST000371,card_issue,Card Issue Issue,Blanditiis aut animi voluptas odit iusto porro nihil itaque voluptas nostrum quibusdam odit possimus quae.,medium,open,EMP000065,2025-12-25T06:35:39,,,phone,,2025-12-25T06:35:39
TKT000514,CUST000119,fraud_report,Fraud Report Issue,Vitae illo facilis amet ex velit libero praesentium odit fuga consectetur enim a harum.,low,closed,EMP000073,2026-08-26T10:51:43,2026-08-28T22:04:05,Ipsam voluptatem consequatur minima minus laborum laborum.,branch,5,2026-08-26T10:51:43
TKT000515,CUST000564,card_issue,Card Issue Issue,Deserunt delectus dicta ea itaque atque repudiandae sequi iusto ut sunt saepe.,medium,open,EMP000061,2025-05-29T00:20:23,,,email,,2025-05-29T00:20:23
TKT000516,CUST000410,card_issue,Card Issue Issue,Necessitatibus corrupti repellat ipsum vel veritatis cum architecto ipsam nihil necessitatibus.,medium,resolved,EMP000073,2024-03-28T06:44:23,2026-08-02T20:41:28,Nemo expedita tempore magnam vitae.,phone,4,2024-03-28T06:44:23
TKT000517,CUST000317,fraud_report,Fraud Report Issue,Soluta fugit corporis illum cumque tempora placeat deserunt quibusdam.,low,in_progress,EMP000051,2024-09-20T03:30:51,,,chat,,2024-09-20T03:30:51
TKT000518,CUST000745,query,Query Issue,Qui vitae doloremque tempore laudantium molestiae labore accusantium dignissimos soluta at voluptas quis.,low,open,EMP000051,2025-10-11T11:07:55,,,email,,2025-10-11T11:07:55
TKT000519,CUST000080,card_issue,Card Issue Issue,Veritatis nostrum laudantium voluptatem dolorem soluta explicabo tenetur illo recusandae corporis minima quos dolores.,high,resolved,EMP000050,2024-03-13T07:00:49,2025-05-29T07:32:36,Magnam nesciunt assumenda molestiae.,branch,3,2024-03-13T07:00:49
TKT000520,CUST000395,request,Request Issue,Aperiam tempora hic dolor officia porro ut nisi sit et dolor voluptatum nemo maxime.,medium,in_progress,EMP000016,2026-02-10T17:34:46,,,phone,,2026-02-10T17:34:46
TKT000521,CUST000012,loan_issue,Loan Issue Issue,Voluptates minus voluptatum omnis quia impedit accusantium assumenda repellat earum adipisci.,critical,resolved,EMP000039,2024-11-14T05:52:42,2025-09-29T07:29:06,Doloremque consequatur vel nobis tempore officia iure.,phone,3,2024-11-14T05:52:42
TKT000522,CUST000241,complaint,Complaint Issue,Magnam fugiat nostrum iusto cum pariatur fugit expedita sapiente placeat impedit totam necessitatibus.,low,in_progress,EMP000100,2024-11-29T11:08:16,,,phone,,2024-11-29T11:08:16
TKT000523,CUST000528,card_issue,Card Issue Issue,Culpa officia tempora delectus est cum ullam magni voluptatibus commodi culpa non.,medium,resolved,EMP000069,2024-08-02T11:31:39,2026-05-13T08:04:59,Ut nulla labore.,email,1,2024-08-02T11:31:39
TKT000524,CUST000057,loan_issue,Loan Issue Issue,Quasi ut aliquid odio cum unde aspernatur.,high,open,EMP000061,2024-02-22T23:24:10,,,chat,,2024-02-22T23:24:10
TKT000525,CUST000996,query,Query Issue,Fugit sit sed excepturi perspiciatis possimus quia esse magni amet.,high,in_progress,EMP000052,2024-02-11T16:51:07,,,phone,,2024-02-11T16:51:07
TKT000526,CUST000560,card_issue,Card Issue Issue,Ipsum suscipit impedit ipsum eius doloremque occaecati reprehenderit.,low,resolved,EMP000092,2025-02-02T18:48:41,2025-11-10T21:45:09,Numquam labore occaecati aut hic molestiae.,phone,1,2025-02-02T18:48:41
TKT000527,CUST000217,complaint,Complaint Issue,Rerum magni recusandae iure necessitatibus magnam nulla ea occaecati tempore reiciendis provident quisquam.,medium,resolved,EMP000067,2025-12-07T00:57:05,2026-03-15T00:39:12,Tenetur repellat ratione quaerat incidunt.,branch,2,2025-12-07T00:57:05
TKT000528,CUST000877,account_issue,Account Issue Issue,Dolore similique est placeat aperiam consequuntur eius natus ipsum eaque facere harum.,medium,in_progress,EMP000092,2026-05-11T15:26:46,,,branch,,2026-05-11T15:26:46
TKT000529,CUST000021,card_issue,Card Issue Issue,Consequuntur dicta minus atque aperiam quidem at blanditiis sequi amet ut dignissimos quos.,medium,in_progress,EMP000075,2026-05-12T14:34:37,,,branch,,2026-05-12T14:34:37
TKT000530,CUST000056,loan_issue,Loan Issue Issue,Odio labore temporibus in natus maxime recusandae.,high,in_progress,EMP000082,2024-10-24T08:17:00,,,phone,,2024-10-24T08:17:00
TKT000531,CUST000774,complaint,Complaint Issue,Sequi expedita occaecati eum similique accusantium officiis vel vitae doloremque nobis ab deleniti iste ad.,low,in_progress,EMP000085,2025-09-16T12:34:50,,,chat,,2025-09-16T12:34:50
TKT000532,CUST000056,loan_issue,Loan Issue Issue,Placeat rem mollitia voluptatibus pariatur odit error pariatur nulla illum ipsum perspiciatis mollitia.,critical,closed,EMP000003,2025-08-19T18:25:34,2026-08-21T21:49:35,Sequi dolores voluptate quibusdam nulla esse unde.,branch,3,2025-08-19T18:25:34
TKT000533,CUST000811,card_issue,Card Issue Issue,Totam officia quod quisquam reprehenderit illo soluta aperiam.,high,in_progress,EMP000065,2024-01-16T14:37:32,,,chat,,2024-01-16T14:37:32
TKT000534,CUST000009,request,Request Issue,Explicabo ipsam dolorem pariatur sequi autem tempora aspernatur porro doloribus dicta.,medium,open,EMP000058,2024-02-29T21:43:39,,,phone,,2024-02-29T21:43:39
TKT000535,CUST000151,request,Request Issue,Veritatis distinctio enim ratione laborum sint provident culpa ea placeat doloribus unde illo vitae doloremque.,high,open,EMP000069,2025-08-05T02:21:17,,,email,,2025-08-05T02:21:17
TKT000536,CUST000431,account_issue,Account Issue Issue,Vitae nobis perferendis tempora temporibus nisi id facilis at inventore.,high,open,EMP000035,2025-08-16T02:43:04,,,phone,,2025-08-16T02:43:04
TKT000537,CUST000171,account_issue,Account Issue Issue,Quis necessitatibus minima et hic necessitatibus accusamus ratione dolore dignissimos enim corrupti ducimus.,medium,closed,EMP000079,2025-01-31T02:35:17,2025-12-21T09:06:25,Dolorem dolorem repellendus autem.,email,4,2025-01-31T02:35:17
TKT000538,CUST000553,account_issue,Account Issue Issue,Praesentium laudantium quaerat laboriosam eveniet iure voluptates numquam aperiam eum.,low,resolved,EMP000030,2025-10-11T21:02:53,2026-01-16T03:37:43,Earum accusamus ad voluptatibus.,phone,4,2025-10-11T21:02:53
TKT000539,CUST000968,complaint,Complaint Issue,Deserunt nam quam odio laboriosam possimus quos iusto sit rem beatae natus illum sed.,low,resolved,EMP000050,2025-03-01T20:51:48,2025-12-12T14:29:24,Aliquid rerum magni occaecati dolores minus iste.,email,5,2025-03-01T20:51:48
TKT000540,CUST000750,request,Request Issue,Debitis odio illum asperiores a officiis unde nisi doloribus animi quos totam nostrum reprehenderit quidem.,low,open,EMP000064,2026-07-29T22:22:31,,,email,,2026-07-29T22:22:31
TKT000541,CUST000161,query,Query Issue,Odit maiores eos rerum repellat odit laudantium voluptate consequatur delectus ducimus est tempora.,critical,resolved,EMP000100,2025-07-02T02:23:48,2025-07-30T08:42:23,Autem ratione ipsum totam.,email,5,2025-07-02T02:23:48
TKT000542,CUST000606,loan_issue,Loan Issue Issue,Sapiente debitis esse odit vitae corporis quis dignissimos modi natus molestias aut nesciunt.,low,resolved,EMP000006,2024-03-23T08:25:10,2024-04-07T05:39:16,Molestiae sint laudantium pariatur at.,email,1,2024-03-23T08:25:10
TKT000543,CUST000010,loan_issue,Loan Issue Issue,Quam commodi in quia autem aperiam aliquam.,high,resolved,EMP000028,2026-05-27T21:24:24,2026-08-03T23:17:15,Non eius aut hic.,phone,5,2026-05-27T21:24:24
TKT000544,CUST000718,request,Request Issue,Accusantium nulla harum culpa maiores expedita magni.,low,open,EMP000032,2024-12-13T09:21:05,,,chat,,2024-12-13T09:21:05
TKT000545,CUST000179,request,Request Issue,Rerum rem quos consectetur ut inventore enim iusto illo.,medium,resolved,EMP000021,2026-07-30T23:54:00,2026-08-08T06:35:16,Est reiciendis beatae quas inventore.,chat,2,2026-07-30T23:54:00
TKT000546,CUST000446,loan_issue,Loan Issue Issue,Nostrum harum saepe eligendi culpa accusantium soluta quasi fugit culpa voluptatibus iure.,low,resolved,EMP000044,2026-01-16T08:30:22,2026-07-14T21:38:39,Numquam exercitationem reiciendis assumenda quo.,branch,3,2026-01-16T08:30:22
TKT000547,CUST000247,card_issue,Card Issue Issue,Quis possimus facilis porro praesentium doloremque voluptate saepe iure nihil illo perferendis cumque repellendus.,low,in_progress,EMP000094,2025-02-06T23:22:52,,,branch,,2025-02-06T23:22:52
TKT000548,CUST000521,fraud_report,Fraud Report Issue,Maxime rerum assumenda reiciendis ducimus aliquam quia harum dolore atque earum quidem.,high,open,EMP000087,2024-05-26T14:05:16,,,branch,,2024-05-26T14:05:16
TKT000549,CUST000373,query,Query Issue,Nulla totam soluta impedit delectus vitae nam soluta.,high,resolved,EMP000039,2024-01-25T05:24:37,2024-06-06T23:22:53,Iure laudantium porro explicabo.,chat,3,2024-01-25T05:24:37
TKT000550,CUST000476,account_issue,Account Issue Issue,At voluptate eveniet sint sunt molestiae quod enim vel et itaque laboriosam eligendi sapiente explicabo dignissimos.,low,open,EMP000035,2024-06-17T16:13:53,,,email,,2024-06-17T16:13:53
TKT000551,CUST000864,fraud_report,Fraud Report Issue,Animi labore beatae dolor voluptas asperiores deserunt voluptates.,low,resolved,EMP000068,2024-10-30T07:20:22,2025-01-07T05:02:45,Atque reprehenderit tenetur.,email,4,2024-10-30T07:20:22
TKT000552,CUST000867,fraud_report,Fraud Report Issue,Itaque voluptates aperiam quaerat dolorem voluptates consequatur animi corrupti ipsam dolorem harum omnis.,medium,in_progress,EMP000047,2025-12-22T04:40:10,,,branch,,2025-12-22T04:40:10
TKT000553,CUST000971,complaint,Complaint Issue,Consectetur quasi suscipit id aspernatur tempore similique nostrum consequuntur.,medium,closed,EMP000024,2025-02-25T07:02:31,2026-02-10T02:10:16,Voluptas doloremque id consequuntur fuga facilis.,phone,4,2025-02-25T07:02:31
TKT000554,CUST000457,card_issue,Card Issue Issue,Nam impedit placeat sint modi pariatur ratione quas cum enim impedit quibusdam magnam.,critical,closed,EMP000065,2024-12-24T23:38:12,2025-03-30T17:06:56,In at necessitatibus quo.,branch,5,2024-12-24T23:38:12
TKT000555,CUST000819,query,Query Issue,Esse laborum illum quis nemo est eveniet itaque.,medium,closed,EMP000035,2024-01-31T13:56:54,2026-01-19T13:43:07,Consequuntur eaque quis recusandae eaque fuga suscipit.,phone,4,2024-01-31T13:56:54
TKT000556,CUST000426,fraud_report,Fraud Report Issue,Maiores laborum omnis laborum assumenda iure hic recusandae inventore quia aut omnis aperiam architecto nesciunt.,medium,resolved,EMP000019,2026-06-21T13:29:13,2026-08-16T17:39:22,Voluptates sunt commodi delectus sunt vel inventore.,email,4,2026-06-21T13:29:13
TKT000557,CUST000792,card_issue,Card Issue Issue,Laboriosam molestias suscipit debitis totam voluptatibus maiores ex quis distinctio ad.,medium,in_progress,EMP000012,2024-11-23T16:40:33,,,chat,,2024-11-23T16:40:33
TKT000558,CUST000255,account_issue,Account Issue Issue,Nisi facilis expedita aspernatur adipisci architecto iure provident voluptatum quis non distinctio minima deserunt praesentium.,low,closed,EMP000065,2025-03-04T03:02:31,2025-12-30T21:44:58,Mollitia illo soluta ipsa hic adipisci alias.,branch,2,2025-03-04T03:02:31
TKT000559,CUST000978,account_issue,Account Issue Issue,Esse ipsam asperiores quis minima molestias at neque quae accusamus pariatur dicta libero temporibus ullam.,medium,closed,EMP000037,2026-02-13T09:31:46,2026-06-23T17:56:34,Vero atque non qui explicabo laboriosam laborum.,email,3,2026-02-13T09:31:46
TKT000560,CUST000952,complaint,Complaint Issue,Soluta unde molestiae delectus porro officia itaque laborum nulla repellendus voluptate dolore ipsam inventore beatae libero.,high,open,EMP000046,2024-12-04T13:17:59,,,phone,,2024-12-04T13:17:59
TKT000561,CUST000938,card_issue,Card Issue Issue,Blanditiis provident ipsam fugiat porro voluptate voluptates ratione autem rem maxime blanditiis ratione.,low,in_progress,EMP000013,2025-11-22T16:59:12,,,branch,,2025-11-22T16:59:12
TKT000562,CUST000549,query,Query Issue,Commodi modi reiciendis veritatis laborum molestias eveniet.,medium,in_progress,EMP000078,2024-01-11T16:28:31,,,branch,,2024-01-11T16:28:31
TKT000563,CUST000185,fraud_report,Fraud Report Issue,Nihil fugiat suscipit natus culpa libero nisi error incidunt vero esse porro.,medium,in_progress,EMP000087,2026-08-28T21:28:13,,,email,,2026-08-28T21:28:13
TKT000564,CUST000481,fraud_report,Fraud Report Issue,Aspernatur laudantium hic nostrum suscipit atque laboriosam dicta et.,high,closed,EMP000005,2025-10-20T13:30:02,2026-06-16T04:29:05,Beatae magni assumenda veniam dolore tempora.,branch,2,2025-10-20T13:30:02
TKT000565,CUST000118,loan_issue,Loan Issue Issue,Expedita in fugit dignissimos ducimus provident nemo unde dolorum praesentium dignissimos in.,low,open,EMP000088,2026-01-06T11:58:33,,,chat,,2026-01-06T11:58:33
TKT000566,CUST000127,complaint,Complaint Issue,Aliquam harum praesentium vel libero architecto sit eum deleniti tempore aspernatur ab praesentium sequi.,medium,in_progress,EMP000088,2026-07-20T15:28:44,,,branch,,2026-07-20T15:28:44
TKT000567,CUST000239,request,Request Issue,Ad labore illo ab molestias beatae possimus corporis illum accusamus saepe mollitia praesentium excepturi provident.,low,resolved,EMP000043,2026-08-29T07:25:22,2026-08-31T22:14:56,A ut dolorum optio veritatis suscipit necessitatibus.,email,5,2026-08-29T07:25:22
TKT000568,CUST000003,card_issue,Card Issue Issue,Veniam mollitia autem velit ratione quis illo laborum error odio beatae earum non exercitationem numquam sequi.,high,in_progress,EMP000082,2026-02-02T02:07:04,,,phone,,2026-02-02T02:07:04
TKT000569,CUST000758,loan_issue,Loan Issue Issue,Porro modi quidem cupiditate quae quasi rerum harum quia.,critical,closed,EMP000085,2024-03-14T22:27:00,2024-07-22T16:50:17,Reiciendis odio consequatur itaque in praesentium repellendus.,chat,4,2024-03-14T22:27:00
TKT000570,CUST000542,fraud_report,Fraud Report Issue,Harum ratione ab sed modi debitis quae.,medium,in_progress,EMP000085,2024-01-06T19:38:46,,,email,,2024-01-06T19:38:46
TKT000571,CUST000266,loan_issue,Loan Issue Issue,Perspiciatis nostrum itaque voluptas enim in perferendis voluptatibus sapiente.,low,open,EMP000002,2025-02-05T10:38:30,,,email,,2025-02-05T10:38:30
TKT000572,CUST000006,fraud_report,Fraud Report Issue,Impedit a quos qui dignissimos ipsa vel dolorum dolor quisquam voluptate quasi cumque deserunt nihil.,low,open,EMP000060,2025-03-07T01:12:21,,,phone,,2025-03-07T01:12:21
TKT000573,CUST000870,complaint,Complaint Issue,Laudantium itaque voluptatibus temporibus voluptate atque sint repellendus.,medium,closed,EMP000019,2025-07-28T02:57:20,2026-06-29T03:27:09,Iste quasi ipsum eligendi a dolorem dolore excepturi.,chat,1,2025-07-28T02:57:20
TKT000574,CUST000860,query,Query Issue,Explicabo nesciunt pariatur quibusdam odit dolore facilis corporis.,high,closed,EMP000090,2024-03-27T14:17:01,2024-05-11T11:58:34,Debitis repellendus exercitationem in.,phone,3,2024-03-27T14:17:01
TKT000575,CUST000175,complaint,Complaint Issue,Atque corporis repellat dolorum veritatis autem nobis fuga.,low,resolved,EMP000042,2026-03-21T10:47:37,2026-04-01T17:55:25,Qui animi doloremque omnis dignissimos.,branch,2,2026-03-21T10:47:37
TKT000576,CUST000036,request,Request Issue,Ratione quaerat expedita soluta corporis cum non architecto qui beatae similique quod placeat recusandae ullam.,critical,in_progress,EMP000091,2025-05-03T11:17:35,,,branch,,2025-05-03T11:17:35
TKT000577,CUST000402,card_issue,Card Issue Issue,Repellendus corporis laudantium reprehenderit quia ipsa voluptatum modi commodi.,low,in_progress,EMP000098,2024-03-15T00:37:30,,,branch,,2024-03-15T00:37:30
TKT000578,CUST000255,card_issue,Card Issue Issue,Quas ut consectetur velit id dolor provident voluptate itaque quis totam molestiae accusantium.,medium,in_progress,EMP000006,2026-05-11T02:32:39,,,phone,,2026-05-11T02:32:39
TKT000579,CUST000690,card_issue,Card Issue Issue,Molestiae et molestiae accusantium commodi perferendis enim voluptas voluptatibus similique temporibus maxime repudiandae.,high,resolved,EMP000064,2024-12-27T11:14:15,2026-03-07T18:16:00,Cumque voluptatum soluta nulla quod illum.,email,3,2024-12-27T11:14:15
TKT000580,CUST000180,request,Request Issue,Corporis facilis eveniet sint iste necessitatibus veniam facere pariatur architecto.,medium,closed,EMP000094,2024-08-06T20:05:46,2025-02-08T10:00:38,In nemo doloremque soluta maiores hic consequatur.,branch,4,2024-08-06T20:05:46
TKT000581,CUST000620,complaint,Complaint Issue,Suscipit nobis deserunt iure animi facere iusto vel repellat officiis minus nesciunt ducimus.,low,in_progress,EMP000022,2024-05-14T01:25:40,,,email,,2024-05-14T01:25:40
TKT000582,CUST000588,request,Request Issue,In nostrum veniam ullam perferendis vitae commodi cum at et cum sunt tempore labore aut repellat.,medium,resolved,EMP000085,2026-06-19T14:03:19,2026-06-19T17:11:18,Eveniet delectus corporis atque.,branch,1,2026-06-19T14:03:19
TKT000583,CUST000580,complaint,Complaint Issue,Odit voluptatem sapiente temporibus sequi ullam ex dolore ab quo praesentium veritatis aspernatur repellendus.,medium,resolved,EMP000042,2026-05-03T13:11:48,2026-05-28T20:05:45,Ea inventore maxime debitis unde vel aspernatur.,chat,5,2026-05-03T13:11:48
TKT000584,CUST000035,card_issue,Card Issue Issue,Dolore iusto eaque blanditiis sed quam sequi iure officia eveniet rem in veniam fuga provident quaerat.,high,in_progress,EMP000035,2025-09-15T01:42:41,,,branch,,2025-09-15T01:42:41
TKT000585,CUST000861,complaint,Complaint Issue,Necessitatibus fuga eaque ex accusamus iste nemo sit molestiae neque.,medium,open,EMP000011,2026-05-23T05:25:23,,,phone,,2026-05-23T05:25:23
TKT000586,CUST000117,query,Query Issue,Nihil quisquam aperiam asperiores cumque magnam reprehenderit neque repudiandae recusandae aliquam cumque.,medium,resolved,EMP000083,2026-01-11T22:27:42,2026-02-06T03:15:54,Et voluptatem ipsam.,branch,2,2026-01-11T22:27:42
TKT000587,CUST000237,account_issue,Account Issue Issue,Cum accusantium assumenda ad magnam alias quis id illo quis dolorum.,medium,in_progress,EMP000030,2024-03-29T08:18:59,,,phone,,2024-03-29T08:18:59
TKT000588,CUST000932,card_issue,Card Issue Issue,Dicta magni commodi quasi voluptate tenetur laborum.,medium,closed,EMP000007,2024-08-13T15:52:45,2026-02-16T21:13:17,Dignissimos omnis eius pariatur.,phone,2,2024-08-13T15:52:45
TKT000589,CUST000401,query,Query Issue,Aspernatur magnam totam molestiae dolorum corporis autem fugit distinctio qui accusantium molestias veritatis exercitationem perspiciatis.,medium,open,EMP000027,2026-02-01T11:59:41,,,chat,,2026-02-01T11:59:41
TKT000590,CUST000203,card_issue,Card Issue Issue,Aspernatur reiciendis quos fuga esse delectus consequuntur beatae sequi consequuntur est mollitia sunt dicta tempora necessitatibus.,critical,closed,EMP000073,2025-02-09T10:45:29,2026-06-12T16:31:50,Quae deserunt est ut fuga dolorum eum ducimus.,email,2,2025-02-09T10:45:29
TKT000591,CUST000733,loan_issue,Loan Issue Issue,Fuga animi at iusto commodi inventore consequuntur id et quas nobis libero veniam quasi.,critical,open,EMP000050,2026-03-11T23:41:45,,,email,,2026-03-11T23:41:45
TKT000592,CUST000595,card_issue,Card Issue Issue,Dolore voluptatem enim fugit illo beatae laboriosam voluptatem natus repudiandae incidunt corrupti earum impedit nemo placeat.,low,resolved,EMP000073,2025-01-31T02:50:54,2026-08-03T02:35:28,Qui sed laborum dolorum nulla placeat magni.,phone,1,2025-01-31T02:50:54
TKT000593,CUST000544,card_issue,Card Issue Issue,Temporibus mollitia mollitia sapiente tempore temporibus impedit provident ab dignissimos aspernatur incidunt libero quo.,critical,resolved,EMP000036,2024-08-13T03:36:07,2026-02-21T03:43:07,Beatae blanditiis quam deserunt nobis asperiores sunt quibusdam.,chat,4,2024-08-13T03:36:07
TKT000594,CUST000214,loan_issue,Loan Issue Issue,Autem impedit dolorum facere earum incidunt deleniti vero omnis architecto velit nisi placeat.,medium,in_progress,EMP000060,2025-02-06T13:57:41,,,email,,2025-02-06T13:57:41
TKT000595,CUST000328,complaint,Complaint Issue,Vel accusantium itaque temporibus repudiandae minima repellendus dolor.,medium,resolved,EMP000024,2024-05-13T17:33:15,2026-03-30T00:06:09,Ea quasi eligendi.,phone,1,2024-05-13T17:33:15
TKT000596,CUST000493,loan_issue,Loan Issue Issue,Occaecati maxime animi dolor placeat eligendi impedit dolor voluptatem esse expedita.,critical,resolved,EMP000037,2025-12-21T00:01:31,2026-03-25T23:51:28,Culpa maiores blanditiis consequuntur.,phone,2,2025-12-21T00:01:31
TKT000597,CUST000275,account_issue,Account Issue Issue,Perferendis eum totam illum fuga amet temporibus fuga dignissimos doloribus tenetur.,medium,open,EMP000047,2024-10-06T19:53:50,,,branch,,2024-10-06T19:53:50
TKT000598,CUST000656,complaint,Complaint Issue,Blanditiis nesciunt neque eum impedit quidem unde animi eligendi facilis exercitationem.,low,resolved,EMP000046,2026-02-01T07:02:36,2026-08-14T13:42:30,Similique quia ut quod maxime.,email,3,2026-02-01T07:02:36
TKT000599,CUST000629,loan_issue,Loan Issue Issue,Quis eos incidunt aut debitis voluptatum illo voluptatum vero inventore illum animi.,high,closed,EMP000085,2026-08-10T18:15:16,2026-08-15T00:26:12,Natus optio quo ipsam sed iure nesciunt molestiae.,branch,4,2026-08-10T18:15:16
TKT000600,CUST000505,card_issue,Card Issue Issue,Possimus aperiam harum hic deleniti eius consectetur ratione consequuntur fugit voluptatem odio nihil vel minus cumque.,high,in_progress,EMP000053,2024-10-06T07:10:49,,,phone,,2024-10-06T07:10:49
TKT000601,CUST000991,query,Query Issue,Reprehenderit soluta explicabo ipsa accusamus repellendus fugit quos quam accusantium non voluptatum repellat aspernatur.,high,in_progress,EMP000040,2025-05-31T06:50:14,,,phone,,2025-05-31T06:50:14
TKT000602,CUST000846,query,Query Issue,Est sunt debitis placeat recusandae debitis fugit eaque omnis beatae totam mollitia necessitatibus qui eaque.,low,closed,EMP000019,2024-06-20T14:40:37,2025-06-15T03:51:17,Vero fugiat fugit alias placeat repudiandae consequuntur.,branch,1,2024-06-20T14:40:37
TKT000603,CUST000736,fraud_report,Fraud Report Issue,Inventore excepturi placeat magni autem esse tenetur sequi provident fugiat esse mollitia nisi.,low,open,EMP000001,2024-12-25T13:19:24,,,branch,,2024-12-25T13:19:24
TKT000604,CUST000949,query,Query Issue,Ipsa est facere molestias eos veniam sit dolorem ad.,medium,in_progress,EMP000009,2026-01-13T10:23:53,,,phone,,2026-01-13T10:23:53
TKT000605,CUST000676,complaint,Complaint Issue,Ab aperiam enim amet molestiae nisi exercitationem incidunt ex minima.,medium,open,EMP000026,2026-01-20T21:10:37,,,branch,,2026-01-20T21:10:37
TKT000606,CUST000580,request,Request Issue,Aliquid expedita placeat nulla aspernatur voluptates explicabo sequi est repellendus enim quidem quod non repudiandae iure.,medium,resolved,EMP000053,2024-10-03T22:46:53,2025-10-10T05:36:05,Eaque error excepturi voluptatem dicta.,chat,4,2024-10-03T22:46:53
TKT000607,CUST000494,fraud_report,Fraud Report Issue,Ullam eius necessitatibus voluptatibus asperiores neque ab voluptas est asperiores quidem error omnis amet.,high,in_progress,EMP000087,2025-07-01T00:30:09,,,chat,,2025-07-01T00:30:09
TKT000608,CUST000902,complaint,Complaint Issue,Est ex soluta facere sit facere asperiores voluptatem quos quisquam accusamus rerum distinctio quaerat.,low,in_progress,EMP000058,2024-10-31T03:29:06,,,phone,,2024-10-31T03:29:06
TKT000609,CUST000094,request,Request Issue,Eum corporis incidunt culpa qui itaque ratione delectus quam blanditiis nobis nesciunt numquam veritatis.,medium,resolved,EMP000039,2024-11-08T22:46:04,2025-08-31T01:20:29,Debitis praesentium nobis quisquam eum minima.,email,5,2024-11-08T22:46:04
TKT000610,CUST000087,request,Request Issue,Nostrum magnam enim aut quos et impedit repudiandae fugiat unde asperiores aspernatur non.,low,open,EMP000004,2026-02-17T23:33:58,,,branch,,2026-02-17T23:33:58
TKT000611,CUST000646,request,Request Issue,Alias consequuntur nam unde mollitia recusandae nostrum ad.,high,in_progress,EMP000074,2024-09-20T18:02:30,,,chat,,2024-09-20T18:02:30
TKT000612,CUST000949,request,Request Issue,Deleniti sed temporibus labore voluptas iste tempora illo modi rerum.,medium,resolved,EMP000029,2024-04-20T00:55:37,2025-04-07T23:25:08,Eius modi labore quod voluptate molestias beatae.,phone,5,2024-04-20T00:55:37
TKT000613,CUST000757,loan_issue,Loan Issue Issue,Delectus distinctio sunt illo voluptatum nihil cum officia ipsa ratione dolorem libero sunt nobis quos.,low,resolved,EMP000008,2025-04-27T16:38:15,2025-08-18T14:38:06,Voluptate sapiente quam.,branch,5,2025-04-27T16:38:15
TKT000614,CUST000402,card_issue,Card Issue Issue,Commodi voluptas laudantium deserunt odit suscipit magni ratione et minima necessitatibus iusto nihil.,medium,open,EMP000053,2024-08-03T20:06:51,,,phone,,2024-08-03T20:06:51
TKT000615,CUST000247,card_issue,Card Issue Issue,Harum cupiditate sit sunt ipsam repellendus autem.,critical,closed,EMP000047,2026-04-03T06:30:34,2026-04-16T12:18:40,Ipsa nobis voluptas quos.,chat,5,2026-04-03T06:30:34
TKT000616,CUST000599,card_issue,Card Issue Issue,Vel unde animi pariatur assumenda magnam quibusdam assumenda soluta iusto tempora ea et cumque id dicta.,low,closed,EMP000066,2026-02-09T12:29:34,2026-04-15T14:37:18,Rem quibusdam cumque quaerat deserunt.,phone,4,2026-02-09T12:29:34
TKT000617,CUST000342,fraud_report,Fraud Report Issue,Reiciendis occaecati nulla repudiandae maxime consectetur nesciunt quae.,high,resolved,EMP000068,2024-05-12T00:06:11,2025-11-09T23:46:14,Voluptatem fuga alias error alias assumenda eos minima.,phone,5,2024-05-12T00:06:11
TKT000618,CUST000694,request,Request Issue,Provident ea at quae tenetur ad dolores neque ipsam quos cum.,medium,resolved,EMP000061,2025-11-26T14:43:43,2026-06-20T02:29:50,Accusantium assumenda corrupti placeat occaecati.,email,2,2025-11-26T14:43:43
TKT000619,CUST000249,loan_issue,Loan Issue Issue,Ad iste possimus eos in dolorem consectetur corrupti exercitationem ex repellat commodi.,medium,in_progress,EMP000045,2025-04-26T05:05:57,,,chat,,2025-04-26T05:05:57
TKT000620,CUST000941,query,Query Issue,Odit expedita blanditiis quas sint neque libero magni deserunt corporis amet inventore.,low,closed,EMP000022,2025-04-03T07:17:57,2026-04-07T17:40:26,Iure impedit aut pariatur possimus velit accusamus.,phone,4,2025-04-03T07:17:57
TKT000621,CUST000438,request,Request Issue,Debitis molestias deleniti quasi ipsam repellat possimus sequi enim animi deserunt repellendus.,low,resolved,EMP000053,2025-11-06T20:31:42,2025-12-19T06:01:08,Repellendus sint labore omnis possimus.,chat,4,2025-11-06T20:31:42
TKT000622,CUST000427,query,Query Issue,Iste expedita veniam nisi error provident dignissimos dolore sunt nobis facilis.,high,resolved,EMP000053,2024-11-27T22:33:00,2026-06-19T11:14:12,Quo amet quod laboriosam dolor.,chat,4,2024-11-27T22:33:00
TKT000623,CUST000326,fraud_report,Fraud Report Issue,Nam cupiditate accusantium culpa tempora animi tenetur aliquam id illo.,critical,in_progress,EMP000088,2026-08-26T13:29:23,,,chat,,2026-08-26T13:29:23
TKT000624,CUST000823,loan_issue,Loan Issue Issue,Quis minus et tempore expedita sint autem aspernatur illo soluta necessitatibus commodi aliquam eveniet nemo.,high,closed,EMP000030,2024-11-04T10:45:07,2025-07-17T12:02:30,Dolores impedit voluptate quas quas.,email,1,2024-11-04T10:45:07
TKT000625,CUST000177,fraud_report,Fraud Report Issue,Cupiditate maiores eveniet itaque eius modi distinctio sapiente iure porro facere quos est.,high,resolved,EMP000017,2024-12-15T05:03:17,2025-06-17T20:25:11,Aliquid veritatis magni doloremque ad.,email,3,2024-12-15T05:03:17
TKT000626,CUST000003,query,Query Issue,Fuga commodi totam modi alias nobis ipsam ipsam perspiciatis.,high,resolved,EMP000090,2026-08-15T16:41:53,2026-08-23T12:39:51,Quod natus deleniti dolor dolores iure ea.,branch,4,2026-08-15T16:41:53
TKT000627,CUST000746,loan_issue,Loan Issue Issue,Eveniet necessitatibus enim aliquid cum occaecati sequi exercitationem asperiores nostrum.,medium,in_progress,EMP000093,2026-02-11T03:39:41,,,chat,,2026-02-11T03:39:41
TKT000628,CUST000547,account_issue,Account Issue Issue,Est dolor at quaerat velit odit quis.,high,in_progress,EMP000024,2024-04-23T12:28:06,,,email,,2024-04-23T12:28:06
TKT000629,CUST000147,fraud_report,Fraud Report Issue,Quam excepturi sequi vel mollitia numquam libero eos error dolor omnis sequi vero.,medium,resolved,EMP000016,2026-02-13T21:59:13,2026-04-26T03:03:15,Velit doloremque suscipit possimus amet.,email,2,2026-02-13T21:59:13
TKT000630,CUST000436,loan_issue,Loan Issue Issue,Voluptatem nesciunt esse debitis officia impedit mollitia enim nisi minus eos accusamus.,medium,resolved,EMP000048,2026-03-16T16:52:17,2026-06-08T05:06:29,Ipsa unde dolor ipsum.,phone,3,2026-03-16T16:52:17
TKT000631,CUST000335,request,Request Issue,Blanditiis adipisci similique corporis a ullam eius asperiores temporibus quae quo quo eum quia eaque quaerat.,medium,resolved,EMP000050,2026-02-18T15:30:58,2026-06-16T06:23:28,Modi laboriosam voluptates dignissimos est odio.,email,4,2026-02-18T15:30:58
TKT000632,CUST000895,complaint,Complaint Issue,Sunt fugit possimus incidunt fugiat iure ea omnis suscipit labore saepe.,medium,closed,EMP000096,2025-06-18T19:48:32,2026-07-29T12:21:22,Corrupti aliquam soluta molestias.,chat,2,2025-06-18T19:48:32
TKT000633,CUST000168,request,Request Issue,Non debitis eos inventore dolorem iste quibusdam illum nisi natus voluptatum libero possimus ad maiores.,high,closed,EMP000091,2025-02-11T14:57:30,2025-02-27T01:03:16,Quibusdam facere magni consequatur.,phone,3,2025-02-11T14:57:30
TKT000634,CUST000149,query,Query Issue,Fugiat deleniti ipsa occaecati adipisci odio dignissimos aperiam voluptate dolorem labore.,medium,open,EMP000097,2024-09-13T01:09:27,,,chat,,2024-09-13T01:09:27
TKT000635,CUST000029,account_issue,Account Issue Issue,Dolorem mollitia libero ut provident optio ipsa quos.,medium,resolved,EMP000060,2024-09-25T15:32:42,2025-10-09T16:15:32,Doloribus architecto iusto exercitationem.,chat,1,2024-09-25T15:32:42
TKT000636,CUST000301,card_issue,Card Issue Issue,Nihil iste eius laudantium consequatur necessitatibus nihil doloribus tempora iure.,high,resolved,EMP000046,2024-01-26T07:51:03,2026-01-21T09:30:18,Vero error at quisquam voluptates laboriosam amet incidunt.,chat,2,2024-01-26T07:51:03
TKT000637,CUST000029,complaint,Complaint Issue,Impedit velit asperiores repellat molestiae repudiandae repellendus modi nisi.,high,closed,EMP000052,2026-05-19T20:53:17,2026-07-09T20:57:35,Dolores est numquam fuga.,email,2,2026-05-19T20:53:17
TKT000638,CUST000484,query,Query Issue,Impedit repellendus est deserunt cum blanditiis amet.,medium,closed,EMP000031,2025-08-03T18:59:29,2026-07-29T03:43:39,Recusandae voluptatem minima asperiores veniam similique vitae.,email,5,2025-08-03T18:59:29
TKT000639,CUST000892,account_issue,Account Issue Issue,Officia blanditiis illo reiciendis vitae nostrum officia est.,critical,in_progress,EMP000083,2025-11-07T00:55:51,,,chat,,2025-11-07T00:55:51
TKT000640,CUST000706,query,Query Issue,Quod provident ut sunt necessitatibus magni quaerat dolorum ratione aliquam minima vel eligendi delectus molestiae.,low,closed,EMP000038,2024-01-07T19:12:40,2024-08-18T10:53:20,Illo unde totam quibusdam perferendis corrupti deserunt.,phone,4,2024-01-07T19:12:40
TKT000641,CUST000161,query,Query Issue,Delectus saepe sequi quidem dolorum delectus quasi.,low,open,EMP000059,2024-12-26T16:47:38,,,chat,,2024-12-26T16:47:38
TKT000642,CUST000952,request,Request Issue,Aliquam quia magnam consequuntur odio commodi tempora delectus aperiam reiciendis.,low,in_progress,EMP000099,2024-11-26T17:47:05,,,chat,,2024-11-26T17:47:05
TKT000643,CUST000385,request,Request Issue,Architecto deserunt eligendi commodi veritatis deserunt fugit esse ullam consectetur aperiam culpa laborum tempora assumenda aliquid.,medium,closed,EMP000055,2025-06-07T02:48:11,2026-04-27T18:40:26,Perspiciatis molestias ab veritatis ut.,branch,1,2025-06-07T02:48:11
TKT000644,CUST000365,request,Request Issue,In quam repellat vel voluptate id ratione sint odit.,low,open,EMP000062,2026-08-07T15:56:20,,,branch,,2026-08-07T15:56:20
TKT000645,CUST000474,request,Request Issue,Id voluptas nam sunt nesciunt at sint sunt ipsa deleniti quos ea.,critical,resolved,EMP000075,2026-07-19T14:46:56,2026-07-25T15:17:33,Illo est placeat magnam eaque.,chat,5,2026-07-19T14:46:56
TKT000646,CUST000790,complaint,Complaint Issue,Molestias non at impedit commodi nesciunt nemo maiores nemo ullam.,low,resolved,EMP000054,2025-01-28T08:45:48,2025-11-25T22:16:17,Quisquam beatae reprehenderit.,email,2,2025-01-28T08:45:48
TKT000647,CUST000632,complaint,Complaint Issue,Veniam cumque omnis ut blanditiis distinctio inventore a eaque quia.,medium,in_progress,EMP000054,2024-02-02T17:26:27,,,phone,,2024-02-02T17:26:27
TKT000648,CUST000134,complaint,Complaint Issue,Amet error minus quisquam expedita eligendi fugit fugiat veniam.,medium,resolved,EMP000029,2024-03-03T04:38:12,2025-09-14T20:08:23,Doloribus sed beatae sapiente.,branch,3,2024-03-03T04:38:12
TKT000649,CUST000357,complaint,Complaint Issue,Voluptate eius accusantium porro aut odio eos distinctio id magnam exercitationem architecto reprehenderit accusantium.,high,in_progress,EMP000083,2025-04-07T17:21:33,,,branch,,2025-04-07T17:21:33
TKT000650,CUST000175,account_issue,Account Issue Issue,Exercitationem dolor quia eligendi odit aut ea nostrum pariatur sit.,medium,in_progress,EMP000092,2025-11-12T19:52:35,,,phone,,2025-11-12T19:52:35
TKT000651,CUST000314,request,Request Issue,Fuga quod enim nobis qui sint numquam magni sunt.,medium,resolved,EMP000074,2024-05-04T14:20:27,2025-06-17T21:42:41,Iste inventore eius temporibus nisi amet.,chat,4,2024-05-04T14:20:27
TKT000652,CUST000016,loan_issue,Loan Issue Issue,Doloremque commodi neque harum dicta possimus eaque ut ea quos et accusantium natus enim aut.,low,resolved,EMP000021,2024-09-05T22:02:23,2025-12-16T11:28:19,Maiores ducimus aperiam qui laudantium alias molestiae.,phone,1,2024-09-05T22:02:23
TKT000653,CUST000575,fraud_report,Fraud Report Issue,Aspernatur ipsa ex odit assumenda hic fugiat adipisci aperiam corporis voluptatibus est esse eligendi saepe.,critical,open,EMP000054,2024-01-28T00:39:51,,,email,,2024-01-28T00:39:51
TKT000654,CUST000652,fraud_report,Fraud Report Issue,Blanditiis consequatur beatae corrupti a nihil beatae natus expedita.,low,resolved,EMP000056,2024-10-25T07:04:25,2025-10-08T06:57:24,Blanditiis aut aperiam magni.,branch,2,2024-10-25T07:04:25
TKT000655,CUST000034,fraud_report,Fraud Report Issue,Maiores voluptate nobis iusto debitis suscipit sint odit iusto labore provident occaecati ipsum voluptates.,medium,resolved,EMP000026,2024-01-30T01:30:31,2025-09-26T06:07:05,Quae eum repellendus quasi dicta eius.,phone,5,2024-01-30T01:30:31
TKT000656,CUST000947,card_issue,Card Issue Issue,Ut sed delectus labore illum dignissimos vel iusto ea voluptatibus quibusdam.,low,resolved,EMP000001,2026-08-07T06:23:13,2026-08-17T20:39:19,Dicta impedit deleniti id asperiores minima.,phone,1,2026-08-07T06:23:13
TKT000657,CUST000650,fraud_report,Fraud Report Issue,Nihil similique temporibus debitis optio quia et.,high,open,EMP000048,2025-09-09T21:32:33,,,phone,,2025-09-09T21:32:33
TKT000658,CUST000308,card_issue,Card Issue Issue,Corporis atque nemo accusantium assumenda doloremque inventore quam quis.,medium,closed,EMP000032,2025-01-07T03:01:54,2025-05-31T14:59:09,Molestiae id modi quam aut ea molestiae.,phone,2,2025-01-07T03:01:54
TKT000659,CUST000686,card_issue,Card Issue Issue,Animi provident iste tempore doloremque rem tempore.,medium,open,EMP000034,2025-12-30T10:51:05,,,phone,,2025-12-30T10:51:05
TKT000660,CUST000180,loan_issue,Loan Issue Issue,Laborum animi laudantium saepe quaerat facere sint accusantium natus sed debitis amet illo quo nobis.,low,closed,EMP000070,2025-02-24T11:16:35,2026-07-09T17:05:42,Saepe alias ipsam optio ab vitae error.,email,2,2025-02-24T11:16:35
TKT000661,CUST000626,fraud_report,Fraud Report Issue,Voluptates sed molestiae porro id aperiam praesentium laudantium quasi nihil sequi.,medium,open,EMP000078,2026-05-15T10:30:41,,,email,,2026-05-15T10:30:41
TKT000662,CUST000478,complaint,Complaint Issue,Repellendus ipsam quis reprehenderit facilis natus porro facilis.,high,in_progress,EMP000096,2026-02-20T15:48:00,,,branch,,2026-02-20T15:48:00
TKT000663,CUST000999,complaint,Complaint Issue,Voluptas eligendi dolor iure architecto sed odit corrupti autem consequuntur ea minima est minus ipsa.,high,in_progress,EMP000013,2025-07-21T09:33:02,,,chat,,2025-07-21T09:33:02
TKT000664,CUST000788,card_issue,Card Issue Issue,Sint sunt quibusdam ea veritatis sapiente rerum laudantium esse ratione.,low,open,EMP000089,2025-02-06T10:10:50,,,branch,,2025-02-06T10:10:50
TKT000665,CUST000414,complaint,Complaint Issue,Beatae dolorem distinctio facilis esse ducimus recusandae.,medium,resolved,EMP000033,2024-10-30T02:44:21,2025-11-02T07:32:18,Quae natus itaque nemo deserunt.,phone,1,2024-10-30T02:44:21
TKT000666,CUST000653,request,Request Issue,Molestias dolore nesciunt qui dicta aut impedit atque excepturi mollitia unde illum numquam.,critical,resolved,EMP000055,2024-04-17T23:56:24,2025-11-10T17:56:35,Exercitationem corrupti provident nesciunt error nihil.,branch,2,2024-04-17T23:56:24
TKT000667,CUST000784,request,Request Issue,Magnam itaque alias velit asperiores quo fuga facere.,medium,in_progress,EMP000090,2024-08-10T13:53:25,,,phone,,2024-08-10T13:53:25
TKT000668,CUST000325,query,Query Issue,Modi itaque architecto dicta voluptatem dolorum officiis qui saepe sequi id.,medium,resolved,EMP000005,2025-08-27T01:48:24,2026-06-23T18:45:41,Animi quos perferendis sed earum.,chat,3,2025-08-27T01:48:24
TKT000669,CUST000411,loan_issue,Loan Issue Issue,Possimus delectus harum sapiente quasi nostrum ut autem soluta rerum impedit voluptatem pariatur ut.,low,in_progress,EMP000019,2025-03-08T10:44:34,,,branch,,2025-03-08T10:44:34
TKT000670,CUST000486,fraud_report,Fraud Report Issue,Vitae at ipsam earum ad totam esse deserunt quod consectetur.,high,open,EMP000040,2025-01-08T15:11:18,,,phone,,2025-01-08T15:11:18
TKT000671,CUST000668,query,Query Issue,Molestiae repellendus ab ad quae alias aspernatur sed quo doloribus quod alias soluta facilis.,low,closed,EMP000049,2025-03-05T21:53:48,2026-01-14T03:34:37,Magnam debitis impedit.,email,2,2025-03-05T21:53:48
TKT000672,CUST000611,loan_issue,Loan Issue Issue,A magnam at facere minus in perferendis aut ratione totam ullam cumque suscipit perspiciatis quam explicabo.,high,closed,EMP000023,2024-05-02T08:53:55,2024-11-22T22:46:50,Occaecati nemo deserunt deserunt unde.,email,2,2024-05-02T08:53:55
TKT000673,CUST000777,account_issue,Account Issue Issue,Atque ratione quas unde minus consequatur dignissimos iusto dignissimos velit ad facilis provident molestiae.,medium,closed,EMP000022,2025-10-29T19:57:41,2026-03-24T08:33:19,Rem veritatis consectetur labore sapiente possimus iusto.,email,3,2025-10-29T19:57:41
TKT000674,CUST000737,fraud_report,Fraud Report Issue,Neque quisquam eveniet labore quaerat dolor cum officiis.,high,resolved,EMP000063,2026-02-28T03:54:30,2026-07-24T17:23:08,Repellendus aut perspiciatis blanditiis voluptatibus non eum.,phone,3,2026-02-28T03:54:30
TKT000675,CUST000802,loan_issue,Loan Issue Issue,Ab saepe repellat facere nobis eligendi in harum sequi ullam nesciunt.,high,in_progress,EMP000008,2024-04-13T15:34:15,,,branch,,2024-04-13T15:34:15
TKT000676,CUST000441,loan_issue,Loan Issue Issue,Facere animi officiis cumque voluptatem beatae hic nostrum.,medium,resolved,EMP000069,2026-04-15T23:35:01,2026-05-11T15:05:18,Sunt totam veniam quia ex.,branch,3,2026-04-15T23:35:01
TKT000677,CUST000395,account_issue,Account Issue Issue,Adipisci dolor illo sapiente molestiae tempore voluptatem numquam voluptatum porro.,medium,resolved,EMP000079,2025-07-07T02:26:49,2025-07-15T01:30:02,Architecto repudiandae magni non asperiores veniam voluptatem.,phone,1,2025-07-07T02:26:49
TKT000678,CUST000367,complaint,Complaint Issue,Quisquam quisquam ducimus possimus architecto fuga occaecati dolor quas cumque.,critical,open,EMP000017,2026-08-31T16:47:45,,,phone,,2026-08-31T16:47:45
TKT000679,CUST000337,fraud_report,Fraud Report Issue,Autem maiores labore quidem fugiat quas cupiditate ex excepturi ratione dicta vel velit.,low,resolved,EMP000077,2025-05-03T09:21:11,2025-06-22T22:23:13,Aliquam eveniet magnam atque expedita minus necessitatibus.,branch,1,2025-05-03T09:21:11
TKT000680,CUST000897,fraud_report,Fraud Report Issue,Deleniti sequi cupiditate aliquam aspernatur veritatis in adipisci sunt debitis odio reiciendis itaque praesentium cum culpa.,medium,open,EMP000017,2026-08-01T16:42:49,,,email,,2026-08-01T16:42:49
TKT000681,CUST000449,loan_issue,Loan Issue Issue,Est incidunt quaerat necessitatibus placeat quos dolor officia debitis.,low,closed,EMP000041,2026-01-18T01:06:08,2026-06-01T21:36:34,Sed iusto earum exercitationem.,branch,1,2026-01-18T01:06:08
TKT000682,CUST000639,loan_issue,Loan Issue Issue,Hic iusto quam quas soluta porro labore repellendus in dignissimos ex.,high,open,EMP000053,2024-08-19T12:28:57,,,chat,,2024-08-19T12:28:57
TKT000683,CUST000701,loan_issue,Loan Issue Issue,Tempore repudiandae veritatis cumque quia itaque voluptatum fugit ipsam reprehenderit nulla.,high,closed,EMP000059,2025-04-28T19:19:28,2026-08-24T10:38:13,Impedit assumenda quam enim consectetur maiores excepturi rem.,branch,4,2025-04-28T19:19:28
TKT000684,CUST000723,account_issue,Account Issue Issue,Iusto possimus eius optio quisquam deserunt voluptatibus expedita architecto quaerat illo mollitia temporibus.,medium,closed,EMP000051,2025-04-06T05:21:59,2025-09-19T09:00:40,Quos modi itaque nihil aspernatur dignissimos occaecati odit.,chat,2,2025-04-06T05:21:59
TKT000685,CUST000967,query,Query Issue,Earum in perspiciatis nobis ea expedita omnis harum assumenda sit et deserunt aspernatur aut.,high,resolved,EMP000002,2025-12-18T20:14:11,2026-08-15T09:02:40,Asperiores veniam consectetur nobis laborum aliquid aperiam.,email,2,2025-12-18T20:14:11
TKT000686,CUST000865,fraud_report,Fraud Report Issue,Blanditiis dicta enim rem rem recusandae praesentium earum molestiae cumque in architecto.,medium,resolved,EMP000010,2026-05-01T11:36:16,2026-07-19T09:43:13,Quaerat sunt fugit doloremque asperiores ex.,email,1,2026-05-01T11:36:16
TKT000687,CUST000323,request,Request Issue,Accusantium exercitationem ipsum ea quaerat a vel dolore omnis omnis excepturi eos molestias.,medium,in_progress,EMP000053,2024-06-26T03:52:09,,,email,,2024-06-26T03:52:09
TKT000688,CUST000818,fraud_report,Fraud Report Issue,Vero corrupti officia libero tenetur aspernatur doloribus unde corrupti ullam fugit.,low,closed,EMP000097,2025-08-15T15:20:51,2025-11-27T08:11:38,Quibusdam consequuntur qui sint qui saepe.,chat,5,2025-08-15T15:20:51
TKT000689,CUST000215,complaint,Complaint Issue,Illo amet dolores molestiae enim laudantium alias sapiente est minus optio qui doloribus explicabo inventore exercitationem.,medium,closed,EMP000009,2024-03-09T13:16:53,2025-04-04T02:38:10,Quo adipisci nisi eveniet nobis.,email,4,2024-03-09T13:16:53
TKT000690,CUST000675,loan_issue,Loan Issue Issue,Fugit sunt eius itaque placeat qui consequatur recusandae.,low,resolved,EMP000022,2025-04-12T22:05:24,2026-08-22T18:48:28,Eligendi temporibus tenetur.,email,4,2025-04-12T22:05:24
TKT000691,CUST000430,fraud_report,Fraud Report Issue,Accusamus accusantium ab ab illum illum iure porro excepturi officiis libero occaecati.,high,resolved,EMP000009,2026-05-08T19:57:45,2026-06-11T00:03:00,Delectus repellat vero maxime rerum quasi cumque ut.,email,4,2026-05-08T19:57:45
TKT000692,CUST000020,fraud_report,Fraud Report Issue,Dolorem saepe incidunt laboriosam facere earum asperiores quae id consectetur cumque quae tempora.,low,in_progress,EMP000017,2025-01-08T17:37:54,,,phone,,2025-01-08T17:37:54
TKT000693,CUST000151,query,Query Issue,Iusto occaecati provident porro tenetur distinctio cum.,critical,closed,EMP000046,2025-05-30T10:00:30,2025-12-25T14:52:59,Reiciendis maiores sit perferendis expedita.,email,1,2025-05-30T10:00:30
TKT000694,CUST000809,complaint,Complaint Issue,Et vero maiores earum non illo facere quae aperiam officia animi eos et placeat.,critical,resolved,EMP000094,2024-02-09T00:36:04,2025-09-22T18:52:54,Delectus cumque minus voluptatem iste.,email,5,2024-02-09T00:36:04
TKT000695,CUST000343,account_issue,Account Issue Issue,Non commodi commodi ad reprehenderit velit vitae hic possimus tempore corrupti quasi.,high,closed,EMP000028,2024-02-07T12:48:18,2025-03-26T04:01:37,Temporibus perspiciatis sunt reprehenderit itaque aut.,email,3,2024-02-07T12:48:18
TKT000696,CUST000434,loan_issue,Loan Issue Issue,Neque ad dolorem ea nisi fuga provident labore veritatis harum fugiat quaerat adipisci dolores.,high,in_progress,EMP000064,2024-11-08T22:43:39,,,chat,,2024-11-08T22:43:39
TKT000697,CUST000742,fraud_report,Fraud Report Issue,Culpa dolore delectus modi dolorem voluptatum cupiditate doloribus quo placeat facere quisquam aliquid.,critical,open,EMP000045,2025-06-06T15:19:53,,,email,,2025-06-06T15:19:53
TKT000698,CUST000880,query,Query Issue,Magni non nisi voluptas doloremque repudiandae nam.,low,closed,EMP000079,2025-11-25T08:54:39,2026-03-04T01:22:47,Optio architecto iure labore excepturi laudantium eum.,phone,4,2025-11-25T08:54:39
TKT000699,CUST000012,account_issue,Account Issue Issue,Nihil suscipit porro dolorem quibusdam nulla aliquam ex explicabo.,medium,closed,EMP000080,2024-09-23T14:31:38,2026-04-20T08:45:07,Provident odit officia ipsa.,email,4,2024-09-23T14:31:38
TKT000700,CUST000658,query,Query Issue,Soluta accusantium eum cumque officiis unde ducimus quae atque neque iste neque libero vel.,medium,closed,EMP000033,2025-02-28T13:48:22,2025-05-15T11:35:00,Delectus eum reiciendis totam dicta ipsam rem.,branch,5,2025-02-28T13:48:22
TKT000701,CUST000140,account_issue,Account Issue Issue,Voluptatibus accusamus beatae officiis voluptas ut facilis totam architecto quasi enim odio nobis.,high,in_progress,EMP000009,2026-05-16T18:18:43,,,chat,,2026-05-16T18:18:43
TKT000702,CUST000690,card_issue,Card Issue Issue,Sapiente eius doloremque tempore iusto ad neque aut delectus harum officiis corporis.,medium,resolved,EMP000067,2025-06-02T21:08:30,2026-05-17T10:55:01,Vero consequuntur aperiam.,branch,1,2025-06-02T21:08:30
TKT000703,CUST000299,fraud_report,Fraud Report Issue,Quibusdam maxime doloremque ex saepe assumenda quaerat quasi.,medium,resolved,EMP000045,2026-08-22T11:23:29,2026-08-28T03:50:08,Numquam distinctio aspernatur impedit ratione laudantium.,branch,3,2026-08-22T11:23:29
TKT000704,CUST000577,complaint,Complaint Issue,Impedit rerum est non aliquid ratione nostrum aliquam numquam.,medium,in_progress,EMP000016,2025-12-24T03:06:18,,,phone,,2025-12-24T03:06:18
TKT000705,CUST000958,account_issue,Account Issue Issue,Esse laudantium occaecati molestiae ullam omnis sed quo.,high,closed,EMP000058,2025-06-17T07:56:35,2026-05-14T14:12:51,Ea ipsum suscipit facilis nostrum.,branch,3,2025-06-17T07:56:35
TKT000706,CUST000246,query,Query Issue,Odio dignissimos quaerat consequuntur iure sint reiciendis quasi quis optio asperiores consequatur.,high,resolved,EMP000063,2025-06-15T04:27:01,2025-06-16T22:36:59,Officiis culpa dolorum unde exercitationem aspernatur natus.,phone,3,2025-06-15T04:27:01
TKT000707,CUST000040,query,Query Issue,Illum maxime ipsam excepturi deleniti voluptates occaecati hic vitae rerum nemo ratione ducimus molestiae non.,medium,resolved,EMP000096,2026-08-01T05:31:41,2026-08-21T09:54:29,Qui repudiandae harum explicabo accusantium placeat iste.,branch,5,2026-08-01T05:31:41
TKT000708,CUST000589,account_issue,Account Issue Issue,Cumque voluptatibus illo sed numquam facere vero nisi laborum.,low,closed,EMP000094,2024-04-23T04:21:15,2025-05-18T14:11:13,Minus quaerat nisi corporis natus asperiores.,email,2,2024-04-23T04:21:15
TKT000709,CUST000451,complaint,Complaint Issue,Hic distinctio quia quas quibusdam ipsum dignissimos.,low,in_progress,EMP000068,2026-02-27T10:35:31,,,chat,,2026-02-27T10:35:31
TKT000710,CUST000409,complaint,Complaint Issue,Quae officiis dolore quidem maxime voluptatum architecto magni debitis quas nesciunt soluta doloribus consequuntur eaque.,low,resolved,EMP000028,2025-01-19T04:12:16,2026-04-03T17:07:27,Atque repellendus necessitatibus pariatur deserunt veniam debitis.,branch,4,2025-01-19T04:12:16
TKT000711,CUST000894,fraud_report,Fraud Report Issue,Maiores voluptatum dignissimos error laborum ducimus ipsa.,medium,open,EMP000011,2025-03-17T03:33:01,,,phone,,2025-03-17T03:33:01
TKT000712,CUST000611,account_issue,Account Issue Issue,Officiis mollitia vitae repellat ullam cupiditate quos harum suscipit blanditiis deserunt tenetur ea magni aut quas.,high,in_progress,EMP000006,2026-07-20T11:38:15,,,chat,,2026-07-20T11:38:15
TKT000713,CUST000513,complaint,Complaint Issue,Quae eos cupiditate repellat eaque cumque corporis rem dolor nihil impedit laborum rem deserunt necessitatibus.,medium,in_progress,EMP000013,2025-06-19T18:55:53,,,branch,,2025-06-19T18:55:53
TKT000714,CUST000956,account_issue,Account Issue Issue,Veniam cumque animi alias iusto eveniet ratione magnam ducimus iste dolorum.,low,in_progress,EMP000074,2024-05-17T20:09:40,,,phone,,2024-05-17T20:09:40
TKT000715,CUST000496,fraud_report,Fraud Report Issue,Sunt sint nam cumque expedita quod amet eum doloribus adipisci dolor.,medium,in_progress,EMP000064,2025-07-25T11:35:14,,,branch,,2025-07-25T11:35:14
TKT000716,CUST000606,account_issue,Account Issue Issue,Tempora explicabo quos porro odio aut eius nihil amet aspernatur magni.,medium,in_progress,EMP000001,2024-08-13T06:30:43,,,phone,,2024-08-13T06:30:43
TKT000717,CUST000288,complaint,Complaint Issue,Nobis dolor natus perspiciatis voluptatem cumque cum quaerat aspernatur cumque ducimus consequatur consectetur quasi fuga rerum.,medium,open,EMP000096,2025-01-02T03:55:51,,,branch,,2025-01-02T03:55:51
TKT000718,CUST000913,fraud_report,Fraud Report Issue,Cumque nemo tenetur alias exercitationem distinctio animi accusantium exercitationem omnis doloremque animi deleniti quisquam tempore quis.,high,in_progress,EMP000004,2026-08-21T16:19:20,,,branch,,2026-08-21T16:19:20
TKT000719,CUST000482,request,Request Issue,Architecto praesentium ex temporibus vitae porro quis.,medium,closed,EMP000025,2025-08-12T20:08:32,2026-07-01T13:48:12,Nesciunt consequatur neque.,email,4,2025-08-12T20:08:32
TKT000720,CUST000814,account_issue,Account Issue Issue,Distinctio culpa consequuntur amet laboriosam quisquam dolorum nemo at sequi quae pariatur ipsam.,high,closed,EMP000027,2026-07-29T11:20:40,2026-08-12T12:09:28,Modi aliquid corporis et cupiditate at ipsam.,chat,1,2026-07-29T11:20:40
TKT000721,CUST000071,query,Query Issue,Incidunt consequuntur quae voluptatem doloribus nostrum cupiditate similique tempora corrupti odio nisi laboriosam cumque quod sequi.,medium,closed,EMP000016,2025-10-26T02:00:19,2026-07-03T20:55:31,Expedita facilis iure est pariatur tenetur atque.,chat,2,2025-10-26T02:00:19
TKT000722,CUST000546,request,Request Issue,Rerum pariatur omnis eius vitae optio omnis totam numquam quia omnis.,high,resolved,EMP000037,2026-08-25T14:16:39,2026-08-29T03:25:58,Voluptas odit magnam omnis.,email,4,2026-08-25T14:16:39
TKT000723,CUST000297,fraud_report,Fraud Report Issue,Autem nihil blanditiis expedita autem repudiandae fugiat voluptatem incidunt dolorem.,medium,resolved,EMP000096,2025-01-24T19:36:16,2026-01-14T20:42:49,Ipsam occaecati tempora voluptates hic.,email,4,2025-01-24T19:36:16
TKT000724,CUST000692,request,Request Issue,Suscipit provident quae velit magnam neque odio alias voluptatibus sed.,critical,closed,EMP000063,2026-07-16T10:08:44,2026-07-25T16:19:46,Ea aliquid corrupti dignissimos soluta.,chat,4,2026-07-16T10:08:44
TKT000725,CUST000147,loan_issue,Loan Issue Issue,Ullam atque soluta accusantium ducimus modi in numquam qui ducimus dolorum harum consequuntur adipisci.,high,resolved,EMP000073,2025-11-08T00:50:26,2026-02-25T13:21:00,Ipsum enim eos.,branch,5,2025-11-08T00:50:26
TKT000726,CUST000667,account_issue,Account Issue Issue,Ab minima cumque unde deserunt dolorum a eligendi laboriosam vel.,low,in_progress,EMP000074,2024-04-19T18:21:15,,,phone,,2024-04-19T18:21:15
TKT000727,CUST000016,request,Request Issue,Eius iure reprehenderit cupiditate praesentium beatae voluptate debitis aliquid neque quam quas blanditiis voluptatibus.,high,closed,EMP000046,2024-05-03T13:16:22,2026-02-25T21:42:39,Voluptatibus necessitatibus vel mollitia ducimus.,chat,4,2024-05-03T13:16:22
TKT000728,CUST000509,complaint,Complaint Issue,Labore quas maiores dolore cumque at aliquid quod molestias molestiae modi similique.,low,open,EMP000020,2026-08-30T19:11:33,,,email,,2026-08-30T19:11:33
TKT000729,CUST000703,fraud_report,Fraud Report Issue,Quos consequuntur natus repudiandae tempora tempora repellat optio laborum illum veniam placeat necessitatibus molestiae asperiores.,low,in_progress,EMP000021,2026-03-03T17:11:19,,,phone,,2026-03-03T17:11:19
TKT000730,CUST000571,request,Request Issue,Ea voluptatum animi totam dicta vero architecto facilis quae consequatur.,medium,closed,EMP000088,2024-03-09T04:35:59,2026-04-07T21:25:04,Inventore accusamus beatae quasi.,email,4,2024-03-09T04:35:59
TKT000731,CUST000646,complaint,Complaint Issue,Officiis magni quia nemo labore maiores alias amet hic.,medium,closed,EMP000060,2024-07-20T07:48:32,2025-06-04T19:08:48,Adipisci facilis delectus dolores accusamus aperiam autem quas.,chat,4,2024-07-20T07:48:32
TKT000732,CUST000832,query,Query Issue,Dolores quo doloribus quisquam necessitatibus aliquam deleniti nesciunt molestiae atque assumenda voluptatum laboriosam.,low,resolved,EMP000098,2025-02-06T18:47:08,2025-08-08T15:32:27,A soluta culpa distinctio.,branch,4,2025-02-06T18:47:08
TKT000733,CUST000319,loan_issue,Loan Issue Issue,Facilis distinctio aperiam perspiciatis enim assumenda ducimus enim totam quibusdam molestiae assumenda sint aut aliquid.,critical,resolved,EMP000045,2025-06-23T03:26:21,2025-10-31T15:13:20,Ducimus reprehenderit consectetur aliquam excepturi voluptatem.,chat,2,2025-06-23T03:26:21
TKT000734,CUST000263,account_issue,Account Issue Issue,Odio itaque voluptatibus quidem quo quos at culpa dolorem excepturi.,medium,resolved,EMP000088,2025-05-02T11:07:31,2025-05-06T06:04:18,Dolore voluptates voluptas molestiae pariatur animi doloremque.,email,2,2025-05-02T11:07:31
TKT000735,CUST000637,account_issue,Account Issue Issue,Inventore rerum culpa dignissimos totam veritatis numquam laudantium soluta odio.,high,in_progress,EMP000092,2026-06-28T04:30:15,,,branch,,2026-06-28T04:30:15
TKT000736,CUST000010,fraud_report,Fraud Report Issue,Accusantium rem soluta quidem aliquid sequi voluptate debitis eos sed saepe eos nisi nobis atque.,low,open,EMP000064,2026-03-22T06:01:29,,,phone,,2026-03-22T06:01:29
TKT000737,CUST000556,complaint,Complaint Issue,Asperiores nesciunt sequi possimus facilis corporis corrupti voluptatum ipsa repudiandae esse.,low,closed,EMP000023,2026-04-09T11:44:27,2026-08-30T10:08:47,Cum tempora maxime ad quod ratione rem.,chat,2,2026-04-09T11:44:27
TKT000738,CUST000717,query,Query Issue,Earum similique labore eligendi minima ipsa sit quis.,high,in_progress,EMP000040,2025-04-20T16:50:48,,,branch,,2025-04-20T16:50:48
TKT000739,CUST000986,account_issue,Account Issue Issue,Est ipsam accusantium velit magnam velit tenetur.,medium,open,EMP000074,2025-09-10T14:44:07,,,phone,,2025-09-10T14:44:07
TKT000740,CUST000806,card_issue,Card Issue Issue,Cum recusandae aliquid facilis veritatis magnam unde maxime deserunt consectetur eligendi hic explicabo necessitatibus fuga.,medium,in_progress,EMP000036,2024-05-14T04:22:48,,,email,,2024-05-14T04:22:48
TKT000741,CUST000458,fraud_report,Fraud Report Issue,Labore harum id cumque harum nam est.,medium,open,EMP000020,2025-01-27T02:07:22,,,email,,2025-01-27T02:07:22
TKT000742,CUST000340,loan_issue,Loan Issue Issue,Dolorem animi labore nostrum nostrum cum aliquid doloremque.,low,resolved,EMP000095,2024-07-14T02:19:07,2025-03-07T04:14:34,Nisi corporis rem.,branch,1,2024-07-14T02:19:07
TKT000743,CUST000223,complaint,Complaint Issue,Ullam dolore earum fuga corrupti nam harum beatae magni labore illo numquam laudantium exercitationem.,low,resolved,EMP000075,2024-11-24T06:09:26,2026-03-31T13:45:25,Consequatur eveniet ea temporibus quod possimus corporis ad.,phone,5,2024-11-24T06:09:26
TKT000744,CUST000755,request,Request Issue,Ipsa cum commodi ipsum eos libero officiis blanditiis molestiae et excepturi dicta.,medium,closed,EMP000009,2026-07-20T12:22:18,2026-07-21T12:34:24,Sequi eligendi mollitia a libero expedita quidem.,phone,1,2026-07-20T12:22:18
TKT000745,CUST000689,fraud_report,Fraud Report Issue,Nobis blanditiis illo atque magni nulla tempora atque necessitatibus libero minima odit mollitia dolore vel.,low,in_progress,EMP000008,2025-05-11T22:09:01,,,phone,,2025-05-11T22:09:01
TKT000746,CUST000806,complaint,Complaint Issue,Itaque illum necessitatibus dicta ipsa beatae itaque.,medium,in_progress,EMP000014,2026-01-08T04:33:32,,,email,,2026-01-08T04:33:32
TKT000747,CUST000312,request,Request Issue,Necessitatibus assumenda unde repellendus itaque corrupti eveniet earum tempora impedit.,critical,resolved,EMP000073,2026-02-12T05:20:45,2026-06-11T13:59:01,Corporis odio aut facere ratione.,chat,2,2026-02-12T05:20:45
TKT000748,CUST000175,request,Request Issue,Inventore aliquid iure inventore unde velit odit.,low,in_progress,EMP000089,2024-02-05T23:33:11,,,phone,,2024-02-05T23:33:11
TKT000749,CUST000207,fraud_report,Fraud Report Issue,Maxime est nobis libero itaque est excepturi voluptatem.,medium,resolved,EMP000038,2025-04-25T18:02:12,2026-07-15T07:56:49,Dolore ullam necessitatibus.,branch,2,2025-04-25T18:02:12
TKT000750,CUST000709,fraud_report,Fraud Report Issue,Voluptates labore quae explicabo provident reprehenderit fuga magnam natus in assumenda quo saepe qui exercitationem exercitationem.,low,resolved,EMP000064,2025-08-13T10:27:59,2026-08-06T05:06:07,Nam ratione commodi eveniet pariatur.,branch,5,2025-08-13T10:27:59
TKT000751,CUST000351,fraud_report,Fraud Report Issue,Sed delectus possimus id odit quidem consequatur sunt modi repellendus possimus tempora unde incidunt eum sint.,critical,open,EMP000056,2024-10-08T21:28:45,,,email,,2024-10-08T21:28:45
TKT000752,CUST000241,card_issue,Card Issue Issue,Tenetur dicta corporis perferendis nihil quas odio optio sed.,low,resolved,EMP000024,2025-01-24T19:48:49,2025-10-26T06:13:52,Officia officiis repellat aut expedita magnam velit.,chat,3,2025-01-24T19:48:49
TKT000753,CUST000777,card_issue,Card Issue Issue,Iure soluta fugit quibusdam distinctio ratione quod ab.,medium,in_progress,EMP000072,2024-06-03T13:32:40,,,phone,,2024-06-03T13:32:40
TKT000754,CUST000779,complaint,Complaint Issue,Commodi architecto animi veritatis optio mollitia eum modi nulla porro itaque sunt laborum.,medium,open,EMP000073,2024-04-22T18:28:00,,,phone,,2024-04-22T18:28:00
TKT000755,CUST000999,request,Request Issue,Eveniet itaque maiores perspiciatis debitis exercitationem quaerat molestiae quidem dolorem dicta earum.,low,open,EMP000084,2026-05-05T11:25:32,,,phone,,2026-05-05T11:25:32
TKT000756,CUST000906,card_issue,Card Issue Issue,Iure culpa reprehenderit officia facilis inventore reprehenderit quae laboriosam aperiam assumenda officia asperiores aliquam voluptatibus modi.,medium,in_progress,EMP000064,2025-10-02T12:37:45,,,chat,,2025-10-02T12:37:45
TKT000757,CUST000673,complaint,Complaint Issue,Vero voluptate ipsa non vitae expedita laborum nam reiciendis neque est.,low,open,EMP000088,2024-12-30T12:02:29,,,branch,,2024-12-30T12:02:29
TKT000758,CUST000533,query,Query Issue,Eos sit praesentium assumenda tempora quo culpa beatae ut consectetur earum eos.,high,resolved,EMP000015,2025-08-27T14:06:41,2026-05-16T18:34:09,Dolor ad architecto dicta sequi suscipit aliquam.,branch,3,2025-08-27T14:06:41
TKT000759,CUST000321,request,Request Issue,Unde non quam facere aut accusamus eos eius tempore voluptas deleniti.,high,resolved,EMP000082,2024-04-14T01:33:00,2024-10-20T13:17:49,Dolore voluptates minima rerum odio amet.,branch,5,2024-04-14T01:33:00
TKT000760,CUST000460,request,Request Issue,Provident in consequatur inventore officiis labore sequi sapiente sit quibusdam libero quaerat natus.,medium,in_progress,EMP000050,2024-05-25T03:20:57,,,phone,,2024-05-25T03:20:57
TKT000761,CUST000381,loan_issue,Loan Issue Issue,Velit quam occaecati ipsum doloremque maiores velit at.,high,resolved,EMP000017,2024-02-18T20:50:31,2025-05-02T19:07:48,Odio enim molestiae explicabo repellat.,phone,1,2024-02-18T20:50:31
TKT000762,CUST000603,request,Request Issue,Deleniti ipsa labore voluptates rem ipsum dolores id qui id.,medium,resolved,EMP000016,2025-10-29T19:56:10,2025-12-04T03:31:48,Maiores quisquam magni iure.,branch,3,2025-10-29T19:56:10
TKT000763,CUST000433,query,Query Issue,Laboriosam natus maxime ab suscipit placeat est iure voluptates.,high,in_progress,EMP000070,2026-01-07T19:30:35,,,branch,,2026-01-07T19:30:35
TKT000764,CUST000265,query,Query Issue,Culpa ab exercitationem nulla iure esse nihil non sed ex aliquam nam iusto odio quo.,low,resolved,EMP000050,2024-07-18T20:38:02,2025-03-11T20:34:39,Laborum provident debitis odio.,phone,4,2024-07-18T20:38:02
TKT000765,CUST000465,loan_issue,Loan Issue Issue,Facere ea est illum porro excepturi corrupti accusamus delectus aut aut.,medium,closed,EMP000071,2025-07-19T02:16:31,2026-08-31T19:25:32,Ullam sunt nobis at occaecati quibusdam mollitia saepe.,phone,5,2025-07-19T02:16:31
TKT000766,CUST000960,fraud_report,Fraud Report Issue,Dolor perspiciatis odit cupiditate vero nostrum impedit recusandae reprehenderit atque quasi.,low,in_progress,EMP000007,2025-02-13T14:39:06,,,phone,,2025-02-13T14:39:06
TKT000767,CUST000042,query,Query Issue,Nemo recusandae excepturi neque rerum eveniet consectetur sunt cumque laboriosam quas inventore exercitationem cupiditate aspernatur.,low,resolved,EMP000079,2026-08-06T09:29:35,2026-08-13T13:34:35,Illum tempore blanditiis consequatur.,chat,4,2026-08-06T09:29:35
TKT000768,CUST000578,complaint,Complaint Issue,Quaerat voluptatum impedit inventore nesciunt totam nihil nulla commodi nemo.,medium,open,EMP000082,2025-09-24T10:03:58,,,phone,,2025-09-24T10:03:58
TKT000769,CUST000409,fraud_report,Fraud Report Issue,Numquam possimus odit voluptas commodi nostrum odio et sunt libero maiores vel dolorum fuga ut.,low,open,EMP000051,2024-07-27T14:43:27,,,chat,,2024-07-27T14:43:27
TKT000770,CUST000851,request,Request Issue,Nihil libero nobis consectetur deleniti accusamus impedit tempora.,low,resolved,EMP000069,2024-01-11T03:17:54,2025-02-04T05:45:57,Itaque distinctio facere aliquid accusantium a provident cupiditate.,branch,2,2024-01-11T03:17:54
TKT000771,CUST000404,request,Request Issue,Magnam dolor dolorum debitis esse ipsum reiciendis quaerat voluptas qui velit quisquam rerum modi unde.,low,open,EMP000049,2026-07-29T23:38:57,,,branch,,2026-07-29T23:38:57
TKT000772,CUST000173,fraud_report,Fraud Report Issue,Officiis quos veniam laboriosam dolorum voluptates repellendus ipsa.,medium,resolved,EMP000010,2025-12-17T12:59:23,2026-08-24T17:53:16,Iure similique magni quod repudiandae.,chat,5,2025-12-17T12:59:23
TKT000773,CUST000650,complaint,Complaint Issue,Alias aliquid ipsam error expedita repellat adipisci iste tempore autem ipsa itaque quos molestias eos.,high,closed,EMP000020,2025-03-22T19:16:35,2026-03-05T03:38:27,Maiores natus commodi quia at repellendus a.,chat,2,2025-03-22T19:16:35
TKT000774,CUST000506,account_issue,Account Issue Issue,Doloribus nemo asperiores at eligendi voluptas eum.,medium,closed,EMP000038,2025-05-26T09:39:18,2025-07-24T14:42:53,Similique fugit nulla repellendus.,branch,4,2025-05-26T09:39:18
TKT000775,CUST000182,request,Request Issue,Illum ipsam commodi illo corporis distinctio ea quibusdam tempore.,medium,resolved,EMP000065,2025-09-07T03:55:40,2025-11-20T05:27:00,Similique maiores corrupti.,phone,1,2025-09-07T03:55:40
TKT000776,CUST000962,complaint,Complaint Issue,Quos officiis nihil architecto doloribus laudantium iusto consequatur.,low,closed,EMP000055,2024-10-01T23:09:37,2026-02-02T08:15:10,Maiores veritatis ipsam enim nisi.,phone,3,2024-10-01T23:09:37
TKT000777,CUST000658,query,Query Issue,Exercitationem porro culpa eveniet tenetur dolor rem sint id non perspiciatis incidunt.,high,resolved,EMP000087,2025-08-18T10:51:45,2026-07-09T11:26:43,Eveniet ratione quasi.,phone,4,2025-08-18T10:51:45
TKT000778,CUST000016,complaint,Complaint Issue,Eaque praesentium repellat deleniti quasi nesciunt corporis ex perspiciatis illum similique.,high,resolved,EMP000045,2024-03-30T19:11:18,2026-02-18T19:17:01,Libero impedit animi nulla quod.,branch,1,2024-03-30T19:11:18
TKT000779,CUST000277,loan_issue,Loan Issue Issue,Reiciendis est aut consequuntur ab ea molestiae eligendi repudiandae minima totam sed excepturi.,medium,in_progress,EMP000088,2025-07-24T04:50:12,,,chat,,2025-07-24T04:50:12
TKT000780,CUST000183,loan_issue,Loan Issue Issue,Sapiente suscipit doloremque molestias ea exercitationem nam commodi illo perferendis quos itaque nesciunt consectetur.,medium,closed,EMP000034,2025-11-15T00:27:55,2025-12-22T06:35:12,Ipsum aspernatur voluptate voluptate quo ea adipisci.,email,4,2025-11-15T00:27:55
TKT000781,CUST000792,request,Request Issue,Necessitatibus minima cumque adipisci blanditiis molestias autem facere quo.,high,open,EMP000009,2025-11-08T02:06:26,,,chat,,2025-11-08T02:06:26
TKT000782,CUST000306,query,Query Issue,Modi a doloremque quos facere eos cumque incidunt quia odit soluta ducimus sint reiciendis repudiandae.,medium,closed,EMP000100,2024-08-21T18:55:15,2024-10-22T22:56:12,Officiis atque placeat repellat quisquam animi rerum.,phone,2,2024-08-21T18:55:15
TKT000783,CUST000203,card_issue,Card Issue Issue,Quod optio pariatur inventore at suscipit delectus minus laborum suscipit dolores itaque nemo expedita.,low,open,EMP000004,2026-08-22T12:19:05,,,chat,,2026-08-22T12:19:05
TKT000784,CUST000382,card_issue,Card Issue Issue,Debitis enim aliquam consequuntur dolores veniam sapiente expedita ratione consequuntur unde.,medium,resolved,EMP000021,2024-12-15T11:51:26,2026-07-31T18:29:52,Ducimus officia ipsam quidem.,email,4,2024-12-15T11:51:26
TKT000785,CUST000850,card_issue,Card Issue Issue,Facilis libero reiciendis doloribus harum velit minima laboriosam.,critical,resolved,EMP000092,2026-03-26T06:00:33,2026-06-23T03:40:28,Quasi corporis error.,email,5,2026-03-26T06:00:33
TKT000786,CUST000641,card_issue,Card Issue Issue,Iure nemo tempore tenetur rem id ratione.,medium,resolved,EMP000048,2026-02-07T03:48:32,2026-07-10T16:23:44,Mollitia ab explicabo molestiae repellat nulla dolorum iusto.,branch,4,2026-02-07T03:48:32
TKT000787,CUST000547,loan_issue,Loan Issue Issue,Quos sapiente voluptates laboriosam dolore illo explicabo magnam aperiam veritatis.,medium,resolved,EMP000044,2024-09-15T01:43:14,2026-03-16T17:04:49,Delectus minus porro iusto.,branch,2,2024-09-15T01:43:14
TKT000788,CUST000394,fraud_report,Fraud Report Issue,Repellendus perferendis expedita adipisci laboriosam explicabo quis tempora et.,low,in_progress,EMP000044,2025-07-15T06:13:46,,,branch,,2025-07-15T06:13:46
TKT000789,CUST000867,request,Request Issue,Animi nihil dolor provident eos nobis laboriosam eos vero ullam quaerat quam a consequatur voluptate.,low,open,EMP000048,2025-12-26T18:10:05,,,chat,,2025-12-26T18:10:05
TKT000790,CUST000489,fraud_report,Fraud Report Issue,Rem cupiditate iste officia sapiente cumque unde adipisci illum velit alias voluptas illo vitae hic.,medium,closed,EMP000063,2025-12-08T02:53:51,2026-08-03T21:38:19,Architecto beatae sed eligendi ex.,branch,2,2025-12-08T02:53:51
TKT000791,CUST000278,loan_issue,Loan Issue Issue,Culpa officia dolorem veritatis dolorem itaque quibusdam nisi cum explicabo placeat tempora expedita.,low,in_progress,EMP000004,2025-06-03T19:42:23,,,branch,,2025-06-03T19:42:23
TKT000792,CUST000530,fraud_report,Fraud Report Issue,Voluptatibus laborum facere magnam assumenda nesciunt eligendi quis ex ipsa dolorem sit maiores tempore nihil reprehenderit.,high,resolved,EMP000046,2025-07-15T04:17:06,2025-08-27T18:27:07,Modi dolorem pariatur illum voluptates necessitatibus aliquam esse.,email,2,2025-07-15T04:17:06
TKT000793,CUST000786,query,Query Issue,Iste alias corrupti illum fugiat velit nisi.,high,resolved,EMP000092,2025-09-03T19:44:36,2025-10-10T17:02:58,Dolorem illo neque atque.,chat,2,2025-09-03T19:44:36
TKT000794,CUST000027,request,Request Issue,Dignissimos nostrum sequi quisquam fugit ipsa dolorum earum maxime maxime consequuntur.,high,closed,EMP000071,2025-02-11T17:00:52,2025-10-18T19:59:08,Voluptatum consequuntur animi voluptates.,email,5,2025-02-11T17:00:52
TKT000795,CUST000449,request,Request Issue,Distinctio fugiat deleniti totam unde impedit iste iste occaecati.,low,closed,EMP000090,2026-01-07T17:49:47,2026-01-29T18:47:24,Ipsum eum repellat perspiciatis voluptatum explicabo mollitia.,chat,5,2026-01-07T17:49:47
TKT000796,CUST000358,card_issue,Card Issue Issue,Aut aspernatur fuga inventore nisi animi consectetur illum natus recusandae.,high,resolved,EMP000082,2026-01-12T05:26:51,2026-05-06T16:12:57,Nobis molestias natus atque nisi sit harum.,chat,1,2026-01-12T05:26:51
TKT000797,CUST000294,request,Request Issue,Laborum atque debitis id ipsum officia fugiat itaque error expedita iste exercitationem dolore suscipit odio.,medium,resolved,EMP000031,2025-11-23T22:45:48,2026-05-27T21:17:29,Necessitatibus architecto necessitatibus quos quasi ea sint nobis.,email,2,2025-11-23T22:45:48
TKT000798,CUST000806,fraud_report,Fraud Report Issue,Aspernatur maiores exercitationem voluptates ullam corporis eaque asperiores porro.,medium,in_progress,EMP000038,2024-09-09T17:54:01,,,email,,2024-09-09T17:54:01
TKT000799,CUST000130,query,Query Issue,Cupiditate ducimus iure error nesciunt odit occaecati delectus cupiditate sint harum numquam quidem doloribus molestias libero.,medium,closed,EMP000038,2025-09-17T18:20:44,2026-01-24T09:14:26,At delectus repellat impedit assumenda consectetur.,chat,2,2025-09-17T18:20:44
TKT000800,CUST000493,request,Request Issue,Quo facere blanditiis accusamus hic asperiores dolores nemo enim placeat neque rem est.,high,closed,EMP000035,2025-01-10T20:16:50,2025-06-09T21:40:34,Quibusdam officiis error et natus mollitia.,branch,5,2025-01-10T20:16:50
TKT000801,CUST000284,query,Query Issue,Suscipit vero incidunt delectus nam pariatur consequuntur laboriosam eum.,medium,resolved,EMP000007,2026-03-02T08:48:58,2026-05-20T17:45:43,Officiis sequi enim nobis dignissimos.,branch,1,2026-03-02T08:48:58
TKT000802,CUST000396,fraud_report,Fraud Report Issue,Provident sequi provident hic aperiam vero adipisci eveniet neque.,medium,in_progress,EMP000021,2025-12-24T15:34:52,,,email,,2025-12-24T15:34:52
TKT000803,CUST000254,request,Request Issue,Esse error est incidunt accusantium esse dolore perferendis at.,low,resolved,EMP000090,2024-12-21T17:40:22,2025-02-06T02:24:19,Id iure vel optio iste soluta.,chat,3,2024-12-21T17:40:22
TKT000804,CUST000559,fraud_report,Fraud Report Issue,Aspernatur corporis deleniti eaque excepturi quos possimus recusandae facilis.,critical,in_progress,EMP000058,2026-03-05T06:48:50,,,chat,,2026-03-05T06:48:50
TKT000805,CUST000413,fraud_report,Fraud Report Issue,Tempora atque saepe dolorem recusandae debitis quidem reiciendis eveniet laboriosam nam.,high,resolved,EMP000068,2026-04-12T23:30:56,2026-08-24T20:48:57,Quaerat aut numquam doloremque.,branch,5,2026-04-12T23:30:56
TKT000806,CUST000268,account_issue,Account Issue Issue,Totam nihil laboriosam modi dicta qui nesciunt molestiae vitae velit.,low,in_progress,EMP000018,2026-05-25T19:22:28,,,email,,2026-05-25T19:22:28
TKT000807,CUST000099,request,Request Issue,Atque veniam a autem eum corrupti neque explicabo.,low,closed,EMP000053,2025-10-14T16:10:26,2025-11-01T04:43:11,Officia suscipit rerum ullam debitis.,chat,5,2025-10-14T16:10:26
TKT000808,CUST000865,account_issue,Account Issue Issue,Esse incidunt veritatis doloremque quibusdam inventore at voluptates nam commodi ut deserunt odio omnis ducimus.,low,resolved,EMP000057,2025-06-02T16:07:47,2026-08-02T03:10:11,Rerum reiciendis porro.,chat,2,2025-06-02T16:07:47
TKT000809,CUST000476,query,Query Issue,Eius voluptatem quae aliquid officia consequatur excepturi dolore hic facilis sint sunt nostrum inventore.,medium,in_progress,EMP000003,2024-03-30T13:05:32,,,email,,2024-03-30T13:05:32
TKT000810,CUST000705,loan_issue,Loan Issue Issue,Nihil saepe vel molestias aliquid iste saepe quidem doloremque quisquam dolorem laudantium minima.,medium,in_progress,EMP000075,2024-09-02T22:02:08,,,chat,,2024-09-02T22:02:08
TKT000811,CUST000523,query,Query Issue,Officiis mollitia illum enim voluptas numquam illo vitae ducimus aut asperiores ratione molestiae.,medium,closed,EMP000037,2024-10-11T02:45:56,2025-11-16T06:05:12,Distinctio quam corrupti iste possimus.,phone,1,2024-10-11T02:45:56
TKT000812,CUST000956,loan_issue,Loan Issue Issue,Quaerat expedita excepturi in vitae atque explicabo sequi nostrum vel.,high,open,EMP000090,2026-08-22T19:21:22,,,branch,,2026-08-22T19:21:22
TKT000813,CUST000434,account_issue,Account Issue Issue,Error quod fugit quod repellendus tenetur veritatis.,high,open,EMP000039,2024-04-27T16:18:25,,,phone,,2024-04-27T16:18:25
TKT000814,CUST000372,card_issue,Card Issue Issue,Iure magni nostrum sint excepturi unde reiciendis reprehenderit nam dolorem architecto perspiciatis.,medium,in_progress,EMP000031,2025-12-24T09:58:36,,,email,,2025-12-24T09:58:36
TKT000815,CUST000509,loan_issue,Loan Issue Issue,Alias sequi dolores eaque itaque necessitatibus est neque corporis qui laborum omnis saepe dolor soluta odit.,low,in_progress,EMP000028,2024-03-31T00:51:10,,,branch,,2024-03-31T00:51:10
TKT000816,CUST000075,loan_issue,Loan Issue Issue,Numquam doloremque rem eveniet reiciendis cum quisquam perspiciatis totam.,critical,closed,EMP000087,2024-06-18T12:44:46,2024-07-14T15:55:39,Repudiandae similique enim error.,email,5,2024-06-18T12:44:46
TKT000817,CUST000596,request,Request Issue,Vitae velit ratione et accusamus iure cumque non eligendi doloremque corrupti accusantium voluptates.,high,open,EMP000089,2025-12-10T02:38:28,,,chat,,2025-12-10T02:38:28
TKT000818,CUST000177,complaint,Complaint Issue,Nobis temporibus tempora est ab iusto quasi ducimus dolorem consequatur voluptate commodi.,medium,in_progress,EMP000095,2024-04-20T15:45:21,,,email,,2024-04-20T15:45:21
TKT000819,CUST000987,request,Request Issue,Culpa deserunt aperiam dolorem doloribus accusamus qui cumque est architecto nemo iste.,medium,closed,EMP000071,2024-09-22T01:29:44,2026-01-13T22:25:54,Quos quas hic.,email,3,2024-09-22T01:29:44
TKT000820,CUST000623,card_issue,Card Issue Issue,Dicta unde molestias hic atque nihil cumque accusamus deserunt facere veniam beatae.,medium,resolved,EMP000004,2025-03-31T17:18:17,2025-11-27T00:46:39,Neque occaecati dolores nisi dolorem nesciunt quam.,branch,3,2025-03-31T17:18:17
TKT000821,CUST000860,card_issue,Card Issue Issue,Odit quod quis illo repellendus laboriosam perferendis consequuntur.,medium,resolved,EMP000096,2025-05-09T23:50:56,2025-09-27T00:26:53,Totam explicabo maxime assumenda.,chat,3,2025-05-09T23:50:56
TKT000822,CUST000788,account_issue,Account Issue Issue,Provident dicta aspernatur magnam maxime blanditiis commodi dicta iure.,medium,in_progress,EMP000023,2024-11-14T14:29:02,,,email,,2024-11-14T14:29:02
TKT000823,CUST000816,loan_issue,Loan Issue Issue,Distinctio ad maiores provident voluptate neque esse.,low,closed,EMP000084,2025-05-29T05:07:14,2025-11-04T16:00:12,Esse numquam repudiandae illum et hic.,chat,5,2025-05-29T05:07:14
TKT000824,CUST000898,card_issue,Card Issue Issue,Pariatur exercitationem accusantium ipsam repellendus eligendi at voluptas molestias quibusdam.,medium,closed,EMP000057,2026-08-24T11:34:03,2026-08-26T22:02:39,Consequatur ipsa deleniti praesentium dolor eligendi.,phone,5,2026-08-24T11:34:03
TKT000825,CUST000737,card_issue,Card Issue Issue,Tempore delectus ad veritatis aut saepe asperiores tenetur totam corrupti dignissimos modi omnis veritatis sint culpa.,low,resolved,EMP000067,2025-07-21T18:53:00,2026-05-24T23:11:41,Aliquid laborum soluta.,chat,1,2025-07-21T18:53:00
TKT000826,CUST000950,request,Request Issue,Tempora totam necessitatibus tenetur impedit quod non quibusdam.,medium,open,EMP000027,2026-07-06T21:19:14,,,phone,,2026-07-06T21:19:14
TKT000827,CUST000660,query,Query Issue,Assumenda error velit sapiente magni magnam itaque dolore est iste odit dicta.,critical,closed,EMP000030,2024-06-11T04:40:26,2026-04-06T05:47:11,Laudantium recusandae doloremque esse tempore.,phone,5,2024-06-11T04:40:26
TKT000828,CUST000292,complaint,Complaint Issue,Voluptatem quidem dicta nobis alias illo id nisi vitae ex doloribus quis.,low,in_progress,EMP000043,2026-05-13T00:01:46,,,branch,,2026-05-13T00:01:46
TKT000829,CUST000153,fraud_report,Fraud Report Issue,Iusto iusto itaque animi neque quo tenetur voluptate quidem ab ducimus ut autem voluptatem.,low,in_progress,EMP000093,2024-05-04T16:37:31,,,chat,,2024-05-04T16:37:31
TKT000830,CUST000849,account_issue,Account Issue Issue,Tempora voluptatum quam doloribus temporibus quod rerum molestiae laborum blanditiis ex voluptatem molestiae aliquid.,low,open,EMP000030,2024-02-04T20:10:02,,,email,,2024-02-04T20:10:02
TKT000831,CUST000779,fraud_report,Fraud Report Issue,Tenetur at possimus vitae ut quis magni et beatae occaecati deleniti magni.,high,closed,EMP000038,2025-10-05T06:38:37,2026-05-29T01:06:31,Hic alias temporibus exercitationem.,email,4,2025-10-05T06:38:37
TKT000832,CUST000025,fraud_report,Fraud Report Issue,Ut laudantium fugiat nulla placeat saepe eius commodi delectus nobis ex.,high,in_progress,EMP000090,2026-01-17T07:49:49,,,chat,,2026-01-17T07:49:49
TKT000833,CUST000754,loan_issue,Loan Issue Issue,Ipsum hic commodi quibusdam blanditiis itaque esse ipsa cupiditate iste voluptatem quibusdam asperiores ut.,high,closed,EMP000017,2024-01-30T12:35:00,2025-04-10T12:25:18,Ipsam non veniam soluta ab unde reprehenderit.,branch,4,2024-01-30T12:35:00
TKT000834,CUST000787,fraud_report,Fraud Report Issue,Error nobis at nostrum consequuntur itaque magnam nesciunt.,low,in_progress,EMP000013,2024-06-25T14:34:49,,,branch,,2024-06-25T14:34:49
TKT000835,CUST000346,loan_issue,Loan Issue Issue,Provident pariatur ut tempore voluptatum aliquam nam aut.,high,resolved,EMP000034,2025-09-13T05:01:09,2025-10-20T18:03:32,Illo sed officiis aperiam.,email,3,2025-09-13T05:01:09
TKT000836,CUST000213,fraud_report,Fraud Report Issue,Totam voluptate vel illo blanditiis quidem nemo asperiores aliquam aliquid eum fugit ratione.,medium,closed,EMP000016,2026-07-12T05:22:49,2026-07-27T00:28:21,Nulla ipsam rem incidunt.,branch,3,2026-07-12T05:22:49
TKT000837,CUST000110,complaint,Complaint Issue,Consequatur qui odit incidunt quaerat inventore nostrum delectus tempora error adipisci architecto.,medium,resolved,EMP000096,2025-12-19T09:01:38,2026-02-26T13:34:13,Ipsam error dolorem hic voluptas omnis.,phone,4,2025-12-19T09:01:38
TKT000838,CUST000257,account_issue,Account Issue Issue,A nesciunt architecto aliquid officiis eius suscipit fugit harum.,medium,resolved,EMP000009,2025-02-01T06:45:39,2026-02-05T17:14:12,Laboriosam cupiditate inventore voluptatem.,branch,1,2025-02-01T06:45:39
TKT000839,CUST000770,request,Request Issue,Maiores esse laborum quos ea commodi praesentium beatae itaque ab laboriosam aspernatur nam.,high,resolved,EMP000071,2024-03-29T02:42:43,2025-11-28T23:41:02,Corrupti recusandae illo autem voluptates nobis hic non.,chat,1,2024-03-29T02:42:43
TKT000840,CUST000246,loan_issue,Loan Issue Issue,Dolore voluptatibus hic soluta accusamus magni reprehenderit aliquam delectus quidem quibusdam facere.,medium,open,EMP000004,2025-11-19T10:59:48,,,branch,,2025-11-19T10:59:48
TKT000841,CUST000961,loan_issue,Loan Issue Issue,At alias sequi natus eum et perspiciatis.,medium,open,EMP000039,2025-10-19T08:26:28,,,branch,,2025-10-19T08:26:28
TKT000842,CUST000712,card_issue,Card Issue Issue,Iste debitis eligendi ipsum veniam vel adipisci quod quam magni maiores quam veniam nesciunt ad.,medium,resolved,EMP000077,2025-10-10T23:53:24,2026-02-17T08:32:19,Quod unde numquam impedit dolor officiis reiciendis reiciendis.,phone,4,2025-10-10T23:53:24
TKT000843,CUST000981,request,Request Issue,Asperiores sunt laborum officiis possimus incidunt est provident aliquam.,low,resolved,EMP000100,2024-08-20T21:08:57,2026-07-01T13:21:05,Illum pariatur inventore iure inventore.,phone,3,2024-08-20T21:08:57
TKT000844,CUST000070,query,Query Issue,Et quaerat quos culpa molestiae alias perspiciatis ipsa dolorem dicta quia fuga laboriosam.,low,resolved,EMP000002,2025-07-21T09:04:43,2025-09-21T19:34:18,Labore animi placeat quis doloremque facere iusto.,branch,3,2025-07-21T09:04:43
TKT000845,CUST000907,fraud_report,Fraud Report Issue,Aliquam similique totam quibusdam molestiae aut exercitationem commodi.,high,open,EMP000046,2025-01-16T02:14:44,,,chat,,2025-01-16T02:14:44
TKT000846,CUST000119,loan_issue,Loan Issue Issue,Earum sit delectus eveniet rem et recusandae eos inventore omnis animi sit architecto error.,medium,resolved,EMP000099,2024-08-13T00:51:00,2026-03-06T06:07:44,Nemo consequatur error maiores molestiae.,email,2,2024-08-13T00:51:00
TKT000847,CUST000226,account_issue,Account Issue Issue,Ea quibusdam debitis occaecati ex reiciendis dolorem officia ab nulla illum illo pariatur error.,medium,in_progress,EMP000006,2026-07-22T14:10:09,,,chat,,2026-07-22T14:10:09
TKT000848,CUST000695,loan_issue,Loan Issue Issue,Occaecati exercitationem maiores tempore at qui ratione quis eum.,medium,resolved,EMP000036,2025-11-14T19:11:32,2026-04-21T12:56:29,Recusandae iste quidem minima illo nisi.,phone,1,2025-11-14T19:11:32
TKT000849,CUST000750,loan_issue,Loan Issue Issue,Perspiciatis corporis magnam officia temporibus nisi minus cupiditate.,low,resolved,EMP000064,2025-03-23T19:32:15,2025-11-02T14:31:24,Delectus harum aut.,chat,3,2025-03-23T19:32:15
TKT000850,CUST000586,card_issue,Card Issue Issue,Atque soluta pariatur quod cupiditate dolores harum iure culpa.,medium,resolved,EMP000050,2025-10-17T22:30:15,2025-11-24T09:38:30,Ea quasi sapiente aliquid cumque distinctio.,email,3,2025-10-17T22:30:15
TKT000851,CUST000270,loan_issue,Loan Issue Issue,Rem soluta ullam minima modi enim eum deleniti labore voluptas repudiandae consequuntur sint neque soluta.,high,resolved,EMP000098,2026-01-26T19:30:38,2026-06-27T01:45:25,Ex similique quibusdam nobis officia.,email,1,2026-01-26T19:30:38
TKT000852,CUST000883,query,Query Issue,Sapiente delectus nesciunt harum natus totam quasi minima praesentium dignissimos earum ut dolorem possimus sequi laudantium.,medium,closed,EMP000063,2026-05-20T16:04:00,2026-07-02T05:22:18,Nisi corporis porro eius corrupti perspiciatis voluptas.,chat,1,2026-05-20T16:04:00
TKT000853,CUST000989,request,Request Issue,Provident qui aspernatur sint molestiae debitis accusantium officiis exercitationem necessitatibus aut voluptatibus rerum atque aliquid.,medium,resolved,EMP000098,2024-04-21T23:16:58,2025-12-27T09:19:10,Praesentium distinctio odit cumque dolorem assumenda.,branch,4,2024-04-21T23:16:58
TKT000854,CUST000085,account_issue,Account Issue Issue,Tempore similique voluptatem nobis ex nobis iste quidem ut suscipit commodi fugit vero rem doloribus.,critical,in_progress,EMP000024,2025-12-24T16:05:57,,,chat,,2025-12-24T16:05:57
TKT000855,CUST000963,complaint,Complaint Issue,Enim saepe adipisci ullam recusandae quod quaerat iure itaque dolores voluptate illo earum.,critical,open,EMP000061,2026-07-13T05:38:32,,,chat,,2026-07-13T05:38:32
TKT000856,CUST000300,request,Request Issue,Nam odit ipsum odio nostrum non magnam maxime animi nemo sint.,medium,open,EMP000058,2026-07-14T19:50:08,,,phone,,2026-07-14T19:50:08
TKT000857,CUST000753,card_issue,Card Issue Issue,Voluptatem aliquid quaerat eaque tempora perspiciatis officiis ea illo suscipit reiciendis inventore ducimus.,medium,open,EMP000017,2024-11-15T19:40:34,,,branch,,2024-11-15T19:40:34
TKT000858,CUST000582,complaint,Complaint Issue,Quaerat animi laudantium praesentium provident libero occaecati deserunt.,low,closed,EMP000093,2024-02-21T01:06:16,2024-06-02T21:56:14,Sint reprehenderit voluptas quidem voluptate fugiat impedit.,email,1,2024-02-21T01:06:16
TKT000859,CUST000510,request,Request Issue,Modi deserunt placeat animi possimus eum itaque fugiat ea commodi.,high,in_progress,EMP000065,2026-04-19T19:28:28,,,chat,,2026-04-19T19:28:28
TKT000860,CUST000358,loan_issue,Loan Issue Issue,Alias sit non veritatis molestias sequi quia.,medium,closed,EMP000010,2025-03-14T09:03:17,2026-03-21T05:51:10,Dignissimos libero molestiae voluptas quas fugit nihil.,branch,2,2025-03-14T09:03:17
TKT000861,CUST000217,loan_issue,Loan Issue Issue,Blanditiis eius quidem dolorem labore impedit quisquam quae.,medium,in_progress,EMP000098,2024-06-28T00:32:22,,,branch,,2024-06-28T00:32:22
TKT000862,CUST000622,query,Query Issue,Assumenda voluptatibus ipsum similique eius nostrum illum repellat dolores labore doloribus aspernatur officiis repudiandae eum accusantium.,medium,open,EMP000010,2026-07-22T16:41:50,,,branch,,2026-07-22T16:41:50
TKT000863,CUST000139,account_issue,Account Issue Issue,Sint dolores dolorum alias eius quos sequi cumque natus aliquid quis ut illo at.,low,resolved,EMP000038,2024-05-26T10:44:15,2026-04-24T08:31:03,Maxime aspernatur est praesentium tempora.,chat,1,2024-05-26T10:44:15
TKT000864,CUST000705,card_issue,Card Issue Issue,Impedit sequi enim temporibus natus optio placeat fugiat laborum quae quo voluptatibus voluptatem voluptatem.,low,in_progress,EMP000009,2024-03-24T07:09:41,,,email,,2024-03-24T07:09:41
TKT000865,CUST000648,complaint,Complaint Issue,Labore sequi voluptatum totam amet ea quaerat ex animi optio.,medium,open,EMP000087,2025-04-02T11:28:20,,,branch,,2025-04-02T11:28:20
TKT000866,CUST000618,loan_issue,Loan Issue Issue,Esse error nesciunt corporis voluptates neque harum quaerat nesciunt perspiciatis eius.,critical,in_progress,EMP000024,2025-06-22T11:49:17,,,chat,,2025-06-22T11:49:17
TKT000867,CUST000786,query,Query Issue,Temporibus similique ea quam porro et possimus alias quae facilis est.,low,resolved,EMP000070,2025-08-31T04:13:25,2026-04-08T16:51:51,Nam placeat consectetur voluptas quisquam nesciunt tenetur veniam.,chat,3,2025-08-31T04:13:25
TKT000868,CUST000935,card_issue,Card Issue Issue,Aliquam expedita expedita quo nesciunt quae et hic expedita deleniti cupiditate.,low,open,EMP000015,2025-11-26T10:19:39,,,branch,,2025-11-26T10:19:39
TKT000869,CUST000959,loan_issue,Loan Issue Issue,Hic dicta eos recusandae labore officiis ipsum sapiente commodi repellendus.,medium,resolved,EMP000054,2024-08-31T14:40:22,2026-03-04T14:50:33,Alias atque quaerat expedita beatae et minus.,phone,1,2024-08-31T14:40:22
TKT000870,CUST000704,fraud_report,Fraud Report Issue,Tenetur corporis qui consequuntur nemo nobis libero animi.,high,resolved,EMP000036,2026-01-06T04:14:31,2026-08-17T20:22:54,Fugit explicabo ea eveniet voluptatibus.,email,1,2026-01-06T04:14:31
TKT000871,CUST000991,fraud_report,Fraud Report Issue,Quos officia accusamus distinctio iste dolorum cupiditate illum ipsam odio fugiat quisquam.,low,resolved,EMP000064,2024-07-15T22:02:41,2026-02-23T21:44:19,Vitae quibusdam asperiores quod.,phone,3,2024-07-15T22:02:41
TKT000872,CUST000295,fraud_report,Fraud Report Issue,Dolores quas iusto ullam iusto delectus minus id neque.,critical,resolved,EMP000081,2025-09-22T17:11:24,2025-10-06T23:33:29,Quidem totam magnam accusantium quidem exercitationem.,branch,4,2025-09-22T17:11:24
TKT000873,CUST000971,query,Query Issue,Quibusdam enim velit quaerat sit tenetur ipsa laborum.,medium,closed,EMP000047,2024-11-02T04:51:13,2024-12-20T10:51:25,Optio dolorem blanditiis quam recusandae.,email,1,2024-11-02T04:51:13
TKT000874,CUST000199,complaint,Complaint Issue,Eius amet inventore qui itaque perspiciatis rerum incidunt suscipit eligendi voluptate dolorum.,critical,resolved,EMP000033,2025-10-31T00:20:37,2026-05-04T02:32:09,Eum magnam suscipit quibusdam.,chat,4,2025-10-31T00:20:37
TKT000875,CUST000624,fraud_report,Fraud Report Issue,Tempore dolorem minus aliquid alias voluptate a repellat expedita dolores vitae iure neque fugiat.,high,in_progress,EMP000076,2026-02-20T23:42:57,,,email,,2026-02-20T23:42:57
TKT000876,CUST000308,query,Query Issue,Beatae atque vitae at eaque accusamus assumenda repellat tempore officiis ex.,low,closed,EMP000085,2024-11-30T19:32:31,2025-06-20T13:13:38,Molestiae magni autem non nulla.,phone,3,2024-11-30T19:32:31
TKT000877,CUST000916,fraud_report,Fraud Report Issue,Ut non praesentium consequatur accusamus voluptas itaque dolorum quas repellendus neque.,low,resolved,EMP000062,2026-04-05T21:54:52,2026-07-03T07:40:51,Delectus provident aut non aperiam vitae ullam.,phone,5,2026-04-05T21:54:52
TKT000878,CUST000547,card_issue,Card Issue Issue,Tempore exercitationem facere consectetur eius sequi sapiente dolorum laboriosam veniam.,low,in_progress,EMP000047,2026-07-10T04:50:07,,,email,,2026-07-10T04:50:07
TKT000879,CUST000924,complaint,Complaint Issue,Harum dolorem asperiores dolore atque repellendus distinctio officiis.,high,closed,EMP000098,2025-04-12T10:13:43,2025-06-18T01:36:18,Debitis consequatur maiores odio minus vero ex temporibus.,branch,1,2025-04-12T10:13:43
TKT000880,CUST000605,request,Request Issue,Ea corrupti architecto dignissimos laborum architecto quas voluptatem harum vero neque sit unde.,medium,closed,EMP000012,2025-11-16T03:20:48,2026-05-27T01:31:26,Laborum dolor eveniet autem tenetur facilis nulla excepturi.,chat,5,2025-11-16T03:20:48
TKT000881,CUST000276,loan_issue,Loan Issue Issue,Vel alias natus quod alias illum repellendus iure quae autem voluptatem repudiandae.,low,open,EMP000066,2024-12-26T16:22:47,,,phone,,2024-12-26T16:22:47
TKT000882,CUST000011,query,Query Issue,Dolorem esse pariatur est doloribus quas repellendus repellat a vel voluptatum iure corporis aperiam temporibus.,critical,in_progress,EMP000079,2025-03-04T04:10:13,,,chat,,2025-03-04T04:10:13
TKT000883,CUST000001,account_issue,Account Issue Issue,Quos ipsum repudiandae delectus accusantium placeat iusto saepe magnam laborum magnam minus natus repudiandae porro.,medium,resolved,EMP000094,2026-01-22T15:58:34,2026-03-08T15:32:56,Autem sunt fugiat omnis accusamus officiis atque enim.,email,2,2026-01-22T15:58:34
TKT000884,CUST000818,complaint,Complaint Issue,Sit inventore explicabo molestias itaque eligendi sint vitae aut est ratione quo necessitatibus.,low,closed,EMP000047,2024-01-23T13:46:07,2026-02-04T00:15:41,Quis omnis minus.,phone,3,2024-01-23T13:46:07
TKT000885,CUST000590,card_issue,Card Issue Issue,Commodi nam sit dolore nulla enim facilis reprehenderit explicabo molestias cum.,low,resolved,EMP000006,2025-09-04T11:51:53,2026-08-10T20:32:12,Molestias iure nesciunt praesentium voluptates molestiae rem.,phone,3,2025-09-04T11:51:53
TKT000886,CUST000998,loan_issue,Loan Issue Issue,Nulla ea commodi molestiae optio provident magnam vitae distinctio perspiciatis magnam sit.,high,open,EMP000023,2024-08-03T02:42:21,,,email,,2024-08-03T02:42:21
TKT000887,CUST000520,query,Query Issue,Nihil eum culpa optio veritatis laborum perferendis nulla soluta quos dolor dolor sint natus.,critical,resolved,EMP000093,2026-04-24T01:02:07,2026-08-08T22:08:03,Consequatur impedit blanditiis molestias eveniet saepe laudantium.,chat,5,2026-04-24T01:02:07
TKT000888,CUST000140,complaint,Complaint Issue,Cumque repudiandae eligendi facere quae velit rerum sed ducimus delectus recusandae est in iste adipisci.,medium,resolved,EMP000093,2024-07-22T00:11:01,2025-02-03T02:12:32,Officia alias provident tempore.,chat,1,2024-07-22T00:11:01
TKT000889,CUST000968,card_issue,Card Issue Issue,Accusamus nisi quasi debitis voluptates amet rerum delectus incidunt.,low,resolved,EMP000007,2025-08-20T10:15:16,2026-07-03T23:04:59,Aut hic laborum vitae perferendis quasi similique.,chat,4,2025-08-20T10:15:16
TKT000890,CUST000096,loan_issue,Loan Issue Issue,Ipsum necessitatibus consequatur exercitationem commodi molestiae doloremque voluptatum dignissimos.,medium,open,EMP000052,2025-04-28T19:04:48,,,branch,,2025-04-28T19:04:48
TKT000891,CUST000156,request,Request Issue,Doloribus amet natus aliquam veritatis quaerat vitae fuga.,low,open,EMP000033,2024-07-24T23:44:24,,,chat,,2024-07-24T23:44:24
TKT000892,CUST000784,card_issue,Card Issue Issue,Assumenda dolorum animi consectetur aut repudiandae voluptas repudiandae in incidunt minus iusto culpa libero corrupti.,medium,closed,EMP000004,2025-01-02T02:30:24,2025-07-26T19:12:15,Adipisci voluptatibus ipsam nisi.,branch,5,2025-01-02T02:30:24
TKT000893,CUST000944,account_issue,Account Issue Issue,Possimus pariatur molestias aspernatur voluptas quos voluptatum maxime assumenda quod maxime ratione aliquid veritatis.,critical,in_progress,EMP000041,2025-06-04T23:48:46,,,phone,,2025-06-04T23:48:46
TKT000894,CUST000315,account_issue,Account Issue Issue,Suscipit nesciunt libero facilis voluptas distinctio sunt accusantium ut dicta accusamus.,medium,resolved,EMP000076,2025-04-23T01:04:46,2025-09-28T08:29:59,Asperiores nam ipsa ipsum beatae.,email,4,2025-04-23T01:04:46
TKT000895,CUST000523,fraud_report,Fraud Report Issue,Iusto magni itaque reprehenderit distinctio natus inventore minima dolorem asperiores pariatur provident fuga voluptate labore.,medium,closed,EMP000070,2026-06-05T03:18:05,2026-07-31T04:19:20,Eaque vel error quasi nihil quis odit dolorem.,phone,3,2026-06-05T03:18:05
TKT000896,CUST000665,query,Query Issue,Officia facere pariatur quasi autem quasi quam dolor quidem saepe.,medium,open,EMP000051,2024-01-20T22:32:36,,,email,,2024-01-20T22:32:36
TKT000897,CUST000447,complaint,Complaint Issue,Perspiciatis in maiores fuga ea eius maiores inventore in aperiam culpa tenetur quo beatae quos rem.,medium,closed,EMP000027,2026-04-01T14:54:40,2026-06-20T09:27:31,Quasi sunt esse necessitatibus neque.,email,4,2026-04-01T14:54:40
TKT000898,CUST000277,account_issue,Account Issue Issue,Quis laudantium corporis deleniti ex unde provident perferendis officiis ex id similique suscipit totam maiores expedita.,medium,in_progress,EMP000003,2024-10-25T22:52:09,,,branch,,2024-10-25T22:52:09
TKT000899,CUST000970,fraud_report,Fraud Report Issue,Facere error architecto maxime mollitia ratione enim totam necessitatibus perferendis consectetur incidunt vero ut quos.,medium,closed,EMP000039,2025-07-23T06:20:55,2026-08-28T22:56:39,Repellendus voluptatem sunt doloribus officiis tempore quidem.,chat,4,2025-07-23T06:20:55
TKT000900,CUST000065,loan_issue,Loan Issue Issue,Architecto earum architecto delectus officiis repellat quibusdam distinctio perferendis eligendi quas facilis inventore.,low,resolved,EMP000059,2024-09-20T14:59:52,2026-04-04T05:15:23,Aliquid provident animi quasi iure dolorum ad.,branch,5,2024-09-20T14:59:52
TKT000901,CUST000571,card_issue,Card Issue Issue,Libero eum facere tempore consequatur alias deleniti dolores eaque dolore.,critical,open,EMP000074,2026-04-24T07:41:29,,,phone,,2026-04-24T07:41:29
TKT000902,CUST000069,complaint,Complaint Issue,Quidem unde sed ipsam dolor ipsum reiciendis magnam adipisci cupiditate eos tenetur.,medium,closed,EMP000024,2024-09-15T19:14:16,2025-09-29T17:56:15,Eos non nemo dolor.,chat,3,2024-09-15T19:14:16
TKT000903,CUST000754,query,Query Issue,Consequuntur vel ut molestias earum eaque optio voluptate assumenda sapiente praesentium.,high,closed,EMP000097,2026-07-04T19:25:16,2026-08-21T20:10:19,Eos ut laborum adipisci repellat reiciendis libero.,email,5,2026-07-04T19:25:16
TKT000904,CUST000641,card_issue,Card Issue Issue,Quo necessitatibus officiis occaecati iste aspernatur quisquam molestiae architecto similique.,low,in_progress,EMP000099,2024-03-10T01:10:43,,,email,,2024-03-10T01:10:43
TKT000905,CUST000360,complaint,Complaint Issue,Deleniti ea quibusdam facilis tempore sed architecto harum quibusdam voluptatem repellat sunt.,medium,open,EMP000087,2026-01-27T06:24:08,,,chat,,2026-01-27T06:24:08
TKT000906,CUST000040,account_issue,Account Issue Issue,Ut laborum minus adipisci esse dolorem et similique aut quaerat illum repellat cumque laborum animi alias.,critical,in_progress,EMP000027,2026-03-03T01:39:20,,,phone,,2026-03-03T01:39:20
TKT000907,CUST000455,fraud_report,Fraud Report Issue,Officiis vero iure recusandae quis placeat repudiandae voluptates dignissimos aut ducimus aut illo molestias architecto.,medium,resolved,EMP000009,2025-02-16T13:53:13,2026-08-12T17:16:09,Necessitatibus esse labore odio asperiores sed.,email,1,2025-02-16T13:53:13
TKT000908,CUST000586,fraud_report,Fraud Report Issue,Quisquam assumenda et libero voluptate asperiores quasi ex ipsum magnam omnis commodi.,medium,closed,EMP000092,2025-02-02T11:26:23,2025-07-24T20:38:29,Voluptate repellendus dolores nisi excepturi recusandae quae porro.,email,5,2025-02-02T11:26:23
TKT000909,CUST000512,request,Request Issue,Earum facere pariatur libero voluptate quos voluptatem aspernatur laudantium accusamus vel reiciendis autem perferendis officia.,high,in_progress,EMP000049,2025-08-11T23:26:29,,,email,,2025-08-11T23:26:29
TKT000910,CUST000225,loan_issue,Loan Issue Issue,Amet error nesciunt voluptates perspiciatis unde ducimus corporis a aperiam laudantium minus et debitis dicta.,medium,in_progress,EMP000060,2024-07-08T21:41:30,,,email,,2024-07-08T21:41:30
TKT000911,CUST000103,loan_issue,Loan Issue Issue,Aperiam dolore exercitationem tempore deleniti consequatur aspernatur libero voluptatibus delectus.,low,in_progress,EMP000074,2024-07-07T03:08:07,,,branch,,2024-07-07T03:08:07
TKT000912,CUST000002,loan_issue,Loan Issue Issue,Ducimus eum ab aut consequatur atque repudiandae dignissimos doloremque nostrum a ipsa autem quis.,medium,open,EMP000090,2025-10-18T12:25:41,,,branch,,2025-10-18T12:25:41
TKT000913,CUST000187,card_issue,Card Issue Issue,Unde amet ducimus sapiente tenetur fugiat tempore consequatur quam consectetur saepe.,critical,in_progress,EMP000010,2024-06-12T11:44:15,,,chat,,2024-06-12T11:44:15
TKT000914,CUST000988,loan_issue,Loan Issue Issue,Harum quia non ipsam voluptatum ratione animi quidem aliquid.,medium,in_progress,EMP000091,2024-06-07T19:18:41,,,phone,,2024-06-07T19:18:41
TKT000915,CUST000175,account_issue,Account Issue Issue,Similique reiciendis officia ipsa at eum odit doloremque est blanditiis dolorem blanditiis officia voluptatem provident.,low,closed,EMP000048,2024-09-03T12:16:36,2025-10-16T23:52:31,Voluptatum aperiam fugiat voluptatum cum.,email,3,2024-09-03T12:16:36
TKT000916,CUST000891,loan_issue,Loan Issue Issue,Et nesciunt qui corrupti consequuntur odio fuga exercitationem provident non.,medium,open,EMP000082,2025-01-05T06:47:09,,,branch,,2025-01-05T06:47:09
TKT000917,CUST000723,complaint,Complaint Issue,Quis ex omnis perferendis dolore delectus alias non tempore quo.,critical,in_progress,EMP000015,2025-08-20T13:50:17,,,chat,,2025-08-20T13:50:17
TKT000918,CUST000034,query,Query Issue,Ad recusandae voluptatum soluta voluptatum provident voluptatem autem alias consequatur.,medium,open,EMP000090,2026-08-17T22:45:34,,,branch,,2026-08-17T22:45:34
TKT000919,CUST000678,complaint,Complaint Issue,At neque labore veniam minus eos aspernatur nobis sunt voluptates molestiae veniam voluptates assumenda quam ut.,medium,closed,EMP000089,2025-09-23T19:35:32,2026-05-23T07:51:32,Eius ad quaerat similique.,branch,4,2025-09-23T19:35:32
TKT000920,CUST000594,fraud_report,Fraud Report Issue,Velit eligendi molestias omnis delectus asperiores molestias culpa placeat placeat beatae repellendus maxime ad beatae.,high,closed,EMP000086,2025-03-26T09:56:22,2026-01-27T08:26:48,Voluptatum laboriosam atque ratione debitis ea doloremque nam.,chat,2,2025-03-26T09:56:22
TKT000921,CUST000085,card_issue,Card Issue Issue,Accusamus enim fugiat consequuntur mollitia numquam eligendi ea debitis vero eligendi.,medium,resolved,EMP000026,2026-07-22T18:57:12,2026-07-30T06:30:17,Animi recusandae dolorem expedita eaque quos officiis.,chat,1,2026-07-22T18:57:12
TKT000922,CUST000498,complaint,Complaint Issue,Rerum quas a aperiam dolor tempora nobis.,medium,open,EMP000083,2024-10-23T03:39:25,,,chat,,2024-10-23T03:39:25
TKT000923,CUST000170,request,Request Issue,Omnis porro eum vitae voluptatem eligendi magnam esse.,medium,closed,EMP000024,2025-04-24T02:07:49,2026-06-20T09:51:38,Hic suscipit ducimus sint fugit quibusdam maiores.,phone,1,2025-04-24T02:07:49
TKT000924,CUST000947,query,Query Issue,Minima soluta repellat voluptatibus dolor et soluta similique laboriosam cum.,medium,resolved,EMP000080,2026-08-16T07:24:43,2026-08-28T19:44:44,Nesciunt magnam similique non magnam.,phone,1,2026-08-16T07:24:43
TKT000925,CUST000210,card_issue,Card Issue Issue,Odit quam totam numquam odit aliquam perferendis sapiente at neque accusantium quod quisquam.,low,resolved,EMP000027,2025-08-02T12:26:02,2026-05-10T02:14:13,Neque saepe magnam atque nemo blanditiis ipsa illo.,email,4,2025-08-02T12:26:02
TKT000926,CUST000791,card_issue,Card Issue Issue,Quo magnam beatae eligendi modi libero earum consectetur nemo est voluptatibus reiciendis eaque.,medium,in_progress,EMP000072,2025-01-07T01:19:23,,,phone,,2025-01-07T01:19:23
TKT000927,CUST000332,complaint,Complaint Issue,Quas nisi eligendi nulla quaerat repudiandae labore minima repellendus molestias.,low,in_progress,EMP000072,2025-12-29T13:02:34,,,email,,2025-12-29T13:02:34
TKT000928,CUST000507,card_issue,Card Issue Issue,Exercitationem fugiat impedit assumenda nobis quia illum tempora tempore facilis eius dolore veritatis.,low,closed,EMP000002,2025-07-29T18:13:13,2026-02-05T08:26:09,Sed nobis amet expedita.,phone,2,2025-07-29T18:13:13
TKT000929,CUST000548,fraud_report,Fraud Report Issue,Dolorem placeat perferendis fugit natus architecto dicta molestias voluptatem.,medium,resolved,EMP000081,2025-09-01T13:39:54,2025-10-23T02:36:25,Beatae tempora laboriosam commodi ipsum aspernatur atque.,branch,1,2025-09-01T13:39:54
TKT000930,CUST000579,account_issue,Account Issue Issue,Iste iste ratione iure iusto maxime eligendi beatae corrupti dolorum vitae excepturi autem nostrum vero dolorem.,medium,open,EMP000054,2024-02-24T11:27:37,,,chat,,2024-02-24T11:27:37
TKT000931,CUST000457,complaint,Complaint Issue,Earum ea impedit quis quidem quam rem.,high,closed,EMP000016,2026-05-05T22:58:58,2026-08-17T04:16:52,Vitae esse dolore ipsum ullam.,email,4,2026-05-05T22:58:58
TKT000932,CUST000144,query,Query Issue,Similique optio possimus minus architecto facere vero similique dolores nihil cumque autem delectus dignissimos animi.,medium,in_progress,EMP000084,2025-05-27T04:29:07,,,branch,,2025-05-27T04:29:07
TKT000933,CUST000588,request,Request Issue,Vel non amet laborum ipsam fugiat quae sunt.,medium,open,EMP000002,2025-03-25T16:11:36,,,chat,,2025-03-25T16:11:36
TKT000934,CUST000258,fraud_report,Fraud Report Issue,At maiores temporibus occaecati aliquam quos esse totam illum.,low,closed,EMP000053,2026-02-14T21:45:13,2026-04-06T22:15:36,Recusandae a odit expedita tenetur.,phone,1,2026-02-14T21:45:13
TKT000935,CUST000004,loan_issue,Loan Issue Issue,Enim maiores quos nisi eveniet ipsam id illum reiciendis cum maiores in.,high,closed,EMP000087,2024-06-23T02:10:56,2025-06-12T22:22:25,Veniam totam quis aspernatur eius rerum.,branch,5,2024-06-23T02:10:56
TKT000936,CUST000306,complaint,Complaint Issue,Minus totam totam dolorem corrupti adipisci explicabo quas.,low,closed,EMP000042,2026-02-07T20:36:23,2026-04-18T05:26:57,Deserunt alias quas inventore placeat harum.,phone,4,2026-02-07T20:36:23
TKT000937,CUST000886,fraud_report,Fraud Report Issue,Quibusdam magni adipisci dolor corporis odit ut porro.,high,resolved,EMP000009,2024-07-16T05:55:05,2024-12-28T02:49:16,Tenetur natus magnam magni quasi nemo.,email,3,2024-07-16T05:55:05
TKT000938,CUST000741,fraud_report,Fraud Report Issue,Maxime distinctio dolor velit sunt illum quibusdam animi sunt veniam occaecati aperiam aspernatur sit ipsam.,medium,resolved,EMP000073,2024-02-13T05:20:38,2026-08-05T10:47:09,Voluptates sit itaque eos harum assumenda cum.,chat,2,2024-02-13T05:20:38
TKT000939,CUST000537,account_issue,Account Issue Issue,Earum optio necessitatibus repudiandae minus illum repellat facilis at at.,medium,resolved,EMP000035,2025-10-14T20:53:43,2025-11-27T23:31:26,Repudiandae ad cum voluptate autem sunt.,email,2,2025-10-14T20:53:43
TKT000940,CUST000349,account_issue,Account Issue Issue,Porro totam laudantium id unde autem beatae dolorem suscipit accusamus cumque hic nisi dicta possimus adipisci.,low,open,EMP000052,2024-11-15T07:33:15,,,branch,,2024-11-15T07:33:15
TKT000941,CUST000730,request,Request Issue,Inventore possimus aspernatur perspiciatis labore illum deserunt hic optio soluta voluptate qui accusantium libero.,medium,open,EMP000014,2025-09-12T10:29:06,,,email,,2025-09-12T10:29:06
TKT000942,CUST000175,query,Query Issue,Cum aliquam quam harum nesciunt at veritatis at et fugiat consectetur.,medium,in_progress,EMP000039,2025-06-16T15:15:47,,,branch,,2025-06-16T15:15:47
TKT000943,CUST000040,account_issue,Account Issue Issue,Optio temporibus adipisci odit nam architecto magnam ea molestias sit ducimus.,medium,in_progress,EMP000012,2025-01-07T05:44:38,,,branch,,2025-01-07T05:44:38
TKT000944,CUST000312,query,Query Issue,Ad nihil temporibus consequatur voluptatem accusamus iure error animi molestias pariatur animi ex pariatur.,medium,open,EMP000051,2025-10-28T21:16:23,,,email,,2025-10-28T21:16:23
TKT000945,CUST000463,card_issue,Card Issue Issue,Odio dolorum aliquid deserunt laudantium tempora repudiandae enim itaque eius illo libero.,high,in_progress,EMP000094,2024-05-26T23:58:48,,,email,,2024-05-26T23:58:48
TKT000946,CUST000729,complaint,Complaint Issue,Officiis iusto hic vitae voluptas non aperiam tempore.,low,resolved,EMP000041,2025-06-19T02:18:09,2026-06-21T22:33:44,Consequatur suscipit eum quo.,chat,3,2025-06-19T02:18:09
TKT000947,CUST000922,request,Request Issue,Placeat modi dolor numquam sequi saepe occaecati voluptatibus voluptatibus eveniet tempore quos et omnis.,high,resolved,EMP000062,2026-02-12T03:25:31,2026-06-19T18:10:07,Beatae ducimus consequatur doloribus doloremque.,phone,4,2026-02-12T03:25:31
TKT000948,CUST000054,request,Request Issue,Quidem deleniti reiciendis labore dolores aut ab veniam.,medium,in_progress,EMP000094,2025-08-10T17:16:23,,,phone,,2025-08-10T17:16:23
TKT000949,CUST000631,request,Request Issue,Perferendis veritatis corrupti aspernatur occaecati magnam tenetur esse ad dolor.,medium,in_progress,EMP000087,2024-04-26T01:43:11,,,branch,,2024-04-26T01:43:11
TKT000950,CUST000653,complaint,Complaint Issue,Tempore incidunt cum optio at occaecati voluptates accusamus sit minima.,medium,in_progress,EMP000003,2026-01-09T17:17:17,,,chat,,2026-01-09T17:17:17
TKT000951,CUST000570,account_issue,Account Issue Issue,Harum officiis harum officia aliquid aspernatur similique repellendus nulla voluptate molestiae.,low,resolved,EMP000040,2024-12-26T12:54:33,2026-05-03T05:17:32,Vero veniam unde itaque saepe laudantium iure.,chat,2,2024-12-26T12:54:33
TKT000952,CUST000554,account_issue,Account Issue Issue,Harum optio aliquam esse earum voluptatum minus quasi aliquid rem ea cupiditate quaerat unde.,high,resolved,EMP000001,2024-01-08T19:04:43,2024-01-14T00:09:48,A assumenda autem sit dicta provident.,branch,1,2024-01-08T19:04:43
TKT000953,CUST000681,query,Query Issue,Amet repudiandae amet expedita eligendi fugiat voluptate alias quidem.,critical,resolved,EMP000002,2025-04-28T15:12:25,2026-01-05T13:23:22,Laboriosam cupiditate id iusto minus ipsum.,chat,1,2025-04-28T15:12:25
TKT000954,CUST000739,request,Request Issue,Soluta ea occaecati et repellendus porro assumenda illo molestias voluptatum eligendi rerum ullam maiores.,medium,in_progress,EMP000034,2025-01-08T17:58:26,,,chat,,2025-01-08T17:58:26
TKT000955,CUST000063,account_issue,Account Issue Issue,Ab labore sunt quos odio minima libero quia suscipit nisi occaecati.,medium,open,EMP000061,2026-04-08T10:36:54,,,phone,,2026-04-08T10:36:54
TKT000956,CUST000412,card_issue,Card Issue Issue,Dicta et dicta repellendus ducimus soluta fugit aliquam nobis sunt vitae ratione.,medium,in_progress,EMP000071,2024-09-17T06:47:12,,,chat,,2024-09-17T06:47:12
TKT000957,CUST000178,query,Query Issue,Iste commodi explicabo quaerat qui culpa perspiciatis ullam quas temporibus.,medium,resolved,EMP000061,2024-08-23T22:41:36,2026-04-11T04:54:57,A perspiciatis nihil at praesentium.,phone,3,2024-08-23T22:41:36
TKT000958,CUST000793,request,Request Issue,Quae repellendus voluptas nesciunt cum sed dolores aperiam perferendis reprehenderit maiores quos.,low,closed,EMP000085,2024-01-07T21:14:45,2026-08-12T05:57:19,Quod quisquam deserunt esse praesentium distinctio qui.,phone,3,2024-01-07T21:14:45
TKT000959,CUST000452,query,Query Issue,Dolorum nihil earum inventore ullam enim ex deserunt.,low,in_progress,EMP000001,2024-07-07T18:18:44,,,phone,,2024-07-07T18:18:44
TKT000960,CUST000816,card_issue,Card Issue Issue,Ad laborum cumque beatae expedita nemo quidem accusantium fugit fugit ad cum doloribus veniam.,low,in_progress,EMP000042,2026-08-02T16:55:14,,,email,,2026-08-02T16:55:14
TKT000961,CUST000987,fraud_report,Fraud Report Issue,Non quo neque nesciunt sed magni doloribus odio animi in laborum sint ipsa ipsam.,critical,resolved,EMP000041,2024-05-03T17:04:51,2025-09-11T11:26:59,Sint ea non minima at natus.,branch,2,2024-05-03T17:04:51
TKT000962,CUST000541,loan_issue,Loan Issue Issue,Aliquam impedit cumque aspernatur nam perspiciatis atque quisquam aperiam consectetur aperiam quaerat occaecati rerum.,medium,in_progress,EMP000085,2024-06-26T01:09:59,,,phone,,2024-06-26T01:09:59
TKT000963,CUST000353,account_issue,Account Issue Issue,Facilis assumenda quae sed non cupiditate porro.,medium,open,EMP000019,2026-08-25T14:29:49,,,branch,,2026-08-25T14:29:49
TKT000964,CUST000215,fraud_report,Fraud Report Issue,Dicta perferendis earum laboriosam ab explicabo voluptatibus omnis sunt maiores expedita impedit.,low,closed,EMP000089,2024-03-01T03:23:34,2025-04-09T01:14:35,Voluptatem consectetur earum facilis magni vel beatae.,phone,3,2024-03-01T03:23:34
TKT000965,CUST000623,fraud_report,Fraud Report Issue,Asperiores exercitationem ad recusandae facilis modi itaque at veniam consectetur consequuntur.,medium,open,EMP000008,2024-10-09T09:41:25,,,phone,,2024-10-09T09:41:25
TKT000966,CUST000200,account_issue,Account Issue Issue,Quisquam aut cupiditate facere itaque architecto velit cumque veniam sequi quasi totam.,medium,closed,EMP000047,2024-02-28T04:59:04,2026-03-19T08:32:12,Omnis nemo animi laboriosam.,chat,3,2024-02-28T04:59:04
TKT000967,CUST000310,card_issue,Card Issue Issue,Animi repellendus maxime expedita excepturi magnam reprehenderit.,low,in_progress,EMP000070,2025-02-25T03:59:45,,,phone,,2025-02-25T03:59:45
TKT000968,CUST000570,query,Query Issue,Neque a sunt consequatur labore suscipit ipsum sapiente.,medium,resolved,EMP000021,2025-02-17T01:59:22,2026-08-14T23:05:21,Dolorem excepturi commodi id.,branch,2,2025-02-17T01:59:22
TKT000969,CUST000995,fraud_report,Fraud Report Issue,Nobis minima veritatis vel quia reprehenderit facere quae maiores aliquam saepe placeat dolorem harum delectus occaecati.,low,resolved,EMP000077,2024-02-15T06:05:55,2025-01-31T23:19:58,Fugit saepe veritatis distinctio consequuntur dignissimos.,email,4,2024-02-15T06:05:55
TKT000970,CUST000680,complaint,Complaint Issue,Debitis illo deserunt minus deserunt animi repudiandae nobis.,low,open,EMP000018,2026-07-04T15:54:56,,,email,,2026-07-04T15:54:56
TKT000971,CUST000694,loan_issue,Loan Issue Issue,Ipsa illum fugiat architecto blanditiis nulla dolore aperiam quia.,low,resolved,EMP000007,2024-12-15T08:49:30,2026-02-11T22:43:52,Labore iure distinctio quibusdam non ex.,chat,2,2024-12-15T08:49:30
TKT000972,CUST000869,account_issue,Account Issue Issue,Cumque pariatur est corrupti aliquid recusandae in nobis rem officia nostrum voluptates beatae dolores dolore nemo.,low,closed,EMP000044,2024-02-12T15:42:04,2024-05-25T06:06:50,Neque odio quae cum.,email,1,2024-02-12T15:42:04
TKT000973,CUST000722,card_issue,Card Issue Issue,Sequi enim quo porro similique neque neque labore vel.,medium,resolved,EMP000012,2024-03-03T20:43:52,2024-10-09T22:59:49,Ratione libero ut eius commodi iure aspernatur.,chat,3,2024-03-03T20:43:52
TKT000974,CUST000960,card_issue,Card Issue Issue,Iure necessitatibus unde ipsum voluptatem nostrum sint quis at.,low,closed,EMP000016,2025-10-18T10:33:42,2025-11-21T19:02:46,Architecto neque sunt quae omnis.,phone,3,2025-10-18T10:33:42
TKT000975,CUST000146,query,Query Issue,Quas ut quo eos perspiciatis numquam harum harum excepturi dolores illo quam similique at.,low,in_progress,EMP000100,2026-01-07T06:33:21,,,chat,,2026-01-07T06:33:21
TKT000976,CUST000035,loan_issue,Loan Issue Issue,Facilis quaerat sunt debitis impedit perspiciatis eius soluta beatae consequatur blanditiis sed voluptatum cupiditate excepturi.,medium,resolved,EMP000009,2026-07-09T21:02:31,2026-08-19T18:56:32,Incidunt ipsa error quibusdam quia iure optio fugiat.,email,4,2026-07-09T21:02:31
TKT000977,CUST000650,fraud_report,Fraud Report Issue,Aspernatur voluptatibus a suscipit libero ratione eaque excepturi accusantium.,critical,resolved,EMP000027,2024-03-03T14:49:03,2025-04-22T06:01:36,Laborum quidem nostrum eius.,email,2,2024-03-03T14:49:03
TKT000978,CUST000547,fraud_report,Fraud Report Issue,Ut voluptate mollitia sit unde et voluptates eius ad itaque veritatis sequi tenetur sunt nulla quos.,high,resolved,EMP000006,2025-01-19T23:48:36,2026-08-04T09:34:19,Nulla fugiat ratione.,phone,3,2025-01-19T23:48:36
TKT000979,CUST000949,query,Query Issue,Libero rem explicabo vero nam sit ea doloribus temporibus.,medium,resolved,EMP000038,2024-03-22T10:02:34,2024-11-05T23:29:25,Est id repellat et neque magni.,phone,2,2024-03-22T10:02:34
TKT000980,CUST000425,query,Query Issue,Laborum ex quia ducimus doloribus perspiciatis sapiente reprehenderit repudiandae reprehenderit saepe.,medium,resolved,EMP000026,2025-04-02T13:14:13,2026-07-11T05:07:12,Porro et vel nemo ut maiores.,branch,1,2025-04-02T13:14:13
TKT000981,CUST000816,card_issue,Card Issue Issue,Soluta quisquam corrupti corrupti animi eum aperiam odio praesentium aut.,medium,in_progress,EMP000020,2025-05-26T14:22:47,,,chat,,2025-05-26T14:22:47
TKT000982,CUST000217,account_issue,Account Issue Issue,Provident id ducimus iure reprehenderit impedit explicabo quasi sit.,medium,closed,EMP000049,2026-02-02T10:37:40,2026-08-02T00:07:26,Cupiditate corporis ullam iste maxime sunt.,phone,1,2026-02-02T10:37:40
TKT000983,CUST000972,fraud_report,Fraud Report Issue,Possimus ipsam officia temporibus accusamus soluta dignissimos repellat enim enim corporis exercitationem voluptatem fuga.,high,resolved,EMP000051,2024-09-10T05:43:54,2024-11-14T14:12:18,Doloremque voluptate minus.,phone,2,2024-09-10T05:43:54
TKT000984,CUST000796,query,Query Issue,Laborum accusamus ullam eaque accusamus praesentium reprehenderit quas quibusdam ipsam.,critical,resolved,EMP000051,2024-09-27T19:04:01,2026-03-27T21:42:30,Ipsam explicabo tempora quia quaerat quos dolores tempora.,chat,4,2024-09-27T19:04:01
TKT000985,CUST000141,card_issue,Card Issue Issue,Aspernatur repellendus molestias similique omnis recusandae autem occaecati odio asperiores molestias.,medium,closed,EMP000014,2025-03-05T01:16:51,2026-02-09T12:23:57,Perspiciatis eligendi eum voluptatem laudantium rerum inventore.,chat,4,2025-03-05T01:16:51
TKT000986,CUST000925,complaint,Complaint Issue,Eligendi repudiandae facere omnis minus tempore consequatur enim doloribus cum sit pariatur voluptatibus porro praesentium occaecati.,medium,resolved,EMP000062,2024-05-02T16:04:23,2026-05-27T18:24:57,Cupiditate nobis veritatis architecto.,chat,3,2024-05-02T16:04:23
TKT000987,CUST000408,loan_issue,Loan Issue Issue,Veritatis iste exercitationem illo possimus neque nisi dolor eos cupiditate sapiente ex adipisci earum beatae.,medium,in_progress,EMP000013,2025-12-02T05:45:20,,,chat,,2025-12-02T05:45:20
TKT000988,CUST000585,query,Query Issue,Asperiores aliquid alias laudantium totam eveniet accusamus alias deserunt deserunt nam voluptate.,high,in_progress,EMP000052,2025-01-08T15:31:06,,,email,,2025-01-08T15:31:06
TKT000989,CUST000612,card_issue,Card Issue Issue,Vero nulla nam repellendus recusandae aperiam fuga reiciendis reiciendis porro.,critical,closed,EMP000019,2026-04-04T05:12:35,2026-06-28T20:23:58,Sequi animi ut vitae repudiandae quidem assumenda.,email,1,2026-04-04T05:12:35
TKT000990,CUST001000,loan_issue,Loan Issue Issue,Atque iure perferendis ut at explicabo commodi quaerat eos est minima laborum repellat.,critical,open,EMP000083,2026-05-04T02:25:36,,,phone,,2026-05-04T02:25:36
TKT000991,CUST000559,fraud_report,Fraud Report Issue,Rem perferendis architecto est maiores minima consectetur cupiditate iusto eligendi soluta quia ullam corrupti.,medium,closed,EMP000071,2025-10-13T04:21:54,2025-11-18T05:19:23,Libero voluptas adipisci voluptates saepe.,email,5,2025-10-13T04:21:54
TKT000992,CUST000440,card_issue,Card Issue Issue,Dolore magnam cupiditate suscipit nulla atque ullam modi cum ipsa.,low,in_progress,EMP000087,2024-02-03T06:32:20,,,chat,,2024-02-03T06:32:20
TKT000993,CUST000921,account_issue,Account Issue Issue,Vitae cupiditate rerum quaerat temporibus saepe ratione omnis nihil reprehenderit nam ea iure praesentium.,medium,open,EMP000027,2026-07-19T15:37:23,,,branch,,2026-07-19T15:37:23
TKT000994,CUST000420,fraud_report,Fraud Report Issue,Libero repudiandae enim modi quam mollitia deserunt quo voluptates eos dolore.,medium,closed,EMP000087,2026-05-28T21:37:06,2026-08-11T05:56:51,Esse consequuntur corrupti eveniet repellat repellendus pariatur.,branch,2,2026-05-28T21:37:06
TKT000995,CUST000674,card_issue,Card Issue Issue,Natus rem dolore aperiam repudiandae maiores ex ratione optio officia officia quas voluptatem necessitatibus.,high,resolved,EMP000040,2024-12-10T07:53:39,2025-11-18T00:07:36,A consequatur dolore ex perferendis voluptatum nesciunt.,phone,5,2024-12-10T07:53:39
TKT000996,CUST000618,fraud_report,Fraud Report Issue,Ea quisquam placeat maxime repellendus quae veniam et laboriosam ut.,low,in_progress,EMP000025,2024-03-05T01:14:05,,,chat,,2024-03-05T01:14:05
TKT000997,CUST000658,query,Query Issue,Atque est veniam doloribus ipsa quam animi iure tenetur aut cum nostrum quod.,low,closed,EMP000027,2025-06-26T14:59:01,2025-08-25T17:32:03,Dolor eos eos dicta repellat voluptates nisi.,phone,4,2025-06-26T14:59:01
TKT000998,CUST000521,complaint,Complaint Issue,Dolorum facilis sint labore sunt repellat eum adipisci tempore incidunt repellendus doloribus eaque dignissimos error iusto.,medium,open,EMP000048,2026-01-07T01:46:48,,,phone,,2026-01-07T01:46:48
TKT000999,CUST000680,fraud_report,Fraud Report Issue,Vitae at iusto quidem maiores reprehenderit consequuntur nemo similique delectus ullam voluptas.,medium,closed,EMP000060,2025-02-10T13:24:11,2026-05-01T05:34:24,Minus aliquid ut corrupti rem sequi officia.,chat,4,2025-02-10T13:24:11
TKT001000,CUST000919,query,Query Issue,Hic laudantium vel beatae aut eos rerum eius ipsa iusto ducimus.,medium,closed,EMP000098,2024-06-17T20:53:47,2025-09-19T06:28:23,Fuga nesciunt nemo accusamus accusamus repellat esse.,email,4,2024-06-17T20:53:47
TKT001001,CUST000401,fraud_report,Fraud Report Issue,Enim eos minima ab perferendis occaecati iure maiores illum aliquam fugiat voluptates culpa consectetur tenetur.,low,closed,EMP000081,2024-03-30T14:25:00,2025-10-30T20:39:02,Quae accusamus illum illo.,phone,3,2024-03-30T14:25:00
TKT001002,CUST000816,complaint,Complaint Issue,Beatae ea cumque dignissimos tempora facilis adipisci expedita aliquam eos architecto harum quam voluptatibus adipisci modi.,medium,closed,EMP000077,2026-04-11T01:44:09,2026-06-19T08:01:53,Odio ea vitae animi.,email,4,2026-04-11T01:44:09
TKT001003,CUST000571,account_issue,Account Issue Issue,Deserunt exercitationem debitis quo itaque omnis id tempore unde rerum accusamus a nulla libero eveniet.,low,open,EMP000026,2024-12-26T00:32:56,,,chat,,2024-12-26T00:32:56
TKT001004,CUST000764,account_issue,Account Issue Issue,Nemo aut sit neque illo illum accusamus dicta deleniti autem deleniti commodi quis distinctio ipsum.,critical,in_progress,EMP000039,2024-04-19T10:25:21,,,branch,,2024-04-19T10:25:21
TKT001005,CUST000110,card_issue,Card Issue Issue,Ea in assumenda reiciendis vel libero quidem cumque ea necessitatibus ipsam excepturi mollitia enim.,low,in_progress,EMP000015,2025-08-22T09:57:49,,,email,,2025-08-22T09:57:49
TKT001006,CUST000854,request,Request Issue,Similique eligendi a accusantium placeat fugit facere quia facilis atque soluta nesciunt.,high,resolved,EMP000015,2024-02-20T18:20:54,2024-08-19T12:29:05,Minima cupiditate incidunt similique illo.,email,5,2024-02-20T18:20:54
TKT001007,CUST000825,loan_issue,Loan Issue Issue,Distinctio eligendi corporis deserunt provident nobis tenetur aspernatur sint aliquid ipsum cupiditate.,medium,resolved,EMP000006,2026-01-07T14:47:02,2026-07-31T11:51:56,Ipsum eos dolore dignissimos laboriosam sapiente laboriosam.,chat,4,2026-01-07T14:47:02
TKT001008,CUST000559,fraud_report,Fraud Report Issue,Harum exercitationem repellat doloribus hic tempora officia minima nulla minima deleniti commodi harum dolorem perferendis.,medium,closed,EMP000042,2025-01-24T21:30:17,2025-02-24T10:07:12,Praesentium hic asperiores inventore.,phone,3,2025-01-24T21:30:17
TKT001009,CUST000670,account_issue,Account Issue Issue,At labore id iste possimus rerum quas.,high,resolved,EMP000007,2024-08-19T22:17:01,2025-03-21T06:37:22,Corrupti maiores maxime laborum sint eos.,branch,3,2024-08-19T22:17:01
TKT001010,CUST000076,request,Request Issue,Nemo nulla id culpa enim consequuntur quasi velit esse numquam fuga.,medium,resolved,EMP000031,2025-08-25T23:12:11,2026-01-28T11:31:29,Sit at quibusdam possimus doloribus.,branch,4,2025-08-25T23:12:11
TKT001011,CUST000789,card_issue,Card Issue Issue,Vero amet recusandae blanditiis temporibus quae quas sit.,medium,resolved,EMP000033,2026-07-01T12:32:25,2026-08-14T15:45:38,Repellat laboriosam quasi incidunt perspiciatis repellat.,phone,3,2026-07-01T12:32:25
TKT001012,CUST000282,loan_issue,Loan Issue Issue,Aut facere quo veniam consequuntur autem maiores nulla ipsam odit tenetur porro totam fugit dolorum.,high,resolved,EMP000053,2024-06-30T05:06:15,2025-03-21T15:07:01,Consequuntur veritatis fugiat harum odit quibusdam fugiat.,branch,1,2024-06-30T05:06:15
TKT001013,CUST000699,fraud_report,Fraud Report Issue,Corrupti voluptatibus repudiandae voluptatibus minima rerum adipisci inventore cumque fugiat impedit natus nobis ad ratione.,low,closed,EMP000041,2026-06-05T01:56:11,2026-07-08T22:55:30,Tempore est dolorum at repellat.,branch,1,2026-06-05T01:56:11
TKT001014,CUST000600,account_issue,Account Issue Issue,Perspiciatis quisquam accusamus sit delectus est dolores ratione dolores consectetur error iusto atque quidem quasi.,high,in_progress,EMP000087,2025-04-04T12:03:41,,,chat,,2025-04-04T12:03:41
TKT001015,CUST000619,request,Request Issue,Ut nobis qui dolores error ipsa voluptate consequuntur accusantium quibusdam amet.,critical,in_progress,EMP000044,2024-07-07T21:13:17,,,phone,,2024-07-07T21:13:17
TKT001016,CUST000353,request,Request Issue,Qui officia harum architecto ad tenetur at in nihil rem adipisci.,high,in_progress,EMP000069,2026-07-11T03:29:39,,,email,,2026-07-11T03:29:39
TKT001017,CUST000129,card_issue,Card Issue Issue,Laboriosam pariatur ratione repellendus culpa recusandae modi asperiores molestiae atque.,low,closed,EMP000013,2026-04-26T02:49:36,2026-08-21T20:37:24,Quibusdam nostrum ut excepturi aliquid.,phone,3,2026-04-26T02:49:36
TKT001018,CUST000388,card_issue,Card Issue Issue,Nam quas reprehenderit consequuntur quae rem cum a officia iusto.,high,closed,EMP000007,2025-02-03T03:31:23,2025-05-08T09:13:30,Culpa numquam rem repudiandae cupiditate.,phone,1,2025-02-03T03:31:23
TKT001019,CUST000204,complaint,Complaint Issue,Fugiat pariatur maiores quia eius animi numquam vitae itaque totam ducimus nemo ullam.,high,resolved,EMP000073,2026-08-20T21:08:17,2026-08-27T22:34:05,Dignissimos amet dolorem quo maxime quia.,chat,1,2026-08-20T21:08:17
TKT001020,CUST000517,fraud_report,Fraud Report Issue,At vel necessitatibus vitae animi ipsam blanditiis voluptates ipsam perspiciatis id nemo quas quasi fuga.,high,in_progress,EMP000081,2024-01-08T18:59:46,,,email,,2024-01-08T18:59:46
TKT001021,CUST000293,fraud_report,Fraud Report Issue,Est fugit ab iusto dignissimos optio sequi et.,high,in_progress,EMP000011,2025-01-13T15:22:56,,,email,,2025-01-13T15:22:56
TKT001022,CUST000826,fraud_report,Fraud Report Issue,Laboriosam nobis explicabo repellat commodi modi soluta sunt ex.,high,closed,EMP000025,2025-11-22T05:17:42,2026-07-26T15:17:32,Natus ipsum quos quis atque repellendus.,chat,5,2025-11-22T05:17:42
TKT001023,CUST001000,fraud_report,Fraud Report Issue,Quidem praesentium illo ut ut tempore nostrum officiis tempora quia laboriosam accusamus.,medium,resolved,EMP000097,2024-11-01T10:40:21,2026-07-26T17:45:25,Sint eaque suscipit.,branch,4,2024-11-01T10:40:21
TKT001024,CUST000922,card_issue,Card Issue Issue,Nisi exercitationem quis mollitia commodi repellendus ullam minima accusamus alias itaque autem error fuga.,medium,resolved,EMP000078,2024-07-20T17:00:09,2025-12-09T21:29:22,Consectetur consequuntur at sapiente.,chat,3,2024-07-20T17:00:09
TKT001025,CUST000071,fraud_report,Fraud Report Issue,Aut neque placeat quisquam veritatis ipsum aut autem.,medium,resolved,EMP000070,2025-08-07T23:31:44,2025-10-21T06:32:49,Ipsam fugit eius reiciendis quisquam dolores.,phone,3,2025-08-07T23:31:44
TKT001026,CUST000456,query,Query Issue,Incidunt accusantium voluptate fuga vero nobis similique sint atque culpa repudiandae magnam quaerat ea id aliquam.,critical,in_progress,EMP000079,2024-02-01T14:37:41,,,email,,2024-02-01T14:37:41
TKT001027,CUST000799,card_issue,Card Issue Issue,Deserunt explicabo a maiores eos impedit provident nesciunt laborum dignissimos pariatur.,low,open,EMP000092,2025-06-06T02:20:59,,,phone,,2025-06-06T02:20:59
TKT001028,CUST000502,fraud_report,Fraud Report Issue,Doloribus voluptas consequatur voluptates esse vel corrupti nulla quia accusamus quibusdam possimus explicabo.,low,in_progress,EMP000020,2024-07-02T08:40:53,,,chat,,2024-07-02T08:40:53
TKT001029,CUST000554,account_issue,Account Issue Issue,Error id velit veniam dolorum voluptatibus mollitia non blanditiis eos mollitia doloribus.,low,resolved,EMP000041,2025-02-27T20:32:57,2025-08-18T18:55:44,Incidunt eaque sapiente voluptate consectetur.,phone,4,2025-02-27T20:32:57
TKT001030,CUST000353,request,Request Issue,Iusto ab aut esse tempore quis rerum repellendus recusandae vitae ad ab nisi quia excepturi totam.,medium,resolved,EMP000019,2025-04-16T21:06:19,2025-07-17T10:12:05,Ab pariatur hic esse.,phone,5,2025-04-16T21:06:19
TKT001031,CUST000542,loan_issue,Loan Issue Issue,Ratione maxime dolor suscipit sint delectus non sequi praesentium ullam id.,critical,in_progress,EMP000041,2026-06-04T03:20:16,,,branch,,2026-06-04T03:20:16
TKT001032,CUST000581,account_issue,Account Issue Issue,Totam aperiam ut occaecati inventore inventore ad culpa earum recusandae similique fugiat magni hic eligendi accusamus.,high,closed,EMP000038,2024-08-20T03:12:02,2026-01-13T01:32:11,Animi quasi alias saepe.,email,1,2024-08-20T03:12:02
TKT001033,CUST000551,account_issue,Account Issue Issue,Id eligendi distinctio eligendi fuga harum totam sit ducimus cum explicabo tenetur velit ad illum.,medium,resolved,EMP000050,2024-03-18T20:11:13,2024-04-04T06:19:17,Repellendus officiis ullam tempore.,chat,2,2024-03-18T20:11:13
TKT001034,CUST000165,account_issue,Account Issue Issue,Unde officiis maxime neque esse dolor facere consequatur ex officia pariatur adipisci voluptatum fugiat.,low,closed,EMP000001,2026-08-23T21:15:50,2026-08-25T16:29:14,Esse at illo.,chat,2,2026-08-23T21:15:50
TKT001035,CUST000443,account_issue,Account Issue Issue,Vero illo perferendis maiores molestias quam ipsam alias.,medium,open,EMP000009,2025-01-26T23:21:23,,,chat,,2025-01-26T23:21:23
TKT001036,CUST000674,card_issue,Card Issue Issue,Consequuntur occaecati vero quia nostrum laborum quia quasi reiciendis nihil rerum a nobis eaque illum sunt.,medium,closed,EMP000021,2025-01-12T09:42:20,2026-06-14T18:33:28,Saepe inventore explicabo sapiente impedit voluptatem magni.,email,4,2025-01-12T09:42:20
TKT001037,CUST000140,complaint,Complaint Issue,Harum laudantium totam aspernatur veritatis in veritatis corrupti adipisci minus asperiores assumenda blanditiis at blanditiis.,low,in_progress,EMP000067,2025-08-03T06:52:49,,,branch,,2025-08-03T06:52:49
TKT001038,CUST000226,complaint,Complaint Issue,Sunt illum neque unde quas ut cupiditate.,low,closed,EMP000079,2024-01-18T12:36:11,2024-07-29T04:00:19,Earum esse sint consequuntur minima quos blanditiis.,chat,5,2024-01-18T12:36:11
TKT001039,CUST000256,account_issue,Account Issue Issue,Corporis ea quidem placeat exercitationem excepturi nulla expedita.,medium,resolved,EMP000079,2024-12-20T00:26:21,2025-11-08T17:45:19,Cupiditate officiis laboriosam impedit.,phone,3,2024-12-20T00:26:21
TKT001040,CUST000577,query,Query Issue,Assumenda dolorem reprehenderit fugiat amet veniam fugit laborum.,medium,open,EMP000079,2025-04-07T03:20:53,,,branch,,2025-04-07T03:20:53
TKT001041,CUST000829,account_issue,Account Issue Issue,Dolor voluptatibus ex inventore dolore dolore iste consequuntur quibusdam ex tenetur cupiditate omnis.,medium,resolved,EMP000076,2024-09-09T04:13:07,2024-12-03T12:33:30,Dignissimos dolorem dolorum dicta.,email,2,2024-09-09T04:13:07
TKT001042,CUST000740,complaint,Complaint Issue,Adipisci a quia impedit culpa recusandae accusamus iure consequuntur cupiditate.,medium,resolved,EMP000040,2024-10-26T18:24:12,2025-09-23T01:08:37,Iste suscipit dignissimos voluptate veritatis aspernatur.,phone,4,2024-10-26T18:24:12
TKT001043,CUST000499,loan_issue,Loan Issue Issue,Consequatur iure ducimus optio laboriosam praesentium doloremque fugiat.,critical,resolved,EMP000004,2025-10-27T06:58:57,2026-04-01T00:00:14,Consectetur qui voluptatum ab nulla.,chat,3,2025-10-27T06:58:57
TKT001044,CUST000274,account_issue,Account Issue Issue,Debitis soluta illo velit nulla magnam excepturi tempora ullam dolor dolorum.,high,in_progress,EMP000061,2025-05-22T01:10:15,,,chat,,2025-05-22T01:10:15
TKT001045,CUST000746,query,Query Issue,Eos eaque aliquam ad eius cumque consequuntur excepturi fuga.,medium,closed,EMP000040,2025-05-06T23:49:32,2026-03-08T07:08:00,Incidunt mollitia voluptates expedita ut accusantium.,email,4,2025-05-06T23:49:32
TKT001046,CUST000379,request,Request Issue,Cum nostrum fugiat doloremque ipsa in eos consequuntur dolore eius perferendis laudantium quis natus blanditiis.,medium,resolved,EMP000050,2025-04-26T20:00:24,2025-11-19T05:31:51,Illum saepe ea distinctio voluptatibus.,email,5,2025-04-26T20:00:24
TKT001047,CUST000044,account_issue,Account Issue Issue,Reprehenderit quos sed eligendi distinctio repellat veritatis dolor.,medium,closed,EMP000086,2024-01-20T22:30:25,2024-08-01T08:48:33,Perspiciatis autem quia error dignissimos nisi.,branch,5,2024-01-20T22:30:25
TKT001048,CUST000955,query,Query Issue,Earum voluptatum nemo accusamus odit veritatis voluptatem illum accusantium recusandae officia architecto quasi recusandae iusto fugiat.,high,closed,EMP000070,2026-07-01T09:47:17,2026-07-06T13:35:19,Molestias deserunt eos in alias facere saepe.,chat,5,2026-07-01T09:47:17
TKT001049,CUST000237,query,Query Issue,Repellendus inventore officia nemo natus soluta repudiandae quasi.,low,resolved,EMP000005,2025-07-22T12:34:11,2026-03-15T06:27:22,Molestias aut possimus illo officiis.,email,2,2025-07-22T12:34:11
TKT001050,CUST000737,loan_issue,Loan Issue Issue,Quos atque facilis expedita consequatur in nobis quibusdam iusto labore quidem sint maiores eaque corrupti asperiores.,high,open,EMP000065,2025-10-29T23:48:08,,,branch,,2025-10-29T23:48:08
TKT001051,CUST000837,fraud_report,Fraud Report Issue,Dolore inventore error vitae laborum fugit culpa sunt fuga animi animi repellat.,medium,closed,EMP000021,2024-06-28T15:32:37,2024-12-06T16:34:24,Voluptatibus amet tempora maxime.,branch,3,2024-06-28T15:32:37
TKT001052,CUST000551,request,Request Issue,Et debitis modi doloremque impedit deserunt placeat aut quidem.,low,resolved,EMP000094,2026-04-12T11:33:00,2026-08-22T20:17:27,Amet quibusdam asperiores quas.,branch,4,2026-04-12T11:33:00
TKT001053,CUST000211,account_issue,Account Issue Issue,Deserunt magnam molestias nemo consequatur facere eligendi quisquam molestias amet debitis repellendus asperiores doloribus voluptatem.,medium,resolved,EMP000088,2024-04-10T05:43:33,2024-04-19T11:40:41,Dolore at occaecati quibusdam commodi enim.,branch,3,2024-04-10T05:43:33
TKT001054,CUST000112,fraud_report,Fraud Report Issue,Porro doloremque inventore fuga laboriosam itaque debitis ullam similique.,low,open,EMP000036,2025-05-27T22:40:08,,,email,,2025-05-27T22:40:08
TKT001055,CUST000044,request,Request Issue,Assumenda amet recusandae quia dolore quod error in.,low,open,EMP000033,2024-07-19T12:29:58,,,phone,,2024-07-19T12:29:58
TKT001056,CUST000397,request,Request Issue,Delectus sapiente quod pariatur tempora necessitatibus voluptatem perspiciatis quae repellendus dolorum rerum.,medium,resolved,EMP000005,2024-04-23T10:33:23,2026-07-20T12:32:34,Temporibus laborum voluptatum laudantium neque aperiam voluptate.,phone,4,2024-04-23T10:33:23
TKT001057,CUST000230,account_issue,Account Issue Issue,Itaque eaque voluptate odio voluptatum nobis sint numquam.,medium,resolved,EMP000005,2025-11-27T13:48:56,2026-06-04T18:37:06,Modi minus occaecati repellat.,chat,1,2025-11-27T13:48:56
TKT001058,CUST000456,card_issue,Card Issue Issue,Quasi soluta quisquam maiores laudantium dignissimos officiis tempora facilis consectetur doloremque.,low,closed,EMP000069,2026-01-21T06:03:45,2026-08-02T23:59:29,Ea excepturi nemo reiciendis sunt.,chat,3,2026-01-21T06:03:45
TKT001059,CUST000145,account_issue,Account Issue Issue,Aliquid nihil id incidunt a animi minima voluptatum excepturi.,medium,resolved,EMP000094,2026-06-09T01:26:22,2026-07-27T10:08:43,Est facilis sunt eligendi odio ut.,branch,3,2026-06-09T01:26:22
TKT001060,CUST000041,complaint,Complaint Issue,Accusantium deleniti accusamus mollitia illo officia accusamus perspiciatis eos modi explicabo dolorum quidem commodi nam ipsum.,critical,in_progress,EMP000066,2024-12-26T15:33:00,,,email,,2024-12-26T15:33:00
TKT001061,CUST000359,fraud_report,Fraud Report Issue,Tempora aliquid repudiandae vel quas deleniti neque harum dolore odit sit error assumenda velit voluptate.,medium,resolved,EMP000077,2026-01-23T03:22:35,2026-05-13T22:24:34,Nulla nisi labore placeat iste hic.,branch,5,2026-01-23T03:22:35
TKT001062,CUST000206,request,Request Issue,Temporibus in nulla adipisci a debitis totam quaerat dolor minima odit dolores suscipit unde id.,low,in_progress,EMP000037,2025-04-06T13:51:44,,,chat,,2025-04-06T13:51:44
TKT001063,CUST000956,request,Request Issue,Dolorum sint beatae tempora sed sint quidem incidunt facere aliquid.,high,open,EMP000003,2024-10-16T13:41:41,,,branch,,2024-10-16T13:41:41
TKT001064,CUST000695,card_issue,Card Issue Issue,Modi eaque non laudantium iure ratione laborum perspiciatis esse sed consectetur optio eius.,high,open,EMP000069,2026-05-03T16:53:07,,,branch,,2026-05-03T16:53:07
TKT001065,CUST000124,query,Query Issue,Commodi nulla culpa cumque dignissimos accusantium autem ratione id facere numquam impedit praesentium porro excepturi distinctio.,medium,in_progress,EMP000089,2025-05-08T09:08:49,,,chat,,2025-05-08T09:08:49
TKT001066,CUST000302,loan_issue,Loan Issue Issue,Quo exercitationem eaque atque ipsum soluta soluta incidunt.,critical,closed,EMP000031,2025-06-24T23:09:27,2025-11-15T23:34:05,Perferendis eligendi amet necessitatibus saepe consequatur.,phone,2,2025-06-24T23:09:27
TKT001067,CUST000241,complaint,Complaint Issue,Harum aliquid rerum occaecati consectetur perferendis perspiciatis eveniet.,medium,resolved,EMP000078,2024-07-11T01:17:14,2024-11-03T00:40:01,Sit consequuntur est similique.,phone,5,2024-07-11T01:17:14
TKT001068,CUST000750,loan_issue,Loan Issue Issue,Voluptatum nesciunt ipsam mollitia eum quae quidem autem expedita fugit consectetur expedita dolorem praesentium.,medium,in_progress,EMP000096,2025-10-21T14:39:59,,,branch,,2025-10-21T14:39:59
TKT001069,CUST000751,account_issue,Account Issue Issue,Ipsa quam libero natus cupiditate vitae dolorum harum soluta ut enim.,low,closed,EMP000097,2024-03-12T16:51:50,2025-11-09T06:12:24,Soluta voluptas vel vel id.,chat,2,2024-03-12T16:51:50
TKT001070,CUST000204,account_issue,Account Issue Issue,Tenetur corrupti alias minima dolores dolor veniam dicta.,medium,in_progress,EMP000070,2024-04-08T21:10:25,,,chat,,2024-04-08T21:10:25
TKT001071,CUST000507,complaint,Complaint Issue,Cupiditate pariatur quas unde exercitationem voluptatum odit hic quis neque veritatis maxime dolor saepe fugiat illum.,low,open,EMP000086,2025-07-11T02:31:14,,,email,,2025-07-11T02:31:14
TKT001072,CUST000417,loan_issue,Loan Issue Issue,Culpa cupiditate expedita quod quam ullam praesentium earum minima qui iste ratione sint porro odio modi.,medium,in_progress,EMP000084,2024-11-09T20:11:34,,,phone,,2024-11-09T20:11:34
TKT001073,CUST000457,request,Request Issue,Ut rem eveniet veniam numquam facere quisquam quasi reprehenderit culpa laboriosam alias occaecati qui voluptate voluptatibus.,high,resolved,EMP000025,2025-08-16T16:35:07,2025-11-15T08:48:28,Doloremque exercitationem sint repellendus nobis.,chat,3,2025-08-16T16:35:07
TKT001074,CUST000523,request,Request Issue,Incidunt delectus ut in atque cumque inventore cupiditate debitis adipisci eos nesciunt quibusdam laborum.,medium,closed,EMP000071,2024-11-06T01:33:13,2026-01-13T01:30:45,A amet quaerat unde tempore facilis.,email,1,2024-11-06T01:33:13
TKT001075,CUST000340,fraud_report,Fraud Report Issue,Neque delectus placeat repellendus labore occaecati laudantium aliquid vitae eligendi aliquam incidunt minus libero adipisci.,low,open,EMP000023,2025-01-27T22:36:37,,,chat,,2025-01-27T22:36:37
TKT001076,CUST000593,loan_issue,Loan Issue Issue,Est cupiditate esse vero aut voluptatem veritatis iure perspiciatis perferendis tempora.,medium,resolved,EMP000013,2026-06-27T17:41:19,2026-07-29T07:11:12,Dolorem eveniet quasi soluta tempora consequatur.,phone,1,2026-06-27T17:41:19
TKT001077,CUST000462,loan_issue,Loan Issue Issue,Modi aut atque odio blanditiis quos quod consectetur.,low,resolved,EMP000065,2025-05-31T03:52:03,2026-06-29T02:49:51,Architecto dolores quasi commodi molestias fugit voluptas repellendus.,chat,4,2025-05-31T03:52:03
TKT001078,CUST000684,request,Request Issue,Possimus impedit ullam fugiat incidunt et debitis dolorem distinctio ea corrupti expedita.,critical,open,EMP000008,2025-03-28T11:55:47,,,chat,,2025-03-28T11:55:47
TKT001079,CUST000666,loan_issue,Loan Issue Issue,Iure explicabo maiores quidem optio nulla eius quaerat reiciendis doloremque consectetur.,critical,closed,EMP000057,2024-09-15T21:32:50,2024-12-29T17:46:40,Aliquam optio architecto nostrum alias repellat porro.,branch,2,2024-09-15T21:32:50
TKT001080,CUST000035,card_issue,Card Issue Issue,Dolore mollitia autem neque totam sint quod modi repellendus minima delectus accusantium temporibus modi voluptatibus.,medium,open,EMP000010,2024-01-30T15:07:47,,,chat,,2024-01-30T15:07:47
TKT001081,CUST000519,account_issue,Account Issue Issue,Sint libero quaerat quia ullam qui est fugit suscipit molestias culpa earum.,medium,resolved,EMP000074,2026-02-22T05:06:17,2026-07-12T16:28:54,Exercitationem repudiandae facere tenetur cum culpa.,phone,1,2026-02-22T05:06:17
TKT001082,CUST000429,complaint,Complaint Issue,Fugiat voluptatibus asperiores quasi sequi consequatur aut at distinctio id qui commodi.,low,in_progress,EMP000059,2026-05-06T04:47:58,,,chat,,2026-05-06T04:47:58
TKT001083,CUST000214,request,Request Issue,Atque similique soluta quo esse at debitis nemo neque itaque consequatur sunt iusto dicta sed in.,low,closed,EMP000047,2024-09-19T13:06:03,2026-07-22T23:53:30,Quos iusto voluptatem perferendis.,email,5,2024-09-19T13:06:03
TKT001084,CUST000484,query,Query Issue,Aliquid corrupti nostrum minus quisquam tenetur illo hic.,medium,resolved,EMP000063,2025-08-27T19:29:42,2025-12-04T23:57:21,Eligendi veniam tempore nostrum.,branch,5,2025-08-27T19:29:42
TKT001085,CUST000477,query,Query Issue,Molestias dolorum maiores reprehenderit quas occaecati earum recusandae quaerat.,low,in_progress,EMP000012,2025-11-22T03:02:25,,,email,,2025-11-22T03:02:25
TKT001086,CUST000528,loan_issue,Loan Issue Issue,Vel quibusdam debitis odit assumenda maxime ullam unde voluptate inventore dolorum.,medium,open,EMP000061,2025-11-08T07:04:15,,,phone,,2025-11-08T07:04:15
TKT001087,CUST000180,loan_issue,Loan Issue Issue,Illum corrupti aperiam velit laudantium velit vel eos odio error.,low,resolved,EMP000012,2024-11-09T11:15:03,2024-12-02T18:57:44,Illum sapiente illum aspernatur beatae sapiente.,phone,5,2024-11-09T11:15:03
TKT001088,CUST000975,fraud_report,Fraud Report Issue,Occaecati voluptatum consequuntur iure similique fugit veniam saepe neque recusandae velit dolorem.,high,closed,EMP000003,2025-12-21T22:12:37,2026-04-18T06:18:35,Qui corrupti mollitia iure perspiciatis vel tempora.,chat,1,2025-12-21T22:12:37
TKT001089,CUST000675,complaint,Complaint Issue,Molestias nam commodi sapiente sunt explicabo eligendi dicta repellendus reprehenderit in voluptas adipisci perspiciatis optio.,low,resolved,EMP000076,2024-11-06T17:23:00,2025-01-28T22:20:52,Qui dolor iste.,chat,1,2024-11-06T17:23:00
TKT001090,CUST000840,card_issue,Card Issue Issue,Voluptatem vitae dolor atque error pariatur sint.,high,resolved,EMP000070,2026-02-12T12:10:26,2026-05-16T03:29:11,Dolorum consequatur dolorum saepe.,phone,3,2026-02-12T12:10:26
TKT001091,CUST000932,query,Query Issue,Sit nostrum non amet suscipit rem dolorem illum in libero adipisci modi.,medium,open,EMP000034,2026-01-15T17:52:35,,,chat,,2026-01-15T17:52:35
TKT001092,CUST000106,account_issue,Account Issue Issue,Consequuntur laboriosam accusantium doloremque dignissimos quasi harum sequi nulla optio voluptate aspernatur voluptatum cupiditate impedit.,medium,resolved,EMP000013,2025-08-27T08:53:44,2026-03-26T19:28:34,Veniam ut error alias molestiae aperiam.,email,1,2025-08-27T08:53:44
TKT001093,CUST000042,request,Request Issue,Architecto officiis saepe optio facere deleniti accusantium maxime eaque facilis nulla enim amet ipsam voluptates a.,medium,in_progress,EMP000044,2024-04-20T13:17:15,,,branch,,2024-04-20T13:17:15
TKT001094,CUST000162,query,Query Issue,A qui sapiente amet reiciendis aspernatur officiis fugiat voluptas.,medium,closed,EMP000078,2025-10-16T14:52:19,2025-12-18T15:57:16,Mollitia hic quis ipsum libero perferendis.,chat,1,2025-10-16T14:52:19
TKT001095,CUST000188,fraud_report,Fraud Report Issue,Odio tempora laboriosam reiciendis esse sint deserunt nostrum alias fugit nihil earum rem soluta nihil.,low,in_progress,EMP000031,2026-06-29T01:21:56,,,chat,,2026-06-29T01:21:56
TKT001096,CUST000097,query,Query Issue,Aut ab architecto quod sint perspiciatis ad optio corporis inventore.,low,closed,EMP000020,2024-08-09T14:34:57,2025-12-17T00:24:40,Illo qui eligendi odit doloremque.,branch,3,2024-08-09T14:34:57
TKT001097,CUST000621,query,Query Issue,Aliquid soluta aliquam beatae sapiente doloremque natus facere blanditiis tempora numquam temporibus assumenda.,high,resolved,EMP000009,2025-10-25T21:54:27,2026-01-09T08:39:30,Provident atque perferendis reiciendis ducimus nam.,branch,1,2025-10-25T21:54:27
TKT001098,CUST000385,card_issue,Card Issue Issue,Molestiae distinctio libero dicta aliquid molestiae aliquam ipsa explicabo repellendus ratione.,medium,open,EMP000087,2025-12-01T18:19:33,,,branch,,2025-12-01T18:19:33
TKT001099,CUST000937,request,Request Issue,Numquam velit neque veritatis amet necessitatibus commodi quia illo nulla.,low,resolved,EMP000068,2024-02-13T08:21:09,2024-10-30T08:14:33,Facilis optio corporis enim voluptatum.,chat,4,2024-02-13T08:21:09
TKT001100,CUST000777,complaint,Complaint Issue,Deleniti quam et praesentium aliquam odio laudantium nobis fuga veniam sed.,low,closed,EMP000018,2024-06-06T01:15:36,2025-12-28T15:50:00,Expedita repellendus accusamus nulla illo.,chat,4,2024-06-06T01:15:36
TKT001101,CUST000977,query,Query Issue,Porro adipisci dicta quia quod ad iusto.,low,open,EMP000084,2025-09-07T07:28:48,,,chat,,2025-09-07T07:28:48
TKT001102,CUST000554,fraud_report,Fraud Report Issue,Quod odit dolorem fugit fugit sapiente sed.,high,open,EMP000043,2025-07-16T21:32:42,,,email,,2025-07-16T21:32:42
TKT001103,CUST000301,fraud_report,Fraud Report Issue,Culpa excepturi quidem minima aliquid quidem voluptatem fugit aspernatur libero magni sint necessitatibus fugit cupiditate soluta.,medium,open,EMP000025,2026-03-29T15:37:26,,,branch,,2026-03-29T15:37:26
TKT001104,CUST000282,account_issue,Account Issue Issue,Nam consequatur id iste eum illo nemo iure voluptatibus sint temporibus dicta ipsa.,high,resolved,EMP000007,2024-03-14T03:43:59,2026-01-04T07:46:11,Error recusandae distinctio.,email,5,2024-03-14T03:43:59
TKT001105,CUST000881,fraud_report,Fraud Report Issue,Iste est deleniti sapiente error ducimus exercitationem.,medium,in_progress,EMP000009,2024-10-12T22:58:30,,,branch,,2024-10-12T22:58:30
TKT001106,CUST000698,card_issue,Card Issue Issue,Labore voluptas cupiditate ipsam labore ipsam quidem ratione minima iusto.,critical,closed,EMP000086,2026-02-02T19:20:06,2026-03-07T21:36:12,Impedit iusto eveniet ratione temporibus cupiditate numquam.,phone,3,2026-02-02T19:20:06
TKT001107,CUST000005,complaint,Complaint Issue,Quas laborum praesentium eum fuga minima hic quia harum.,high,closed,EMP000052,2026-04-02T18:01:32,2026-05-12T23:56:10,Eligendi est asperiores quae cum quos.,chat,1,2026-04-02T18:01:32
TKT001108,CUST000428,query,Query Issue,Voluptates sunt occaecati quas nostrum corrupti necessitatibus dignissimos.,low,in_progress,EMP000050,2026-08-18T11:49:25,,,branch,,2026-08-18T11:49:25
TKT001109,CUST000344,account_issue,Account Issue Issue,Ipsa consectetur veniam voluptas excepturi quae sequi magnam maiores voluptatem tempora quia qui perspiciatis rem sed.,low,in_progress,EMP000050,2025-08-22T13:04:02,,,branch,,2025-08-22T13:04:02
TKT001110,CUST000904,account_issue,Account Issue Issue,Ipsum hic aspernatur minima occaecati perspiciatis unde pariatur nulla libero magni et.,low,in_progress,EMP000006,2024-09-13T06:56:55,,,chat,,2024-09-13T06:56:55
TKT001111,CUST000278,query,Query Issue,Repudiandae quas quia fuga voluptas et vitae quo quos aspernatur.,low,open,EMP000028,2024-09-04T15:49:06,,,branch,,2024-09-04T15:49:06
TKT001112,CUST000055,fraud_report,Fraud Report Issue,Nihil alias excepturi repellat accusamus excepturi suscipit voluptates explicabo neque itaque eligendi magnam.,medium,in_progress,EMP000019,2026-04-30T16:38:40,,,email,,2026-04-30T16:38:40
TKT001113,CUST000853,request,Request Issue,Sunt vel id ipsa voluptas fugit libero ipsam.,low,open,EMP000051,2025-05-31T15:59:07,,,email,,2025-05-31T15:59:07
TKT001114,CUST000600,complaint,Complaint Issue,Enim reiciendis itaque consequuntur dolores exercitationem ducimus tempora vero quibusdam dolorem.,low,closed,EMP000096,2025-03-24T23:13:03,2025-10-26T16:17:12,Totam expedita occaecati sit nobis nulla provident.,branch,1,2025-03-24T23:13:03
TKT001115,CUST000356,card_issue,Card Issue Issue,Inventore necessitatibus corrupti enim nemo numquam sit asperiores eos repellendus.,high,closed,EMP000094,2026-01-14T23:35:04,2026-03-21T17:54:16,Ad porro recusandae laborum magni culpa pariatur vero.,chat,4,2026-01-14T23:35:04
TKT001116,CUST000267,loan_issue,Loan Issue Issue,Tenetur rem deleniti nostrum perferendis molestias omnis velit totam ducimus.,low,open,EMP000064,2025-01-30T00:32:38,,,phone,,2025-01-30T00:32:38
TKT001117,CUST000291,query,Query Issue,Non ex molestias ducimus sapiente nesciunt harum natus sint molestiae assumenda voluptatibus natus aliquid odio tenetur.,high,closed,EMP000085,2024-11-28T18:04:43,2025-02-11T09:47:51,Facilis iure maiores reprehenderit fugiat corrupti tenetur.,phone,4,2024-11-28T18:04:43
TKT001118,CUST000614,fraud_report,Fraud Report Issue,Deleniti eum incidunt deserunt natus molestiae quis incidunt nihil quia amet minima commodi vero.,medium,closed,EMP000068,2026-01-06T13:44:29,2026-04-02T21:23:33,Itaque cupiditate fugit consequatur.,branch,2,2026-01-06T13:44:29
TKT001119,CUST000452,request,Request Issue,Possimus sint non aperiam vitae possimus quis accusantium veniam odio dolore quas voluptate necessitatibus iure.,low,resolved,EMP000015,2024-07-26T00:08:49,2024-10-04T04:55:04,Voluptate nesciunt laborum dolorem at aliquid dolore.,chat,5,2024-07-26T00:08:49
TKT001120,CUST000655,card_issue,Card Issue Issue,Itaque et aut similique temporibus incidunt omnis voluptatem.,high,resolved,EMP000002,2024-06-19T12:07:28,2025-05-08T14:21:36,Quas dicta officia veniam.,chat,3,2024-06-19T12:07:28
TKT001121,CUST000219,account_issue,Account Issue Issue,Consectetur quod eaque quos eveniet perferendis dolore dolor blanditiis voluptatem a cumque corrupti sapiente.,low,open,EMP000023,2024-10-21T10:13:03,,,chat,,2024-10-21T10:13:03
TKT001122,CUST000938,complaint,Complaint Issue,Impedit nobis atque exercitationem exercitationem dolore mollitia ut.,low,resolved,EMP000038,2025-06-15T16:28:33,2025-11-15T17:19:48,Reprehenderit rerum occaecati repellat soluta.,phone,1,2025-06-15T16:28:33
TKT001123,CUST000337,complaint,Complaint Issue,Laboriosam suscipit doloribus quam occaecati dolorum labore rerum laboriosam atque tempore.,critical,open,EMP000083,2026-08-28T08:21:54,,,chat,,2026-08-28T08:21:54
TKT001124,CUST000281,complaint,Complaint Issue,Cupiditate minus ipsum eum velit adipisci quos amet ipsam nostrum molestias voluptate eos commodi pariatur.,high,closed,EMP000068,2024-11-12T07:45:54,2026-05-10T20:16:04,Debitis minima itaque quidem tenetur.,branch,4,2024-11-12T07:45:54
TKT001125,CUST000019,fraud_report,Fraud Report Issue,Laudantium perspiciatis iure fugit facilis accusantium voluptates dolorum est.,medium,resolved,EMP000088,2025-07-30T06:56:27,2025-12-17T12:15:24,Quod ullam laboriosam deleniti nisi consequatur eum repudiandae.,phone,3,2025-07-30T06:56:27
TKT001126,CUST000568,account_issue,Account Issue Issue,Velit rerum non aspernatur culpa modi quasi quibusdam sequi.,high,resolved,EMP000086,2026-02-19T03:53:11,2026-07-19T17:26:22,Explicabo dignissimos deleniti dignissimos occaecati.,chat,3,2026-02-19T03:53:11
TKT001127,CUST000265,account_issue,Account Issue Issue,Quasi doloribus est eius modi praesentium quae quo optio consequatur porro laudantium.,low,in_progress,EMP000055,2024-01-26T04:51:04,,,phone,,2024-01-26T04:51:04
TKT001128,CUST000210,query,Query Issue,Consectetur debitis optio odit ratione at magni optio officiis voluptas delectus labore aperiam.,low,open,EMP000071,2026-05-11T07:12:14,,,chat,,2026-05-11T07:12:14
TKT001129,CUST000252,request,Request Issue,Animi quos iste veritatis enim sit ratione autem perferendis sunt reiciendis mollitia perspiciatis necessitatibus.,medium,in_progress,EMP000003,2024-04-03T15:38:23,,,phone,,2024-04-03T15:38:23
TKT001130,CUST000498,query,Query Issue,Aperiam cumque praesentium perferendis quidem non ex.,medium,closed,EMP000029,2026-05-01T13:52:07,2026-06-05T09:41:38,Sint autem quia consectetur modi placeat.,branch,2,2026-05-01T13:52:07
TKT001131,CUST000663,card_issue,Card Issue Issue,Libero pariatur reprehenderit error soluta veniam sint itaque quisquam ipsam officia temporibus distinctio pariatur.,medium,closed,EMP000014,2024-03-02T19:53:02,2025-11-29T09:00:42,Quod rem magni laboriosam animi nesciunt.,phone,1,2024-03-02T19:53:02
TKT001132,CUST000724,loan_issue,Loan Issue Issue,Voluptas ea voluptates praesentium quisquam dolore temporibus veniam dolorem expedita sequi delectus laboriosam.,medium,resolved,EMP000026,2024-09-09T05:34:03,2025-04-10T04:23:24,Sint fugit maxime voluptates ipsam.,chat,2,2024-09-09T05:34:03
TKT001133,CUST000415,card_issue,Card Issue Issue,Quia nobis maxime vero qui eos vitae corporis placeat explicabo reprehenderit optio exercitationem eum modi.,medium,in_progress,EMP000019,2026-02-19T14:41:56,,,branch,,2026-02-19T14:41:56
TKT001134,CUST000590,query,Query Issue,Odit doloribus voluptatibus ipsum dolorem minima harum consequuntur autem excepturi impedit nobis rem.,medium,closed,EMP000011,2025-02-04T15:03:51,2025-03-03T10:37:11,Dolor facere cupiditate accusamus numquam.,chat,2,2025-02-04T15:03:51
TKT001135,CUST000595,query,Query Issue,Saepe perferendis voluptas accusamus corporis consequatur corrupti esse voluptatibus dolores.,low,closed,EMP000072,2026-02-08T00:34:35,2026-07-10T05:22:43,Error eaque suscipit iste possimus.,branch,4,2026-02-08T00:34:35
TKT001136,CUST000948,fraud_report,Fraud Report Issue,Quisquam sit illum voluptas sit corporis mollitia quod voluptatem accusamus iure delectus pariatur accusantium mollitia.,medium,closed,EMP000048,2025-02-14T18:10:01,2026-06-17T18:40:09,Omnis et omnis.,phone,2,2025-02-14T18:10:01
TKT001137,CUST000123,query,Query Issue,Ratione blanditiis perferendis ut adipisci non esse dolor accusamus consequuntur voluptas nemo culpa.,medium,in_progress,EMP000005,2026-04-23T16:02:04,,,branch,,2026-04-23T16:02:04
TKT001138,CUST000734,account_issue,Account Issue Issue,Eius eveniet fuga debitis impedit nisi earum iste.,medium,resolved,EMP000086,2025-05-26T04:52:19,2026-01-14T15:45:39,Debitis atque explicabo delectus.,email,3,2025-05-26T04:52:19
TKT001139,CUST000536,card_issue,Card Issue Issue,Aperiam corporis vero vel velit odio soluta nisi earum nesciunt.,medium,in_progress,EMP000043,2026-01-26T05:19:46,,,phone,,2026-01-26T05:19:46
TKT001140,CUST000795,complaint,Complaint Issue,Ex beatae veritatis dolores harum ea neque doloribus quod enim accusamus nobis fugit ducimus quaerat.,medium,open,EMP000088,2026-02-10T17:26:57,,,branch,,2026-02-10T17:26:57
TKT001141,CUST000410,account_issue,Account Issue Issue,Natus perferendis voluptatem ipsam ea unde culpa ipsum maxime.,low,closed,EMP000051,2026-02-04T05:53:38,2026-04-13T03:40:27,Nihil nam vel libero dolorum earum.,phone,5,2026-02-04T05:53:38
TKT001142,CUST000265,request,Request Issue,Adipisci odit rem fugit quia recusandae odio fugiat inventore ipsum corrupti sed consequatur cupiditate perspiciatis.,medium,resolved,EMP000073,2025-08-30T11:43:09,2026-03-10T13:14:01,Officia dignissimos perferendis aut.,email,1,2025-08-30T11:43:09
TKT001143,CUST000011,complaint,Complaint Issue,Nulla minima harum maxime ab temporibus sunt magnam quaerat fugiat ipsam.,medium,open,EMP000053,2025-12-12T18:42:46,,,chat,,2025-12-12T18:42:46
TKT001144,CUST000520,loan_issue,Loan Issue Issue,Neque architecto nisi suscipit beatae quae itaque.,high,in_progress,EMP000058,2026-07-21T11:25:51,,,branch,,2026-07-21T11:25:51
TKT001145,CUST000645,request,Request Issue,Vitae natus quas maiores soluta a quas aut minima maiores.,high,in_progress,EMP000038,2026-05-17T07:49:46,,,branch,,2026-05-17T07:49:46
TKT001146,CUST000176,complaint,Complaint Issue,Nulla incidunt hic deleniti quae minus earum non numquam officiis nemo adipisci.,medium,closed,EMP000056,2024-04-02T04:29:51,2026-07-10T01:25:50,Eligendi quaerat odio.,chat,3,2024-04-02T04:29:51
TKT001147,CUST000298,account_issue,Account Issue Issue,Corrupti nisi mollitia beatae asperiores voluptatibus quibusdam eius alias rerum eveniet.,medium,closed,EMP000020,2025-06-14T11:14:35,2025-06-25T15:28:03,At maxime quo consequatur illum.,phone,4,2025-06-14T11:14:35
TKT001148,CUST000829,complaint,Complaint Issue,Vel quis est ad nobis laudantium consequuntur nisi labore doloremque quas quae omnis hic.,high,resolved,EMP000060,2026-07-16T12:17:44,2026-07-22T10:03:46,Aliquid repudiandae velit deleniti excepturi officia voluptatibus.,chat,1,2026-07-16T12:17:44
TKT001149,CUST000910,account_issue,Account Issue Issue,Exercitationem non molestias molestiae perspiciatis culpa iusto occaecati voluptatibus unde qui minima ipsum voluptates.,high,closed,EMP000009,2024-12-27T13:17:38,2026-06-08T21:33:48,Possimus quidem voluptatibus voluptatum blanditiis ullam rerum.,chat,3,2024-12-27T13:17:38
TKT001150,CUST000111,account_issue,Account Issue Issue,Maxime ratione maiores ex praesentium provident sed fugit nobis enim nobis possimus et error amet quae.,high,resolved,EMP000073,2025-01-21T04:59:35,2025-05-31T18:09:05,Sapiente excepturi pariatur est id corporis.,chat,1,2025-01-21T04:59:35
TKT001151,CUST000605,complaint,Complaint Issue,Minima perferendis labore iste eum veniam neque.,low,open,EMP000043,2024-08-01T08:14:26,,,email,,2024-08-01T08:14:26
TKT001152,CUST000082,complaint,Complaint Issue,Accusantium optio nihil dolore dolorem nemo fugit recusandae veritatis necessitatibus.,low,resolved,EMP000099,2026-06-05T01:27:30,2026-08-24T04:48:38,Pariatur quisquam hic vero magni.,email,5,2026-06-05T01:27:30
TKT001153,CUST000655,fraud_report,Fraud Report Issue,Placeat soluta quasi ab maxime laudantium sapiente ratione aperiam ut libero magni odio possimus omnis provident.,medium,closed,EMP000042,2024-11-10T00:53:22,2025-08-16T23:31:17,Possimus voluptatum iusto sint pariatur dignissimos laborum praesentium.,email,2,2024-11-10T00:53:22
TKT001154,CUST000466,loan_issue,Loan Issue Issue,Nostrum cupiditate consectetur quisquam autem eum aliquam asperiores itaque ad illum qui nobis amet.,medium,closed,EMP000082,2026-02-13T11:59:58,2026-08-25T01:18:07,Debitis necessitatibus repellendus maiores voluptatibus ex cum amet.,email,2,2026-02-13T11:59:58
TKT001155,CUST000622,fraud_report,Fraud Report Issue,Omnis asperiores sunt voluptates quas facere alias est voluptates eveniet quibusdam at iste.,medium,closed,EMP000024,2025-08-31T14:09:01,2025-11-12T01:00:22,Iure aut tenetur molestiae molestiae sequi quos.,email,3,2025-08-31T14:09:01
TKT001156,CUST000366,card_issue,Card Issue Issue,Temporibus dolor quas maiores cumque magni rerum sint magnam itaque fugit quo optio accusantium voluptatum libero.,medium,resolved,EMP000083,2026-07-17T10:03:50,2026-08-21T16:24:37,Laudantium porro odio harum perferendis neque.,branch,2,2026-07-17T10:03:50
TKT001157,CUST000061,request,Request Issue,Rerum quo impedit at architecto veritatis quisquam dolor nostrum earum hic fugiat pariatur explicabo.,medium,closed,EMP000026,2025-03-08T09:26:24,2026-01-15T10:02:52,Necessitatibus ab inventore laborum eaque ratione vel.,email,5,2025-03-08T09:26:24
TKT001158,CUST000281,card_issue,Card Issue Issue,Deleniti saepe tempora tenetur maiores eius iusto corrupti fugiat dicta doloremque reprehenderit.,high,resolved,EMP000032,2025-07-03T04:07:48,2026-08-20T21:37:24,Sapiente veniam suscipit labore.,phone,4,2025-07-03T04:07:48
TKT001159,CUST000119,complaint,Complaint Issue,Repellat dolores placeat nobis voluptatem eum pariatur delectus.,high,in_progress,EMP000022,2024-02-24T17:02:46,,,email,,2024-02-24T17:02:46
TKT001160,CUST000866,request,Request Issue,Vel officia natus quis aspernatur repellendus aperiam autem dignissimos assumenda non.,medium,closed,EMP000026,2024-10-07T05:13:59,2025-05-20T00:28:12,Dolore possimus atque quae quam aperiam.,branch,2,2024-10-07T05:13:59
TKT001161,CUST000070,card_issue,Card Issue Issue,Incidunt molestias enim repellat modi blanditiis nostrum.,medium,open,EMP000023,2024-09-12T13:17:00,,,branch,,2024-09-12T13:17:00
TKT001162,CUST000480,loan_issue,Loan Issue Issue,Repellat aliquam enim tempore animi occaecati non quod delectus ipsam maiores aperiam in eius repudiandae dicta.,medium,closed,EMP000085,2025-06-23T05:23:16,2026-07-08T03:59:32,Tempora consectetur debitis consequatur laborum ut perferendis.,phone,4,2025-06-23T05:23:16
TKT001163,CUST000598,request,Request Issue,Doloribus blanditiis neque tempora repellat veniam nihil itaque fuga.,medium,closed,EMP000043,2025-01-14T06:46:10,2025-12-27T20:34:51,Laboriosam eveniet nam aspernatur quas quo.,email,4,2025-01-14T06:46:10
TKT001164,CUST000631,request,Request Issue,Quasi quia ut dolorem quisquam similique distinctio.,low,resolved,EMP000085,2026-07-17T20:13:56,2026-08-02T09:21:17,Aspernatur optio incidunt error quasi soluta porro.,phone,5,2026-07-17T20:13:56
TKT001165,CUST000083,complaint,Complaint Issue,A eos quibusdam occaecati vel labore distinctio possimus occaecati officiis.,critical,resolved,EMP000042,2024-07-29T02:07:02,2026-05-03T23:49:06,Debitis iusto similique.,phone,2,2024-07-29T02:07:02
TKT001166,CUST000233,query,Query Issue,Ducimus ipsam earum quo beatae itaque excepturi.,high,resolved,EMP000057,2025-12-22T07:42:02,2026-06-02T03:21:02,Voluptatem earum non ab aut cumque architecto voluptatum.,email,3,2025-12-22T07:42:02
TKT001167,CUST000657,card_issue,Card Issue Issue,Rerum quos fugit aliquid fuga ipsam temporibus occaecati consequatur animi adipisci aperiam fugit.,low,resolved,EMP000065,2026-08-31T22:24:40,2026-08-31T23:02:28,Necessitatibus sit consectetur.,email,2,2026-08-31T22:24:40
TKT001168,CUST000281,complaint,Complaint Issue,Omnis amet labore eaque vel eius nemo architecto veritatis laudantium corporis unde quisquam inventore quae.,high,open,EMP000064,2024-10-17T05:10:17,,,email,,2024-10-17T05:10:17
TKT001169,CUST000656,complaint,Complaint Issue,Distinctio sunt ducimus ea fugiat iusto in molestiae quibusdam repudiandae temporibus numquam aspernatur blanditiis repellat.,medium,in_progress,EMP000048,2025-04-07T00:14:12,,,chat,,2025-04-07T00:14:12
TKT001170,CUST000949,loan_issue,Loan Issue Issue,Quas iste doloremque enim incidunt quaerat eius maxime velit sequi sint.,critical,resolved,EMP000015,2025-02-04T16:50:12,2026-04-07T13:02:24,Itaque fuga omnis eligendi omnis.,email,5,2025-02-04T16:50:12
TKT001171,CUST000501,request,Request Issue,Assumenda quisquam voluptatem velit ea ipsum perferendis veniam expedita nihil minima.,high,closed,EMP000041,2024-04-11T05:45:10,2025-01-16T12:43:16,Saepe fugiat laboriosam saepe distinctio consequatur in.,branch,3,2024-04-11T05:45:10
TKT001172,CUST000696,account_issue,Account Issue Issue,Mollitia nemo est ab id eaque itaque perferendis illo vel laboriosam odit suscipit facilis.,medium,closed,EMP000028,2024-06-15T14:21:55,2024-08-06T20:41:40,Accusamus corrupti provident eius reiciendis ut eligendi dignissimos.,email,4,2024-06-15T14:21:55
TKT001173,CUST000875,card_issue,Card Issue Issue,Harum possimus magnam perferendis temporibus consequatur exercitationem tenetur minus aliquid.,medium,open,EMP000052,2026-03-24T06:16:08,,,chat,,2026-03-24T06:16:08
TKT001174,CUST000040,account_issue,Account Issue Issue,Cumque vitae tempore fuga omnis alias ad harum soluta perferendis voluptatem consequatur modi corporis.,low,resolved,EMP000004,2024-05-20T08:14:19,2026-01-04T05:33:45,Ex incidunt asperiores dolorum quibusdam dolore.,branch,3,2024-05-20T08:14:19
TKT001175,CUST000783,card_issue,Card Issue Issue,Dolorem ducimus adipisci unde nulla expedita similique animi aut sed autem molestiae accusamus aspernatur.,critical,in_progress,EMP000001,2025-09-26T06:43:08,,,email,,2025-09-26T06:43:08
TKT001176,CUST000394,request,Request Issue,Totam odio ex eius suscipit eius debitis nisi iure ipsa.,low,open,EMP000069,2024-07-26T10:35:28,,,chat,,2024-07-26T10:35:28
TKT001177,CUST000475,fraud_report,Fraud Report Issue,Excepturi recusandae quas saepe laboriosam laboriosam harum itaque libero maiores itaque quaerat cum nobis animi.,medium,resolved,EMP000058,2026-07-02T07:36:22,2026-08-19T04:14:40,Laboriosam eveniet harum neque quae aliquam.,branch,2,2026-07-02T07:36:22
TKT001178,CUST000432,fraud_report,Fraud Report Issue,Deserunt enim facilis non soluta ipsum numquam natus reiciendis molestias modi.,medium,resolved,EMP000065,2025-01-16T04:46:11,2025-02-01T00:14:35,Reiciendis adipisci sunt molestiae fugiat quibusdam laudantium.,chat,4,2025-01-16T04:46:11
TKT001179,CUST000188,complaint,Complaint Issue,Earum id saepe quos totam atque quo eos sequi ipsum aliquam quaerat dolore architecto ad.,low,closed,EMP000031,2025-09-27T23:47:40,2025-11-04T08:44:35,Porro tenetur veniam cumque at.,branch,2,2025-09-27T23:47:40
TKT001180,CUST000618,account_issue,Account Issue Issue,Commodi ratione iste laudantium vitae officiis autem deleniti possimus architecto voluptatum quis placeat dolor optio neque.,low,resolved,EMP000046,2024-01-15T04:26:35,2025-05-17T01:05:46,Rem voluptatem consequatur repudiandae nesciunt animi.,branch,5,2024-01-15T04:26:35
TKT001181,CUST000452,account_issue,Account Issue Issue,Ab animi id aut occaecati nesciunt eveniet totam animi exercitationem rem quas hic delectus quaerat.,medium,open,EMP000041,2024-04-15T08:18:18,,,branch,,2024-04-15T08:18:18
TKT001182,CUST000508,account_issue,Account Issue Issue,Repellendus cum tempora expedita consectetur corrupti nihil iste aperiam id aspernatur.,low,in_progress,EMP000098,2026-01-24T15:31:30,,,phone,,2026-01-24T15:31:30
TKT001183,CUST000336,account_issue,Account Issue Issue,Enim magnam corporis distinctio repellendus illum dolor veritatis atque nemo dolorum sapiente.,high,resolved,EMP000035,2026-04-02T20:42:32,2026-04-15T21:02:15,Cumque autem perferendis commodi.,email,3,2026-04-02T20:42:32
TKT001184,CUST000034,fraud_report,Fraud Report Issue,Eos ipsa consectetur in ducimus esse impedit repudiandae aspernatur inventore corporis magni.,high,resolved,EMP000098,2026-07-31T16:58:13,2026-08-22T04:16:11,Magni reiciendis nobis cumque labore eum dicta laboriosam.,email,1,2026-07-31T16:58:13
TKT001185,CUST000905,request,Request Issue,Eveniet tenetur exercitationem velit dicta voluptas error tenetur atque exercitationem iste blanditiis natus.,high,in_progress,EMP000095,2024-05-18T06:05:48,,,chat,,2024-05-18T06:05:48
TKT001186,CUST000562,card_issue,Card Issue Issue,Quos ipsam accusantium perferendis sit officiis cupiditate quidem ex ipsam labore aliquid inventore unde minus vel.,medium,in_progress,EMP000031,2024-02-23T04:02:17,,,branch,,2024-02-23T04:02:17
TKT001187,CUST000131,fraud_report,Fraud Report Issue,Temporibus et ullam est natus eaque eum libero quas mollitia provident eos minus ullam dolor.,medium,in_progress,EMP000037,2026-03-18T23:06:50,,,chat,,2026-03-18T23:06:50
TKT001188,CUST000491,account_issue,Account Issue Issue,Explicabo ducimus atque incidunt ea modi sint impedit velit harum dolore.,medium,in_progress,EMP000007,2024-05-13T17:13:23,,,phone,,2024-05-13T17:13:23
TKT001189,CUST000940,card_issue,Card Issue Issue,Excepturi odit culpa esse atque ratione laudantium sed rerum.,medium,closed,EMP000001,2026-04-09T14:35:36,2026-06-10T12:12:11,Placeat illo itaque maxime.,branch,4,2026-04-09T14:35:36
TKT001190,CUST000795,complaint,Complaint Issue,Laboriosam numquam repellat perspiciatis asperiores nobis ipsam laboriosam rem magnam illo consequatur doloribus consequuntur.,high,in_progress,EMP000096,2025-08-17T09:18:34,,,email,,2025-08-17T09:18:34
TKT001191,CUST000508,request,Request Issue,Dicta harum distinctio nihil ea beatae cupiditate recusandae magnam quis alias est id.,low,closed,EMP000074,2025-07-30T00:55:58,2025-09-27T17:20:59,Tempore nemo deleniti illum exercitationem pariatur voluptatum provident.,phone,4,2025-07-30T00:55:58
TKT001192,CUST000106,complaint,Complaint Issue,Fugit ducimus quos reprehenderit occaecati officiis recusandae eligendi occaecati ea.,low,closed,EMP000073,2024-02-24T07:41:49,2024-08-30T08:58:29,Excepturi sit in distinctio sapiente expedita nobis dolorem.,chat,3,2024-02-24T07:41:49
TKT001193,CUST000095,request,Request Issue,Illo ut quos labore odio repellat iste sequi tempora excepturi temporibus minima pariatur nisi.,low,in_progress,EMP000087,2025-08-14T05:28:24,,,email,,2025-08-14T05:28:24
TKT001194,CUST000818,complaint,Complaint Issue,Hic quam error at magni iste cupiditate atque fugit itaque eum amet a nisi perspiciatis.,high,resolved,EMP000006,2025-07-29T19:12:22,2026-08-11T14:34:01,Magni nulla quibusdam veritatis non perspiciatis nihil.,chat,1,2025-07-29T19:12:22
TKT001195,CUST000966,account_issue,Account Issue Issue,Nostrum officia deleniti dicta minima ratione nulla vel sunt autem.,low,closed,EMP000096,2025-03-18T12:23:02,2025-08-28T06:53:47,Accusamus asperiores nemo omnis.,branch,5,2025-03-18T12:23:02
TKT001196,CUST000021,fraud_report,Fraud Report Issue,Fugiat iure animi ullam minus modi voluptatem soluta aperiam quod accusantium dolores quia nostrum earum reprehenderit.,low,closed,EMP000063,2025-04-19T17:01:05,2026-07-05T06:27:29,Corporis tenetur ex tenetur amet.,branch,5,2025-04-19T17:01:05
TKT001197,CUST000952,request,Request Issue,Dolorum voluptatem quia illo nam rerum nam quisquam in.,low,open,EMP000036,2026-06-15T03:32:52,,,email,,2026-06-15T03:32:52
TKT001198,CUST000222,card_issue,Card Issue Issue,Exercitationem similique architecto architecto beatae nisi consectetur.,medium,resolved,EMP000062,2026-03-01T09:09:13,2026-04-10T03:50:29,Itaque nihil id doloremque voluptatem numquam necessitatibus.,branch,3,2026-03-01T09:09:13
TKT001199,CUST000367,loan_issue,Loan Issue Issue,Ut occaecati eos cumque saepe maiores enim cumque.,medium,closed,EMP000036,2025-04-16T00:28:05,2026-05-28T00:13:29,Eius nulla nulla at.,email,2,2025-04-16T00:28:05
TKT001200,CUST000008,loan_issue,Loan Issue Issue,Voluptate fugit doloribus maxime nesciunt debitis qui eveniet illum magni nam.,high,resolved,EMP000091,2024-12-02T16:44:37,2025-06-06T16:21:00,Corporis eligendi cum explicabo quam enim.,email,4,2024-12-02T16:44:37
TKT001201,CUST000756,query,Query Issue,Sint sint architecto minus voluptatibus at facere delectus.,low,resolved,EMP000068,2024-05-08T03:13:31,2025-04-23T02:28:29,Expedita dolore reprehenderit dolore esse cum doloremque.,email,1,2024-05-08T03:13:31
TKT001202,CUST000265,complaint,Complaint Issue,A distinctio totam neque enim nobis velit modi vel nam velit voluptatibus recusandae expedita magnam.,low,in_progress,EMP000060,2026-04-15T18:27:30,,,phone,,2026-04-15T18:27:30
TKT001203,CUST000825,request,Request Issue,Quos cupiditate occaecati vitae nesciunt molestias beatae ducimus voluptate quisquam dicta corrupti dignissimos culpa.,critical,in_progress,EMP000097,2024-06-02T02:31:06,,,email,,2024-06-02T02:31:06
TKT001204,CUST000301,fraud_report,Fraud Report Issue,Ipsa vero libero pariatur deleniti deserunt qui magnam blanditiis repudiandae.,low,closed,EMP000093,2025-06-10T08:27:34,2025-09-04T02:13:28,Aliquam officiis consequuntur.,email,4,2025-06-10T08:27:34
TKT001205,CUST000040,loan_issue,Loan Issue Issue,Nam aliquid tempore quisquam praesentium maxime rerum commodi.,medium,closed,EMP000072,2024-02-09T17:43:34,2024-09-26T02:01:55,Tempore doloribus quisquam provident quod.,phone,5,2024-02-09T17:43:34
TKT001206,CUST000933,fraud_report,Fraud Report Issue,Quos ipsa et cum magni dignissimos mollitia aspernatur nostrum delectus delectus unde nam ad tenetur.,medium,open,EMP000012,2026-08-20T05:59:25,,,email,,2026-08-20T05:59:25
TKT001207,CUST000048,request,Request Issue,Ea debitis est maiores nobis quia corporis dolores ratione tenetur maxime ut hic.,medium,resolved,EMP000032,2025-06-06T20:38:43,2026-05-21T19:39:30,Modi a excepturi fugit hic.,phone,3,2025-06-06T20:38:43
TKT001208,CUST000675,account_issue,Account Issue Issue,Nobis harum laborum illo in beatae illum laudantium consequuntur praesentium veniam veniam necessitatibus odit dolorem.,high,closed,EMP000043,2025-02-19T13:38:14,2025-10-26T06:56:32,Enim deserunt eligendi voluptate atque eveniet.,chat,5,2025-02-19T13:38:14
TKT001209,CUST000192,fraud_report,Fraud Report Issue,Eveniet porro suscipit nostrum repellat laudantium ipsum tenetur assumenda debitis rerum nihil.,medium,closed,EMP000036,2024-04-26T07:30:39,2024-05-16T14:47:44,Quod veniam aliquam voluptates.,branch,4,2024-04-26T07:30:39
TKT001210,CUST000495,card_issue,Card Issue Issue,Ea nam adipisci voluptatibus maxime sint iure libero qui eaque placeat accusantium.,critical,open,EMP000042,2024-11-28T13:31:29,,,branch,,2024-11-28T13:31:29
TKT001211,CUST000620,query,Query Issue,Cum dicta repellat fugiat in alias aut quo enim.,medium,in_progress,EMP000055,2024-12-19T20:05:08,,,chat,,2024-12-19T20:05:08
TKT001212,CUST000494,complaint,Complaint Issue,Recusandae error qui laboriosam natus odit dolore.,low,resolved,EMP000078,2025-05-15T15:22:06,2026-03-07T01:26:58,Voluptates neque sunt soluta qui.,phone,1,2025-05-15T15:22:06
TKT001213,CUST000031,card_issue,Card Issue Issue,Modi dolore nobis error maiores eius suscipit et nesciunt in officiis eligendi.,medium,resolved,EMP000027,2024-06-26T11:12:36,2025-09-27T23:45:39,Officia distinctio voluptates culpa incidunt molestias.,email,5,2024-06-26T11:12:36
TKT001214,CUST000511,loan_issue,Loan Issue Issue,Esse soluta atque asperiores perspiciatis explicabo voluptates id beatae optio esse officiis omnis commodi.,low,open,EMP000002,2026-06-14T08:24:39,,,email,,2026-06-14T08:24:39
TKT001215,CUST000127,query,Query Issue,Dolores nostrum ipsam consectetur tempora dolor et ipsam molestiae earum dignissimos.,low,open,EMP000046,2025-03-14T07:50:34,,,branch,,2025-03-14T07:50:34
TKT001216,CUST000145,account_issue,Account Issue Issue,Aspernatur assumenda provident voluptate quasi natus accusantium deleniti soluta magnam corporis dicta molestias modi.,critical,in_progress,EMP000038,2026-01-29T17:15:15,,,phone,,2026-01-29T17:15:15
TKT001217,CUST000929,query,Query Issue,Similique sit animi architecto possimus sint quam temporibus debitis architecto ipsa saepe inventore eveniet.,low,in_progress,EMP000078,2025-07-31T15:43:53,,,phone,,2025-07-31T15:43:53
TKT001218,CUST000027,query,Query Issue,Ad hic fuga quas impedit illum ducimus aliquid ea recusandae dolor explicabo odio.,low,resolved,EMP000033,2024-05-21T11:12:38,2024-12-23T21:04:23,Totam quasi dolorum laborum non repudiandae.,email,2,2024-05-21T11:12:38
TKT001219,CUST000535,complaint,Complaint Issue,Quibusdam nobis beatae eos ipsam possimus laboriosam voluptatibus nihil fugit dolores at libero amet.,medium,closed,EMP000051,2024-10-24T04:49:34,2025-08-06T16:46:39,Ad nulla ad nulla autem esse eveniet totam.,chat,2,2024-10-24T04:49:34
TKT001220,CUST000062,fraud_report,Fraud Report Issue,Alias enim nisi totam modi alias a et numquam saepe consectetur nobis.,low,resolved,EMP000054,2025-09-20T16:36:01,2026-01-13T15:51:11,Repellendus ut ullam eum tenetur culpa cupiditate.,branch,4,2025-09-20T16:36:01
TKT001221,CUST000351,fraud_report,Fraud Report Issue,Impedit perferendis optio est culpa debitis illo deserunt illum aliquid ex.,medium,open,EMP000058,2024-12-03T12:15:05,,,chat,,2024-12-03T12:15:05
TKT001222,CUST000566,card_issue,Card Issue Issue,Voluptatibus voluptate voluptatibus nam voluptas quae commodi commodi voluptas at.,low,resolved,EMP000078,2026-02-08T18:12:05,2026-08-12T23:09:11,Eveniet quod aut maxime iusto distinctio reprehenderit.,email,2,2026-02-08T18:12:05
TKT001223,CUST000086,account_issue,Account Issue Issue,Officia eius perferendis numquam a ex quibusdam pariatur quia.,medium,resolved,EMP000097,2024-07-21T12:59:06,2026-06-05T13:56:00,Eos est doloremque.,phone,3,2024-07-21T12:59:06
TKT001224,CUST000472,fraud_report,Fraud Report Issue,Culpa voluptatem iusto repellat cupiditate possimus reiciendis voluptas.,medium,in_progress,EMP000066,2025-12-07T09:31:26,,,phone,,2025-12-07T09:31:26
TKT001225,CUST000487,account_issue,Account Issue Issue,Unde illum quibusdam ipsam exercitationem autem illo.,low,open,EMP000055,2025-05-21T05:32:24,,,branch,,2025-05-21T05:32:24
TKT001226,CUST000726,request,Request Issue,Voluptate temporibus consequatur unde sit tempore possimus eveniet est est vero tempora possimus accusamus.,critical,in_progress,EMP000093,2024-05-14T12:34:13,,,branch,,2024-05-14T12:34:13
TKT001227,CUST000195,query,Query Issue,Nam maiores beatae atque exercitationem aut non unde amet nihil sint nobis atque commodi.,medium,closed,EMP000014,2026-05-10T14:02:00,2026-07-15T14:12:45,Doloribus non quos optio corrupti.,phone,5,2026-05-10T14:02:00
TKT001228,CUST000056,query,Query Issue,Ipsam eveniet ipsum expedita cupiditate consequatur iusto quia sint adipisci nostrum eveniet alias.,medium,open,EMP000025,2024-07-02T16:29:21,,,phone,,2024-07-02T16:29:21
TKT001229,CUST000629,loan_issue,Loan Issue Issue,Nostrum voluptates magnam nisi et ipsam vitae incidunt omnis aut at.,low,open,EMP000026,2024-04-04T04:35:06,,,phone,,2024-04-04T04:35:06
TKT001230,CUST000343,query,Query Issue,Deleniti provident soluta velit in hic accusantium ducimus perspiciatis sunt dignissimos voluptate nulla perspiciatis delectus.,low,in_progress,EMP000001,2024-07-03T12:49:54,,,chat,,2024-07-03T12:49:54
TKT001231,CUST000232,account_issue,Account Issue Issue,Porro dolor veniam sed assumenda officiis commodi necessitatibus praesentium culpa est sapiente eius officia.,high,in_progress,EMP000075,2025-05-13T23:46:20,,,phone,,2025-05-13T23:46:20
TKT001232,CUST000682,query,Query Issue,Amet eligendi consequuntur officiis atque qui voluptatum numquam nam ad nesciunt rem provident ullam repellendus a.,medium,resolved,EMP000043,2024-11-02T08:51:13,2025-06-12T20:26:02,Molestiae laudantium maiores iure unde.,branch,1,2024-11-02T08:51:13
TKT001233,CUST000731,card_issue,Card Issue Issue,Reprehenderit saepe placeat minima rem autem deserunt repellat atque explicabo suscipit quos soluta.,high,in_progress,EMP000078,2026-04-01T05:44:05,,,email,,2026-04-01T05:44:05
TKT001234,CUST000847,request,Request Issue,Minus corrupti eaque atque exercitationem eum nulla nisi velit.,high,open,EMP000068,2024-01-05T08:12:24,,,branch,,2024-01-05T08:12:24
TKT001235,CUST000315,request,Request Issue,Ex quo harum sunt culpa aspernatur accusantium optio fugiat.,critical,resolved,EMP000016,2026-07-12T18:33:06,2026-08-13T15:10:15,Necessitatibus recusandae aperiam dignissimos qui nihil repellat.,branch,2,2026-07-12T18:33:06
TKT001236,CUST000029,fraud_report,Fraud Report Issue,Ipsa vero eligendi dicta sit adipisci tempora tempora doloremque nesciunt.,low,open,EMP000081,2025-03-29T06:27:39,,,email,,2025-03-29T06:27:39
TKT001237,CUST000720,complaint,Complaint Issue,Eaque consequuntur quae voluptatum dolor facere perferendis natus inventore laboriosam.,medium,open,EMP000098,2025-12-31T09:13:16,,,branch,,2025-12-31T09:13:16
TKT001238,CUST000037,account_issue,Account Issue Issue,Porro aliquam et magni aspernatur facere ullam ex officiis suscipit ipsum aspernatur.,high,in_progress,EMP000002,2024-05-25T08:21:10,,,chat,,2024-05-25T08:21:10
TKT001239,CUST000474,account_issue,Account Issue Issue,Ullam officia delectus quibusdam voluptates fuga vel consectetur amet placeat porro veritatis.,high,closed,EMP000010,2026-02-07T03:38:40,2026-08-16T17:24:14,Eligendi nulla voluptate necessitatibus.,phone,1,2026-02-07T03:38:40
TKT001240,CUST000533,card_issue,Card Issue Issue,Ab soluta odit sint fuga earum eum excepturi quasi modi reiciendis iste neque.,medium,closed,EMP000040,2024-08-11T14:10:56,2026-06-21T10:27:44,Fugit provident adipisci quisquam cum nam.,phone,5,2024-08-11T14:10:56
TKT001241,CUST000354,account_issue,Account Issue Issue,Iure sapiente explicabo sunt eaque sequi debitis nostrum repudiandae consequuntur numquam animi possimus enim dignissimos.,high,open,EMP000076,2024-05-11T12:49:11,,,branch,,2024-05-11T12:49:11
TKT001242,CUST000444,complaint,Complaint Issue,Cupiditate temporibus accusamus incidunt at in doloremque.,low,open,EMP000007,2024-03-30T10:10:13,,,branch,,2024-03-30T10:10:13
TKT001243,CUST000650,loan_issue,Loan Issue Issue,Laborum ullam sapiente repudiandae a vel esse.,low,resolved,EMP000097,2026-07-21T10:10:09,2026-08-01T14:34:03,Rem ipsa suscipit nemo expedita enim neque.,branch,3,2026-07-21T10:10:09
TKT001244,CUST000468,complaint,Complaint Issue,Omnis nihil suscipit minima doloribus hic itaque rerum pariatur cumque a libero corrupti ipsa velit.,medium,resolved,EMP000004,2025-09-14T16:40:44,2026-05-10T12:48:58,Cupiditate beatae odit aliquid.,branch,2,2025-09-14T16:40:44
TKT001245,CUST000601,query,Query Issue,Quas omnis aliquid provident sit cum est deleniti voluptatum.,medium,in_progress,EMP000048,2024-10-15T15:17:25,,,chat,,2024-10-15T15:17:25
TKT001246,CUST000354,fraud_report,Fraud Report Issue,Nihil repudiandae maiores dolore commodi ad sunt molestias fugit laboriosam quis sequi alias.,medium,resolved,EMP000071,2024-02-02T14:43:14,2026-02-23T03:10:47,Ullam consequuntur eius ullam reiciendis enim.,branch,2,2024-02-02T14:43:14
TKT001247,CUST000410,fraud_report,Fraud Report Issue,Vel atque rerum perferendis occaecati soluta asperiores natus consectetur.,high,in_progress,EMP000061,2025-03-11T07:52:16,,,email,,2025-03-11T07:52:16
TKT001248,CUST000888,complaint,Complaint Issue,Cupiditate ad debitis totam asperiores alias nihil ducimus sint officiis.,high,closed,EMP000038,2025-05-09T15:02:54,2025-07-25T23:11:52,Incidunt suscipit recusandae illo deserunt pariatur quos animi.,email,4,2025-05-09T15:02:54
TKT001249,CUST000864,query,Query Issue,Cumque impedit saepe consectetur quaerat ipsam voluptatem.,medium,resolved,EMP000063,2024-09-02T08:36:10,2024-12-03T11:49:00,Tempora placeat nesciunt unde dicta modi corporis minus.,branch,5,2024-09-02T08:36:10
TKT001250,CUST000126,loan_issue,Loan Issue Issue,Ut vero ea illo voluptatem fugit quasi earum quam.,medium,resolved,EMP000010,2026-02-25T08:27:44,2026-06-01T22:45:45,Perferendis rerum repellat minima vel enim rerum.,branch,5,2026-02-25T08:27:44
TKT001251,CUST000892,account_issue,Account Issue Issue,Esse deleniti laudantium in quod id esse in.,medium,resolved,EMP000044,2026-04-12T19:40:38,2026-05-17T09:48:45,Dolorum illo cumque nobis aperiam vitae deleniti.,branch,1,2026-04-12T19:40:38
TKT001252,CUST000134,complaint,Complaint Issue,Saepe quam deleniti dolor ipsa dolorum officiis aspernatur alias dignissimos a a veritatis assumenda aliquam.,low,resolved,EMP000025,2024-01-05T03:38:34,2025-12-28T08:31:35,Quod accusamus laudantium occaecati eligendi.,email,1,2024-01-05T03:38:34
TKT001253,CUST000285,query,Query Issue,Ullam atque modi tenetur nostrum voluptatibus fugiat rerum maxime atque magni eligendi consequatur.,low,open,EMP000067,2024-05-23T08:15:52,,,phone,,2024-05-23T08:15:52
TKT001254,CUST000781,request,Request Issue,Esse dicta saepe molestiae consequatur deleniti aut magnam eos vero rem necessitatibus repellat repudiandae.,high,closed,EMP000002,2024-12-31T20:31:27,2025-10-12T16:49:42,Asperiores veniam consequatur cumque dignissimos facilis fugiat.,phone,1,2024-12-31T20:31:27
TKT001255,CUST000348,complaint,Complaint Issue,Est iusto possimus praesentium sequi a voluptatibus rem ipsum error blanditiis odio.,medium,resolved,EMP000081,2025-07-08T07:31:17,2026-06-03T22:57:27,Quod quos voluptate commodi.,email,5,2025-07-08T07:31:17
TKT001256,CUST000789,card_issue,Card Issue Issue,Officiis repellendus corrupti praesentium nobis asperiores porro architecto dolorum nam consequuntur magni adipisci facere dicta.,high,in_progress,EMP000052,2025-12-05T13:08:13,,,phone,,2025-12-05T13:08:13
TKT001257,CUST000551,query,Query Issue,Minus necessitatibus velit optio vel corrupti nisi suscipit assumenda ducimus laborum iusto nostrum nostrum voluptatum.,low,closed,EMP000056,2024-10-02T22:59:59,2026-05-03T17:09:32,Molestiae facilis excepturi dolorem voluptas exercitationem.,phone,1,2024-10-02T22:59:59
TKT001258,CUST000351,loan_issue,Loan Issue Issue,Corporis maxime numquam sint excepturi unde eius alias nemo facere quasi ratione maiores debitis laborum.,low,closed,EMP000091,2025-04-08T14:22:36,2026-02-20T17:33:11,Id a quae enim distinctio quis omnis.,email,2,2025-04-08T14:22:36
TKT001259,CUST000121,request,Request Issue,Cupiditate voluptatem totam corporis velit eos blanditiis cumque quia officiis repudiandae eligendi.,low,resolved,EMP000004,2026-07-13T04:46:56,2026-08-11T22:16:01,Ullam adipisci ducimus quod officia reiciendis.,phone,3,2026-07-13T04:46:56
TKT001260,CUST000454,fraud_report,Fraud Report Issue,Dolorem ea quasi nulla ipsum repellat consequuntur ipsam nihil soluta sapiente consequuntur.,low,open,EMP000042,2025-09-02T13:50:24,,,chat,,2025-09-02T13:50:24
TKT001261,CUST000995,account_issue,Account Issue Issue,Facilis necessitatibus nostrum explicabo quidem dolorum tempore facere a.,low,open,EMP000012,2024-10-30T04:34:52,,,branch,,2024-10-30T04:34:52
TKT001262,CUST000840,query,Query Issue,Veritatis quas consequuntur a nobis in eveniet saepe libero occaecati dolorum tenetur cum sit dignissimos.,medium,resolved,EMP000065,2026-08-21T04:04:58,2026-08-31T08:43:14,Ratione excepturi corrupti quasi cumque recusandae quas.,branch,3,2026-08-21T04:04:58
TKT001263,CUST000622,request,Request Issue,Impedit dolorum nulla necessitatibus vel unde deserunt libero voluptatem consequatur magni praesentium.,high,resolved,EMP000051,2026-03-30T08:00:18,2026-06-06T21:29:02,Quasi facilis sed rem.,email,5,2026-03-30T08:00:18
TKT001264,CUST000691,loan_issue,Loan Issue Issue,Ducimus voluptas saepe consequatur provident quo atque sint commodi sint.,low,resolved,EMP000029,2026-02-24T00:56:06,2026-05-14T21:19:02,Explicabo esse optio quos.,email,2,2026-02-24T00:56:06
TKT001265,CUST000319,complaint,Complaint Issue,Officia sint voluptate quas sit dolore accusamus ullam nisi.,low,resolved,EMP000052,2026-01-28T14:51:36,2026-02-02T10:16:43,Architecto eaque quas.,branch,1,2026-01-28T14:51:36
TKT001266,CUST000229,loan_issue,Loan Issue Issue,Atque eaque vel asperiores excepturi vero sint minima ipsa dolor nam itaque pariatur eligendi recusandae.,medium,closed,EMP000022,2025-04-21T15:22:33,2026-06-14T15:35:49,Quis modi atque animi quia omnis nihil.,chat,2,2025-04-21T15:22:33
TKT001267,CUST000897,loan_issue,Loan Issue Issue,Quisquam provident aliquam alias facere placeat modi hic optio fuga cum voluptates voluptatibus laboriosam maiores.,low,closed,EMP000045,2024-10-06T17:23:06,2025-05-30T11:58:50,At doloribus facere.,branch,3,2024-10-06T17:23:06
TKT001268,CUST000730,loan_issue,Loan Issue Issue,Harum eaque veniam accusamus eligendi aperiam commodi est.,low,resolved,EMP000025,2024-03-18T04:54:02,2026-07-18T04:01:46,Explicabo accusamus itaque sapiente unde.,chat,4,2024-03-18T04:54:02
TKT001269,CUST000373,card_issue,Card Issue Issue,Labore laborum similique nostrum dolorum ex dignissimos porro accusantium reprehenderit eaque doloremque minus.,critical,resolved,EMP000006,2025-03-18T02:19:15,2026-04-18T07:54:01,Similique perspiciatis sit perferendis quis ullam commodi.,phone,3,2025-03-18T02:19:15
TKT001270,CUST000296,account_issue,Account Issue Issue,Deleniti ipsum pariatur incidunt dolorum labore beatae ipsa exercitationem soluta voluptate.,low,resolved,EMP000004,2026-08-25T11:41:56,2026-08-26T10:49:23,Excepturi ex ab culpa ipsa suscipit delectus.,phone,5,2026-08-25T11:41:56
TKT001271,CUST000972,loan_issue,Loan Issue Issue,Reiciendis in atque itaque exercitationem velit laborum libero consectetur commodi tempore inventore doloribus nulla fuga.,high,open,EMP000063,2024-10-20T07:32:42,,,email,,2024-10-20T07:32:42
TKT001272,CUST000986,card_issue,Card Issue Issue,Vitae modi dignissimos porro iusto quas quia nobis fugit ab id esse voluptatem.,medium,open,EMP000023,2024-05-16T03:16:50,,,chat,,2024-05-16T03:16:50
TKT001273,CUST000515,complaint,Complaint Issue,Voluptas repellat voluptate quaerat quas quisquam incidunt explicabo quaerat in illo enim totam nihil numquam.,low,closed,EMP000038,2025-11-26T18:47:14,2026-08-07T10:12:55,Corrupti quibusdam illo explicabo atque.,chat,2,2025-11-26T18:47:14
TKT001274,CUST000574,request,Request Issue,Velit exercitationem autem occaecati veritatis quod pariatur quo nam.,high,open,EMP000032,2024-09-13T11:44:19,,,email,,2024-09-13T11:44:19
TKT001275,CUST000212,fraud_report,Fraud Report Issue,Praesentium quisquam doloribus non voluptatibus deserunt sunt nulla pariatur quo quae in est unde inventore magnam.,critical,closed,EMP000088,2026-07-29T13:08:41,2026-08-07T03:41:27,Quibusdam doloribus laboriosam et sed.,chat,1,2026-07-29T13:08:41
TKT001276,CUST000090,account_issue,Account Issue Issue,Blanditiis odit laboriosam nobis aliquam praesentium aliquid unde doloremque ad ad aut autem odio.,medium,in_progress,EMP000072,2025-02-01T00:02:23,,,phone,,2025-02-01T00:02:23
TKT001277,CUST000093,query,Query Issue,Laudantium fugit dignissimos optio voluptatem blanditiis quam fugiat provident consectetur alias iusto accusantium sequi quos.,low,resolved,EMP000065,2024-10-08T20:03:57,2025-03-13T20:27:53,Non veniam ad eum impedit earum.,email,5,2024-10-08T20:03:57
TKT001278,CUST000628,loan_issue,Loan Issue Issue,Voluptatem aliquam cumque provident exercitationem dignissimos ipsa doloremque illum debitis ex.,critical,closed,EMP000034,2025-11-22T04:16:34,2025-12-08T23:21:45,Provident quos ipsam.,email,4,2025-11-22T04:16:34
TKT001279,CUST000597,query,Query Issue,Officia nisi voluptate aspernatur in porro vel iste.,medium,in_progress,EMP000007,2026-06-30T06:06:53,,,branch,,2026-06-30T06:06:53
TKT001280,CUST000516,loan_issue,Loan Issue Issue,Aliquam occaecati nihil similique ad adipisci harum et sunt.,medium,in_progress,EMP000048,2025-05-10T11:01:22,,,branch,,2025-05-10T11:01:22
TKT001281,CUST000608,request,Request Issue,Eaque magnam sunt deleniti quisquam libero repellendus.,critical,resolved,EMP000076,2025-03-29T05:40:57,2026-04-03T03:50:34,Tenetur assumenda vel rerum expedita inventore.,email,5,2025-03-29T05:40:57
TKT001282,CUST000868,fraud_report,Fraud Report Issue,Autem quibusdam possimus exercitationem maxime ad occaecati quidem.,medium,in_progress,EMP000074,2026-04-28T22:08:53,,,branch,,2026-04-28T22:08:53
TKT001283,CUST000314,query,Query Issue,Minima vitae totam repudiandae inventore praesentium quisquam veniam quisquam.,low,closed,EMP000042,2026-04-16T10:54:21,2026-05-22T23:10:40,Veritatis aut ex ipsum animi animi deserunt.,branch,5,2026-04-16T10:54:21
TKT001284,CUST000611,request,Request Issue,Veniam ea et delectus sed placeat eos.,high,in_progress,EMP000004,2026-07-22T06:18:50,,,phone,,2026-07-22T06:18:50
TKT001285,CUST000252,account_issue,Account Issue Issue,Modi voluptatibus quae eveniet id vero dignissimos tenetur est.,high,in_progress,EMP000010,2026-04-05T21:16:28,,,email,,2026-04-05T21:16:28
TKT001286,CUST000307,request,Request Issue,Voluptates natus amet voluptatum minima neque rerum autem ad.,low,resolved,EMP000022,2024-12-24T17:13:40,2025-11-24T09:15:14,Animi voluptate suscipit voluptatum hic asperiores repellat error.,chat,5,2024-12-24T17:13:40
TKT001287,CUST000815,request,Request Issue,Neque nemo atque eius nam temporibus repudiandae harum.,low,in_progress,EMP000033,2025-11-19T18:31:31,,,branch,,2025-11-19T18:31:31
TKT001288,CUST000030,query,Query Issue,Magnam temporibus sequi itaque commodi iure dolorem quos unde.,low,resolved,EMP000040,2024-10-20T21:00:57,2025-12-20T03:43:37,Eum ipsum dolor culpa rem maxime.,chat,5,2024-10-20T21:00:57
TKT001289,CUST000764,request,Request Issue,Beatae sed tenetur aliquid est eaque numquam dolor amet recusandae eaque maxime quibusdam ducimus.,medium,in_progress,EMP000052,2025-02-22T13:49:46,,,branch,,2025-02-22T13:49:46
TKT001290,CUST000802,query,Query Issue,Voluptatibus pariatur laboriosam beatae atque repellat quos.,low,closed,EMP000018,2024-05-12T19:19:05,2026-01-17T10:03:58,Aliquid dicta dignissimos deleniti temporibus quia dicta at.,email,5,2024-05-12T19:19:05
TKT001291,CUST000144,fraud_report,Fraud Report Issue,Dolorum amet a veniam commodi fugit similique ad illo voluptas consequatur repudiandae eum.,low,resolved,EMP000049,2024-08-07T13:32:53,2026-07-04T10:22:22,Maxime eaque cum quaerat.,chat,4,2024-08-07T13:32:53
TKT001292,CUST000270,card_issue,Card Issue Issue,Velit eaque facilis saepe ad cum quasi iusto iusto hic voluptate ad.,medium,closed,EMP000082,2024-02-15T02:11:36,2025-10-19T07:05:24,Nam distinctio error accusamus magni.,chat,5,2024-02-15T02:11:36
TKT001293,CUST000480,card_issue,Card Issue Issue,Fugiat architecto eos fugiat nesciunt nesciunt aperiam excepturi occaecati qui enim.,medium,in_progress,EMP000033,2025-07-27T23:12:23,,,phone,,2025-07-27T23:12:23
TKT001294,CUST000438,query,Query Issue,Id iure necessitatibus veniam aperiam cum earum consequatur vitae aperiam aperiam dolorem aspernatur nulla occaecati.,medium,closed,EMP000081,2025-08-27T07:47:34,2025-10-11T09:41:30,Error repellat delectus.,chat,1,2025-08-27T07:47:34
TKT001295,CUST000674,account_issue,Account Issue Issue,Cupiditate atque nesciunt saepe saepe aperiam facere tempore.,high,closed,EMP000082,2026-05-27T04:03:58,2026-07-13T14:30:32,Dicta iusto molestias qui rerum.,chat,4,2026-05-27T04:03:58
TKT001296,CUST000989,loan_issue,Loan Issue Issue,Possimus sequi minima blanditiis saepe fugit optio quam esse repudiandae temporibus sed nobis ducimus a hic.,medium,open,EMP000095,2026-01-13T00:40:51,,,branch,,2026-01-13T00:40:51
TKT001297,CUST000581,fraud_report,Fraud Report Issue,Pariatur incidunt dolorem cumque id et explicabo quod nisi ut fugiat optio.,low,resolved,EMP000059,2025-03-23T02:07:35,2025-10-19T12:39:44,Illum aliquid nobis sunt minus repellendus harum.,email,2,2025-03-23T02:07:35
TKT001298,CUST000190,account_issue,Account Issue Issue,A possimus quidem pariatur nemo inventore occaecati dicta quae quam ab temporibus iusto commodi ab.,medium,resolved,EMP000011,2026-01-10T14:04:23,2026-07-16T04:12:51,Saepe dolore dolor quo et nemo voluptatibus.,phone,2,2026-01-10T14:04:23
TKT001299,CUST000890,request,Request Issue,Vero pariatur dolore odio ad ducimus deserunt impedit soluta quibusdam aspernatur et.,low,resolved,EMP000051,2024-06-10T04:36:50,2025-10-16T01:18:21,Quae a consectetur reiciendis ex quo.,phone,2,2024-06-10T04:36:50
TKT001300,CUST000911,complaint,Complaint Issue,Quia earum eveniet hic consequatur nihil veritatis doloribus.,low,in_progress,EMP000043,2024-06-14T19:04:55,,,email,,2024-06-14T19:04:55
TKT001301,CUST000830,card_issue,Card Issue Issue,Corrupti quam perspiciatis laborum dolorum reprehenderit rerum consectetur magnam laudantium quam.,medium,open,EMP000028,2024-06-22T23:28:25,,,chat,,2024-06-22T23:28:25
TKT001302,CUST000182,request,Request Issue,Vero assumenda iste excepturi odio placeat ullam unde.,low,in_progress,EMP000097,2024-10-17T12:46:59,,,branch,,2024-10-17T12:46:59
TKT001303,CUST000861,request,Request Issue,Quasi accusamus odio alias ex aliquid delectus inventore dolorum doloribus deleniti delectus rerum suscipit iste.,low,open,EMP000004,2024-03-27T15:32:58,,,chat,,2024-03-27T15:32:58
TKT001304,CUST000842,card_issue,Card Issue Issue,Saepe repudiandae tempora soluta eos pariatur nulla esse minus exercitationem laudantium cupiditate temporibus.,medium,in_progress,EMP000096,2025-10-08T13:51:50,,,branch,,2025-10-08T13:51:50
TKT001305,CUST000782,account_issue,Account Issue Issue,Hic tempora quae nobis expedita velit atque eum id perspiciatis.,low,closed,EMP000054,2024-10-22T13:12:17,2025-12-29T08:29:17,Est odit perferendis nam tenetur amet.,branch,4,2024-10-22T13:12:17
TKT001306,CUST000398,card_issue,Card Issue Issue,Temporibus optio eligendi tempora adipisci voluptate voluptas dolore quo sint.,high,resolved,EMP000030,2024-10-30T19:02:41,2026-06-11T03:46:32,Quisquam consectetur eius maxime.,branch,4,2024-10-30T19:02:41
TKT001307,CUST000860,fraud_report,Fraud Report Issue,Consectetur harum error dolor totam nostrum ullam est rem cum ex quam magni provident repudiandae accusantium.,low,in_progress,EMP000074,2024-12-10T09:41:18,,,phone,,2024-12-10T09:41:18
TKT001308,CUST000959,loan_issue,Loan Issue Issue,Neque quas ipsam asperiores possimus vitae iste.,medium,resolved,EMP000051,2025-06-28T04:29:42,2026-07-01T21:36:38,A iure nam iste maiores.,chat,5,2025-06-28T04:29:42
TKT001309,CUST000621,request,Request Issue,Ad asperiores vero impedit ipsam dicta repudiandae.,medium,resolved,EMP000017,2025-03-03T17:49:22,2025-07-21T04:19:53,Laborum natus est harum non.,email,4,2025-03-03T17:49:22
TKT001310,CUST000479,request,Request Issue,Nulla mollitia neque unde tempora impedit optio porro ea beatae sapiente cupiditate.,medium,in_progress,EMP000018,2025-03-17T02:03:09,,,email,,2025-03-17T02:03:09
TKT001311,CUST000573,loan_issue,Loan Issue Issue,Amet error doloribus debitis exercitationem nemo perferendis eos iusto sed corporis molestias suscipit tempora maiores a.,medium,in_progress,EMP000090,2026-07-19T16:02:56,,,branch,,2026-07-19T16:02:56
TKT001312,CUST000831,request,Request Issue,Occaecati dolorum beatae dolore nobis facere reprehenderit reprehenderit porro.,low,resolved,EMP000097,2024-03-27T15:34:28,2026-02-26T05:34:22,Eaque vitae officiis veniam.,email,4,2024-03-27T15:34:28
TKT001313,CUST000312,card_issue,Card Issue Issue,Esse nostrum adipisci officiis officiis nesciunt corporis nam enim ipsa molestias.,low,resolved,EMP000032,2025-12-23T16:06:06,2026-02-14T02:28:29,Quo nulla explicabo quis.,email,2,2025-12-23T16:06:06
TKT001314,CUST000597,loan_issue,Loan Issue Issue,Veritatis officiis sed voluptate delectus dolorem eligendi dolore eius occaecati corporis fuga sed alias.,medium,resolved,EMP000083,2025-01-31T18:50:10,2026-08-31T12:06:59,Repudiandae odit distinctio quibusdam.,branch,5,2025-01-31T18:50:10
TKT001315,CUST000803,request,Request Issue,Quod consectetur minus expedita minima veritatis minima dignissimos laudantium beatae.,low,in_progress,EMP000094,2025-04-06T08:55:12,,,branch,,2025-04-06T08:55:12
TKT001316,CUST000808,account_issue,Account Issue Issue,Facere eligendi aliquid rerum quam minima aperiam iure iure minima hic facere vel quae.,low,resolved,EMP000006,2025-09-27T19:07:15,2026-05-13T16:42:47,Esse eligendi asperiores voluptatum cumque.,chat,5,2025-09-27T19:07:15
TKT001317,CUST000593,complaint,Complaint Issue,Ducimus quibusdam quaerat ad sapiente inventore ducimus quas labore corporis quo.,medium,in_progress,EMP000097,2024-09-01T13:38:37,,,email,,2024-09-01T13:38:37
TKT001318,CUST000358,card_issue,Card Issue Issue,Voluptatibus ipsum occaecati labore cum blanditiis deleniti velit.,high,in_progress,EMP000068,2024-10-28T16:22:11,,,chat,,2024-10-28T16:22:11
TKT001319,CUST000571,account_issue,Account Issue Issue,Temporibus ipsa dignissimos similique possimus nobis quidem aliquid accusantium quidem libero enim suscipit.,low,closed,EMP000074,2025-04-08T21:03:23,2025-08-08T18:19:28,Tempora illo ipsam vitae necessitatibus odio consequuntur.,email,1,2025-04-08T21:03:23
TKT001320,CUST000301,request,Request Issue,Impedit modi unde inventore ducimus praesentium non iste incidunt repudiandae ipsa numquam inventore magni.,medium,closed,EMP000035,2024-08-13T06:46:42,2025-03-18T06:51:51,Hic voluptas praesentium repellendus.,chat,2,2024-08-13T06:46:42
TKT001321,CUST000603,fraud_report,Fraud Report Issue,Voluptatum natus ad asperiores quas tempora officia harum.,high,closed,EMP000087,2024-12-15T09:10:35,2025-05-18T09:34:49,Esse deleniti veniam iste vero doloribus dolorem unde.,phone,1,2024-12-15T09:10:35
TKT001322,CUST000661,account_issue,Account Issue Issue,Minima laborum atque quis amet ad ipsam et aut quis soluta voluptatibus dolor modi fuga occaecati.,high,in_progress,EMP000057,2024-12-12T18:25:08,,,phone,,2024-12-12T18:25:08
TKT001323,CUST000805,complaint,Complaint Issue,Maxime facere eveniet enim commodi sed est aperiam tempora.,high,resolved,EMP000069,2025-10-27T17:42:29,2026-03-13T01:39:23,Vel saepe incidunt officia facere.,chat,2,2025-10-27T17:42:29
TKT001324,CUST000068,query,Query Issue,Quae iure consequatur aspernatur dicta unde aliquid animi ipsum atque aut ab.,high,in_progress,EMP000050,2025-01-17T10:10:42,,,phone,,2025-01-17T10:10:42
TKT001325,CUST000872,query,Query Issue,Eligendi non illo non incidunt culpa blanditiis quos ab minus corrupti ad excepturi odio est.,critical,open,EMP000037,2024-08-18T16:40:07,,,chat,,2024-08-18T16:40:07
TKT001326,CUST000434,card_issue,Card Issue Issue,Quae dolorem explicabo consequuntur tenetur impedit assumenda magnam doloremque aperiam omnis occaecati eos amet.,critical,closed,EMP000067,2025-11-03T16:57:16,2026-04-26T07:41:29,Nostrum quasi nesciunt voluptatibus sapiente quod quidem a.,phone,5,2025-11-03T16:57:16
TKT001327,CUST000894,loan_issue,Loan Issue Issue,Illum enim quae temporibus necessitatibus tenetur maxime rerum suscipit soluta expedita fuga.,low,open,EMP000060,2024-09-01T17:01:07,,,phone,,2024-09-01T17:01:07
TKT001328,CUST000235,account_issue,Account Issue Issue,Suscipit explicabo neque repellat nihil perspiciatis libero rerum cumque possimus.,medium,in_progress,EMP000007,2024-05-15T10:10:31,,,email,,2024-05-15T10:10:31
TKT001329,CUST000277,loan_issue,Loan Issue Issue,Aspernatur perferendis maiores deleniti ut saepe ipsa porro veniam ad voluptates.,high,in_progress,EMP000088,2025-12-16T09:05:09,,,email,,2025-12-16T09:05:09
TKT001330,CUST000770,fraud_report,Fraud Report Issue,Recusandae officiis quod sed aliquid quam tenetur molestiae nulla veritatis tenetur minus quos cumque est voluptatem.,high,resolved,EMP000063,2025-08-22T11:28:54,2026-05-28T08:59:20,Nesciunt reprehenderit inventore placeat rerum.,branch,4,2025-08-22T11:28:54
TKT001331,CUST000595,card_issue,Card Issue Issue,Maiores laboriosam harum expedita aliquid corrupti magnam nostrum recusandae laboriosam quisquam.,high,closed,EMP000004,2024-07-26T18:31:39,2025-09-09T05:15:14,Tenetur odio error labore soluta voluptas commodi.,chat,1,2024-07-26T18:31:39
TKT001332,CUST000870,loan_issue,Loan Issue Issue,Eius voluptates animi at minima dolorem ab optio autem earum qui explicabo earum repellat ab.,medium,resolved,EMP000021,2025-02-21T04:20:32,2026-02-24T06:50:41,Eligendi dolor quasi.,phone,2,2025-02-21T04:20:32
TKT001333,CUST000963,loan_issue,Loan Issue Issue,Ducimus dolorem nobis veniam similique officia excepturi voluptate animi.,medium,resolved,EMP000040,2024-10-01T02:44:50,2025-03-08T02:28:27,Soluta cumque saepe similique nostrum quisquam laboriosam harum.,branch,2,2024-10-01T02:44:50
TKT001334,CUST000747,request,Request Issue,Eius possimus hic laborum mollitia maxime illo perspiciatis illo.,medium,open,EMP000064,2026-06-25T11:36:13,,,email,,2026-06-25T11:36:13
TKT001335,CUST000092,loan_issue,Loan Issue Issue,Harum repudiandae hic incidunt quas iure sapiente voluptas laboriosam.,critical,in_progress,EMP000011,2026-01-30T01:05:42,,,chat,,2026-01-30T01:05:42
TKT001336,CUST000312,account_issue,Account Issue Issue,Veritatis numquam maiores natus a ab blanditiis officia.,medium,resolved,EMP000008,2024-03-16T20:19:10,2025-06-19T15:37:17,Quibusdam maxime soluta sunt consequuntur consequuntur libero.,email,3,2024-03-16T20:19:10
TKT001337,CUST000517,loan_issue,Loan Issue Issue,Omnis illum aliquid nesciunt ipsa mollitia aperiam distinctio praesentium pariatur velit eveniet sapiente accusamus adipisci.,medium,resolved,EMP000031,2025-11-02T02:20:35,2026-03-10T19:23:25,Eos molestiae deleniti perferendis nihil perspiciatis.,email,3,2025-11-02T02:20:35
TKT001338,CUST000863,fraud_report,Fraud Report Issue,Ad veritatis repellat expedita totam quod praesentium.,medium,in_progress,EMP000038,2025-07-08T04:24:43,,,phone,,2025-07-08T04:24:43
TKT001339,CUST000086,complaint,Complaint Issue,Fugit facere eos vero esse dolores rem laudantium aperiam.,high,resolved,EMP000096,2024-02-14T08:56:10,2025-08-13T07:37:58,Quos amet porro ex officiis.,chat,3,2024-02-14T08:56:10
TKT001340,CUST000105,card_issue,Card Issue Issue,Tenetur eius voluptate sequi earum quos aspernatur iste quam omnis facilis quas possimus repellat dolores.,medium,resolved,EMP000090,2026-02-19T18:09:44,2026-05-15T05:11:50,Non ullam placeat eos.,email,3,2026-02-19T18:09:44
TKT001341,CUST000231,card_issue,Card Issue Issue,Aut numquam quaerat nemo nam quam necessitatibus ea dolor facere vero nemo occaecati.,low,resolved,EMP000100,2025-11-13T11:08:52,2026-02-03T23:37:22,Totam porro tenetur rerum sint omnis.,chat,1,2025-11-13T11:08:52
TKT001342,CUST000116,loan_issue,Loan Issue Issue,Nostrum eveniet quaerat nisi exercitationem rerum architecto natus provident quaerat velit quis alias at eaque sit.,high,in_progress,EMP000027,2024-12-10T06:20:52,,,branch,,2024-12-10T06:20:52
TKT001343,CUST000373,query,Query Issue,Magnam vero pariatur dolores rerum minus unde voluptatem harum voluptatem.,low,resolved,EMP000040,2026-08-28T19:34:08,2026-08-31T07:17:51,Facilis libero nobis commodi nesciunt.,chat,5,2026-08-28T19:34:08
TKT001344,CUST000912,loan_issue,Loan Issue Issue,Totam natus architecto a iste molestiae quasi molestias laborum quibusdam tenetur eaque fuga distinctio amet.,low,open,EMP000019,2025-03-02T17:25:54,,,chat,,2025-03-02T17:25:54
TKT001345,CUST000403,query,Query Issue,Saepe laborum porro adipisci molestiae natus provident cum.,medium,closed,EMP000081,2026-03-26T18:32:53,2026-07-28T21:21:06,Vitae illum esse quisquam consequuntur itaque.,branch,4,2026-03-26T18:32:53
TKT001346,CUST000267,card_issue,Card Issue Issue,Perferendis libero quis esse cupiditate consectetur sint.,medium,in_progress,EMP000049,2025-02-13T01:09:41,,,branch,,2025-02-13T01:09:41
TKT001347,CUST000166,fraud_report,Fraud Report Issue,Accusantium rem voluptatibus esse modi illum voluptatibus praesentium culpa molestiae quos consectetur.,medium,open,EMP000073,2025-03-25T01:37:57,,,chat,,2025-03-25T01:37:57
TKT001348,CUST000860,request,Request Issue,Neque ex dolorum ab voluptates eum quaerat voluptate ad alias est placeat laboriosam.,low,resolved,EMP000060,2026-06-13T21:17:51,2026-06-29T08:40:09,Tempora doloribus quis officia molestiae.,branch,1,2026-06-13T21:17:51
TKT001349,CUST000045,fraud_report,Fraud Report Issue,Suscipit molestiae cumque dolores placeat cupiditate voluptates cumque eligendi beatae eligendi exercitationem atque consequuntur ipsum ea.,high,closed,EMP000058,2024-09-13T20:05:15,2024-10-07T21:00:54,Sequi esse amet quam.,chat,4,2024-09-13T20:05:15
TKT001350,CUST000442,complaint,Complaint Issue,Perspiciatis laboriosam consectetur est distinctio similique veniam nostrum ipsa minus soluta ad nisi magnam doloremque doloribus.,medium,open,EMP000090,2025-11-01T23:33:16,,,chat,,2025-11-01T23:33:16
TKT001351,CUST000422,complaint,Complaint Issue,Vero impedit consequatur ipsum porro consectetur ullam rem deleniti suscipit rem vero debitis iusto doloremque.,medium,resolved,EMP000001,2024-12-25T01:31:59,2026-04-30T06:42:13,Optio nemo veritatis.,email,3,2024-12-25T01:31:59
TKT001352,CUST000837,account_issue,Account Issue Issue,Sed expedita magni accusantium quos molestias consectetur aspernatur aperiam voluptates ad et.,medium,resolved,EMP000048,2026-04-20T22:38:38,2026-08-10T15:42:40,Earum ut occaecati aut cumque incidunt veritatis suscipit.,branch,3,2026-04-20T22:38:38
TKT001353,CUST000589,fraud_report,Fraud Report Issue,Maxime itaque consequatur numquam autem dolore dolore eum ut aperiam dolor non incidunt ipsa accusantium.,medium,resolved,EMP000052,2024-05-31T19:54:53,2024-09-19T19:49:02,Praesentium eligendi quos commodi beatae praesentium.,phone,3,2024-05-31T19:54:53
TKT001354,CUST000858,complaint,Complaint Issue,Aut mollitia perferendis doloremque non eaque et quis quae.,low,resolved,EMP000098,2025-09-10T23:11:17,2025-11-18T17:46:21,Laborum id placeat ex expedita vel maiores.,email,1,2025-09-10T23:11:17
TKT001355,CUST000055,complaint,Complaint Issue,Dignissimos quidem sapiente cupiditate omnis enim ullam saepe qui minus earum repellendus aperiam provident nesciunt.,critical,closed,EMP000032,2026-05-22T07:00:27,2026-08-25T13:32:49,Quas magnam dolorum perspiciatis.,branch,1,2026-05-22T07:00:27
TKT001356,CUST000664,card_issue,Card Issue Issue,Praesentium placeat enim reiciendis ipsa adipisci aspernatur earum natus libero cupiditate.,medium,closed,EMP000047,2024-01-14T19:11:09,2024-04-18T06:16:34,Explicabo quia vero dicta delectus eum.,email,3,2024-01-14T19:11:09
TKT001357,CUST000724,card_issue,Card Issue Issue,Magni perspiciatis velit ullam nostrum porro adipisci dolore laborum ipsum.,medium,closed,EMP000044,2025-03-04T20:03:18,2025-04-02T19:17:03,Autem recusandae in atque.,email,4,2025-03-04T20:03:18
TKT001358,CUST000655,card_issue,Card Issue Issue,Qui molestiae delectus odio quo iure voluptates temporibus eius ratione nihil.,critical,resolved,EMP000014,2025-10-13T10:07:24,2025-10-29T17:13:32,Cupiditate dignissimos eveniet praesentium quae.,email,4,2025-10-13T10:07:24
TKT001359,CUST000292,query,Query Issue,Rem sit nam reprehenderit ex distinctio corporis explicabo quos placeat laborum temporibus.,low,closed,EMP000076,2024-09-30T20:19:01,2025-05-04T21:54:27,Maxime facilis impedit inventore.,phone,4,2024-09-30T20:19:01
TKT001360,CUST000456,complaint,Complaint Issue,Tempora quo vitae voluptatibus dicta repellendus esse cumque atque dolore magni repellat aspernatur.,medium,resolved,EMP000049,2024-10-02T18:54:00,2026-01-04T22:59:02,Iusto voluptatibus quam.,email,4,2024-10-02T18:54:00
TKT001361,CUST000430,request,Request Issue,Eaque nam libero culpa incidunt illo officiis exercitationem laudantium nostrum atque enim aperiam non architecto odit.,medium,in_progress,EMP000064,2024-02-02T16:41:36,,,branch,,2024-02-02T16:41:36
TKT001362,CUST000839,fraud_report,Fraud Report Issue,Minus nulla cupiditate adipisci beatae recusandae repudiandae fuga dolore eos iste.,medium,resolved,EMP000027,2025-08-08T06:04:04,2026-03-20T05:12:16,Facere temporibus maxime culpa iste.,chat,2,2025-08-08T06:04:04
TKT001363,CUST000709,query,Query Issue,Hic totam ut enim voluptatibus est distinctio iusto vitae aspernatur.,low,in_progress,EMP000066,2024-02-09T15:00:58,,,phone,,2024-02-09T15:00:58
TKT001364,CUST000607,fraud_report,Fraud Report Issue,Recusandae quo a quos nulla amet quae culpa provident ea occaecati impedit expedita labore.,high,resolved,EMP000074,2024-09-21T11:39:47,2025-10-19T06:49:06,Corporis quaerat ipsam minus libero adipisci quisquam.,chat,3,2024-09-21T11:39:47
TKT001365,CUST000162,card_issue,Card Issue Issue,Officia sit ad quam sapiente quo nam assumenda.,high,open,EMP000084,2026-02-28T04:01:20,,,chat,,2026-02-28T04:01:20
TKT001366,CUST000535,complaint,Complaint Issue,Dolores doloribus eveniet optio reiciendis fugiat dignissimos deleniti quasi iste cum facilis natus sint eos.,critical,open,EMP000080,2024-08-10T17:57:26,,,email,,2024-08-10T17:57:26
TKT001367,CUST000086,account_issue,Account Issue Issue,Animi aliquam temporibus nemo quos architecto officia saepe accusantium occaecati animi eos eius unde.,medium,resolved,EMP000024,2025-08-19T20:42:07,2026-02-08T06:11:45,Accusantium hic dolore odio ab perferendis assumenda.,chat,4,2025-08-19T20:42:07
TKT001368,CUST000961,account_issue,Account Issue Issue,Nulla laboriosam eum sit tempora magnam iusto eius.,low,resolved,EMP000072,2025-03-14T07:46:16,2025-12-15T23:16:00,At dolore aliquid necessitatibus suscipit.,chat,3,2025-03-14T07:46:16
TKT001369,CUST000105,fraud_report,Fraud Report Issue,Ea consectetur maiores eius delectus ipsum voluptatibus amet est perferendis numquam asperiores eius consequuntur.,low,closed,EMP000049,2025-07-19T09:30:53,2026-06-23T10:24:13,Similique commodi repellat dolorum veritatis.,phone,2,2025-07-19T09:30:53
TKT001370,CUST000937,loan_issue,Loan Issue Issue,Quos eveniet fuga in quam nemo delectus aut et ratione sed.,low,closed,EMP000061,2026-06-11T13:27:38,2026-08-22T13:00:44,Incidunt vel fugiat quos dolor.,branch,1,2026-06-11T13:27:38
TKT001371,CUST000331,complaint,Complaint Issue,Praesentium magnam debitis vel recusandae maiores veniam.,low,in_progress,EMP000028,2024-05-29T09:31:54,,,phone,,2024-05-29T09:31:54
TKT001372,CUST000652,query,Query Issue,Asperiores nihil ea consequatur tempora earum consequuntur suscipit voluptas magni possimus nobis.,critical,resolved,EMP000016,2025-07-20T11:30:13,2025-07-30T00:16:46,Eos quas ab eos maiores.,chat,5,2025-07-20T11:30:13
TKT001373,CUST000277,fraud_report,Fraud Report Issue,Minima magnam earum sapiente ratione illum id incidunt sunt fugit.,low,closed,EMP000037,2025-01-18T13:46:10,2025-10-27T06:23:52,Laboriosam suscipit et occaecati.,email,5,2025-01-18T13:46:10
TKT001374,CUST000335,query,Query Issue,Molestias doloremque odio aliquam corrupti mollitia sit dolores incidunt ut.,medium,open,EMP000073,2024-01-29T22:43:26,,,branch,,2024-01-29T22:43:26
TKT001375,CUST000439,query,Query Issue,Quos mollitia assumenda enim dignissimos rem earum doloribus velit quos facere aliquam at molestias sequi cupiditate.,high,closed,EMP000058,2025-06-28T15:49:09,2025-08-05T01:02:14,Quibusdam dolorum asperiores.,phone,5,2025-06-28T15:49:09
TKT001376,CUST000728,request,Request Issue,Impedit nobis hic a sed dolorem porro facere ipsam.,low,closed,EMP000078,2026-01-01T11:12:05,2026-08-21T07:26:33,Veritatis vel nostrum magnam.,branch,4,2026-01-01T11:12:05
TKT001377,CUST000263,request,Request Issue,Animi perspiciatis id tempore nemo reiciendis nesciunt nemo quas ratione hic quo.,medium,in_progress,EMP000004,2025-12-07T05:33:31,,,email,,2025-12-07T05:33:31
TKT001378,CUST000820,loan_issue,Loan Issue Issue,Tempora sapiente doloribus voluptatem consequatur aliquid corporis laboriosam assumenda quis inventore molestiae voluptas explicabo.,medium,closed,EMP000093,2025-12-17T19:47:18,2026-07-10T23:52:00,Dicta dolorum animi molestias.,branch,2,2025-12-17T19:47:18
TKT001379,CUST000551,fraud_report,Fraud Report Issue,Numquam nesciunt aperiam libero quis provident vel officiis eveniet.,medium,open,EMP000081,2024-12-01T06:39:10,,,phone,,2024-12-01T06:39:10
TKT001380,CUST000832,complaint,Complaint Issue,Accusantium fuga voluptatum temporibus accusamus placeat rerum perferendis in ducimus a quisquam.,medium,in_progress,EMP000010,2024-04-20T21:22:00,,,email,,2024-04-20T21:22:00
TKT001381,CUST000376,fraud_report,Fraud Report Issue,Officiis magnam fugiat itaque amet fugit corporis voluptates voluptatem tempore harum atque dolorum necessitatibus.,medium,open,EMP000073,2026-05-22T23:20:30,,,branch,,2026-05-22T23:20:30
TKT001382,CUST000194,loan_issue,Loan Issue Issue,Cumque recusandae expedita dolore magni in quas odit mollitia totam autem.,medium,closed,EMP000027,2024-11-27T21:04:53,2025-12-28T12:34:48,Error illo natus voluptates labore corrupti.,branch,4,2024-11-27T21:04:53
TKT001383,CUST000559,fraud_report,Fraud Report Issue,Explicabo molestias occaecati iusto reiciendis nisi quaerat atque deleniti debitis vitae velit vel nulla.,medium,open,EMP000035,2024-09-13T22:03:09,,,chat,,2024-09-13T22:03:09
TKT001384,CUST000537,query,Query Issue,Dicta dolor vitae at nulla blanditiis nisi suscipit nobis occaecati ratione molestiae.,medium,open,EMP000013,2025-07-06T08:05:25,,,branch,,2025-07-06T08:05:25
TKT001385,CUST000779,account_issue,Account Issue Issue,Perferendis aliquam quo illum laboriosam ipsum doloremque totam id magnam beatae ex impedit.,low,closed,EMP000046,2024-06-15T10:16:38,2026-06-19T16:09:05,Explicabo suscipit architecto architecto.,chat,3,2024-06-15T10:16:38
TKT001386,CUST000206,complaint,Complaint Issue,Perferendis a amet nulla reprehenderit beatae consequuntur animi tempora libero porro tenetur minima quaerat amet tempore.,high,open,EMP000073,2026-08-20T21:48:14,,,chat,,2026-08-20T21:48:14
TKT001387,CUST000476,request,Request Issue,Amet saepe doloremque reiciendis repudiandae consequatur asperiores facilis nihil sit non commodi architecto optio impedit.,critical,in_progress,EMP000036,2024-03-22T06:58:39,,,email,,2024-03-22T06:58:39
TKT001388,CUST000211,account_issue,Account Issue Issue,Dolorum eveniet quasi animi deserunt saepe facilis atque cum magnam itaque architecto quaerat.,medium,resolved,EMP000083,2025-01-17T00:27:32,2025-08-27T00:56:05,Laudantium eos dolorum dignissimos.,chat,5,2025-01-17T00:27:32
TKT001389,CUST000306,complaint,Complaint Issue,Sequi placeat aperiam rerum ea molestiae provident odio voluptas expedita adipisci enim delectus quia architecto at.,high,resolved,EMP000066,2025-10-30T14:53:25,2026-01-10T11:07:25,Ducimus eos adipisci iste.,chat,4,2025-10-30T14:53:25
TKT001390,CUST000766,loan_issue,Loan Issue Issue,Nesciunt fuga deserunt incidunt non dolores omnis ipsum dolore dolorum modi molestias praesentium accusantium ex.,high,in_progress,EMP000049,2025-10-21T12:07:13,,,email,,2025-10-21T12:07:13
TKT001391,CUST000826,query,Query Issue,Dolores sint amet distinctio voluptatem necessitatibus molestiae assumenda nihil neque officia.,medium,resolved,EMP000071,2025-09-04T19:29:35,2026-04-19T03:52:50,Beatae doloremque quisquam aut deleniti maxime.,email,2,2025-09-04T19:29:35
TKT001392,CUST000225,query,Query Issue,Voluptas ullam provident praesentium debitis quos ipsam deserunt dicta quisquam dolor dicta eum quaerat.,medium,resolved,EMP000026,2025-03-06T03:51:55,2026-06-20T04:00:40,Vero cum veniam neque nesciunt assumenda.,phone,4,2025-03-06T03:51:55
TKT001393,CUST000510,complaint,Complaint Issue,Temporibus nobis totam numquam voluptates aliquid dicta aut ea nobis quae quia.,medium,in_progress,EMP000050,2024-06-18T03:55:46,,,chat,,2024-06-18T03:55:46
TKT001394,CUST000473,fraud_report,Fraud Report Issue,Deserunt expedita optio doloribus perferendis rerum quas voluptate ex occaecati eum.,medium,resolved,EMP000042,2025-07-20T02:00:02,2025-12-04T01:36:42,Porro odio alias fugit sequi maiores aut cupiditate.,email,3,2025-07-20T02:00:02
TKT001395,CUST000560,account_issue,Account Issue Issue,Doloribus in et quos voluptas eius delectus suscipit odio possimus.,medium,closed,EMP000059,2025-06-12T07:16:56,2026-06-21T17:34:40,Laborum laudantium sit ex eveniet.,phone,3,2025-06-12T07:16:56
TKT001396,CUST000957,complaint,Complaint Issue,Excepturi eius totam ex amet commodi perspiciatis sit.,low,open,EMP000044,2024-03-17T18:10:02,,,branch,,2024-03-17T18:10:02
TKT001397,CUST000943,card_issue,Card Issue Issue,Blanditiis optio quae cupiditate quas numquam similique possimus.,low,in_progress,EMP000086,2025-09-07T01:32:07,,,email,,2025-09-07T01:32:07
TKT001398,CUST000350,loan_issue,Loan Issue Issue,Mollitia dolor possimus aliquam ab error culpa recusandae.,high,in_progress,EMP000013,2026-07-26T21:36:33,,,chat,,2026-07-26T21:36:33
TKT001399,CUST000770,account_issue,Account Issue Issue,Minus repudiandae libero explicabo deleniti repellat nulla id delectus ex perferendis doloribus sit tempore officia vel.,medium,resolved,EMP000061,2025-04-07T18:46:20,2026-05-19T05:29:40,Nam magni non illo.,email,2,2025-04-07T18:46:20
TKT001400,CUST000961,request,Request Issue,Neque magnam recusandae aliquam itaque tenetur earum laboriosam rem explicabo consequuntur.,low,closed,EMP000039,2024-09-01T10:14:13,2025-04-16T15:35:05,Accusantium doloribus nostrum suscipit sequi accusamus.,email,5,2024-09-01T10:14:13
TKT001401,CUST000010,query,Query Issue,Accusamus ullam voluptatum explicabo temporibus maxime maiores sint suscipit.,critical,resolved,EMP000056,2024-02-24T05:34:41,2026-06-05T21:42:37,Dolore repudiandae cum doloremque quae soluta explicabo.,phone,3,2024-02-24T05:34:41
TKT001402,CUST000641,request,Request Issue,Ducimus mollitia esse nihil doloribus quam nam sed distinctio totam inventore repudiandae incidunt fuga officiis.,medium,resolved,EMP000047,2024-03-26T22:23:01,2024-12-21T03:04:30,Voluptates eaque ut tenetur velit.,phone,2,2024-03-26T22:23:01
TKT001403,CUST000034,loan_issue,Loan Issue Issue,Vitae cum tempore ab quod ullam dolorum tenetur quae fuga repudiandae porro facere ea autem nostrum.,low,resolved,EMP000076,2026-06-20T18:51:56,2026-06-30T03:47:27,Illum nostrum nesciunt laudantium possimus quisquam dolor.,branch,2,2026-06-20T18:51:56
TKT001404,CUST000514,fraud_report,Fraud Report Issue,Aliquid a odit explicabo quam sed dignissimos blanditiis tempore necessitatibus.,low,closed,EMP000040,2024-10-19T12:04:12,2025-07-31T22:36:12,Illo nisi laborum tenetur.,chat,4,2024-10-19T12:04:12
TKT001405,CUST000547,card_issue,Card Issue Issue,Aliquam voluptates eius cum aperiam hic nemo aut tempore quis.,medium,resolved,EMP000100,2026-03-24T10:18:25,2026-04-21T00:13:40,Reiciendis distinctio veritatis nobis exercitationem molestias enim.,branch,1,2026-03-24T10:18:25
TKT001406,CUST000490,card_issue,Card Issue Issue,Ipsum harum aliquid beatae numquam iusto ullam repudiandae cum repellendus nihil consequatur natus assumenda.,high,closed,EMP000026,2026-06-06T19:24:40,2026-06-25T20:31:11,Nostrum adipisci saepe pariatur tempora assumenda autem nesciunt.,email,5,2026-06-06T19:24:40
TKT001407,CUST000499,loan_issue,Loan Issue Issue,Et nisi dignissimos nulla similique commodi tenetur repellat sit recusandae architecto magni repellat quia.,high,in_progress,EMP000054,2026-07-30T05:26:11,,,phone,,2026-07-30T05:26:11
TKT001408,CUST000732,request,Request Issue,Rerum dolor perspiciatis doloribus consequatur dicta soluta laudantium earum aliquam reprehenderit tempora.,medium,open,EMP000017,2026-08-14T06:16:43,,,phone,,2026-08-14T06:16:43
TKT001409,CUST000272,query,Query Issue,Eius quisquam ducimus dicta laudantium reprehenderit quaerat quae facere optio laudantium.,medium,in_progress,EMP000020,2024-06-28T18:47:36,,,email,,2024-06-28T18:47:36
TKT001410,CUST000619,account_issue,Account Issue Issue,Quasi blanditiis recusandae sit numquam tempora omnis facilis a a quia suscipit commodi.,high,closed,EMP000005,2024-08-21T17:10:13,2026-02-11T22:20:55,Nemo facilis sed expedita nihil exercitationem.,chat,5,2024-08-21T17:10:13
TKT001411,CUST000014,request,Request Issue,Exercitationem soluta eaque illum sit corrupti itaque ab porro odit enim fuga nulla fugiat ipsum.,low,open,EMP000036,2024-07-30T05:10:54,,,chat,,2024-07-30T05:10:54
TKT001412,CUST000043,account_issue,Account Issue Issue,Repudiandae corrupti numquam quod ratione velit optio eos sapiente assumenda id consectetur minus itaque doloribus.,low,in_progress,EMP000043,2024-01-31T10:46:25,,,branch,,2024-01-31T10:46:25
TKT001413,CUST000251,account_issue,Account Issue Issue,Id repellendus minus vel numquam porro nobis soluta ea.,critical,resolved,EMP000001,2026-03-02T06:28:26,2026-07-06T14:12:19,Temporibus qui atque adipisci eveniet.,phone,1,2026-03-02T06:28:26
TKT001414,CUST000674,query,Query Issue,Aperiam quod eum ipsa repudiandae hic blanditiis doloremque non consectetur.,medium,resolved,EMP000012,2026-06-22T04:01:41,2026-08-23T16:04:11,Labore laboriosam ducimus vel mollitia ullam nostrum doloribus.,chat,4,2026-06-22T04:01:41
TKT001415,CUST000282,card_issue,Card Issue Issue,Quasi harum ab maxime repudiandae porro minima corrupti voluptate reiciendis rem aut tempore.,low,resolved,EMP000089,2025-05-15T14:24:28,2025-06-17T12:49:56,Libero velit libero eum.,phone,2,2025-05-15T14:24:28
TKT001416,CUST000646,fraud_report,Fraud Report Issue,Iure perspiciatis provident harum ab officiis adipisci doloremque dolorem fuga molestias ab.,medium,open,EMP000092,2024-03-25T18:39:11,,,email,,2024-03-25T18:39:11
TKT001417,CUST000093,account_issue,Account Issue Issue,Delectus veritatis tenetur aliquid fuga earum pariatur facilis ratione.,medium,resolved,EMP000036,2024-05-30T03:14:02,2024-12-07T09:43:40,Quo neque eligendi ut praesentium.,email,5,2024-05-30T03:14:02
TKT001418,CUST000714,loan_issue,Loan Issue Issue,Quis iste modi repellat porro minima praesentium nihil fugiat.,medium,open,EMP000081,2025-06-05T21:50:55,,,branch,,2025-06-05T21:50:55
TKT001419,CUST000760,card_issue,Card Issue Issue,Voluptate veritatis veritatis porro beatae esse neque ducimus doloribus dolorem atque consectetur accusamus quo.,medium,open,EMP000064,2024-12-11T02:17:33,,,email,,2024-12-11T02:17:33
TKT001420,CUST000334,request,Request Issue,Autem vitae beatae itaque expedita temporibus doloribus nesciunt omnis.,medium,in_progress,EMP000047,2025-08-15T05:24:38,,,chat,,2025-08-15T05:24:38
TKT001421,CUST000466,card_issue,Card Issue Issue,Voluptate ad nihil repellat at quisquam magnam enim nam nostrum qui dolorum.,low,closed,EMP000097,2024-02-19T04:39:02,2025-05-14T17:11:47,Illo saepe aut corrupti animi.,email,5,2024-02-19T04:39:02
TKT001422,CUST000293,card_issue,Card Issue Issue,Harum dolore vel recusandae possimus aperiam facere labore voluptatem dolor.,low,closed,EMP000068,2025-04-17T21:00:20,2025-05-29T03:13:58,Neque temporibus et eum natus vel blanditiis.,branch,1,2025-04-17T21:00:20
TKT001423,CUST000224,query,Query Issue,Nisi id doloremque occaecati saepe porro tempore neque dolore illum nisi possimus quibusdam adipisci.,critical,resolved,EMP000002,2026-05-29T14:04:37,2026-08-21T12:00:02,Excepturi iure distinctio omnis inventore totam.,branch,4,2026-05-29T14:04:37
TKT001424,CUST000970,query,Query Issue,Cupiditate nulla odio soluta veritatis recusandae provident voluptatum sunt.,high,open,EMP000039,2025-04-30T13:03:02,,,phone,,2025-04-30T13:03:02
TKT001425,CUST000152,request,Request Issue,Omnis voluptatum veritatis recusandae sed laborum doloribus facere nam eaque quis.,medium,resolved,EMP000082,2026-05-09T09:48:43,2026-08-17T20:10:14,Nobis eos aliquam dolorem excepturi doloribus in.,email,1,2026-05-09T09:48:43
TKT001426,CUST000065,card_issue,Card Issue Issue,Dolorum voluptatibus quo deserunt ratione deleniti qui deserunt neque voluptatum perferendis occaecati.,medium,in_progress,EMP000030,2025-11-22T19:06:35,,,branch,,2025-11-22T19:06:35
TKT001427,CUST000281,account_issue,Account Issue Issue,A minima eligendi reiciendis eveniet praesentium dignissimos occaecati laudantium deleniti nemo tenetur ratione quis sequi.,low,resolved,EMP000003,2024-01-01T08:47:01,2025-06-22T21:58:22,Iure qui consectetur architecto dolore alias.,branch,3,2024-01-01T08:47:01
TKT001428,CUST000090,query,Query Issue,Saepe impedit ratione fuga odio repellendus quis occaecati ad autem.,medium,resolved,EMP000053,2024-08-19T17:37:47,2025-06-10T20:03:37,Fugiat quaerat voluptatibus deleniti magni voluptatibus.,chat,4,2024-08-19T17:37:47
TKT001429,CUST000917,query,Query Issue,Tenetur sequi possimus reprehenderit corporis placeat totam reprehenderit id quae cupiditate velit accusamus pariatur expedita.,medium,closed,EMP000038,2026-05-03T17:53:38,2026-06-06T07:41:10,Itaque recusandae sequi iure beatae pariatur quos.,phone,1,2026-05-03T17:53:38
TKT001430,CUST000315,loan_issue,Loan Issue Issue,Quod nihil repudiandae quae dolores dolore necessitatibus fugiat magnam iure beatae omnis laboriosam libero voluptas.,low,resolved,EMP000057,2025-01-22T01:56:50,2026-08-18T17:45:37,Corrupti cupiditate magni blanditiis dolorum repellendus.,branch,3,2025-01-22T01:56:50
TKT001431,CUST000290,fraud_report,Fraud Report Issue,Veniam corrupti quas cupiditate veritatis quia molestiae laudantium sed.,low,open,EMP000080,2024-07-02T15:42:19,,,email,,2024-07-02T15:42:19
TKT001432,CUST000614,request,Request Issue,Enim atque doloribus natus sed repellat possimus possimus eos dolor laboriosam non.,low,resolved,EMP000033,2026-07-04T04:16:05,2026-07-14T20:50:35,Illo neque quisquam cumque aperiam ab eaque.,phone,3,2026-07-04T04:16:05
TKT001433,CUST000029,loan_issue,Loan Issue Issue,Saepe aspernatur qui accusamus porro ullam hic quos mollitia.,low,closed,EMP000008,2024-07-09T12:04:43,2024-10-22T04:15:48,Optio saepe cumque quaerat officiis illo magnam voluptatum.,branch,5,2024-07-09T12:04:43
TKT001434,CUST000331,request,Request Issue,Ipsum dolorem quisquam iure fuga ea perspiciatis.,low,open,EMP000004,2026-03-04T22:31:35,,,branch,,2026-03-04T22:31:35
TKT001435,CUST000429,query,Query Issue,Quod voluptatem maiores vero commodi beatae nam sapiente ullam aut alias repellendus.,medium,closed,EMP000082,2025-01-30T12:52:04,2025-09-05T11:29:51,Aspernatur minus explicabo mollitia culpa perferendis.,phone,2,2025-01-30T12:52:04
TKT001436,CUST000532,query,Query Issue,Ratione dolores vitae explicabo dolore tempore earum ea laboriosam rem odit.,medium,open,EMP000015,2024-06-08T14:18:46,,,chat,,2024-06-08T14:18:46
TKT001437,CUST000305,loan_issue,Loan Issue Issue,Quod inventore iste cumque pariatur tempora modi omnis minus nemo aut.,low,closed,EMP000002,2025-10-12T18:55:47,2026-04-24T17:33:45,Quidem vero sequi.,email,2,2025-10-12T18:55:47
TKT001438,CUST000265,request,Request Issue,Voluptatibus optio necessitatibus esse odit perferendis ut consequuntur accusantium dicta non suscipit.,low,resolved,EMP000067,2025-04-08T02:13:05,2026-05-03T22:42:43,Enim deserunt exercitationem libero.,branch,2,2025-04-08T02:13:05
TKT001439,CUST000231,complaint,Complaint Issue,Accusantium nesciunt doloribus fuga optio maxime facere doloremque suscipit quo sapiente iure voluptate dicta hic.,medium,in_progress,EMP000058,2024-08-28T18:51:14,,,chat,,2024-08-28T18:51:14
TKT001440,CUST000733,account_issue,Account Issue Issue,Nisi repellat a laborum dolorem totam aut distinctio recusandae.,low,closed,EMP000099,2025-10-01T20:50:55,2026-06-30T13:20:29,Odio mollitia consequuntur eligendi.,phone,3,2025-10-01T20:50:55
TKT001441,CUST000624,request,Request Issue,Qui deserunt ullam sint facere consequuntur quo impedit quod.,low,open,EMP000063,2025-09-13T13:07:38,,,email,,2025-09-13T13:07:38
TKT001442,CUST000205,card_issue,Card Issue Issue,Voluptatem aperiam ipsam corporis doloribus quia eos fugit magni qui voluptatibus aliquam.,high,open,EMP000047,2026-05-28T23:43:53,,,chat,,2026-05-28T23:43:53
TKT001443,CUST000158,complaint,Complaint Issue,Provident facere laudantium reiciendis fuga odit beatae fuga voluptatem.,critical,resolved,EMP000047,2025-08-21T23:07:45,2026-08-16T13:01:58,Aspernatur voluptas totam neque.,chat,2,2025-08-21T23:07:45
TKT001444,CUST000083,loan_issue,Loan Issue Issue,Maxime dolores expedita exercitationem mollitia dolor reiciendis ipsam harum qui enim aspernatur dignissimos quos.,low,in_progress,EMP000080,2024-01-16T19:00:50,,,email,,2024-01-16T19:00:50
TKT001445,CUST000149,complaint,Complaint Issue,Quos ut totam dicta quisquam aliquam explicabo perspiciatis assumenda nobis dolorum.,medium,closed,EMP000031,2026-05-30T04:06:09,2026-07-15T23:59:04,Voluptatum maiores placeat minus delectus cum itaque.,chat,5,2026-05-30T04:06:09
TKT001446,CUST000614,complaint,Complaint Issue,Provident ratione adipisci quisquam voluptatum iusto ullam dignissimos rem.,medium,resolved,EMP000007,2024-03-19T21:27:53,2026-08-09T07:56:02,Temporibus nesciunt blanditiis neque.,chat,5,2024-03-19T21:27:53
TKT001447,CUST000482,card_issue,Card Issue Issue,Illum saepe illum expedita voluptatibus hic unde placeat consectetur repellat.,medium,in_progress,EMP000061,2026-02-21T13:50:09,,,phone,,2026-02-21T13:50:09
TKT001448,CUST000493,complaint,Complaint Issue,Ipsa animi delectus delectus sequi reiciendis expedita.,low,open,EMP000016,2024-11-26T04:07:49,,,branch,,2024-11-26T04:07:49
TKT001449,CUST000957,account_issue,Account Issue Issue,Laudantium error fugiat magnam quas eius exercitationem nesciunt unde molestias natus recusandae accusamus explicabo consequuntur.,medium,resolved,EMP000019,2024-08-08T14:39:23,2026-04-19T02:50:39,Illum blanditiis repellendus ea.,chat,1,2024-08-08T14:39:23
TKT001450,CUST000850,query,Query Issue,Eum iste aspernatur officia ex quasi quae unde ullam saepe consectetur tenetur voluptates.,medium,in_progress,EMP000063,2025-10-07T15:46:38,,,phone,,2025-10-07T15:46:38
TKT001451,CUST000098,account_issue,Account Issue Issue,Quod repellendus odit soluta nemo consectetur eius doloribus omnis vel natus.,high,resolved,EMP000003,2025-05-04T03:54:59,2025-08-19T04:22:56,In aut distinctio molestiae voluptatibus.,email,2,2025-05-04T03:54:59
TKT001452,CUST000045,card_issue,Card Issue Issue,Occaecati cupiditate iusto voluptatum architecto quod eius dignissimos.,medium,open,EMP000030,2026-08-09T07:59:10,,,branch,,2026-08-09T07:59:10
TKT001453,CUST000677,request,Request Issue,Possimus facere ab recusandae libero officia autem cupiditate.,low,closed,EMP000024,2025-06-03T03:23:18,2026-04-20T20:40:21,Repellat ad tempore corrupti quos.,branch,1,2025-06-03T03:23:18
TKT001454,CUST000969,loan_issue,Loan Issue Issue,Similique earum sunt sit dolor beatae et unde illum commodi necessitatibus porro doloremque sapiente perspiciatis.,medium,open,EMP000020,2026-01-17T03:20:23,,,branch,,2026-01-17T03:20:23
TKT001455,CUST000324,fraud_report,Fraud Report Issue,Maiores ut ea quaerat sequi autem quae.,medium,in_progress,EMP000009,2026-04-19T02:12:18,,,branch,,2026-04-19T02:12:18
TKT001456,CUST000396,loan_issue,Loan Issue Issue,Id at nihil porro deserunt iusto quae corrupti ratione doloremque non blanditiis dicta eligendi asperiores asperiores.,low,resolved,EMP000040,2025-10-18T02:49:02,2026-08-14T17:07:48,Esse fugiat provident ut a.,email,4,2025-10-18T02:49:02
TKT001457,CUST000005,query,Query Issue,Error odio unde ipsam sed repellat eveniet optio iusto itaque tempore deserunt.,critical,resolved,EMP000005,2024-11-06T23:27:34,2026-08-01T19:54:18,Culpa quisquam commodi quaerat.,branch,5,2024-11-06T23:27:34
TKT001458,CUST000102,card_issue,Card Issue Issue,Error modi illum corrupti provident laboriosam veritatis voluptatum totam saepe odio.,high,resolved,EMP000072,2026-04-06T03:35:03,2026-07-03T23:29:32,Hic earum omnis quae.,chat,5,2026-04-06T03:35:03
TKT001459,CUST000774,loan_issue,Loan Issue Issue,Soluta officiis aliquam explicabo aperiam impedit quo amet eos dolorem corporis dolor voluptatibus magni corporis iste.,medium,closed,EMP000089,2024-02-17T18:29:59,2025-02-12T01:27:13,Quia unde mollitia aliquam autem dolorem.,chat,1,2024-02-17T18:29:59
TKT001460,CUST000241,account_issue,Account Issue Issue,Deserunt molestias nihil aspernatur iusto necessitatibus nisi maiores maxime.,critical,closed,EMP000001,2026-08-15T19:18:59,2026-08-17T13:39:52,Corporis repellendus voluptatem nihil.,chat,4,2026-08-15T19:18:59
TKT001461,CUST000848,query,Query Issue,Esse minima aliquid quia illo eius nam asperiores vel atque autem.,high,resolved,EMP000053,2025-06-19T05:12:15,2025-08-07T20:48:25,Qui saepe commodi corporis consequuntur architecto doloremque.,branch,1,2025-06-19T05:12:15
TKT001462,CUST000797,complaint,Complaint Issue,Vero sapiente minus voluptatem velit nostrum mollitia numquam optio repudiandae rem hic porro pariatur maxime delectus.,low,resolved,EMP000016,2025-06-17T21:08:12,2026-07-07T03:18:25,Earum dolore nobis quo unde.,email,1,2025-06-17T21:08:12
TKT001463,CUST000145,query,Query Issue,A deserunt molestias dolorem corporis illo sequi sequi.,medium,in_progress,EMP000030,2026-02-03T18:10:22,,,phone,,2026-02-03T18:10:22
TKT001464,CUST000410,query,Query Issue,Asperiores ut magni sapiente quos sed omnis.,medium,resolved,EMP000044,2026-05-29T18:56:06,2026-06-10T08:55:07,Reprehenderit dolor blanditiis esse maiores nemo.,branch,5,2026-05-29T18:56:06
TKT001465,CUST000496,complaint,Complaint Issue,Dolor eum veritatis quam temporibus incidunt maiores ullam beatae ex temporibus saepe at consequuntur quam expedita.,medium,closed,EMP000097,2026-03-27T17:27:53,2026-07-27T00:40:49,Porro eos assumenda nihil occaecati neque.,phone,1,2026-03-27T17:27:53
TKT001466,CUST000253,account_issue,Account Issue Issue,Quidem fugiat tenetur ex laborum dolores facere.,medium,in_progress,EMP000053,2026-07-15T11:00:35,,,email,,2026-07-15T11:00:35
TKT001467,CUST000994,account_issue,Account Issue Issue,Minima ab tenetur facilis pariatur facere beatae nostrum tenetur.,medium,in_progress,EMP000087,2024-10-22T15:23:20,,,chat,,2024-10-22T15:23:20
TKT001468,CUST000825,card_issue,Card Issue Issue,Iusto sed eaque doloribus neque fugiat nulla amet iusto libero tempora beatae minima totam voluptate voluptatum.,high,in_progress,EMP000073,2026-08-21T08:04:16,,,phone,,2026-08-21T08:04:16
TKT001469,CUST000676,query,Query Issue,Temporibus placeat veniam illo dignissimos fugiat nam fuga.,low,resolved,EMP000066,2026-08-27T05:24:03,2026-08-28T01:11:47,Quidem modi nesciunt sapiente aliquam vero quidem.,branch,1,2026-08-27T05:24:03
TKT001470,CUST000726,account_issue,Account Issue Issue,Est eaque distinctio nam soluta perferendis possimus natus dolorum mollitia.,medium,resolved,EMP000014,2024-07-09T09:06:55,2026-03-11T09:28:42,Corporis harum distinctio minima neque dicta dolorum.,chat,1,2024-07-09T09:06:55
TKT001471,CUST000781,request,Request Issue,In excepturi repellendus distinctio quis aliquid ab magnam rem officia sunt alias.,medium,closed,EMP000087,2024-07-18T21:42:49,2024-08-30T18:12:31,Sapiente rerum corrupti distinctio ipsa.,email,2,2024-07-18T21:42:49
TKT001472,CUST000555,complaint,Complaint Issue,At exercitationem repudiandae odio voluptate aliquid qui illo iste quam quas similique deleniti rerum dolorum temporibus.,medium,in_progress,EMP000078,2025-10-13T14:45:36,,,branch,,2025-10-13T14:45:36
TKT001473,CUST000809,query,Query Issue,Numquam quod aut aspernatur dicta culpa at asperiores numquam in officiis eos consequuntur sequi consequuntur.,low,resolved,EMP000058,2024-10-14T13:29:28,2025-02-15T15:22:37,Ratione laborum necessitatibus.,email,1,2024-10-14T13:29:28
TKT001474,CUST000150,account_issue,Account Issue Issue,Cupiditate quos velit aut aperiam assumenda molestias velit.,medium,closed,EMP000064,2024-06-19T03:55:22,2026-01-27T17:57:25,Rerum perferendis nam doloribus expedita quidem qui.,phone,5,2024-06-19T03:55:22
TKT001475,CUST000767,fraud_report,Fraud Report Issue,Maxime adipisci pariatur impedit nihil quis minus aperiam dicta natus deserunt officiis soluta.,low,open,EMP000075,2025-06-11T12:30:51,,,chat,,2025-06-11T12:30:51
TKT001476,CUST000121,account_issue,Account Issue Issue,Dolor enim dolore repudiandae impedit illum expedita.,medium,open,EMP000062,2024-07-05T06:54:38,,,branch,,2024-07-05T06:54:38
TKT001477,CUST000918,complaint,Complaint Issue,Sed nam expedita iste enim incidunt sapiente perferendis placeat a explicabo ipsa soluta deleniti nostrum corporis.,medium,closed,EMP000028,2025-03-26T17:54:36,2026-07-10T15:03:40,Corrupti pariatur sint perspiciatis alias quos.,phone,1,2025-03-26T17:54:36
TKT001478,CUST000955,request,Request Issue,Eos ab commodi asperiores similique commodi recusandae vero unde.,medium,closed,EMP000098,2024-09-24T09:39:52,2026-07-20T12:40:32,Quidem non magnam nihil facere.,phone,5,2024-09-24T09:39:52
TKT001479,CUST000228,query,Query Issue,Et aliquam laudantium sed recusandae aut deserunt blanditiis.,low,resolved,EMP000064,2025-09-12T22:45:33,2025-09-17T13:59:20,Cupiditate dignissimos harum.,email,2,2025-09-12T22:45:33
TKT001480,CUST000235,loan_issue,Loan Issue Issue,Dolor ex culpa neque odio impedit quidem corrupti qui enim unde reiciendis minus dolorem blanditiis.,low,resolved,EMP000044,2026-08-28T18:22:27,2026-08-30T13:34:18,Libero soluta repudiandae iste distinctio.,branch,1,2026-08-28T18:22:27
TKT001481,CUST000388,request,Request Issue,Repudiandae error omnis veritatis quam eum esse illo nostrum.,medium,open,EMP000022,2025-10-08T21:32:06,,,branch,,2025-10-08T21:32:06
TKT001482,CUST000665,request,Request Issue,Quibusdam distinctio non facilis nostrum hic odio vero tenetur magni.,high,resolved,EMP000076,2025-11-23T10:20:57,2026-05-26T20:55:20,Repellat atque possimus quasi ab ut.,chat,3,2025-11-23T10:20:57
TKT001483,CUST000182,complaint,Complaint Issue,Repellendus impedit nesciunt itaque esse accusamus eligendi ad.,high,open,EMP000029,2026-01-02T16:40:08,,,phone,,2026-01-02T16:40:08
TKT001484,CUST000179,fraud_report,Fraud Report Issue,Vel asperiores porro voluptates nobis officia magnam.,medium,open,EMP000039,2025-06-25T03:59:02,,,chat,,2025-06-25T03:59:02
TKT001485,CUST000012,fraud_report,Fraud Report Issue,Mollitia possimus ad quis veniam cum itaque sit voluptatum.,medium,in_progress,EMP000093,2024-10-24T11:05:39,,,phone,,2024-10-24T11:05:39
TKT001486,CUST000981,account_issue,Account Issue Issue,Blanditiis ducimus alias amet fugiat doloremque ullam amet quia dicta alias est.,high,open,EMP000053,2025-01-15T17:47:01,,,email,,2025-01-15T17:47:01
TKT001487,CUST000098,complaint,Complaint Issue,Eos quaerat cupiditate quaerat veritatis unde facere magni fugit laudantium at.,high,closed,EMP000081,2025-11-29T01:31:15,2026-06-09T03:26:01,Ut ullam pariatur repellendus consequatur optio.,chat,1,2025-11-29T01:31:15
TKT001488,CUST000194,fraud_report,Fraud Report Issue,Tenetur nostrum harum quod velit dolorem modi.,low,resolved,EMP000054,2024-02-18T23:51:41,2025-06-13T05:19:36,Expedita quos veniam harum sapiente illum.,email,4,2024-02-18T23:51:41
TKT001489,CUST000336,loan_issue,Loan Issue Issue,Aspernatur laboriosam fugit alias quaerat eligendi repellat quam similique doloribus eos occaecati occaecati.,high,resolved,EMP000077,2024-02-26T18:46:11,2025-04-21T07:17:18,Minima earum eius qui eligendi aspernatur.,branch,3,2024-02-26T18:46:11
TKT001490,CUST000170,query,Query Issue,Nisi quasi natus eligendi optio soluta at nulla minus aliquid odit.,low,open,EMP000091,2024-04-02T15:20:17,,,email,,2024-04-02T15:20:17
TKT001491,CUST000173,request,Request Issue,Esse porro fuga minima sequi voluptatum officia at.,medium,closed,EMP000083,2024-07-12T10:04:05,2026-03-15T01:07:31,At delectus autem natus.,email,4,2024-07-12T10:04:05
TKT001492,CUST000419,account_issue,Account Issue Issue,Dignissimos aperiam explicabo alias nisi corporis ullam quibusdam qui molestiae autem.,medium,resolved,EMP000030,2024-12-27T13:47:01,2025-03-29T04:13:10,Quia laboriosam laudantium praesentium.,chat,2,2024-12-27T13:47:01
TKT001493,CUST000912,request,Request Issue,Molestiae commodi labore facere perferendis quam consequuntur sint deleniti officiis.,high,resolved,EMP000034,2025-10-25T09:32:33,2026-05-05T15:30:35,Vero sed aspernatur libero corrupti quam.,phone,2,2025-10-25T09:32:33
TKT001494,CUST000432,account_issue,Account Issue Issue,Quisquam cum eum sunt molestiae asperiores enim porro assumenda natus debitis rem molestias.,medium,open,EMP000097,2024-07-18T14:13:31,,,branch,,2024-07-18T14:13:31
TKT001495,CUST000895,account_issue,Account Issue Issue,Quas in corporis quisquam amet dolorem commodi nobis dolor error earum exercitationem placeat voluptatum saepe.,high,in_progress,EMP000006,2025-02-14T19:00:10,,,email,,2025-02-14T19:00:10
TKT001496,CUST000632,complaint,Complaint Issue,Cupiditate cupiditate officia temporibus natus non mollitia omnis.,medium,open,EMP000082,2024-11-21T23:20:25,,,chat,,2024-11-21T23:20:25
TKT001497,CUST000773,fraud_report,Fraud Report Issue,Praesentium rerum tenetur voluptas itaque illo et iure nemo eveniet consequuntur molestiae nemo.,low,resolved,EMP000056,2024-10-02T07:00:56,2025-10-12T15:41:58,Voluptatem explicabo soluta quae at alias eius magnam.,chat,4,2024-10-02T07:00:56
TKT001498,CUST000620,account_issue,Account Issue Issue,Delectus unde molestiae soluta officiis facere laboriosam occaecati saepe fuga nam ea nulla.,medium,resolved,EMP000079,2026-06-20T23:54:59,2026-08-18T03:45:06,Aspernatur modi odit.,phone,5,2026-06-20T23:54:59
TKT001499,CUST000918,query,Query Issue,Quis ipsa suscipit laboriosam quae minima itaque veniam.,medium,resolved,EMP000095,2025-09-29T19:42:08,2026-02-25T03:00:35,Quasi et atque voluptatum voluptas sint reprehenderit.,chat,2,2025-09-29T19:42:08
TKT001500,CUST000148,query,Query Issue,Rem aperiam saepe reiciendis similique quia modi rem.,high,resolved,EMP000084,2026-08-31T17:42:26,2026-08-31T21:16:57,Ab voluptates sint blanditiis.,chat,2,2026-08-31T17:42:26
TKT001501,CUST000016,fraud_report,Fraud Report Issue,Nobis placeat nisi odit molestiae ea nobis ipsum eaque dolore beatae deserunt ipsum dolor illo.,low,resolved,EMP000067,2025-07-10T03:40:30,2026-06-29T19:23:36,Eius aperiam dignissimos accusantium cumque tempora libero.,branch,4,2025-07-10T03:40:30
TKT001502,CUST000937,request,Request Issue,Fugiat quas fugiat facere culpa impedit aut.,medium,closed,EMP000082,2025-04-02T23:03:33,2026-02-24T13:43:16,Temporibus reprehenderit dignissimos facere enim asperiores.,branch,5,2025-04-02T23:03:33
TKT001503,CUST000999,card_issue,Card Issue Issue,Quod ab cum consequuntur odio delectus perferendis ex eum.,critical,resolved,EMP000095,2024-01-09T19:45:10,2026-03-18T03:10:54,Officia nesciunt odit.,phone,4,2024-01-09T19:45:10
TKT001504,CUST000682,request,Request Issue,Odit repellendus cum magnam ipsam amet quaerat fugit libero expedita facilis fuga voluptatem sed laboriosam.,medium,resolved,EMP000025,2025-01-17T22:38:30,2025-07-12T05:23:12,Magnam illo excepturi dolorem quasi placeat enim.,phone,3,2025-01-17T22:38:30
TKT001505,CUST000014,loan_issue,Loan Issue Issue,Voluptas laboriosam quas doloremque corrupti consequuntur earum sunt nobis eligendi error impedit vel dolorem quos.,medium,resolved,EMP000023,2025-07-29T18:52:16,2025-08-25T03:21:11,Maiores corporis suscipit accusantium pariatur occaecati.,branch,1,2025-07-29T18:52:16
TKT001506,CUST000763,request,Request Issue,Voluptates expedita sint dignissimos dicta deleniti a esse distinctio molestias aperiam eaque quam id.,medium,in_progress,EMP000055,2024-08-29T23:26:22,,,phone,,2024-08-29T23:26:22
TKT001507,CUST000247,query,Query Issue,Voluptate accusantium inventore possimus labore doloribus veniam deleniti quidem placeat corporis placeat aspernatur vitae harum ad.,medium,closed,EMP000017,2025-04-04T11:57:21,2026-06-05T15:13:21,Consequatur commodi maxime modi labore amet.,chat,5,2025-04-04T11:57:21
TKT001508,CUST000292,fraud_report,Fraud Report Issue,Inventore cupiditate neque cupiditate dolor consectetur harum.,high,in_progress,EMP000009,2025-12-26T22:23:49,,,chat,,2025-12-26T22:23:49
TKT001509,CUST000912,card_issue,Card Issue Issue,Molestias quia debitis perspiciatis fugit explicabo cumque neque accusantium animi autem doloribus vel ullam.,low,in_progress,EMP000025,2025-04-25T22:14:55,,,branch,,2025-04-25T22:14:55
TKT001510,CUST000041,query,Query Issue,Odio fugit fugiat debitis perspiciatis magni dicta necessitatibus porro sequi aliquid.,low,in_progress,EMP000050,2026-05-09T08:10:49,,,phone,,2026-05-09T08:10:49
TKT001511,CUST000995,request,Request Issue,Recusandae vitae modi aliquid aut eum labore praesentium culpa.,high,resolved,EMP000073,2026-08-07T22:08:08,2026-08-23T22:59:26,Ducimus distinctio accusantium officia dolorum.,phone,1,2026-08-07T22:08:08
TKT001512,CUST000549,fraud_report,Fraud Report Issue,Accusantium vel repudiandae odit id quas sequi deserunt quisquam consequuntur ducimus quam sapiente officiis.,critical,closed,EMP000033,2026-02-22T07:59:37,2026-07-20T19:12:06,Odio cumque architecto odio maxime doloribus dolor.,email,3,2026-02-22T07:59:37
TKT001513,CUST000949,complaint,Complaint Issue,Est a corporis repudiandae quas dolore explicabo.,critical,resolved,EMP000003,2026-04-19T06:40:05,2026-08-01T19:21:55,In rerum qui nostrum.,email,2,2026-04-19T06:40:05
TKT001514,CUST000525,complaint,Complaint Issue,Exercitationem molestias quasi sit nisi animi voluptatum.,medium,resolved,EMP000080,2026-03-26T18:26:34,2026-08-12T00:16:03,Quae modi iusto quam doloremque quia officia.,email,1,2026-03-26T18:26:34
TKT001515,CUST000840,request,Request Issue,Distinctio deleniti reprehenderit quos ipsa necessitatibus doloremque necessitatibus beatae maxime quae placeat ab.,high,closed,EMP000032,2024-03-18T23:53:30,2025-09-13T08:07:03,Nulla ducimus soluta inventore vel occaecati vel.,chat,5,2024-03-18T23:53:30
TKT001516,CUST000332,card_issue,Card Issue Issue,Error amet accusantium cumque nemo delectus veritatis molestiae rem iste accusantium libero cupiditate laboriosam.,low,open,EMP000012,2025-05-08T02:21:39,,,email,,2025-05-08T02:21:39
TKT001517,CUST000583,card_issue,Card Issue Issue,Mollitia vero harum quis incidunt qui quidem.,low,in_progress,EMP000019,2025-01-26T15:01:16,,,email,,2025-01-26T15:01:16
TKT001518,CUST000905,query,Query Issue,Animi quasi saepe quia odit recusandae asperiores labore deleniti ex facilis.,low,open,EMP000099,2025-11-23T15:28:02,,,phone,,2025-11-23T15:28:02
TKT001519,CUST000401,complaint,Complaint Issue,Autem quod recusandae quibusdam amet placeat laudantium quos culpa minus officia nemo atque explicabo.,low,closed,EMP000002,2025-08-03T00:08:44,2025-09-03T02:51:36,Sed nihil laudantium in iusto quisquam eos.,phone,4,2025-08-03T00:08:44
TKT001520,CUST000295,request,Request Issue,Beatae aliquam quam repellendus suscipit eum dolorum pariatur natus excepturi sequi saepe repudiandae molestiae.,low,resolved,EMP000070,2026-04-04T22:39:18,2026-05-15T12:59:21,Dignissimos dolorum ipsum nemo libero.,email,4,2026-04-04T22:39:18
TKT001521,CUST000112,loan_issue,Loan Issue Issue,Aut laborum ratione culpa earum corrupti adipisci fuga accusamus.,high,closed,EMP000033,2025-08-02T20:12:06,2026-02-14T21:42:08,Molestias voluptatibus laboriosam quisquam.,phone,3,2025-08-02T20:12:06
TKT001522,CUST000625,loan_issue,Loan Issue Issue,Saepe tempora facere magni quisquam quisquam nisi quisquam inventore exercitationem.,low,resolved,EMP000017,2025-07-15T16:06:27,2025-09-15T06:06:24,Laborum eum consectetur voluptate sint.,chat,2,2025-07-15T16:06:27
TKT001523,CUST000409,query,Query Issue,Earum dolorum rerum at explicabo iusto tenetur eos debitis iste reprehenderit doloribus facere totam.,medium,resolved,EMP000003,2024-02-15T01:01:13,2026-02-22T22:26:24,Odio inventore ratione ducimus dolore sit.,branch,4,2024-02-15T01:01:13
TKT001524,CUST000316,account_issue,Account Issue Issue,Deleniti delectus repellendus qui earum maxime commodi.,high,open,EMP000074,2024-07-19T05:16:27,,,phone,,2024-07-19T05:16:27
TKT001525,CUST000130,card_issue,Card Issue Issue,Veniam repudiandae consectetur sint vitae nihil quod dolore provident animi vitae tempora provident consequatur tenetur deserunt.,high,resolved,EMP000027,2025-01-24T14:05:53,2026-06-03T11:51:09,Nulla ea nostrum fugiat dolorum consectetur.,email,1,2025-01-24T14:05:53
TKT001526,CUST000192,request,Request Issue,Excepturi atque eveniet commodi nobis nemo corrupti debitis nulla hic.,high,in_progress,EMP000068,2026-08-25T16:10:49,,,branch,,2026-08-25T16:10:49
TKT001527,CUST000377,query,Query Issue,Ducimus ea id aliquam aliquid expedita magni quos nesciunt.,high,open,EMP000083,2024-06-01T07:49:04,,,email,,2024-06-01T07:49:04
TKT001528,CUST000282,card_issue,Card Issue Issue,Ipsa nostrum beatae eveniet tenetur alias optio porro rem temporibus.,high,resolved,EMP000027,2025-08-11T13:14:30,2026-02-05T02:43:51,Iste non assumenda sed voluptatum.,branch,3,2025-08-11T13:14:30
TKT001529,CUST000864,fraud_report,Fraud Report Issue,Ratione possimus dolore ab dolor suscipit corporis expedita.,low,resolved,EMP000062,2025-01-04T05:48:33,2025-08-03T17:34:04,Sit fugit blanditiis ipsum.,branch,4,2025-01-04T05:48:33
TKT001530,CUST000833,fraud_report,Fraud Report Issue,Maiores eum in labore magnam quas dignissimos doloribus ullam accusantium.,low,closed,EMP000043,2025-11-05T22:50:45,2025-11-13T05:48:50,Ipsa consequuntur adipisci itaque inventore.,chat,5,2025-11-05T22:50:45
TKT001531,CUST000405,card_issue,Card Issue Issue,Veniam aspernatur ipsam corporis porro rerum et incidunt doloremque.,low,closed,EMP000051,2026-06-16T20:27:35,2026-07-02T10:05:15,Assumenda magni magni adipisci nulla impedit non natus.,chat,2,2026-06-16T20:27:35
TKT001532,CUST000698,request,Request Issue,Ipsa ratione modi voluptates deserunt fuga unde placeat.,medium,resolved,EMP000090,2024-05-17T08:22:23,2025-07-16T17:48:13,Enim ipsum vel ducimus veritatis officia.,chat,5,2024-05-17T08:22:23
TKT001533,CUST000745,account_issue,Account Issue Issue,Repudiandae beatae voluptatum a ad magnam aut sit quos omnis sed.,low,open,EMP000092,2025-10-30T08:42:45,,,chat,,2025-10-30T08:42:45
TKT001534,CUST000875,query,Query Issue,Beatae quod laborum culpa sint minus quod quibusdam unde deleniti ipsa exercitationem cum atque sint optio.,medium,in_progress,EMP000032,2024-12-17T01:56:30,,,branch,,2024-12-17T01:56:30
TKT001535,CUST000226,loan_issue,Loan Issue Issue,Repellendus perspiciatis a tempora minima accusantium odit quo nobis voluptate laudantium quod natus sapiente praesentium dolorum.,low,open,EMP000086,2024-01-23T18:20:41,,,phone,,2024-01-23T18:20:41
TKT001536,CUST000281,request,Request Issue,Exercitationem vel fugiat enim eaque magnam ipsum laudantium natus.,low,closed,EMP000091,2024-11-20T15:04:02,2025-07-07T08:57:15,Dolorum aliquam beatae.,email,1,2024-11-20T15:04:02
TKT001537,CUST000888,card_issue,Card Issue Issue,Vitae rem voluptate quaerat nisi blanditiis repudiandae possimus animi soluta esse corporis ipsam suscipit architecto fugiat.,low,open,EMP000055,2024-06-13T06:46:03,,,chat,,2024-06-13T06:46:03
TKT001538,CUST000978,query,Query Issue,Blanditiis officiis aut reiciendis quas ab repudiandae assumenda suscipit.,medium,open,EMP000066,2025-10-15T13:10:48,,,phone,,2025-10-15T13:10:48
TKT001539,CUST000014,fraud_report,Fraud Report Issue,Fugit officiis reprehenderit veniam dolore vitae dolorum ipsam illo numquam distinctio assumenda delectus fugit quae quo.,high,open,EMP000062,2026-04-29T03:43:11,,,phone,,2026-04-29T03:43:11
TKT001540,CUST000870,card_issue,Card Issue Issue,Placeat doloremque similique mollitia deleniti veritatis unde.,high,resolved,EMP000082,2026-05-23T08:32:57,2026-06-09T22:10:31,Earum exercitationem dolorem nemo.,branch,3,2026-05-23T08:32:57
TKT001541,CUST000382,loan_issue,Loan Issue Issue,Maiores accusantium deleniti sequi tempore omnis fuga laudantium consequuntur illo voluptatibus quia nam ipsum molestias.,low,resolved,EMP000052,2026-01-25T15:03:52,2026-03-15T12:15:13,Alias quaerat magnam nulla sit.,branch,3,2026-01-25T15:03:52
TKT001542,CUST000541,complaint,Complaint Issue,Veritatis esse facere corporis autem voluptates pariatur voluptates ab voluptas nobis.,low,resolved,EMP000035,2025-09-29T11:15:09,2026-07-07T16:57:21,Dolore consectetur fugit.,branch,4,2025-09-29T11:15:09
TKT001543,CUST000670,fraud_report,Fraud Report Issue,Molestias eos beatae architecto architecto saepe dicta.,medium,closed,EMP000076,2026-02-13T05:49:26,2026-06-01T18:17:08,Repellat error non blanditiis maiores necessitatibus.,chat,2,2026-02-13T05:49:26
TKT001544,CUST000954,complaint,Complaint Issue,Fugit optio dolor temporibus atque dolorem illo cupiditate debitis debitis quas eius.,medium,in_progress,EMP000073,2024-02-13T16:57:14,,,phone,,2024-02-13T16:57:14
TKT001545,CUST000917,loan_issue,Loan Issue Issue,Ullam numquam optio dicta repellendus repellat asperiores quasi officiis qui aperiam.,high,closed,EMP000095,2025-11-20T02:48:11,2026-08-07T11:24:04,Harum officia repudiandae optio dignissimos occaecati.,phone,3,2025-11-20T02:48:11
TKT001546,CUST000876,card_issue,Card Issue Issue,Occaecati explicabo quibusdam harum hic temporibus odio distinctio facilis reiciendis animi.,low,open,EMP000083,2024-01-27T06:03:53,,,email,,2024-01-27T06:03:53
TKT001547,CUST000146,card_issue,Card Issue Issue,Placeat in consequuntur deleniti inventore quod consequuntur libero fuga sit magni.,medium,in_progress,EMP000055,2024-06-02T22:11:16,,,phone,,2024-06-02T22:11:16
TKT001548,CUST000872,request,Request Issue,Iusto odio ipsum consequuntur maiores maxime consectetur dolor ex quam.,low,open,EMP000036,2025-01-13T12:20:59,,,email,,2025-01-13T12:20:59
TKT001549,CUST000297,card_issue,Card Issue Issue,Deserunt aliquam adipisci ipsa praesentium sapiente magnam cupiditate blanditiis.,low,closed,EMP000037,2024-12-13T01:10:25,2026-07-10T01:31:49,Fuga unde atque labore non inventore quas.,branch,4,2024-12-13T01:10:25
TKT001550,CUST000962,request,Request Issue,Sequi dolore facilis beatae molestiae dignissimos consequuntur veritatis reprehenderit commodi quo culpa temporibus eos odit.,medium,in_progress,EMP000023,2025-05-12T22:23:37,,,phone,,2025-05-12T22:23:37
TKT001551,CUST000822,loan_issue,Loan Issue Issue,In saepe eius et tenetur sequi vel libero omnis aut sapiente.,low,in_progress,EMP000064,2024-12-02T19:46:45,,,branch,,2024-12-02T19:46:45
TKT001552,CUST000538,complaint,Complaint Issue,Delectus voluptatibus sed voluptatum id veniam non minima.,high,in_progress,EMP000087,2024-05-02T22:40:56,,,chat,,2024-05-02T22:40:56
TKT001553,CUST000615,request,Request Issue,Voluptate voluptates labore voluptas hic laborum tempora harum commodi delectus occaecati itaque enim amet doloremque.,high,resolved,EMP000081,2025-07-03T16:09:47,2025-10-12T11:43:01,Voluptates labore cum excepturi modi atque magnam facere.,chat,2,2025-07-03T16:09:47
TKT001554,CUST000631,complaint,Complaint Issue,Quibusdam asperiores totam vel commodi voluptatum iusto optio consequatur esse voluptates.,medium,in_progress,EMP000061,2026-03-06T17:52:54,,,branch,,2026-03-06T17:52:54
TKT001555,CUST000604,query,Query Issue,Minus excepturi ab eum fugit aspernatur tempora nostrum ad.,low,in_progress,EMP000002,2024-11-26T04:48:38,,,email,,2024-11-26T04:48:38
TKT001556,CUST000680,account_issue,Account Issue Issue,Accusamus ut alias consequatur consectetur animi id minus.,high,closed,EMP000093,2024-12-27T00:34:14,2026-01-21T16:23:27,Incidunt aperiam magnam eaque tenetur.,branch,5,2024-12-27T00:34:14
TKT001557,CUST000554,account_issue,Account Issue Issue,Quisquam reprehenderit pariatur reprehenderit modi aut deserunt dolor doloribus sed.,medium,closed,EMP000046,2025-08-12T20:42:14,2025-12-11T19:27:14,Autem delectus perferendis error mollitia ipsam.,chat,5,2025-08-12T20:42:14
TKT001558,CUST000108,request,Request Issue,Repellat adipisci architecto reiciendis nam esse id maxime.,medium,resolved,EMP000001,2026-08-08T14:17:57,2026-08-19T20:34:59,Quibusdam debitis totam.,email,5,2026-08-08T14:17:57
TKT001559,CUST000401,query,Query Issue,Dicta veritatis blanditiis aperiam suscipit consequuntur aliquam odit neque quos necessitatibus odit ipsum.,medium,open,EMP000016,2025-09-10T13:07:17,,,email,,2025-09-10T13:07:17
TKT001560,CUST000458,card_issue,Card Issue Issue,Vero pariatur reiciendis perferendis tempore doloremque possimus quos necessitatibus voluptates explicabo nihil.,medium,resolved,EMP000058,2024-12-02T18:50:09,2025-10-15T22:30:19,Cum veniam quo.,chat,3,2024-12-02T18:50:09
TKT001561,CUST000721,query,Query Issue,Voluptate ipsa quam amet beatae eligendi eum doloribus ipsam provident maxime.,medium,resolved,EMP000031,2025-03-28T12:51:15,2025-11-08T06:12:40,Provident recusandae quibusdam aliquid ipsum nemo deserunt.,phone,3,2025-03-28T12:51:15
TKT001562,CUST000395,request,Request Issue,Perspiciatis ad dolore nobis officiis asperiores nemo alias pariatur incidunt quo voluptas exercitationem accusantium occaecati temporibus.,medium,resolved,EMP000087,2024-04-26T11:22:18,2026-04-27T12:05:07,Voluptatibus eius doloremque veritatis provident voluptates quasi perspiciatis.,email,5,2024-04-26T11:22:18
TKT001563,CUST000579,query,Query Issue,Nam exercitationem sed incidunt deleniti numquam autem velit iste rem velit.,medium,resolved,EMP000023,2024-10-26T19:43:13,2025-08-25T04:23:38,Tenetur architecto quaerat tenetur recusandae impedit hic.,chat,5,2024-10-26T19:43:13
TKT001564,CUST000997,request,Request Issue,Quisquam possimus optio rem qui labore harum praesentium repellendus consequuntur corrupti similique sint doloremque quo labore.,medium,in_progress,EMP000098,2026-03-21T02:18:34,,,phone,,2026-03-21T02:18:34
TKT001565,CUST000509,complaint,Complaint Issue,Ab delectus laudantium omnis voluptates sint corrupti excepturi odio.,high,in_progress,EMP000091,2024-06-30T04:46:45,,,email,,2024-06-30T04:46:45
TKT001566,CUST000055,request,Request Issue,Dolor dolores quis quo consequuntur ratione porro odio earum voluptas.,medium,resolved,EMP000009,2026-03-25T02:29:05,2026-08-23T07:19:43,Quod minima a dolor.,chat,5,2026-03-25T02:29:05
TKT001567,CUST000838,request,Request Issue,Eius quia eligendi fuga beatae sint perferendis maxime hic.,low,open,EMP000015,2025-07-06T00:07:16,,,email,,2025-07-06T00:07:16
TKT001568,CUST000330,account_issue,Account Issue Issue,Illo pariatur voluptate doloribus commodi facilis maxime odio blanditiis et.,medium,resolved,EMP000062,2025-08-02T11:09:25,2025-12-12T20:07:33,Autem soluta repellendus asperiores doloremque possimus id aspernatur.,chat,3,2025-08-02T11:09:25
TKT001569,CUST000345,complaint,Complaint Issue,Architecto molestiae praesentium esse ipsam earum voluptate autem id quis tempore molestiae eaque expedita amet.,medium,open,EMP000094,2025-10-31T18:16:03,,,chat,,2025-10-31T18:16:03
TKT001570,CUST000324,loan_issue,Loan Issue Issue,Sequi laudantium laboriosam nisi ratione libero amet ab eaque nihil vitae vel fugiat vel.,critical,in_progress,EMP000069,2024-07-13T10:15:49,,,branch,,2024-07-13T10:15:49
TKT001571,CUST000312,fraud_report,Fraud Report Issue,Sit possimus voluptas reprehenderit quia eos magni qui tenetur distinctio necessitatibus suscipit esse.,low,closed,EMP000012,2025-12-24T00:58:07,2026-02-22T13:51:21,Odio veritatis necessitatibus vero tempore quam qui.,chat,1,2025-12-24T00:58:07
TKT001572,CUST000824,request,Request Issue,Corporis explicabo hic earum explicabo optio quam quae provident possimus eius rerum.,medium,in_progress,EMP000050,2024-02-02T11:02:01,,,branch,,2024-02-02T11:02:01
TKT001573,CUST000217,card_issue,Card Issue Issue,Dolores fugiat labore ut velit perspiciatis illum modi laboriosam molestiae corporis.,medium,open,EMP000086,2026-03-23T15:54:34,,,branch,,2026-03-23T15:54:34
TKT001574,CUST000792,request,Request Issue,Corrupti consectetur itaque tempore dolore enim ab earum fuga soluta esse.,critical,in_progress,EMP000089,2024-05-06T04:00:29,,,branch,,2024-05-06T04:00:29
TKT001575,CUST000357,loan_issue,Loan Issue Issue,Occaecati error officiis labore necessitatibus vero sunt quia illum vitae.,low,in_progress,EMP000069,2025-03-21T21:00:33,,,email,,2025-03-21T21:00:33
TKT001576,CUST000154,account_issue,Account Issue Issue,Laudantium laboriosam fuga fugiat deleniti soluta quae esse id qui accusantium odio odit modi quis.,medium,resolved,EMP000041,2024-09-05T14:14:05,2026-04-18T12:59:26,Iusto a nesciunt nobis.,email,5,2024-09-05T14:14:05
TKT001577,CUST000099,fraud_report,Fraud Report Issue,Praesentium necessitatibus doloribus minus ut illum molestiae animi corporis nulla beatae.,low,open,EMP000023,2024-03-14T21:18:37,,,chat,,2024-03-14T21:18:37
TKT001578,CUST000924,card_issue,Card Issue Issue,In excepturi tenetur rem praesentium esse blanditiis ipsum illo adipisci adipisci.,high,open,EMP000006,2025-02-17T07:36:02,,,email,,2025-02-17T07:36:02
TKT001579,CUST000155,card_issue,Card Issue Issue,Aperiam nam animi distinctio consectetur neque distinctio.,low,in_progress,EMP000087,2026-07-09T10:51:44,,,chat,,2026-07-09T10:51:44
TKT001580,CUST000938,query,Query Issue,Qui nobis culpa dolorem consequuntur ea occaecati.,medium,resolved,EMP000008,2024-02-27T07:56:47,2024-08-26T20:04:54,Minima perferendis exercitationem quia fugit velit.,chat,2,2024-02-27T07:56:47
TKT001581,CUST000493,request,Request Issue,Deserunt officiis omnis odit eius ipsum pariatur repellendus quisquam tempora dolorem optio sunt.,high,closed,EMP000087,2025-10-18T21:34:50,2026-01-08T00:20:02,Veniam cumque quam blanditiis.,branch,1,2025-10-18T21:34:50
TKT001582,CUST000798,loan_issue,Loan Issue Issue,Officia autem odit corrupti repellendus eum ut eaque fugiat vel distinctio veniam culpa error modi.,high,open,EMP000054,2026-04-25T21:02:47,,,email,,2026-04-25T21:02:47
TKT001583,CUST000582,account_issue,Account Issue Issue,Modi sit accusantium suscipit natus itaque similique sint.,medium,in_progress,EMP000027,2025-12-31T23:19:57,,,email,,2025-12-31T23:19:57
TKT001584,CUST000223,complaint,Complaint Issue,Alias vel tenetur veritatis tempora expedita similique.,low,open,EMP000061,2025-02-21T14:58:53,,,chat,,2025-02-21T14:58:53
TKT001585,CUST000255,card_issue,Card Issue Issue,Enim voluptatum explicabo voluptas porro blanditiis doloribus accusantium porro accusantium vero.,low,resolved,EMP000032,2025-04-23T05:20:31,2025-05-23T07:41:55,Porro nostrum corporis reprehenderit necessitatibus facere dolorem.,branch,3,2025-04-23T05:20:31
TKT001586,CUST000061,complaint,Complaint Issue,Sunt corporis ab magni adipisci modi officia sint natus ratione ipsa.,high,closed,EMP000069,2025-07-28T07:19:19,2026-08-09T20:37:29,Molestiae magni deserunt consequatur ex.,branch,5,2025-07-28T07:19:19
TKT001587,CUST000884,complaint,Complaint Issue,Debitis atque necessitatibus corrupti assumenda repellat accusamus sed.,medium,in_progress,EMP000005,2026-02-11T13:43:33,,,chat,,2026-02-11T13:43:33
TKT001588,CUST000098,card_issue,Card Issue Issue,Fuga rem nostrum maxime minus iste a.,low,resolved,EMP000062,2024-04-04T13:39:07,2024-06-04T07:23:37,Aspernatur error reprehenderit facilis enim.,chat,1,2024-04-04T13:39:07
TKT001589,CUST000280,fraud_report,Fraud Report Issue,Veritatis rerum molestias sequi numquam animi fugiat.,high,in_progress,EMP000022,2024-07-21T08:18:22,,,email,,2024-07-21T08:18:22
TKT001590,CUST000274,account_issue,Account Issue Issue,Unde facilis corporis architecto assumenda doloremque repellendus beatae voluptatibus quaerat eaque.,low,resolved,EMP000086,2026-04-22T05:36:07,2026-05-15T02:33:41,Nemo ex nostrum voluptas nobis molestiae voluptatum accusamus.,branch,5,2026-04-22T05:36:07
TKT001591,CUST000177,loan_issue,Loan Issue Issue,Accusamus quisquam asperiores voluptates facilis aliquid autem quae distinctio aspernatur cupiditate.,medium,resolved,EMP000052,2024-04-09T18:15:23,2024-08-22T06:16:03,Perspiciatis minima enim.,branch,4,2024-04-09T18:15:23
TKT001592,CUST000773,fraud_report,Fraud Report Issue,Quasi eveniet assumenda aliquam enim nulla repellendus rem blanditiis atque consequuntur perferendis.,medium,open,EMP000082,2025-12-24T20:43:36,,,phone,,2025-12-24T20:43:36
TKT001593,CUST000406,loan_issue,Loan Issue Issue,Nihil voluptate provident veniam quod a totam cum expedita hic minima nobis quasi repellendus unde facilis.,low,closed,EMP000093,2024-12-25T12:29:45,2025-01-12T06:30:48,Architecto fugiat magni nobis.,phone,2,2024-12-25T12:29:45
TKT001594,CUST000250,complaint,Complaint Issue,Occaecati doloremque iure cumque nisi eaque at dolorem fugiat deserunt eius.,high,open,EMP000044,2026-08-07T03:11:07,,,phone,,2026-08-07T03:11:07
TKT001595,CUST000466,account_issue,Account Issue Issue,Mollitia illum voluptates odio officia nemo eligendi commodi omnis veniam fuga laboriosam maxime non ea.,critical,closed,EMP000014,2025-10-21T10:15:33,2026-01-30T19:25:26,Optio omnis voluptatibus consequatur dolorem facilis.,email,2,2025-10-21T10:15:33
TKT001596,CUST000890,complaint,Complaint Issue,Earum deleniti impedit dolore numquam quos ab officiis error quod ea.,critical,in_progress,EMP000007,2026-07-12T12:24:06,,,phone,,2026-07-12T12:24:06
TKT001597,CUST000682,fraud_report,Fraud Report Issue,Officiis ratione rerum assumenda dolorem hic quas dolorum vel ad quaerat ea vero.,high,resolved,EMP000029,2026-05-06T15:41:29,2026-08-23T20:16:24,Odit nulla consequatur ullam consequatur odit aspernatur.,email,2,2026-05-06T15:41:29
TKT001598,CUST000387,fraud_report,Fraud Report Issue,Repellendus eius accusantium omnis delectus deleniti consequuntur.,medium,open,EMP000042,2026-01-03T14:53:56,,,branch,,2026-01-03T14:53:56
TKT001599,CUST000818,request,Request Issue,Expedita porro non reiciendis laudantium labore velit deleniti exercitationem excepturi ipsum fugit.,medium,closed,EMP000070,2024-05-20T15:57:12,2025-04-18T06:13:05,Voluptates molestiae quibusdam repudiandae molestiae.,email,3,2024-05-20T15:57:12
TKT001600,CUST000765,query,Query Issue,Nam ullam velit corrupti quibusdam dolorem nemo mollitia ad.,medium,resolved,EMP000014,2026-02-12T16:46:52,2026-04-25T20:01:57,Reprehenderit neque praesentium quibusdam cumque nesciunt expedita quod.,branch,1,2026-02-12T16:46:52
TKT001601,CUST000923,query,Query Issue,Facilis neque ut harum rem non tenetur sequi voluptatem deleniti.,low,in_progress,EMP000065,2024-09-22T04:06:49,,,branch,,2024-09-22T04:06:49
TKT001602,CUST000732,account_issue,Account Issue Issue,Doloremque dolores animi ratione repellat id magnam neque perspiciatis distinctio voluptatem quam.,low,closed,EMP000020,2026-02-14T11:15:49,2026-08-30T09:13:49,Molestias eum rem veritatis enim cumque.,phone,3,2026-02-14T11:15:49
TKT001603,CUST000971,account_issue,Account Issue Issue,Eveniet perferendis pariatur reprehenderit excepturi ab accusantium repellendus deleniti adipisci.,critical,open,EMP000030,2026-07-23T16:06:16,,,email,,2026-07-23T16:06:16
TKT001604,CUST000924,fraud_report,Fraud Report Issue,Nihil molestias eum provident asperiores porro hic ea aliquam vel blanditiis.,medium,resolved,EMP000011,2025-12-15T20:00:40,2026-05-02T20:28:25,Quod laborum quae veniam.,branch,1,2025-12-15T20:00:40
TKT001605,CUST000156,request,Request Issue,Voluptatibus facere blanditiis facilis rem magni dicta ea corporis incidunt delectus odio pariatur aliquam quibusdam at.,low,resolved,EMP000072,2024-03-29T13:51:12,2024-08-03T02:06:43,Ad odit perspiciatis dolor dolore est.,phone,3,2024-03-29T13:51:12
TKT001606,CUST000697,loan_issue,Loan Issue Issue,Ipsa corrupti sapiente odio quis quisquam repudiandae inventore maxime ipsa enim repellendus fugit consequuntur.,medium,closed,EMP000020,2024-04-09T07:15:05,2024-12-26T14:04:33,Eius tempora fuga maiores.,phone,5,2024-04-09T07:15:05
TKT001607,CUST000120,account_issue,Account Issue Issue,Ut dolorum necessitatibus perspiciatis dignissimos mollitia est dicta voluptas quia natus aperiam architecto necessitatibus.,medium,resolved,EMP000050,2024-10-20T13:06:40,2026-02-21T05:06:40,Nihil inventore repudiandae aliquid reprehenderit distinctio.,chat,3,2024-10-20T13:06:40
TKT001608,CUST000500,loan_issue,Loan Issue Issue,Dolorem corporis fuga voluptate esse qui vitae vero.,low,resolved,EMP000021,2025-10-20T23:59:05,2026-02-08T17:34:46,Itaque ducimus eligendi dolorum possimus id recusandae.,phone,5,2025-10-20T23:59:05
TKT001609,CUST000172,query,Query Issue,Vero odio aliquam rerum odit ab quibusdam eligendi facere eaque magni.,medium,in_progress,EMP000001,2025-02-14T07:48:20,,,email,,2025-02-14T07:48:20
TKT001610,CUST000895,query,Query Issue,Eligendi suscipit ipsa aperiam qui recusandae sapiente tenetur sed iusto hic consequatur.,high,in_progress,EMP000015,2025-07-18T18:59:33,,,branch,,2025-07-18T18:59:33
TKT001611,CUST000326,loan_issue,Loan Issue Issue,Soluta minus aspernatur libero aperiam vitae doloribus quod dicta minima sapiente hic nobis veniam quis quasi.,medium,closed,EMP000063,2025-08-12T11:38:01,2026-01-13T00:18:01,Nemo praesentium officiis repellendus placeat tempora cupiditate.,chat,4,2025-08-12T11:38:01
TKT001612,CUST000953,query,Query Issue,Sequi soluta libero repellat quibusdam est et modi dicta excepturi modi perferendis aut.,low,in_progress,EMP000056,2024-12-17T21:20:14,,,phone,,2024-12-17T21:20:14
TKT001613,CUST000218,account_issue,Account Issue Issue,Quod laudantium officia et eius et et consequuntur.,high,resolved,EMP000084,2025-02-16T22:22:26,2025-04-01T14:01:07,Debitis alias quisquam necessitatibus dicta odio.,branch,3,2025-02-16T22:22:26
TKT001614,CUST000088,loan_issue,Loan Issue Issue,Tenetur officiis reprehenderit ipsa eius dolorem tenetur soluta aliquid aperiam blanditiis esse similique quibusdam dolor.,low,in_progress,EMP000052,2024-01-29T00:03:25,,,branch,,2024-01-29T00:03:25
TKT001615,CUST000565,request,Request Issue,Corrupti voluptas accusamus assumenda iure aspernatur exercitationem nisi molestiae impedit sed.,high,closed,EMP000069,2026-03-27T06:53:37,2026-04-07T10:38:02,Consequuntur repudiandae ducimus tenetur sequi.,chat,1,2026-03-27T06:53:37
TKT001616,CUST000016,card_issue,Card Issue Issue,Facilis quos praesentium sapiente nobis quod veritatis.,medium,closed,EMP000079,2025-03-08T05:53:29,2025-04-12T03:55:09,Inventore ducimus nostrum esse nulla similique voluptate.,email,1,2025-03-08T05:53:29
TKT001617,CUST000476,query,Query Issue,Debitis cum delectus quam assumenda fugiat ea tenetur quibusdam maiores excepturi inventore.,high,resolved,EMP000088,2024-10-09T19:58:25,2024-10-16T10:57:46,Ex modi sapiente incidunt ex.,phone,1,2024-10-09T19:58:25
TKT001618,CUST000801,fraud_report,Fraud Report Issue,Sint id possimus fugiat culpa mollitia dolores molestiae reprehenderit.,critical,closed,EMP000011,2024-08-07T19:07:53,2026-04-04T11:13:39,Praesentium amet iste incidunt laboriosam.,email,1,2024-08-07T19:07:53
TKT001619,CUST000325,loan_issue,Loan Issue Issue,Dolorum alias cupiditate tempora nobis ex aut placeat deleniti qui et odio a.,high,closed,EMP000031,2024-10-13T20:02:03,2025-09-03T01:11:57,Sit recusandae tempora dolores eius unde.,phone,5,2024-10-13T20:02:03
TKT001620,CUST000343,request,Request Issue,Dicta at atque saepe voluptate distinctio quasi tempore autem modi similique similique consequatur quos.,high,in_progress,EMP000067,2025-01-30T15:58:27,,,email,,2025-01-30T15:58:27
TKT001621,CUST000092,request,Request Issue,Ut tenetur placeat ad quas adipisci doloremque dicta molestias iure pariatur suscipit placeat.,high,in_progress,EMP000042,2026-06-28T17:41:51,,,chat,,2026-06-28T17:41:51
TKT001622,CUST000448,complaint,Complaint Issue,Provident delectus fugit dolore molestias possimus modi modi perferendis reprehenderit ipsa minima culpa sunt libero amet.,low,resolved,EMP000024,2024-04-02T12:55:52,2025-04-19T14:32:56,Quod debitis rerum.,email,5,2024-04-02T12:55:52
TKT001623,CUST000786,fraud_report,Fraud Report Issue,Possimus assumenda beatae occaecati laborum error dignissimos voluptate sit magni quidem aperiam quam assumenda saepe in.,low,closed,EMP000011,2025-12-19T05:14:59,2026-06-24T10:50:18,Quibusdam autem ut illum.,chat,2,2025-12-19T05:14:59
TKT001624,CUST000385,card_issue,Card Issue Issue,Aut velit unde reprehenderit repudiandae dolorum incidunt animi fugiat cupiditate ipsam unde cupiditate ratione.,low,resolved,EMP000067,2026-08-23T20:57:45,2026-08-31T10:21:00,Eveniet quod tempora architecto id soluta.,email,4,2026-08-23T20:57:45
TKT001625,CUST000965,complaint,Complaint Issue,Ducimus qui fugiat ipsa unde iusto sapiente aliquid sint consequatur fugiat modi fugit repellat soluta.,medium,closed,EMP000032,2025-02-16T08:36:11,2025-12-26T12:43:43,Sed tempora blanditiis dignissimos quo ducimus.,chat,1,2025-02-16T08:36:11
TKT001626,CUST000117,query,Query Issue,Dicta accusamus soluta maiores vero nam atque deleniti distinctio fugiat autem in tempora possimus laborum.,low,resolved,EMP000043,2026-03-15T04:58:07,2026-04-29T11:15:27,Repellendus dicta culpa laudantium.,branch,2,2026-03-15T04:58:07
TKT001627,CUST000581,loan_issue,Loan Issue Issue,Corrupti facilis commodi in ea libero earum provident minima quis.,medium,in_progress,EMP000071,2025-05-18T18:07:07,,,email,,2025-05-18T18:07:07
TKT001628,CUST000720,fraud_report,Fraud Report Issue,Harum officia alias sunt recusandae qui corrupti alias similique ipsam voluptate corrupti maiores dolorum officiis quas.,high,open,EMP000046,2025-04-19T20:52:38,,,email,,2025-04-19T20:52:38
TKT001629,CUST000209,query,Query Issue,Molestias dolorum vel quaerat aspernatur voluptates mollitia ipsam incidunt iste iusto eos ratione corrupti minus.,high,open,EMP000007,2026-06-09T15:08:38,,,branch,,2026-06-09T15:08:38
TKT001630,CUST000618,account_issue,Account Issue Issue,Molestias recusandae optio voluptate ea eos blanditiis pariatur est molestias deleniti tempore.,critical,in_progress,EMP000002,2026-04-23T14:37:55,,,branch,,2026-04-23T14:37:55
TKT001631,CUST000578,card_issue,Card Issue Issue,Suscipit cum at expedita eveniet laboriosam maiores dolores numquam illum corporis.,medium,open,EMP000090,2026-04-22T00:59:19,,,chat,,2026-04-22T00:59:19
TKT001632,CUST000736,card_issue,Card Issue Issue,Quis consectetur fuga quis veritatis optio reprehenderit ex ducimus voluptates culpa.,medium,resolved,EMP000038,2026-05-17T03:30:54,2026-05-20T23:00:32,Ipsum veniam maiores.,phone,2,2026-05-17T03:30:54
TKT001633,CUST000423,loan_issue,Loan Issue Issue,Non officiis similique dignissimos voluptates eveniet officia tenetur sed deserunt nisi illum nobis officia impedit.,medium,open,EMP000006,2026-03-16T15:49:39,,,email,,2026-03-16T15:49:39
TKT001634,CUST000463,account_issue,Account Issue Issue,Numquam exercitationem nesciunt facilis corrupti ducimus expedita voluptatibus.,low,open,EMP000083,2025-12-14T10:34:49,,,chat,,2025-12-14T10:34:49
TKT001635,CUST000862,loan_issue,Loan Issue Issue,Est totam eaque laboriosam placeat amet dolores veniam illo odio deleniti nemo.,high,resolved,EMP000010,2025-04-24T18:11:59,2025-08-02T18:21:09,Dolore doloribus a voluptatem nemo atque consequuntur.,chat,5,2025-04-24T18:11:59
TKT001636,CUST000019,query,Query Issue,Beatae tenetur consectetur sunt vitae ab nesciunt fuga debitis at laboriosam soluta distinctio sint eius dignissimos.,high,in_progress,EMP000040,2024-02-20T06:20:42,,,chat,,2024-02-20T06:20:42
TKT001637,CUST000166,fraud_report,Fraud Report Issue,Quia amet facere sequi praesentium quam similique officiis debitis expedita magnam vel.,medium,open,EMP000031,2026-08-23T16:24:47,,,email,,2026-08-23T16:24:47
TKT001638,CUST000131,query,Query Issue,Exercitationem maxime adipisci iste laboriosam ducimus incidunt officiis ad dolore dolore quasi ducimus.,low,in_progress,EMP000050,2025-11-04T01:31:11,,,chat,,2025-11-04T01:31:11
TKT001639,CUST000773,fraud_report,Fraud Report Issue,Quasi ipsa odio deserunt at quaerat aspernatur nihil molestiae quos officiis aliquam aut.,medium,in_progress,EMP000065,2025-08-22T22:17:26,,,branch,,2025-08-22T22:17:26
TKT001640,CUST000326,complaint,Complaint Issue,Dolorum sed velit non eveniet molestias nihil voluptas.,high,open,EMP000085,2026-02-21T09:01:25,,,phone,,2026-02-21T09:01:25
TKT001641,CUST000548,card_issue,Card Issue Issue,Reprehenderit fuga consequatur sit commodi praesentium at.,low,in_progress,EMP000082,2024-05-15T02:54:50,,,phone,,2024-05-15T02:54:50
TKT001642,CUST000810,query,Query Issue,Quas quo nobis voluptas possimus numquam architecto dolorum aliquid repudiandae ab doloremque suscipit non quidem doloribus.,medium,closed,EMP000083,2026-04-07T09:24:48,2026-08-18T00:00:14,Voluptate ad praesentium et totam quia iusto.,chat,2,2026-04-07T09:24:48
TKT001643,CUST000864,query,Query Issue,Odio blanditiis eius odit quidem eius fugit temporibus laborum perferendis reprehenderit velit dolorem.,medium,in_progress,EMP000096,2026-01-07T03:18:30,,,branch,,2026-01-07T03:18:30
TKT001644,CUST000154,request,Request Issue,Quia sint dolore quaerat laudantium aut mollitia inventore cum quam.,medium,open,EMP000019,2025-05-16T03:35:43,,,branch,,2025-05-16T03:35:43
TKT001645,CUST000911,query,Query Issue,Alias architecto consequatur eligendi labore officiis debitis modi accusantium saepe quos quisquam nisi reprehenderit.,medium,open,EMP000096,2024-04-12T15:35:12,,,email,,2024-04-12T15:35:12
TKT001646,CUST000399,request,Request Issue,Velit accusamus officiis ratione blanditiis nisi ut ipsam delectus.,high,open,EMP000021,2026-05-14T07:19:21,,,branch,,2026-05-14T07:19:21
TKT001647,CUST000312,complaint,Complaint Issue,Quae doloribus doloremque aspernatur reprehenderit hic amet vitae ex et omnis quas amet aspernatur labore nam.,critical,open,EMP000020,2024-03-27T07:44:05,,,email,,2024-03-27T07:44:05
TKT001648,CUST000193,account_issue,Account Issue Issue,Sit mollitia ab corrupti molestias accusamus natus sed perferendis dolorem natus itaque magnam fuga.,high,resolved,EMP000068,2026-02-06T13:24:47,2026-05-25T21:08:32,Consequatur dolor dolor atque distinctio ex.,branch,1,2026-02-06T13:24:47
TKT001649,CUST000568,loan_issue,Loan Issue Issue,Illo ea nobis accusantium repudiandae laboriosam quos suscipit harum dicta amet.,medium,resolved,EMP000048,2025-09-04T02:19:10,2026-03-07T14:14:43,Saepe sint dolores facere possimus excepturi sapiente.,chat,4,2025-09-04T02:19:10
TKT001650,CUST000120,fraud_report,Fraud Report Issue,Dolores adipisci repellat voluptatibus quae sit placeat assumenda officiis voluptatem quasi maxime nostrum sit temporibus reprehenderit.,low,open,EMP000029,2026-01-27T22:06:44,,,branch,,2026-01-27T22:06:44
TKT001651,CUST000281,complaint,Complaint Issue,Doloribus quasi voluptatum aperiam quod quo error optio quos voluptatum.,low,resolved,EMP000088,2025-04-05T11:46:17,2026-05-31T06:32:58,Sunt nulla odit occaecati pariatur et delectus distinctio.,branch,2,2025-04-05T11:46:17
TKT001652,CUST000238,loan_issue,Loan Issue Issue,Dolores nihil facilis maxime error minima hic.,high,open,EMP000076,2025-03-21T00:40:17,,,phone,,2025-03-21T00:40:17
TKT001653,CUST000568,request,Request Issue,Quas laudantium et accusamus qui nihil rem aspernatur similique dolor numquam minima.,low,closed,EMP000028,2024-11-01T02:07:18,2025-10-22T16:15:47,Accusamus eos blanditiis.,chat,3,2024-11-01T02:07:18
TKT001654,CUST000150,complaint,Complaint Issue,Saepe corporis quas dolores blanditiis similique qui quaerat ipsam quos delectus reiciendis veritatis quos.,critical,closed,EMP000078,2024-03-08T07:52:54,2025-01-12T13:09:56,Modi voluptatem consectetur.,phone,4,2024-03-08T07:52:54
TKT001655,CUST000368,complaint,Complaint Issue,Eligendi officiis officiis eligendi possimus voluptate voluptates.,high,resolved,EMP000031,2025-05-03T08:55:29,2025-09-28T18:46:24,Rerum et facere quod adipisci magnam.,phone,5,2025-05-03T08:55:29
TKT001656,CUST000337,complaint,Complaint Issue,Sint dolores ullam autem excepturi laudantium iusto.,medium,closed,EMP000047,2025-03-24T20:17:42,2025-11-23T04:21:34,A totam quia fugiat.,chat,1,2025-03-24T20:17:42
TKT001657,CUST000295,account_issue,Account Issue Issue,Eius nobis esse maiores ea libero culpa numquam.,critical,open,EMP000006,2026-04-15T14:05:12,,,email,,2026-04-15T14:05:12
TKT001658,CUST000106,fraud_report,Fraud Report Issue,Deserunt dolorem ipsam est facere quos quas delectus error iste itaque est.,medium,closed,EMP000040,2024-06-11T15:20:01,2026-01-03T19:37:18,Aperiam quos similique cupiditate alias quas.,email,2,2024-06-11T15:20:01
TKT001659,CUST000706,card_issue,Card Issue Issue,Ipsum expedita harum officia minus aut illum sint quo ab mollitia eum distinctio voluptates.,medium,open,EMP000095,2024-12-23T04:50:57,,,email,,2024-12-23T04:50:57
TKT001660,CUST000954,card_issue,Card Issue Issue,Consectetur et cum officia earum voluptates vero facere eius facilis atque perferendis nesciunt.,medium,closed,EMP000064,2024-02-02T21:59:24,2025-11-25T06:02:12,Rerum atque provident quae minima nobis.,chat,4,2024-02-02T21:59:24
TKT001661,CUST000790,query,Query Issue,Numquam laboriosam assumenda vel eveniet eaque assumenda unde.,low,resolved,EMP000098,2025-05-13T08:24:24,2025-12-08T04:42:41,Laudantium consequatur repudiandae dicta corrupti voluptatem.,branch,5,2025-05-13T08:24:24
TKT001662,CUST000720,account_issue,Account Issue Issue,Ad dolorem totam architecto excepturi fuga cumque laboriosam facere excepturi perferendis amet repellendus occaecati possimus.,low,resolved,EMP000016,2025-10-21T06:25:37,2026-03-07T09:16:00,Soluta quia iusto deleniti autem quidem.,chat,2,2025-10-21T06:25:37
TKT001663,CUST000424,complaint,Complaint Issue,Aliquam odit tenetur maiores voluptate soluta commodi excepturi.,medium,resolved,EMP000077,2024-07-27T12:09:52,2025-12-27T18:47:36,Ullam doloribus ipsam harum ab tempora odit.,email,5,2024-07-27T12:09:52
TKT001664,CUST000271,complaint,Complaint Issue,Consequuntur itaque vitae dolorum recusandae occaecati non aut.,medium,closed,EMP000005,2026-03-20T02:45:49,2026-07-11T19:41:29,Nesciunt facilis soluta fugiat assumenda.,phone,3,2026-03-20T02:45:49
TKT001665,CUST000778,fraud_report,Fraud Report Issue,Doloribus ipsum sint dignissimos ipsa laborum iusto.,medium,closed,EMP000095,2024-05-03T21:28:01,2025-05-09T21:12:48,Aliquid quas incidunt illo.,chat,2,2024-05-03T21:28:01
TKT001666,CUST000787,account_issue,Account Issue Issue,Voluptate veritatis fugiat maxime autem nesciunt ad.,medium,resolved,EMP000052,2024-09-03T21:05:42,2025-02-22T22:00:48,Nesciunt accusamus ipsa sapiente.,email,5,2024-09-03T21:05:42
TKT001667,CUST000002,query,Query Issue,Id officia natus distinctio blanditiis officia perspiciatis dolor ducimus pariatur quod blanditiis aliquid nam.,high,closed,EMP000014,2026-01-30T18:03:36,2026-08-19T21:28:11,Esse autem expedita ipsum placeat ab similique.,chat,4,2026-01-30T18:03:36
TKT001668,CUST000224,loan_issue,Loan Issue Issue,Impedit pariatur rerum maxime rerum debitis optio beatae at ullam maiores nostrum autem delectus.,low,in_progress,EMP000001,2026-06-30T00:40:34,,,chat,,2026-06-30T00:40:34
TKT001669,CUST000985,loan_issue,Loan Issue Issue,Dolorem modi perspiciatis repudiandae ullam maxime minus quis minus molestias dignissimos.,low,in_progress,EMP000018,2024-01-21T14:38:20,,,phone,,2024-01-21T14:38:20
TKT001670,CUST000863,complaint,Complaint Issue,Doloribus debitis dicta perferendis saepe laudantium voluptates.,low,resolved,EMP000088,2025-10-30T23:06:36,2026-06-29T04:44:42,Dolorem occaecati culpa modi.,branch,3,2025-10-30T23:06:36
TKT001671,CUST000679,request,Request Issue,Corporis molestiae quod totam quo saepe voluptatibus architecto distinctio nesciunt corporis.,low,in_progress,EMP000027,2024-12-13T09:32:52,,,phone,,2024-12-13T09:32:52
TKT001672,CUST000749,request,Request Issue,Pariatur nemo sunt fuga magni explicabo unde consequatur asperiores atque omnis impedit maiores libero.,medium,open,EMP000069,2024-11-15T09:47:50,,,chat,,2024-11-15T09:47:50
TKT001673,CUST000188,account_issue,Account Issue Issue,Numquam reprehenderit ipsa nemo porro perspiciatis voluptas minus rem molestiae enim.,low,resolved,EMP000042,2026-02-25T18:24:05,2026-08-08T12:11:49,Sed ducimus doloribus similique natus maiores.,email,1,2026-02-25T18:24:05
TKT001674,CUST000858,query,Query Issue,Quasi nulla ex eaque voluptas nobis commodi veniam incidunt ducimus quos vel corrupti possimus optio modi.,low,open,EMP000013,2024-01-23T22:27:27,,,chat,,2024-01-23T22:27:27
TKT001675,CUST000785,fraud_report,Fraud Report Issue,Eveniet optio explicabo provident assumenda animi blanditiis.,high,resolved,EMP000013,2025-04-13T12:31:59,2026-03-23T22:28:20,Soluta hic ducimus tenetur.,phone,3,2025-04-13T12:31:59
TKT001676,CUST000967,query,Query Issue,Recusandae dicta tempora iusto nisi modi facere debitis.,low,in_progress,EMP000014,2025-04-23T19:37:48,,,email,,2025-04-23T19:37:48
TKT001677,CUST000956,query,Query Issue,Libero repellat eaque unde eos iure aut rem aut voluptate quam rem.,medium,resolved,EMP000085,2024-04-09T22:56:25,2025-07-08T01:46:50,Laborum minus voluptatum velit.,chat,1,2024-04-09T22:56:25
TKT001678,CUST000063,fraud_report,Fraud Report Issue,Asperiores recusandae dolore iusto est distinctio quo et dicta harum in eveniet et natus.,medium,in_progress,EMP000018,2025-06-30T13:18:58,,,branch,,2025-06-30T13:18:58
TKT001679,CUST000758,query,Query Issue,Nihil tempore aut ipsa numquam repellat eos minima est minima.,low,in_progress,EMP000068,2024-06-05T06:32:38,,,branch,,2024-06-05T06:32:38
TKT001680,CUST000840,fraud_report,Fraud Report Issue,Aliquam sed neque consequatur ipsa magni minima quidem esse laudantium ipsam id alias saepe sapiente.,low,closed,EMP000027,2024-11-14T17:42:18,2025-11-20T22:18:16,Molestias nisi eveniet tempora provident fugit quo.,chat,1,2024-11-14T17:42:18
TKT001681,CUST000162,loan_issue,Loan Issue Issue,Tempora suscipit vel aliquid deleniti animi odit nisi iste.,low,in_progress,EMP000079,2026-02-24T21:57:38,,,branch,,2026-02-24T21:57:38
TKT001682,CUST000457,query,Query Issue,Eum beatae repellat incidunt ipsum adipisci minima consectetur odio voluptas numquam accusantium quae possimus suscipit itaque.,critical,open,EMP000025,2026-07-15T03:14:25,,,branch,,2026-07-15T03:14:25
TKT001683,CUST000414,fraud_report,Fraud Report Issue,Ipsa commodi maxime magnam adipisci facere quis at aliquid iure.,medium,closed,EMP000096,2025-12-01T04:49:52,2026-02-22T04:54:28,Autem sunt eos doloribus exercitationem animi maiores itaque.,chat,5,2025-12-01T04:49:52
TKT001684,CUST000899,complaint,Complaint Issue,Suscipit laudantium tenetur optio quos harum consectetur unde.,low,in_progress,EMP000080,2025-05-26T00:32:11,,,email,,2025-05-26T00:32:11
TKT001685,CUST000747,fraud_report,Fraud Report Issue,Animi autem voluptates ullam est voluptatum error vero odit hic cum.,low,closed,EMP000015,2026-07-05T22:09:01,2026-08-18T04:50:45,Quam porro omnis error nobis deleniti placeat mollitia.,email,2,2026-07-05T22:09:01
TKT001686,CUST000611,account_issue,Account Issue Issue,Iusto est nam similique culpa optio in tenetur assumenda ipsa porro voluptates eligendi sequi recusandae.,medium,in_progress,EMP000069,2026-06-18T00:29:26,,,chat,,2026-06-18T00:29:26
TKT001687,CUST000236,request,Request Issue,Ad sapiente eaque consequatur dolor dicta voluptatem.,high,open,EMP000032,2025-10-20T08:20:53,,,email,,2025-10-20T08:20:53
TKT001688,CUST000227,card_issue,Card Issue Issue,Dolorum nisi autem sunt illum odit sed nesciunt tempora laborum dicta repellendus.,medium,in_progress,EMP000078,2024-04-08T13:53:45,,,email,,2024-04-08T13:53:45
TKT001689,CUST000556,request,Request Issue,Recusandae itaque recusandae harum rem earum in ea ducimus.,high,closed,EMP000057,2026-02-19T08:07:30,2026-07-03T22:13:38,Delectus asperiores quod molestias repellat placeat.,chat,1,2026-02-19T08:07:30
TKT001690,CUST000696,request,Request Issue,Iste nesciunt nihil ab pariatur ullam id eos perspiciatis minus facilis praesentium.,critical,closed,EMP000018,2025-09-20T05:25:56,2026-04-16T04:09:28,Deserunt distinctio laudantium nulla cumque.,branch,5,2025-09-20T05:25:56
TKT001691,CUST000949,card_issue,Card Issue Issue,Eius provident aliquam eligendi saepe occaecati optio voluptates temporibus odit doloremque delectus neque magnam.,low,closed,EMP000093,2025-11-15T18:23:07,2026-06-13T22:34:09,Quibusdam alias veniam ipsa quaerat ducimus voluptates tempore.,phone,3,2025-11-15T18:23:07
TKT001692,CUST000950,loan_issue,Loan Issue Issue,Voluptatem autem incidunt rerum optio nobis natus unde ipsa aut.,low,resolved,EMP000021,2025-07-10T07:26:33,2026-05-19T15:52:36,Voluptatum necessitatibus nesciunt cupiditate consequatur necessitatibus maxime.,email,5,2025-07-10T07:26:33
TKT001693,CUST000183,loan_issue,Loan Issue Issue,Quo sunt quos aut consectetur id cum commodi explicabo explicabo corrupti quae.,low,open,EMP000096,2024-12-27T10:45:23,,,branch,,2024-12-27T10:45:23
TKT001694,CUST000399,request,Request Issue,Aut ipsam totam eligendi placeat nulla voluptate optio adipisci dolores repellat animi consequatur qui.,high,closed,EMP000095,2024-02-15T14:09:38,2025-08-29T13:07:18,Nihil tenetur quisquam voluptate quis iure.,email,1,2024-02-15T14:09:38
TKT001695,CUST000853,request,Request Issue,Expedita nisi rem sunt laborum nulla laboriosam praesentium incidunt magni quod.,medium,closed,EMP000057,2024-08-14T18:14:28,2026-04-09T19:06:07,Reprehenderit quidem exercitationem sunt.,branch,1,2024-08-14T18:14:28
TKT001696,CUST000893,loan_issue,Loan Issue Issue,Alias sit hic distinctio repudiandae saepe atque perferendis.,medium,resolved,EMP000025,2025-03-09T18:25:44,2025-05-30T21:16:17,Fugiat accusantium tempora illo repudiandae a.,chat,5,2025-03-09T18:25:44
TKT001697,CUST000117,fraud_report,Fraud Report Issue,Accusamus recusandae sed esse illo commodi sunt error accusantium deserunt vitae sed.,high,in_progress,EMP000021,2024-10-21T05:38:05,,,phone,,2024-10-21T05:38:05
TKT001698,CUST000860,card_issue,Card Issue Issue,At aperiam veniam eligendi vel optio eaque.,medium,open,EMP000084,2025-01-17T06:38:10,,,phone,,2025-01-17T06:38:10
TKT001699,CUST000346,query,Query Issue,Minima alias blanditiis iure magnam id eum provident labore unde asperiores adipisci odit laborum.,critical,closed,EMP000046,2025-04-29T10:24:23,2025-10-28T17:06:23,Cumque cum excepturi dignissimos.,email,4,2025-04-29T10:24:23
TKT001700,CUST000312,fraud_report,Fraud Report Issue,Alias neque commodi sunt aliquam odit quos nesciunt ipsam praesentium in omnis maiores ut impedit labore.,high,resolved,EMP000024,2024-01-29T14:01:33,2025-06-06T14:31:24,Ipsam vitae vero similique quos.,branch,1,2024-01-29T14:01:33
TKT001701,CUST000541,card_issue,Card Issue Issue,Totam porro nulla molestias nam odio et veniam error animi.,medium,closed,EMP000096,2024-07-26T23:19:05,2026-04-20T11:43:10,Nulla ipsum animi laborum eveniet dolor minima.,branch,4,2024-07-26T23:19:05
TKT001702,CUST000249,fraud_report,Fraud Report Issue,Non quibusdam ipsam quaerat provident neque numquam at numquam.,high,open,EMP000065,2024-01-02T00:08:21,,,phone,,2024-01-02T00:08:21
TKT001703,CUST000602,complaint,Complaint Issue,Dicta ducimus quas iusto praesentium incidunt cum harum.,low,closed,EMP000092,2026-02-16T10:59:26,2026-06-15T12:34:52,Temporibus quaerat quis at quia error incidunt eligendi.,branch,4,2026-02-16T10:59:26
TKT001704,CUST000795,account_issue,Account Issue Issue,Iure minus beatae voluptatibus cumque laboriosam voluptatem.,medium,open,EMP000004,2024-02-11T16:15:04,,,email,,2024-02-11T16:15:04
TKT001705,CUST000987,account_issue,Account Issue Issue,Eius sint nulla in eaque hic dolor.,low,resolved,EMP000018,2025-08-22T13:31:57,2025-09-17T06:13:56,Iste nisi reiciendis reprehenderit incidunt inventore.,chat,3,2025-08-22T13:31:57
TKT001706,CUST000288,card_issue,Card Issue Issue,Quae maxime exercitationem atque ipsa possimus magnam magnam vero officia commodi maiores alias.,low,in_progress,EMP000090,2024-11-23T08:04:12,,,branch,,2024-11-23T08:04:12
TKT001707,CUST000542,complaint,Complaint Issue,Non officiis eaque dicta labore inventore harum similique nobis ipsum cupiditate numquam et perspiciatis.,critical,in_progress,EMP000054,2026-03-05T23:58:51,,,chat,,2026-03-05T23:58:51
TKT001708,CUST000274,complaint,Complaint Issue,Deserunt esse ea eaque expedita explicabo assumenda quae.,medium,resolved,EMP000059,2024-10-27T19:08:30,2025-02-10T10:27:49,Voluptates et illum quaerat fugit error at.,chat,2,2024-10-27T19:08:30
TKT001709,CUST000181,account_issue,Account Issue Issue,Ratione repellendus voluptatem officiis veniam ipsum cum nam aspernatur tempora.,low,closed,EMP000045,2024-02-17T11:07:50,2025-03-13T05:04:36,Quibusdam minima sunt.,phone,3,2024-02-17T11:07:50
TKT001710,CUST000966,card_issue,Card Issue Issue,Dolorum tempora reprehenderit cupiditate voluptatibus at ducimus incidunt quaerat aspernatur aliquam omnis corporis pariatur culpa quo.,high,in_progress,EMP000003,2025-02-17T23:13:55,,,branch,,2025-02-17T23:13:55
TKT001711,CUST000525,loan_issue,Loan Issue Issue,Placeat corrupti perspiciatis commodi eaque modi suscipit.,medium,closed,EMP000032,2025-01-27T06:04:34,2025-11-12T22:37:36,Expedita voluptate quasi.,chat,4,2025-01-27T06:04:34
TKT001712,CUST000785,complaint,Complaint Issue,Veniam voluptatibus amet ea optio dolor molestias laudantium.,low,open,EMP000051,2024-01-28T00:37:09,,,branch,,2024-01-28T00:37:09
TKT001713,CUST000247,complaint,Complaint Issue,Distinctio magnam voluptates veniam sed minima voluptatibus repellendus voluptatem aspernatur porro error.,low,open,EMP000088,2026-08-05T12:19:19,,,email,,2026-08-05T12:19:19
TKT001714,CUST000225,loan_issue,Loan Issue Issue,Mollitia possimus perspiciatis aspernatur architecto ea corrupti blanditiis dignissimos.,medium,resolved,EMP000018,2025-11-09T16:04:49,2026-03-30T01:10:07,Necessitatibus voluptatum distinctio impedit.,chat,4,2025-11-09T16:04:49
TKT001715,CUST000262,complaint,Complaint Issue,Facilis nobis rerum consequatur numquam rem molestias a ab.,medium,resolved,EMP000075,2025-05-24T15:23:02,2025-10-01T14:34:22,Eaque cumque quod enim.,chat,1,2025-05-24T15:23:02
TKT001716,CUST000009,complaint,Complaint Issue,Ad magni soluta repellat nihil sapiente doloribus odio recusandae eligendi dolor.,high,in_progress,EMP000079,2025-08-05T21:26:12,,,chat,,2025-08-05T21:26:12
TKT001717,CUST000137,loan_issue,Loan Issue Issue,Tenetur id excepturi sed quo rem distinctio iusto repudiandae voluptate.,critical,resolved,EMP000037,2025-03-10T16:59:59,2026-06-08T21:20:58,Praesentium deserunt vel vero.,email,4,2025-03-10T16:59:59
TKT001718,CUST000045,complaint,Complaint Issue,Itaque cupiditate sint debitis suscipit perspiciatis soluta at.,low,resolved,EMP000033,2024-10-22T03:16:55,2025-04-21T20:12:18,Dolorum excepturi soluta fugiat quasi amet qui.,chat,1,2024-10-22T03:16:55
TKT001719,CUST000119,complaint,Complaint Issue,Praesentium occaecati eligendi reprehenderit quae quaerat soluta enim maxime aliquid pariatur tempore.,low,in_progress,EMP000078,2024-05-25T13:02:25,,,branch,,2024-05-25T13:02:25
TKT001720,CUST000949,query,Query Issue,Dicta culpa tempore quam suscipit odit non enim.,medium,in_progress,EMP000086,2024-10-25T19:04:04,,,phone,,2024-10-25T19:04:04
TKT001721,CUST000664,account_issue,Account Issue Issue,Recusandae non perspiciatis ipsam ex nemo odio consequatur officia quibusdam odio.,medium,in_progress,EMP000056,2025-08-22T09:24:14,,,email,,2025-08-22T09:24:14
TKT001722,CUST000342,loan_issue,Loan Issue Issue,Cum tempore dolor voluptas ut fugiat tempore suscipit magni inventore blanditiis minus sapiente.,critical,closed,EMP000001,2024-11-17T01:26:39,2025-08-08T10:09:44,Voluptas voluptates voluptas eos.,chat,5,2024-11-17T01:26:39
TKT001723,CUST000504,query,Query Issue,Ipsum eligendi reiciendis a neque sit facere quae.,medium,open,EMP000048,2025-01-30T17:08:59,,,phone,,2025-01-30T17:08:59
TKT001724,CUST000129,complaint,Complaint Issue,Error sapiente aliquam recusandae delectus tenetur nostrum eius laboriosam optio numquam hic commodi.,low,open,EMP000099,2024-08-02T23:13:07,,,chat,,2024-08-02T23:13:07
TKT001725,CUST000946,fraud_report,Fraud Report Issue,Animi eaque a a aspernatur ipsam soluta eius quis praesentium ullam delectus.,critical,open,EMP000036,2026-03-27T17:59:53,,,chat,,2026-03-27T17:59:53
TKT001726,CUST000148,loan_issue,Loan Issue Issue,Repellat voluptas dicta eum soluta eius dolorum aperiam expedita ad.,low,resolved,EMP000033,2024-04-05T11:11:18,2026-04-11T10:13:02,Odit vel porro cumque.,chat,2,2024-04-05T11:11:18
TKT001727,CUST000259,query,Query Issue,Repudiandae fugiat nihil vel repellendus ab dignissimos impedit.,medium,closed,EMP000010,2024-06-19T15:03:47,2025-07-20T16:34:21,Perspiciatis quidem quibusdam molestias quibusdam animi ad.,phone,4,2024-06-19T15:03:47
TKT001728,CUST000874,request,Request Issue,Cupiditate quibusdam dolore ipsa sequi officia saepe ad sapiente expedita aperiam atque porro voluptatum quisquam.,high,in_progress,EMP000006,2025-07-29T06:02:19,,,email,,2025-07-29T06:02:19
TKT001729,CUST000769,request,Request Issue,Ea porro ducimus iure voluptates nemo quis at facilis eligendi ipsum fugit exercitationem ducimus.,high,resolved,EMP000070,2024-11-02T07:32:20,2025-03-22T03:32:07,At harum mollitia praesentium reprehenderit similique recusandae sunt.,email,5,2024-11-02T07:32:20
TKT001730,CUST000610,fraud_report,Fraud Report Issue,Ipsa quis quod labore debitis repellendus alias aliquid.,medium,resolved,EMP000042,2025-06-25T05:58:52,2025-11-17T04:40:10,Dolorem accusamus neque deserunt perspiciatis.,branch,5,2025-06-25T05:58:52
TKT001731,CUST000018,request,Request Issue,Corporis inventore quod neque explicabo eaque accusamus incidunt porro nihil recusandae suscipit corrupti facilis suscipit.,low,in_progress,EMP000077,2024-12-27T14:36:27,,,branch,,2024-12-27T14:36:27
TKT001732,CUST000084,account_issue,Account Issue Issue,Quisquam quisquam quidem temporibus ad eligendi consequatur ipsa cum minus optio.,medium,in_progress,EMP000015,2024-01-10T14:09:17,,,phone,,2024-01-10T14:09:17
TKT001733,CUST000204,complaint,Complaint Issue,Necessitatibus molestiae tenetur vel corporis voluptatibus nostrum natus sint.,high,resolved,EMP000081,2026-01-05T20:24:08,2026-07-03T20:58:52,Laudantium magnam impedit necessitatibus laborum atque.,phone,2,2026-01-05T20:24:08
TKT001734,CUST000372,card_issue,Card Issue Issue,Amet error minus rem placeat excepturi ab deserunt quas quas quas et architecto porro laborum debitis.,low,in_progress,EMP000003,2024-03-26T10:09:43,,,phone,,2024-03-26T10:09:43
TKT001735,CUST000543,fraud_report,Fraud Report Issue,Aliquam doloremque blanditiis modi tenetur deserunt inventore soluta ipsam blanditiis.,medium,in_progress,EMP000034,2025-09-05T15:58:04,,,email,,2025-09-05T15:58:04
TKT001736,CUST000541,complaint,Complaint Issue,Modi accusantium velit quos assumenda voluptates recusandae beatae dolorum commodi.,critical,closed,EMP000035,2026-08-28T18:28:20,2026-08-30T08:42:52,Repellendus enim impedit harum in reprehenderit rem blanditiis.,phone,4,2026-08-28T18:28:20
TKT001737,CUST000030,loan_issue,Loan Issue Issue,Ullam placeat porro quisquam dolore neque libero nulla cum laborum id maxime facere nisi.,low,resolved,EMP000014,2025-10-16T21:16:23,2025-11-27T12:50:03,Fugiat accusamus dolorem minima.,chat,2,2025-10-16T21:16:23
TKT001738,CUST000637,fraud_report,Fraud Report Issue,Beatae quos beatae quaerat possimus in exercitationem quam reiciendis quos accusamus error optio sunt voluptatibus suscipit.,low,open,EMP000033,2024-05-23T04:01:15,,,branch,,2024-05-23T04:01:15
TKT001739,CUST000199,account_issue,Account Issue Issue,Impedit cumque maxime dolores nihil optio aliquam similique porro facilis facere veritatis consequatur.,medium,in_progress,EMP000055,2024-11-07T03:52:01,,,chat,,2024-11-07T03:52:01
TKT001740,CUST000485,account_issue,Account Issue Issue,Perspiciatis earum molestias quisquam quod similique aut explicabo veniam velit soluta doloremque temporibus doloribus aperiam aliquam.,high,resolved,EMP000008,2025-10-25T04:03:19,2026-03-23T15:56:57,Ipsam sapiente accusamus dolorum nulla consequuntur.,chat,1,2025-10-25T04:03:19
TKT001741,CUST000102,complaint,Complaint Issue,Alias rerum animi magnam unde fugit odit.,high,closed,EMP000086,2024-02-16T06:49:52,2025-04-08T22:29:31,Eveniet voluptatem commodi temporibus.,chat,2,2024-02-16T06:49:52
TKT001742,CUST000415,complaint,Complaint Issue,Alias minus ad sed quae omnis consectetur sequi sunt beatae adipisci quam.,low,in_progress,EMP000077,2025-05-21T07:29:39,,,branch,,2025-05-21T07:29:39
TKT001743,CUST000750,loan_issue,Loan Issue Issue,Aliquid at velit harum cupiditate consequatur quae eos recusandae illo pariatur iure error hic.,low,closed,EMP000006,2026-05-29T05:51:46,2026-06-13T03:57:51,Hic debitis facere fuga fuga quia.,branch,2,2026-05-29T05:51:46
TKT001744,CUST000532,fraud_report,Fraud Report Issue,Commodi dicta esse expedita quo similique voluptates accusamus maiores accusantium dicta dolorum odio doloribus.,critical,closed,EMP000005,2025-04-04T07:16:42,2025-08-02T18:04:53,Voluptatibus suscipit adipisci similique.,email,2,2025-04-04T07:16:42
TKT001745,CUST000550,complaint,Complaint Issue,Minima quia quod aspernatur ratione pariatur asperiores ipsam nostrum enim.,high,open,EMP000093,2025-10-11T23:42:17,,,email,,2025-10-11T23:42:17
TKT001746,CUST000828,fraud_report,Fraud Report Issue,Maxime ab nesciunt quod ipsa ullam aliquid alias dolor dolorum rerum.,high,resolved,EMP000024,2025-07-31T18:49:46,2025-08-25T22:29:40,Sint amet id esse cum placeat distinctio.,branch,5,2025-07-31T18:49:46
TKT001747,CUST000431,loan_issue,Loan Issue Issue,Eligendi tempora recusandae beatae dolorem sed id repellendus consectetur ex dolorum voluptates aspernatur nam.,high,open,EMP000051,2026-03-21T01:39:29,,,phone,,2026-03-21T01:39:29
TKT001748,CUST000181,fraud_report,Fraud Report Issue,Aliquam suscipit nesciunt tenetur aut quo maiores.,low,in_progress,EMP000089,2026-01-30T16:33:15,,,phone,,2026-01-30T16:33:15
TKT001749,CUST000716,complaint,Complaint Issue,Facere culpa omnis voluptatem voluptatum minima beatae placeat ipsum consequuntur enim.,low,closed,EMP000047,2024-05-10T15:35:18,2025-08-23T23:36:05,Nesciunt magnam velit commodi.,email,3,2024-05-10T15:35:18
TKT001750,CUST000152,request,Request Issue,Suscipit quaerat architecto unde culpa sed tenetur necessitatibus hic expedita dolorem.,low,resolved,EMP000032,2024-04-03T20:59:40,2024-10-05T11:33:22,Placeat sapiente eius nam dolores.,branch,4,2024-04-03T20:59:40
TKT001751,CUST000450,request,Request Issue,Voluptates beatae nihil autem maxime nam quo voluptates inventore ad veniam ipsam.,medium,in_progress,EMP000067,2026-07-15T21:29:04,,,branch,,2026-07-15T21:29:04
TKT001752,CUST000809,query,Query Issue,Officia dolorum animi voluptas ipsam sint magnam molestiae adipisci porro debitis impedit beatae voluptatibus repellat.,low,resolved,EMP000033,2024-03-20T07:47:49,2025-12-04T05:38:24,Soluta illum velit odio delectus.,branch,1,2024-03-20T07:47:49
TKT001753,CUST000045,query,Query Issue,Accusamus officiis non tenetur iusto perferendis ut quaerat.,medium,closed,EMP000055,2026-06-24T15:23:58,2026-08-06T14:58:40,Laudantium eum adipisci quae adipisci ducimus dolor.,branch,4,2026-06-24T15:23:58
TKT001754,CUST000825,card_issue,Card Issue Issue,Vel pariatur magnam facere voluptate animi illo.,low,in_progress,EMP000012,2026-07-22T10:14:53,,,branch,,2026-07-22T10:14:53
TKT001755,CUST000885,fraud_report,Fraud Report Issue,Commodi aspernatur corrupti quibusdam debitis consectetur repellat exercitationem dolorum dignissimos consequuntur error error vel aliquam.,high,resolved,EMP000030,2024-03-27T11:53:05,2024-06-13T10:33:38,Veritatis harum illo dignissimos sequi.,branch,2,2024-03-27T11:53:05
TKT001756,CUST000125,query,Query Issue,Incidunt accusantium hic error saepe ad sequi.,high,resolved,EMP000057,2026-04-05T05:54:15,2026-06-20T23:41:48,Rem officiis eum expedita earum doloribus natus.,phone,2,2026-04-05T05:54:15
TKT001757,CUST000390,loan_issue,Loan Issue Issue,Aperiam officia earum tempore ad aliquid facere perferendis.,medium,in_progress,EMP000041,2026-05-04T22:05:35,,,phone,,2026-05-04T22:05:35
TKT001758,CUST000288,card_issue,Card Issue Issue,Placeat eaque praesentium reiciendis voluptate exercitationem quo sit saepe autem quam expedita veritatis.,medium,closed,EMP000077,2026-05-03T12:20:16,2026-05-17T05:19:07,Unde quas dolor voluptatibus.,chat,2,2026-05-03T12:20:16
TKT001759,CUST000717,complaint,Complaint Issue,Esse maxime reprehenderit veritatis eligendi labore odit excepturi.,high,open,EMP000100,2025-12-22T19:40:02,,,chat,,2025-12-22T19:40:02
TKT001760,CUST000418,card_issue,Card Issue Issue,Quasi perferendis hic et laborum assumenda repellat officiis.,critical,in_progress,EMP000038,2026-05-13T02:32:32,,,chat,,2026-05-13T02:32:32
TKT001761,CUST000326,query,Query Issue,Aperiam voluptates nostrum nulla error eos ipsam consequuntur corporis odio incidunt.,low,closed,EMP000053,2026-02-19T17:32:05,2026-08-28T11:40:31,Ex corrupti ea sequi quam at fugit laborum.,chat,4,2026-02-19T17:32:05
TKT001762,CUST000127,request,Request Issue,Debitis ut totam necessitatibus sint minus non non provident odio ex asperiores hic.,medium,open,EMP000025,2026-08-14T22:42:51,,,phone,,2026-08-14T22:42:51
TKT001763,CUST000938,loan_issue,Loan Issue Issue,Unde quis blanditiis maxime culpa incidunt fugiat placeat praesentium harum.,low,closed,EMP000047,2024-01-15T10:26:05,2026-06-11T21:48:27,Laudantium corrupti tempore minima aspernatur reiciendis maiores aliquid.,email,1,2024-01-15T10:26:05
TKT001764,CUST000637,loan_issue,Loan Issue Issue,Recusandae velit deserunt velit quae doloremque pariatur odio.,high,open,EMP000018,2025-09-17T14:43:38,,,email,,2025-09-17T14:43:38
TKT001765,CUST000638,request,Request Issue,Alias odio facere dolorum ipsa eveniet nemo aut repellendus eos vel beatae.,medium,resolved,EMP000093,2025-04-10T02:36:43,2025-12-24T11:31:27,Praesentium est vel quos rerum.,branch,1,2025-04-10T02:36:43
TKT001766,CUST000031,card_issue,Card Issue Issue,Nam quod placeat corrupti animi blanditiis aperiam veritatis at esse delectus adipisci vitae in.,low,resolved,EMP000018,2025-04-13T16:22:30,2025-07-02T04:33:54,Autem voluptatem pariatur distinctio velit molestiae.,phone,3,2025-04-13T16:22:30
TKT001767,CUST000381,complaint,Complaint Issue,Dolorem eveniet doloribus non doloribus unde eos optio repellat fuga sit dolor rerum.,low,closed,EMP000067,2025-10-23T01:46:05,2026-07-31T04:33:45,Asperiores aut accusantium dignissimos ducimus quibusdam quis laudantium.,phone,5,2025-10-23T01:46:05
TKT001768,CUST000081,query,Query Issue,Voluptatum esse blanditiis doloremque soluta tenetur repellat distinctio earum quis quae ipsa recusandae possimus.,medium,open,EMP000076,2025-10-28T16:01:55,,,branch,,2025-10-28T16:01:55
TKT001769,CUST000615,card_issue,Card Issue Issue,Consequatur temporibus tempore mollitia eius non nihil consequatur aspernatur.,critical,resolved,EMP000095,2024-11-26T12:50:58,2025-02-02T11:31:31,Non ducimus quae accusamus hic labore unde beatae.,chat,3,2024-11-26T12:50:58
TKT001770,CUST000895,account_issue,Account Issue Issue,Iure ut ipsum eligendi tempora blanditiis quisquam animi sed optio tempore nihil.,medium,closed,EMP000039,2026-07-17T20:06:38,2026-08-07T07:51:43,Dolore amet iusto deserunt expedita.,chat,2,2026-07-17T20:06:38
TKT001771,CUST000855,loan_issue,Loan Issue Issue,Id vero nostrum laudantium fugiat eius facere.,high,closed,EMP000027,2024-02-28T14:30:50,2025-02-27T09:28:09,Odit laudantium odio porro est nam.,branch,1,2024-02-28T14:30:50
TKT001772,CUST000816,card_issue,Card Issue Issue,Quo rem assumenda soluta vel nihil soluta accusamus nostrum quaerat maiores.,medium,open,EMP000023,2024-02-09T12:33:57,,,phone,,2024-02-09T12:33:57
TKT001773,CUST000409,complaint,Complaint Issue,Ullam eos eos placeat dignissimos aperiam voluptatem.,medium,open,EMP000056,2025-04-29T07:03:42,,,branch,,2025-04-29T07:03:42
TKT001774,CUST000501,complaint,Complaint Issue,Soluta harum repellendus ex enim deleniti consectetur voluptates ipsam dolores nobis dolores asperiores atque qui error.,medium,open,EMP000046,2026-07-06T18:22:40,,,phone,,2026-07-06T18:22:40
TKT001775,CUST000059,request,Request Issue,Provident eos porro nisi excepturi perferendis ducimus magni voluptate beatae assumenda sapiente a perspiciatis autem beatae.,medium,in_progress,EMP000023,2025-06-12T09:12:27,,,branch,,2025-06-12T09:12:27
TKT001776,CUST000589,query,Query Issue,Assumenda eveniet soluta fugit maxime magnam nam sequi et.,medium,closed,EMP000087,2024-12-27T08:43:31,2025-02-25T22:16:14,Animi dicta enim quasi dolores possimus.,branch,4,2024-12-27T08:43:31
TKT001777,CUST000963,query,Query Issue,Nisi aspernatur natus assumenda accusamus deserunt ab.,medium,in_progress,EMP000089,2024-01-07T18:26:50,,,branch,,2024-01-07T18:26:50
TKT001778,CUST000663,query,Query Issue,Occaecati illo perferendis rerum ad expedita odio perferendis.,high,resolved,EMP000053,2026-03-17T09:31:53,2026-06-26T20:07:42,Itaque iusto tenetur placeat mollitia omnis.,email,1,2026-03-17T09:31:53
TKT001779,CUST000809,account_issue,Account Issue Issue,Aliquid minus minus repellendus laboriosam odit cumque illo voluptates suscipit at.,low,in_progress,EMP000062,2026-06-23T08:06:27,,,phone,,2026-06-23T08:06:27
TKT001780,CUST000768,request,Request Issue,Consectetur eius sint ipsam omnis illo aliquam possimus explicabo libero molestias maiores omnis.,medium,open,EMP000099,2025-09-18T15:53:54,,,phone,,2025-09-18T15:53:54
TKT001781,CUST000975,card_issue,Card Issue Issue,Repudiandae itaque soluta dolore impedit dignissimos veniam possimus eius cumque vero aperiam.,low,open,EMP000091,2024-12-29T16:29:32,,,chat,,2024-12-29T16:29:32
TKT001782,CUST000387,account_issue,Account Issue Issue,Porro perferendis reiciendis ut quia quos distinctio dolor.,medium,resolved,EMP000097,2025-06-26T10:26:48,2026-08-16T14:27:39,Corrupti laborum ad dolore numquam aliquid.,email,1,2025-06-26T10:26:48
TKT001783,CUST000401,card_issue,Card Issue Issue,Eaque odio nemo odio error enim corrupti saepe consectetur eum magni quisquam.,high,open,EMP000003,2026-02-26T20:19:02,,,phone,,2026-02-26T20:19:02
TKT001784,CUST000099,query,Query Issue,Ipsa molestiae nemo excepturi est tempora mollitia sapiente sed corrupti sequi reprehenderit eos dolore unde.,high,resolved,EMP000045,2025-09-10T10:33:18,2026-05-30T06:24:49,Ipsa et adipisci reprehenderit.,branch,1,2025-09-10T10:33:18
TKT001785,CUST000459,card_issue,Card Issue Issue,Temporibus impedit repudiandae magni ipsum quae velit quae natus.,high,open,EMP000016,2024-10-14T03:58:10,,,chat,,2024-10-14T03:58:10
TKT001786,CUST000954,account_issue,Account Issue Issue,Magnam tempora quas ipsum blanditiis pariatur a magni laudantium rem illo architecto nisi commodi.,medium,closed,EMP000058,2025-05-16T02:52:20,2026-03-16T02:51:51,Facilis nobis ad nostrum alias.,branch,1,2025-05-16T02:52:20
TKT001787,CUST000800,account_issue,Account Issue Issue,Et eos aliquam ipsam ratione accusantium fuga odit reiciendis debitis maiores dolores quae at ab.,low,in_progress,EMP000056,2025-04-26T17:52:06,,,phone,,2025-04-26T17:52:06
TKT001788,CUST000799,query,Query Issue,Magnam vitae culpa tempora iste mollitia ullam molestiae temporibus sint quisquam sunt placeat sequi.,medium,in_progress,EMP000018,2024-06-14T04:09:30,,,chat,,2024-06-14T04:09:30
TKT001789,CUST000624,request,Request Issue,Doloremque delectus quia nobis voluptate doloribus quisquam error officia quas a quia unde magni.,low,resolved,EMP000006,2025-06-21T17:11:44,2026-05-15T23:33:02,Iusto earum dignissimos necessitatibus esse consequatur accusamus reiciendis.,chat,5,2025-06-21T17:11:44
TKT001790,CUST000022,complaint,Complaint Issue,Asperiores quia nisi vero molestias velit vitae quas est maiores fugiat tenetur facere.,high,open,EMP000100,2024-06-24T13:18:01,,,phone,,2024-06-24T13:18:01
TKT001791,CUST000982,request,Request Issue,Eum assumenda et nisi repellendus facilis doloribus rem sed nisi nam tempora soluta quibusdam occaecati officia.,medium,resolved,EMP000051,2026-08-08T03:18:04,2026-08-30T10:35:11,Voluptatibus dolores cum dignissimos eaque.,email,2,2026-08-08T03:18:04
TKT001792,CUST000553,account_issue,Account Issue Issue,Beatae blanditiis ratione eius amet totam error sunt enim possimus.,high,in_progress,EMP000030,2025-07-07T05:24:25,,,email,,2025-07-07T05:24:25
TKT001793,CUST000044,complaint,Complaint Issue,Commodi tempora nobis nulla sapiente vero dolor est officia voluptates voluptas tempora mollitia.,high,resolved,EMP000092,2025-12-30T02:28:51,2026-08-17T11:22:54,Ipsum labore amet.,chat,1,2025-12-30T02:28:51
TKT001794,CUST000962,query,Query Issue,Adipisci deserunt necessitatibus odio veniam sed laborum nulla omnis.,critical,resolved,EMP000057,2024-11-08T16:45:59,2026-06-29T11:12:02,At quae architecto enim.,chat,5,2024-11-08T16:45:59
TKT001795,CUST000152,loan_issue,Loan Issue Issue,Fuga pariatur perspiciatis culpa blanditiis nobis aliquam sint quidem nostrum consequatur quos id eaque tenetur.,medium,in_progress,EMP000057,2024-03-18T15:21:40,,,branch,,2024-03-18T15:21:40
TKT001796,CUST000882,fraud_report,Fraud Report Issue,Sint sapiente reprehenderit sint quaerat et suscipit mollitia nostrum optio possimus sint corrupti.,low,closed,EMP000095,2025-06-30T00:17:45,2025-10-24T17:11:54,Perferendis alias esse dignissimos.,chat,3,2025-06-30T00:17:45
TKT001797,CUST000119,request,Request Issue,Harum iusto error voluptatum ipsa ea maxime blanditiis voluptates iure dolore quidem voluptatum sint.,low,resolved,EMP000023,2024-05-01T08:56:30,2024-12-12T04:24:24,Dicta saepe cupiditate unde iure voluptates laboriosam.,phone,1,2024-05-01T08:56:30
TKT001798,CUST000071,fraud_report,Fraud Report Issue,Corrupti eius aut alias dignissimos possimus dolorem facere qui mollitia quasi.,low,in_progress,EMP000044,2025-02-08T08:46:36,,,email,,2025-02-08T08:46:36
TKT001799,CUST000575,loan_issue,Loan Issue Issue,Nesciunt eaque odio repudiandae quas doloremque doloremque itaque tempora eaque voluptas incidunt tempora iure voluptates.,medium,in_progress,EMP000065,2025-10-14T08:44:02,,,chat,,2025-10-14T08:44:02
TKT001800,CUST000517,fraud_report,Fraud Report Issue,Odit nisi cumque inventore numquam odio ratione.,critical,resolved,EMP000069,2025-03-11T19:32:40,2026-01-05T08:18:26,Blanditiis suscipit ipsum repudiandae perferendis repellendus.,phone,2,2025-03-11T19:32:40
TKT001801,CUST000343,request,Request Issue,Expedita repudiandae sapiente blanditiis ut soluta magnam vero quis vel excepturi ipsa corporis.,low,closed,EMP000005,2024-06-03T18:55:37,2025-12-21T10:37:12,Eius id quaerat asperiores provident.,email,4,2024-06-03T18:55:37
TKT001802,CUST000765,account_issue,Account Issue Issue,Doloremque voluptas sequi fuga occaecati harum nam possimus doloribus dolorum consequuntur nulla quidem.,high,closed,EMP000079,2024-04-14T05:30:52,2025-06-23T01:21:47,Repellat nam neque blanditiis.,chat,5,2024-04-14T05:30:52
TKT001803,CUST000753,complaint,Complaint Issue,Impedit dolorem aperiam natus omnis modi tempore fuga.,low,open,EMP000014,2025-04-26T07:30:10,,,email,,2025-04-26T07:30:10
TKT001804,CUST000852,card_issue,Card Issue Issue,Tenetur excepturi enim magnam nemo et saepe cum dignissimos voluptas nam.,high,closed,EMP000075,2024-09-29T12:59:44,2024-11-24T10:44:26,Culpa in fuga quibusdam aliquam amet exercitationem culpa.,email,3,2024-09-29T12:59:44
TKT001805,CUST000894,card_issue,Card Issue Issue,Autem eum dolorum cupiditate maxime ullam corrupti libero reprehenderit voluptatum quam corrupti.,low,open,EMP000076,2025-12-19T13:17:40,,,phone,,2025-12-19T13:17:40
TKT001806,CUST000244,request,Request Issue,Dicta autem dolor possimus facere laboriosam sunt fugiat labore a adipisci doloremque voluptatum odio natus.,low,in_progress,EMP000051,2026-06-29T09:53:27,,,email,,2026-06-29T09:53:27
TKT001807,CUST000139,account_issue,Account Issue Issue,Magnam rerum eum ducimus in consectetur impedit ad accusamus esse repellendus molestias.,medium,open,EMP000054,2025-01-04T10:24:29,,,phone,,2025-01-04T10:24:29
TKT001808,CUST000155,loan_issue,Loan Issue Issue,Tenetur expedita molestiae ullam temporibus occaecati assumenda culpa consequuntur rerum ipsum dolores hic.,critical,in_progress,EMP000030,2026-07-03T11:10:37,,,chat,,2026-07-03T11:10:37
TKT001809,CUST000490,request,Request Issue,Cupiditate nostrum ipsam hic ipsam maiores ducimus nisi perspiciatis.,medium,open,EMP000068,2026-06-29T08:49:37,,,phone,,2026-06-29T08:49:37
TKT001810,CUST000095,card_issue,Card Issue Issue,Nulla illo dignissimos iusto atque repellat perspiciatis fugit est.,low,closed,EMP000004,2026-04-17T10:16:00,2026-04-29T21:46:54,Velit quasi quidem debitis.,phone,1,2026-04-17T10:16:00
TKT001811,CUST000462,query,Query Issue,Sint odio inventore dolor voluptatum asperiores architecto occaecati alias eligendi.,critical,resolved,EMP000073,2024-02-01T12:24:48,2025-03-12T14:16:46,Odio minus autem eius dolores reiciendis eos.,chat,1,2024-02-01T12:24:48
TKT001812,CUST000113,loan_issue,Loan Issue Issue,Reiciendis officiis ipsam ipsa debitis consequuntur beatae commodi vitae perferendis nostrum esse itaque aspernatur incidunt nulla.,high,resolved,EMP000055,2026-02-27T16:44:23,2026-04-23T19:14:38,Eaque provident ipsa enim earum sed vitae.,chat,3,2026-02-27T16:44:23
TKT001813,CUST000326,fraud_report,Fraud Report Issue,Dolorum possimus molestias excepturi facilis quasi quaerat dignissimos quis eaque distinctio cum non.,medium,in_progress,EMP000035,2025-05-17T05:19:04,,,chat,,2025-05-17T05:19:04
TKT001814,CUST000880,query,Query Issue,Aut quas officiis consequuntur delectus perspiciatis dolor sapiente saepe modi quaerat recusandae.,medium,open,EMP000045,2024-07-26T02:33:29,,,phone,,2024-07-26T02:33:29
TKT001815,CUST000917,account_issue,Account Issue Issue,Ullam enim voluptatem ex veniam autem reiciendis ad ab placeat similique libero sint.,medium,open,EMP000063,2024-08-16T03:48:45,,,phone,,2024-08-16T03:48:45
TKT001816,CUST000451,loan_issue,Loan Issue Issue,Quasi nulla reprehenderit voluptas omnis illo odio aspernatur et voluptates reiciendis ad.,low,in_progress,EMP000068,2024-10-19T09:31:17,,,email,,2024-10-19T09:31:17
TKT001817,CUST000445,request,Request Issue,Quod ab aliquid eos suscipit quibusdam laudantium facere fugit reprehenderit optio quaerat dicta totam porro.,medium,closed,EMP000025,2024-11-27T19:16:12,2024-12-24T19:51:12,Amet reprehenderit rem veniam.,email,5,2024-11-27T19:16:12
TKT001818,CUST000761,fraud_report,Fraud Report Issue,Maxime dolore magnam quae molestias consequuntur nostrum quo iusto itaque totam.,low,closed,EMP000005,2025-03-30T00:50:11,2026-05-31T01:01:59,Quos ex nemo.,branch,2,2025-03-30T00:50:11
TKT001819,CUST000162,fraud_report,Fraud Report Issue,Voluptate pariatur perferendis fugit excepturi praesentium harum laboriosam quos iusto sapiente non tempore sit consequuntur.,medium,in_progress,EMP000005,2025-04-05T09:08:53,,,branch,,2025-04-05T09:08:53
TKT001820,CUST000288,loan_issue,Loan Issue Issue,Aut ipsam eaque repudiandae et ipsam aliquam.,low,resolved,EMP000015,2025-11-13T01:53:17,2026-08-27T02:23:36,Dolor corrupti nam deleniti necessitatibus error.,email,1,2025-11-13T01:53:17
TKT001821,CUST000125,card_issue,Card Issue Issue,Modi quidem quod sunt modi reiciendis saepe.,medium,closed,EMP000055,2026-08-11T20:15:40,2026-08-15T01:00:38,Ab asperiores praesentium sequi quisquam iure ullam excepturi.,email,5,2026-08-11T20:15:40
TKT001822,CUST000958,account_issue,Account Issue Issue,Quasi ab ipsa libero magni eos odio aperiam dignissimos eius veniam.,medium,closed,EMP000083,2026-05-19T00:47:56,2026-08-10T01:54:46,Tenetur cumque doloremque cupiditate quas quae doloremque.,chat,1,2026-05-19T00:47:56
TKT001823,CUST000817,query,Query Issue,Unde fugit ipsa hic quod quisquam reprehenderit neque expedita dolorum sed ut consectetur.,high,open,EMP000050,2025-01-08T00:13:37,,,email,,2025-01-08T00:13:37
TKT001824,CUST000287,request,Request Issue,Dignissimos ratione voluptates explicabo aspernatur voluptatem consequuntur et dolorum adipisci ullam mollitia neque assumenda ducimus.,low,in_progress,EMP000007,2025-08-11T08:41:42,,,email,,2025-08-11T08:41:42
TKT001825,CUST000667,card_issue,Card Issue Issue,Cupiditate asperiores tenetur asperiores tenetur voluptate sint officiis necessitatibus tempora incidunt in.,low,closed,EMP000013,2026-07-17T15:59:21,2026-08-18T17:09:14,Adipisci harum eligendi necessitatibus necessitatibus.,email,4,2026-07-17T15:59:21
TKT001826,CUST000584,complaint,Complaint Issue,Aspernatur voluptas magnam reprehenderit voluptas recusandae illum quis tempore eligendi eaque.,low,resolved,EMP000060,2024-04-28T12:33:03,2024-07-28T22:29:12,Minima laborum alias voluptate.,chat,4,2024-04-28T12:33:03
TKT001827,CUST001000,card_issue,Card Issue Issue,Aliquid minus id ipsa itaque labore amet beatae nulla recusandae minus est perspiciatis quibusdam itaque.,medium,in_progress,EMP000048,2025-01-07T07:40:24,,,chat,,2025-01-07T07:40:24
TKT001828,CUST000898,card_issue,Card Issue Issue,Dolorem libero aut voluptatibus dolores voluptatibus eligendi sequi architecto atque quibusdam.,medium,resolved,EMP000022,2025-05-12T09:10:56,2025-06-26T18:15:34,Optio laudantium cumque odio.,phone,2,2025-05-12T09:10:56
TKT001829,CUST000247,card_issue,Card Issue Issue,Doloribus facilis enim ad praesentium magni porro consequuntur nostrum sequi aperiam iste nihil dolor fugiat.,medium,in_progress,EMP000027,2024-04-30T08:48:11,,,email,,2024-04-30T08:48:11
TKT001830,CUST000820,account_issue,Account Issue Issue,Maiores quis harum nemo unde natus distinctio molestiae consequuntur nesciunt esse placeat deserunt molestiae.,high,in_progress,EMP000072,2025-02-17T22:23:04,,,email,,2025-02-17T22:23:04
TKT001831,CUST000160,account_issue,Account Issue Issue,Tempora vitae saepe dicta voluptatibus eos quae quidem quis cum neque accusamus expedita vitae amet deleniti.,medium,open,EMP000072,2025-03-12T10:05:28,,,email,,2025-03-12T10:05:28
TKT001832,CUST000239,card_issue,Card Issue Issue,Itaque eum nobis ex et consequuntur voluptates corrupti animi illum accusamus culpa.,low,resolved,EMP000065,2026-08-20T18:42:00,2026-08-24T08:49:15,Voluptatum earum iusto eveniet.,phone,2,2026-08-20T18:42:00
TKT001833,CUST000601,loan_issue,Loan Issue Issue,Cumque repellendus dolores quaerat suscipit temporibus deserunt tenetur expedita.,low,resolved,EMP000057,2025-05-16T14:37:19,2026-02-06T14:41:40,Mollitia repellat et vel.,branch,4,2025-05-16T14:37:19
TKT001834,CUST000500,complaint,Complaint Issue,Consectetur quia accusantium fuga sit maiores assumenda dicta.,medium,open,EMP000024,2024-10-20T04:19:34,,,phone,,2024-10-20T04:19:34
TKT001835,CUST000603,complaint,Complaint Issue,Recusandae nisi cupiditate molestiae cumque reprehenderit quae eveniet occaecati dolor.,high,in_progress,EMP000049,2024-09-02T16:37:22,,,chat,,2024-09-02T16:37:22
TKT001836,CUST000169,complaint,Complaint Issue,Officia eaque numquam magni odit sint consequuntur quasi repellat perferendis inventore voluptatibus iste.,high,closed,EMP000093,2024-04-10T01:52:16,2024-12-29T02:47:00,At perferendis asperiores consectetur vero.,chat,3,2024-04-10T01:52:16
TKT001837,CUST000791,complaint,Complaint Issue,Laudantium vel commodi esse molestias facilis nemo eius tempora sit quasi optio.,low,resolved,EMP000045,2026-05-14T14:27:40,2026-08-28T11:59:52,Velit harum magni ipsum ratione similique.,phone,4,2026-05-14T14:27:40
TKT001838,CUST000902,complaint,Complaint Issue,Reprehenderit hic animi ratione porro natus accusamus at nam minima accusamus inventore similique quidem excepturi.,low,resolved,EMP000024,2025-01-21T10:23:12,2026-07-09T07:32:48,Blanditiis repellat omnis eum occaecati maiores omnis.,chat,2,2025-01-21T10:23:12
TKT001839,CUST000497,card_issue,Card Issue Issue,Modi deleniti corporis quibusdam fuga fugit porro unde voluptate est ipsa soluta.,medium,closed,EMP000083,2024-10-11T15:16:54,2025-07-18T02:07:20,Ducimus voluptates provident.,phone,4,2024-10-11T15:16:54
TKT001840,CUST000204,card_issue,Card Issue Issue,Ad praesentium officiis delectus commodi autem impedit quas praesentium.,medium,closed,EMP000054,2025-08-07T21:11:02,2025-12-18T16:41:26,Qui esse minus debitis pariatur libero dolorem.,email,4,2025-08-07T21:11:02
TKT001841,CUST000078,card_issue,Card Issue Issue,Iusto adipisci eaque reprehenderit dolorem in est expedita recusandae praesentium optio.,critical,in_progress,EMP000033,2025-03-24T22:35:46,,,branch,,2025-03-24T22:35:46
TKT001842,CUST000816,complaint,Complaint Issue,Harum odio soluta doloremque est occaecati dicta fugit dolores voluptatum reiciendis magni amet distinctio.,medium,resolved,EMP000095,2025-11-23T11:05:53,2026-04-13T10:09:29,Ab ratione tenetur nam quae dolor.,chat,2,2025-11-23T11:05:53
TKT001843,CUST000340,card_issue,Card Issue Issue,Illo ipsa corrupti odio officiis commodi esse dolore.,low,resolved,EMP000099,2025-07-04T07:54:21,2026-07-12T22:05:49,Quo numquam iure minus laudantium.,phone,5,2025-07-04T07:54:21
TKT001844,CUST000706,fraud_report,Fraud Report Issue,Quidem hic placeat maxime minus aut distinctio possimus dolorum possimus aut rerum.,medium,closed,EMP000047,2024-10-18T13:50:59,2025-05-29T01:27:10,Maiores ipsam eius impedit veritatis.,email,3,2024-10-18T13:50:59
TKT001845,CUST000660,complaint,Complaint Issue,Culpa alias perferendis repellendus officia alias nesciunt rem ut itaque sapiente dolorem.,low,in_progress,EMP000050,2024-05-19T20:09:38,,,branch,,2024-05-19T20:09:38
TKT001846,CUST000032,account_issue,Account Issue Issue,Autem tempore facere et dicta amet architecto nesciunt voluptates ea explicabo ea.,high,resolved,EMP000086,2025-05-29T07:18:22,2025-06-14T09:22:52,Quis totam id praesentium debitis.,email,4,2025-05-29T07:18:22
TKT001847,CUST000620,fraud_report,Fraud Report Issue,Eligendi officiis voluptates totam nostrum officiis aliquid rem nam quaerat officiis vitae.,medium,closed,EMP000086,2025-09-12T23:53:59,2026-08-26T03:04:22,Labore ipsam doloribus incidunt pariatur illo.,phone,2,2025-09-12T23:53:59
TKT001848,CUST000150,loan_issue,Loan Issue Issue,Quae mollitia deserunt modi aut optio consequatur iste delectus doloremque laboriosam nemo.,low,in_progress,EMP000021,2024-04-01T12:57:48,,,email,,2024-04-01T12:57:48
TKT001849,CUST000783,loan_issue,Loan Issue Issue,Dolore consequuntur ratione mollitia dolorum aliquid voluptate dignissimos iure.,medium,resolved,EMP000040,2025-01-14T08:03:15,2025-10-15T17:09:15,Minus molestiae velit.,phone,2,2025-01-14T08:03:15
TKT001850,CUST000494,request,Request Issue,Eos quas inventore velit ut officia eum molestias rem enim aliquid dolores vel quod quae.,high,in_progress,EMP000073,2025-11-08T03:34:57,,,email,,2025-11-08T03:34:57
TKT001851,CUST000640,request,Request Issue,Ipsam corporis dolorum laboriosam hic quibusdam possimus debitis vitae deserunt odio tenetur et enim.,high,in_progress,EMP000077,2026-04-01T19:22:56,,,branch,,2026-04-01T19:22:56
TKT001852,CUST000024,card_issue,Card Issue Issue,Amet vitae culpa quas eos cumque eum iure excepturi sapiente.,low,in_progress,EMP000037,2024-06-28T03:38:46,,,chat,,2024-06-28T03:38:46
TKT001853,CUST000012,loan_issue,Loan Issue Issue,Quisquam fuga sunt excepturi at dolorum eligendi aliquam aliquid autem laborum.,medium,resolved,EMP000030,2024-11-25T12:02:43,2025-12-12T09:20:36,Consequatur ea deserunt nisi.,branch,3,2024-11-25T12:02:43
TKT001854,CUST000861,card_issue,Card Issue Issue,Sed magnam excepturi eos nostrum veniam facere molestiae reiciendis repellendus perferendis delectus aliquid quasi.,high,closed,EMP000019,2026-06-05T23:44:28,2026-06-26T02:34:48,Dolorem et sunt ab quo consequatur possimus occaecati.,branch,5,2026-06-05T23:44:28
TKT001855,CUST000688,fraud_report,Fraud Report Issue,Neque cumque id ipsum sit laborum similique consequuntur nisi quisquam facilis.,low,closed,EMP000068,2024-01-05T13:14:28,2024-10-01T10:47:56,Quo qui accusantium esse voluptatibus.,branch,1,2024-01-05T13:14:28
TKT001856,CUST000447,request,Request Issue,Deserunt iste numquam distinctio voluptatum ullam autem amet nam similique voluptatibus adipisci corporis dignissimos earum in.,medium,resolved,EMP000044,2024-04-26T22:30:57,2024-06-24T14:13:18,Explicabo blanditiis minus quasi dolorum voluptates.,chat,2,2024-04-26T22:30:57
TKT001857,CUST000747,loan_issue,Loan Issue Issue,Explicabo commodi quo dolores repellat maxime ad veniam harum.,low,resolved,EMP000068,2026-06-17T19:21:41,2026-08-28T12:39:47,Numquam expedita vero asperiores.,chat,1,2026-06-17T19:21:41
TKT001858,CUST000161,complaint,Complaint Issue,Aliquid quis sit possimus qui quam quia consequatur sequi officia voluptatum dolorum ab asperiores.,medium,in_progress,EMP000003,2024-05-23T14:18:59,,,branch,,2024-05-23T14:18:59
TKT001859,CUST000685,fraud_report,Fraud Report Issue,Magni saepe asperiores natus iusto deserunt voluptatum incidunt deleniti nisi minus.,medium,in_progress,EMP000049,2025-06-11T06:51:41,,,email,,2025-06-11T06:51:41
TKT001860,CUST000965,account_issue,Account Issue Issue,Error quas in ex ea distinctio quibusdam.,low,closed,EMP000015,2025-04-18T11:22:47,2026-05-23T07:48:19,Beatae reprehenderit similique delectus amet illo unde.,chat,2,2025-04-18T11:22:47
TKT001861,CUST000023,fraud_report,Fraud Report Issue,Illo corporis iste quod rerum blanditiis minima placeat enim dignissimos vitae sit magnam.,critical,resolved,EMP000064,2025-09-10T05:39:13,2026-03-06T07:59:08,Laborum amet explicabo porro.,chat,5,2025-09-10T05:39:13
TKT001862,CUST000873,fraud_report,Fraud Report Issue,Voluptas optio incidunt incidunt distinctio similique necessitatibus explicabo dolore iste.,medium,resolved,EMP000030,2026-02-25T00:12:20,2026-08-18T11:03:03,Eius quisquam id vel.,branch,2,2026-02-25T00:12:20
TKT001863,CUST000174,loan_issue,Loan Issue Issue,Nisi qui quae voluptate vero sint eligendi velit fugiat quae non maxime rerum.,low,in_progress,EMP000060,2025-04-10T19:50:17,,,chat,,2025-04-10T19:50:17
TKT001864,CUST000006,query,Query Issue,Minus aperiam quos accusamus nisi odit repellendus omnis suscipit fuga rerum.,medium,resolved,EMP000094,2025-10-16T20:30:54,2026-03-10T08:32:16,Temporibus magni alias id nihil qui.,chat,4,2025-10-16T20:30:54
TKT001865,CUST000112,complaint,Complaint Issue,Amet unde iste nobis sed libero odit iusto tempora quis.,medium,open,EMP000094,2024-07-27T06:25:36,,,branch,,2024-07-27T06:25:36
TKT001866,CUST000658,card_issue,Card Issue Issue,Nisi nostrum quod aperiam cum quis ratione ipsa provident modi vel quae similique laboriosam incidunt enim.,high,resolved,EMP000075,2026-06-22T11:57:47,2026-07-12T14:21:48,Sequi tempora commodi repellat nobis omnis.,email,4,2026-06-22T11:57:47
TKT001867,CUST000694,loan_issue,Loan Issue Issue,Labore fuga animi error rem magni aliquam nemo alias quod doloribus.,low,open,EMP000024,2025-11-27T04:57:52,,,email,,2025-11-27T04:57:52
TKT001868,CUST000479,query,Query Issue,Vero delectus quisquam suscipit fugit est a quidem culpa voluptatibus quaerat enim consectetur rem.,high,closed,EMP000013,2025-10-28T01:52:36,2026-08-18T20:15:10,Pariatur dolore odit odit asperiores.,phone,1,2025-10-28T01:52:36
TKT001869,CUST000042,account_issue,Account Issue Issue,Aliquid eaque dolor laborum labore reprehenderit omnis.,low,closed,EMP000062,2025-02-26T08:02:16,2025-11-23T15:03:31,Sunt facilis atque reprehenderit culpa laudantium.,branch,4,2025-02-26T08:02:16
TKT001870,CUST000069,fraud_report,Fraud Report Issue,Numquam temporibus iure esse doloribus optio iusto.,low,open,EMP000025,2026-05-20T15:06:35,,,email,,2026-05-20T15:06:35
TKT001871,CUST000783,loan_issue,Loan Issue Issue,Et cum tempora excepturi voluptates natus accusantium quam.,low,resolved,EMP000099,2025-07-23T11:47:09,2026-08-27T06:33:58,Placeat voluptatibus id natus fugiat laborum.,phone,4,2025-07-23T11:47:09
TKT001872,CUST000778,account_issue,Account Issue Issue,Non earum exercitationem quam corporis eius voluptatum repellendus dolorem eveniet velit.,high,closed,EMP000042,2024-04-06T04:52:43,2024-08-29T18:26:55,Quia a tempora.,chat,3,2024-04-06T04:52:43
TKT001873,CUST000820,query,Query Issue,Excepturi in laboriosam repellendus magni error facere.,high,in_progress,EMP000011,2025-11-16T22:45:45,,,email,,2025-11-16T22:45:45
TKT001874,CUST000093,card_issue,Card Issue Issue,Ducimus molestias maiores inventore dolorem optio asperiores atque sit soluta porro dolores adipisci quae voluptatum.,high,resolved,EMP000017,2024-05-07T01:13:31,2026-02-16T22:40:08,Aut consequatur vero odio.,email,2,2024-05-07T01:13:31
TKT001875,CUST000207,complaint,Complaint Issue,Culpa doloribus adipisci officiis quo earum cum blanditiis voluptatem.,medium,closed,EMP000008,2026-01-09T07:53:46,2026-04-01T07:36:27,Veritatis quas sapiente iusto eaque.,branch,3,2026-01-09T07:53:46
TKT001876,CUST000532,account_issue,Account Issue Issue,Iusto fugiat eveniet ullam molestias natus minus officia cupiditate dignissimos accusamus.,low,resolved,EMP000042,2024-02-14T02:53:24,2024-06-21T08:48:45,Impedit qui atque.,email,1,2024-02-14T02:53:24
TKT001877,CUST000885,card_issue,Card Issue Issue,Tempore autem doloribus hic nesciunt tempore nam delectus maiores laboriosam dolorum necessitatibus nesciunt.,medium,open,EMP000061,2024-12-19T22:38:45,,,phone,,2024-12-19T22:38:45
TKT001878,CUST000997,loan_issue,Loan Issue Issue,Esse vitae reprehenderit facilis nesciunt tempora eligendi sit animi omnis.,critical,closed,EMP000067,2024-03-25T09:41:24,2025-08-03T08:47:44,Officia pariatur provident mollitia animi dolore nobis.,chat,3,2024-03-25T09:41:24
TKT001879,CUST000338,loan_issue,Loan Issue Issue,Accusamus adipisci numquam corporis culpa autem eum dicta qui facere.,medium,closed,EMP000021,2024-02-27T21:13:37,2025-08-21T05:19:37,Consectetur quis fugit praesentium ad delectus.,email,5,2024-02-27T21:13:37
TKT001880,CUST000798,fraud_report,Fraud Report Issue,Quisquam voluptatum inventore provident totam alias similique animi.,low,resolved,EMP000053,2024-01-07T18:23:16,2025-01-11T16:58:35,Est nostrum eveniet quisquam omnis iste dolor unde.,branch,3,2024-01-07T18:23:16
TKT001881,CUST000098,fraud_report,Fraud Report Issue,Dolorum quas dolorum ipsa neque occaecati quibusdam perferendis earum cumque quaerat tempora temporibus iusto veritatis dolorum.,medium,closed,EMP000041,2024-05-21T12:47:18,2024-09-30T04:52:16,Incidunt a quibusdam deserunt.,chat,2,2024-05-21T12:47:18
TKT001882,CUST000368,complaint,Complaint Issue,Atque eum inventore perferendis accusantium repellat maxime fugiat autem laudantium odio consectetur repellat ea voluptate.,medium,closed,EMP000011,2025-07-15T03:02:45,2025-10-03T03:31:08,Hic doloremque labore.,phone,2,2025-07-15T03:02:45
TKT001883,CUST000303,request,Request Issue,Sit vel sint accusamus unde saepe ullam harum odit quod ipsam maiores facere voluptatibus expedita.,medium,in_progress,EMP000091,2025-02-13T12:13:01,,,phone,,2025-02-13T12:13:01
TKT001884,CUST000991,fraud_report,Fraud Report Issue,Perspiciatis illum sapiente quia eaque vel dicta saepe.,medium,closed,EMP000041,2026-05-18T12:09:14,2026-07-13T06:44:38,Officia provident aperiam id.,phone,4,2026-05-18T12:09:14
TKT001885,CUST000713,loan_issue,Loan Issue Issue,Ratione distinctio esse reprehenderit autem tenetur illum.,high,closed,EMP000012,2025-05-07T10:45:38,2025-08-01T12:24:27,Nihil id sint labore ipsam molestiae ipsam veritatis.,email,5,2025-05-07T10:45:38
TKT001886,CUST000931,card_issue,Card Issue Issue,Sint similique architecto nihil aliquid voluptate iure iure quisquam minima sunt aperiam blanditiis a perspiciatis.,low,resolved,EMP000053,2025-07-27T23:07:59,2026-03-14T05:09:49,Fuga ab aut itaque.,phone,3,2025-07-27T23:07:59
TKT001887,CUST000855,complaint,Complaint Issue,Architecto voluptatem a a distinctio explicabo autem autem.,low,resolved,EMP000098,2024-11-22T23:06:41,2025-01-11T20:28:40,Tempore sit harum maxime quam nam.,branch,1,2024-11-22T23:06:41
TKT001888,CUST000736,fraud_report,Fraud Report Issue,Saepe tempore quaerat incidunt vero quod minima sed pariatur soluta explicabo minus explicabo.,low,open,EMP000008,2026-07-03T20:55:08,,,email,,2026-07-03T20:55:08
TKT001889,CUST000023,account_issue,Account Issue Issue,Rerum culpa similique ipsam magni corporis aliquam rerum hic eius modi minima inventore temporibus atque aut.,medium,closed,EMP000028,2024-05-29T16:17:42,2026-05-10T23:05:13,Voluptatem voluptatum necessitatibus vero quia.,phone,4,2024-05-29T16:17:42
TKT001890,CUST000369,complaint,Complaint Issue,Asperiores explicabo molestiae id dolor dolore provident ipsa soluta dolores.,critical,closed,EMP000039,2024-12-15T09:34:08,2026-05-24T09:26:22,Quae dolor qui quod sequi.,chat,5,2024-12-15T09:34:08
TKT001891,CUST000849,card_issue,Card Issue Issue,Accusantium numquam porro cumque temporibus facilis debitis possimus ea libero necessitatibus qui nostrum impedit placeat suscipit.,high,open,EMP000099,2025-05-05T13:43:28,,,chat,,2025-05-05T13:43:28
TKT001892,CUST000425,query,Query Issue,Debitis delectus libero distinctio tempore at libero natus rem sed impedit repudiandae nisi dicta rerum doloribus.,low,in_progress,EMP000017,2025-01-03T11:30:09,,,chat,,2025-01-03T11:30:09
TKT001893,CUST000757,request,Request Issue,Accusantium at dignissimos tempora maxime impedit incidunt alias eveniet illum at minima cum commodi minus incidunt.,medium,in_progress,EMP000008,2025-01-16T22:32:06,,,chat,,2025-01-16T22:32:06
TKT001894,CUST000605,account_issue,Account Issue Issue,Maiores doloremque error magni hic corporis id nostrum inventore omnis at libero tempore amet.,low,open,EMP000013,2024-10-26T05:19:28,,,chat,,2024-10-26T05:19:28
TKT001895,CUST000255,query,Query Issue,Nobis animi laborum sunt tempore ullam laudantium recusandae architecto consequuntur quos laboriosam vero officiis doloremque dolorum.,medium,open,EMP000001,2024-02-01T00:10:54,,,chat,,2024-02-01T00:10:54
TKT001896,CUST000672,loan_issue,Loan Issue Issue,Veritatis amet non ipsa fugiat animi corporis cupiditate velit inventore sed.,low,open,EMP000001,2024-11-30T05:22:35,,,email,,2024-11-30T05:22:35
TKT001897,CUST000779,fraud_report,Fraud Report Issue,Nulla ipsum at explicabo perferendis possimus iusto deserunt quo quis totam iure.,low,closed,EMP000001,2025-09-27T13:45:54,2026-05-26T10:06:07,Autem cum error fugiat.,email,2,2025-09-27T13:45:54
TKT001898,CUST000190,card_issue,Card Issue Issue,Porro sequi architecto error ipsum ea aspernatur quidem dolorem voluptate ex animi omnis doloribus.,medium,open,EMP000019,2025-12-20T09:24:34,,,phone,,2025-12-20T09:24:34
TKT001899,CUST000190,fraud_report,Fraud Report Issue,Natus tenetur numquam nesciunt neque magni repellat nobis totam nisi a consequuntur atque ipsum.,low,open,EMP000078,2025-03-06T22:30:52,,,chat,,2025-03-06T22:30:52
TKT001900,CUST000180,complaint,Complaint Issue,Consequatur cumque ad totam quisquam consequatur tempora.,low,in_progress,EMP000060,2025-07-07T01:20:06,,,email,,2025-07-07T01:20:06
TKT001901,CUST000647,card_issue,Card Issue Issue,Animi eius necessitatibus et sed tenetur illum amet doloribus.,high,open,EMP000008,2025-11-15T22:20:36,,,chat,,2025-11-15T22:20:36
TKT001902,CUST000316,request,Request Issue,Sapiente suscipit nemo mollitia error quos temporibus placeat placeat totam labore animi maiores ipsum at.,medium,in_progress,EMP000060,2025-02-28T22:21:40,,,branch,,2025-02-28T22:21:40
TKT001903,CUST000785,fraud_report,Fraud Report Issue,Incidunt dolore ratione sunt veniam iure deleniti aliquam veritatis tempore a dolorum doloremque facere pariatur.,low,closed,EMP000011,2026-01-03T00:51:14,2026-06-27T07:32:52,Temporibus voluptatem possimus eum nihil.,chat,3,2026-01-03T00:51:14
TKT001904,CUST000019,request,Request Issue,Exercitationem voluptatibus quis illum voluptatem atque deleniti in tenetur ut tempore nemo dolore fugit excepturi in.,medium,open,EMP000006,2024-09-22T08:42:46,,,chat,,2024-09-22T08:42:46
TKT001905,CUST000414,request,Request Issue,Alias libero consectetur perspiciatis voluptatibus quos tempora minus quos.,medium,resolved,EMP000049,2024-12-02T23:19:27,2025-11-29T08:22:51,Minus necessitatibus similique delectus tempore repellat.,chat,2,2024-12-02T23:19:27
TKT001906,CUST000555,complaint,Complaint Issue,Eligendi occaecati ducimus optio suscipit dicta totam voluptatum accusantium.,medium,open,EMP000093,2026-01-16T21:55:35,,,branch,,2026-01-16T21:55:35
TKT001907,CUST000664,fraud_report,Fraud Report Issue,Minima velit incidunt quam sit porro fugiat quidem ex dolorem incidunt natus optio magnam ipsam.,high,in_progress,EMP000049,2025-04-10T02:28:48,,,email,,2025-04-10T02:28:48
TKT001908,CUST000649,complaint,Complaint Issue,Voluptas magnam libero possimus repudiandae assumenda culpa nemo nulla eos cumque voluptatibus est molestias est.,medium,closed,EMP000057,2025-12-14T19:20:10,2026-05-13T10:54:52,Laboriosam ipsam ullam ut.,email,5,2025-12-14T19:20:10
TKT001909,CUST000678,query,Query Issue,Maiores magni reiciendis assumenda rem incidunt corporis nostrum necessitatibus deleniti facere.,low,closed,EMP000036,2026-06-11T22:09:09,2026-06-22T07:52:45,Non id qui repellendus dolor.,chat,2,2026-06-11T22:09:09
TKT001910,CUST000610,account_issue,Account Issue Issue,Earum similique at repudiandae perferendis similique at ex pariatur eum autem omnis doloremque.,medium,in_progress,EMP000060,2024-08-28T07:34:01,,,branch,,2024-08-28T07:34:01
TKT001911,CUST000205,query,Query Issue,Magni sed delectus laborum eum modi necessitatibus assumenda tempora atque ex delectus ea nesciunt.,low,closed,EMP000063,2025-08-05T16:58:16,2026-03-26T09:23:34,Atque soluta distinctio illo at dolores exercitationem qui.,branch,4,2025-08-05T16:58:16
TKT001912,CUST000599,account_issue,Account Issue Issue,Laudantium recusandae eius cum minus unde facilis natus sequi laudantium.,medium,resolved,EMP000059,2026-01-02T06:00:37,2026-02-19T22:43:37,Rem eos nostrum explicabo recusandae aliquam.,email,1,2026-01-02T06:00:37
TKT001913,CUST000760,account_issue,Account Issue Issue,Quibusdam aliquam incidunt voluptatibus ducimus maxime praesentium explicabo molestias sapiente reprehenderit neque aperiam iusto blanditiis.,medium,resolved,EMP000003,2025-01-04T01:58:20,2026-04-09T06:04:14,Recusandae repudiandae delectus impedit enim reiciendis quam ipsa.,phone,4,2025-01-04T01:58:20
TKT001914,CUST000567,card_issue,Card Issue Issue,Quibusdam doloribus doloribus voluptatem repudiandae necessitatibus porro deleniti commodi nostrum.,low,closed,EMP000051,2024-08-30T22:21:23,2025-11-10T11:02:21,Impedit sed minima facilis magni.,email,2,2024-08-30T22:21:23
TKT001915,CUST000482,loan_issue,Loan Issue Issue,Quasi dolorum magni cumque officia quaerat dolore aspernatur necessitatibus nisi suscipit similique optio.,medium,resolved,EMP000085,2025-02-15T02:03:19,2025-05-27T05:57:12,Accusantium a aspernatur illum nemo quas.,branch,5,2025-02-15T02:03:19
TKT001916,CUST000504,request,Request Issue,Occaecati enim unde quibusdam rem nemo recusandae.,medium,in_progress,EMP000001,2024-07-03T08:42:44,,,branch,,2024-07-03T08:42:44
TKT001917,CUST000403,complaint,Complaint Issue,Deleniti voluptate architecto in non eveniet maxime quis rem blanditiis.,medium,closed,EMP000004,2026-01-24T04:43:50,2026-03-25T22:23:33,Ratione labore molestiae aliquam deleniti totam nulla.,email,4,2026-01-24T04:43:50
TKT001918,CUST000220,request,Request Issue,Quaerat labore occaecati earum tempora tenetur ipsam ex maxime maiores voluptatibus quam repudiandae officiis distinctio.,low,closed,EMP000049,2025-03-28T17:52:22,2025-06-21T00:14:57,Provident praesentium ipsa saepe quia.,email,2,2025-03-28T17:52:22
TKT001919,CUST000658,card_issue,Card Issue Issue,Maxime impedit assumenda est aut ut quo ex facere beatae sint quia quo aliquam velit.,critical,resolved,EMP000096,2024-06-01T10:16:07,2025-07-29T20:29:26,Ipsum aut necessitatibus corrupti quisquam dolor voluptatum.,phone,4,2024-06-01T10:16:07
TKT001920,CUST000445,request,Request Issue,Atque ullam doloribus eligendi nesciunt facilis exercitationem voluptates officia suscipit.,high,resolved,EMP000096,2024-07-31T00:06:52,2025-10-11T11:53:40,Officia ut laboriosam aliquid esse enim eligendi.,branch,3,2024-07-31T00:06:52
TKT001921,CUST000581,account_issue,Account Issue Issue,Adipisci animi similique cum laudantium eius quos officiis alias.,medium,open,EMP000036,2025-05-22T05:54:55,,,chat,,2025-05-22T05:54:55
TKT001922,CUST000462,loan_issue,Loan Issue Issue,Quasi temporibus commodi ipsam illo beatae eos magni nobis iusto fuga porro ipsam sequi.,high,open,EMP000001,2026-04-09T23:16:22,,,email,,2026-04-09T23:16:22
TKT001923,CUST000268,request,Request Issue,Doloribus asperiores quos distinctio aperiam facere ex asperiores.,medium,resolved,EMP000079,2025-12-22T08:50:33,2026-02-21T07:20:29,Expedita officiis corrupti corporis modi.,email,1,2025-12-22T08:50:33
TKT001924,CUST000151,account_issue,Account Issue Issue,Molestias accusantium tempora optio nulla cum repudiandae nesciunt id et vitae odit aspernatur quo quia.,medium,closed,EMP000033,2024-11-21T16:47:38,2025-07-25T21:57:26,Temporibus commodi consequuntur doloribus quis eius.,chat,4,2024-11-21T16:47:38
TKT001925,CUST000805,request,Request Issue,Tempora eligendi nam non minima enim numquam cum.,high,closed,EMP000038,2024-01-26T21:31:37,2024-09-19T10:24:55,Similique repellendus asperiores expedita necessitatibus vel.,chat,2,2024-01-26T21:31:37
TKT001926,CUST000776,card_issue,Card Issue Issue,Placeat unde amet inventore temporibus possimus consectetur perspiciatis.,medium,resolved,EMP000085,2024-08-17T21:23:13,2026-06-24T04:15:44,Ea alias quos explicabo cumque expedita.,branch,2,2024-08-17T21:23:13
TKT001927,CUST000292,fraud_report,Fraud Report Issue,Omnis illo repellendus voluptate cupiditate error provident ab doloremque rem laborum labore modi velit.,high,resolved,EMP000064,2024-05-13T22:20:00,2024-07-28T22:59:41,Nam quae placeat eaque.,chat,1,2024-05-13T22:20:00
TKT001928,CUST000292,fraud_report,Fraud Report Issue,Doloremque iusto vero reprehenderit commodi blanditiis magnam quis placeat quo alias occaecati totam assumenda.,medium,open,EMP000012,2024-12-26T00:13:26,,,email,,2024-12-26T00:13:26
TKT001929,CUST000625,request,Request Issue,Impedit quod qui beatae laboriosam at error rem sed quas explicabo.,low,closed,EMP000021,2026-02-16T07:37:35,2026-02-18T20:56:37,Itaque officia vel asperiores ipsam perspiciatis.,email,5,2026-02-16T07:37:35
TKT001930,CUST000450,fraud_report,Fraud Report Issue,Quaerat eius ut voluptatem adipisci numquam aliquam culpa delectus eos facilis in voluptatibus veritatis nihil.,low,in_progress,EMP000045,2024-12-01T00:55:32,,,chat,,2024-12-01T00:55:32
TKT001931,CUST000683,account_issue,Account Issue Issue,Sint cupiditate velit doloribus cum cupiditate esse laudantium eveniet odio quaerat ipsam.,medium,in_progress,EMP000059,2025-10-27T17:29:33,,,branch,,2025-10-27T17:29:33
TKT001932,CUST000212,loan_issue,Loan Issue Issue,Nostrum atque repellat reiciendis totam consequuntur consequatur provident culpa nostrum.,critical,resolved,EMP000086,2025-04-05T04:59:26,2026-05-17T09:33:52,Modi minima ipsum soluta laudantium non.,chat,3,2025-04-05T04:59:26
TKT001933,CUST000177,complaint,Complaint Issue,Nostrum cumque quae est repellat deserunt voluptatum ipsam iusto laborum corrupti facere blanditiis.,medium,resolved,EMP000049,2025-10-23T07:36:32,2026-03-15T22:42:21,Eum vitae non commodi rerum similique dolore.,chat,2,2025-10-23T07:36:32
TKT001934,CUST000042,loan_issue,Loan Issue Issue,Asperiores fugit dolore unde beatae quisquam earum expedita sunt earum adipisci unde alias temporibus enim.,high,in_progress,EMP000010,2025-11-15T05:05:34,,,phone,,2025-11-15T05:05:34
TKT001935,CUST000118,loan_issue,Loan Issue Issue,Doloribus consectetur eum fuga atque magni aspernatur id ab blanditiis quaerat quia eum.,low,closed,EMP000024,2024-12-05T04:18:07,2025-09-29T02:20:46,Id explicabo tenetur aliquam tempora dolorum explicabo.,email,2,2024-12-05T04:18:07
TKT001936,CUST000906,request,Request Issue,A eius dolore quo distinctio alias deserunt.,high,open,EMP000009,2025-02-02T09:19:54,,,chat,,2025-02-02T09:19:54
TKT001937,CUST000637,query,Query Issue,Quis quo debitis laudantium non maxime ipsum quidem quidem vero nemo libero.,medium,resolved,EMP000037,2025-08-30T18:12:51,2026-03-02T12:56:17,Sed beatae nulla repudiandae commodi vel.,email,2,2025-08-30T18:12:51
TKT001938,CUST000976,request,Request Issue,Excepturi harum sed labore ad et amet sed qui consequatur deleniti.,medium,in_progress,EMP000076,2026-05-27T12:18:57,,,chat,,2026-05-27T12:18:57
TKT001939,CUST000683,account_issue,Account Issue Issue,Atque veritatis voluptas sed nostrum neque hic commodi.,high,open,EMP000002,2024-10-22T03:09:03,,,branch,,2024-10-22T03:09:03
TKT001940,CUST000007,query,Query Issue,Quas quae recusandae odit placeat accusamus eligendi inventore error repellat dolore consequuntur saepe suscipit accusamus.,high,in_progress,EMP000058,2026-04-02T15:05:29,,,chat,,2026-04-02T15:05:29
TKT001941,CUST000024,query,Query Issue,Numquam totam expedita facere natus nihil quae.,low,in_progress,EMP000078,2025-02-26T04:54:58,,,phone,,2025-02-26T04:54:58
TKT001942,CUST000717,card_issue,Card Issue Issue,Ex aliquid voluptatum repellat a inventore quibusdam itaque dolor delectus dignissimos sunt dignissimos nostrum voluptates ab.,medium,resolved,EMP000098,2025-01-18T16:48:47,2025-07-05T17:52:28,Expedita earum eaque vitae iste excepturi harum.,chat,3,2025-01-18T16:48:47
TKT001943,CUST000061,fraud_report,Fraud Report Issue,Fugit alias deleniti quidem omnis quos occaecati illum voluptas.,critical,open,EMP000015,2024-05-08T06:45:39,,,chat,,2024-05-08T06:45:39
TKT001944,CUST000070,fraud_report,Fraud Report Issue,Nemo quaerat ipsa occaecati corrupti quisquam odio fugit exercitationem.,medium,resolved,EMP000090,2025-08-18T04:37:50,2025-11-26T06:01:00,Quaerat eius voluptas sed alias magnam animi.,branch,1,2025-08-18T04:37:50
TKT001945,CUST000142,account_issue,Account Issue Issue,Voluptatum repudiandae in facilis blanditiis repudiandae in provident itaque amet dolore error exercitationem voluptatem.,low,open,EMP000051,2024-10-05T19:35:49,,,phone,,2024-10-05T19:35:49
TKT001946,CUST000443,loan_issue,Loan Issue Issue,At molestiae et porro accusantium neque ut quaerat esse eum.,medium,resolved,EMP000058,2024-03-04T16:25:40,2025-07-08T23:53:59,Nulla voluptas veritatis repellendus.,branch,4,2024-03-04T16:25:40
TKT001947,CUST000259,account_issue,Account Issue Issue,Accusantium eveniet voluptatibus voluptatibus quis illum temporibus ab illum facere id minus.,medium,resolved,EMP000021,2026-04-19T13:07:31,2026-06-24T05:38:40,Voluptates accusamus saepe reiciendis dolorem officia.,phone,2,2026-04-19T13:07:31
TKT001948,CUST000747,complaint,Complaint Issue,Magnam quae nihil nesciunt libero consequuntur cumque ab non facilis laboriosam porro eaque ab eius.,medium,resolved,EMP000029,2025-03-20T19:55:45,2026-03-23T07:21:27,Magnam sed accusamus eveniet.,email,1,2025-03-20T19:55:45
TKT001949,CUST000399,fraud_report,Fraud Report Issue,Tenetur numquam iure sint dolorum recusandae ducimus animi cupiditate.,low,open,EMP000023,2025-12-23T17:37:27,,,phone,,2025-12-23T17:37:27
TKT001950,CUST000042,account_issue,Account Issue Issue,Exercitationem in iure facere dignissimos soluta neque vitae animi ratione.,high,closed,EMP000055,2025-06-04T19:52:40,2025-09-04T21:37:21,Non ab sapiente sit a sit.,phone,1,2025-06-04T19:52:40
TKT001951,CUST000047,query,Query Issue,Aliquid eveniet voluptatum reiciendis illo autem nam debitis suscipit commodi.,high,in_progress,EMP000068,2024-12-20T10:57:49,,,email,,2024-12-20T10:57:49
TKT001952,CUST000701,complaint,Complaint Issue,Molestias eos expedita laudantium nisi ullam distinctio blanditiis officia impedit autem quasi aliquam nisi adipisci.,critical,in_progress,EMP000054,2026-02-03T21:25:16,,,phone,,2026-02-03T21:25:16
TKT001953,CUST000270,request,Request Issue,Quam unde minima eveniet laborum quisquam nemo nemo incidunt odio eum hic quibusdam.,low,in_progress,EMP000044,2026-03-15T03:51:24,,,email,,2026-03-15T03:51:24
TKT001954,CUST000399,request,Request Issue,Illo sunt quo repudiandae recusandae minima facilis explicabo recusandae.,medium,resolved,EMP000093,2025-03-25T06:52:33,2026-01-23T14:07:30,Saepe velit iure eligendi ducimus cumque neque.,branch,3,2025-03-25T06:52:33
TKT001955,CUST000648,account_issue,Account Issue Issue,Laboriosam distinctio modi a ipsa repudiandae maiores tenetur nulla temporibus quasi occaecati suscipit.,low,resolved,EMP000032,2025-03-02T06:41:12,2025-03-20T00:14:00,Deleniti corporis ad veritatis vitae.,chat,2,2025-03-02T06:41:12
TKT001956,CUST000007,query,Query Issue,Voluptas recusandae porro ad atque eum dignissimos ratione neque similique amet nisi ullam.,low,in_progress,EMP000055,2024-07-06T18:56:59,,,phone,,2024-07-06T18:56:59
TKT001957,CUST000384,query,Query Issue,Veritatis eum quibusdam iste tempora consequatur non voluptatum perspiciatis fugit rerum.,low,resolved,EMP000055,2024-03-20T20:26:01,2026-06-09T09:24:00,Odio dignissimos quae laboriosam repudiandae.,branch,5,2024-03-20T20:26:01
TKT001958,CUST000257,request,Request Issue,Quisquam nobis debitis laudantium in dolorem sapiente accusamus.,medium,resolved,EMP000006,2025-04-10T11:57:04,2025-05-06T16:20:19,Deleniti vero assumenda eos perspiciatis saepe quo.,chat,3,2025-04-10T11:57:04
TKT001959,CUST000138,card_issue,Card Issue Issue,Nulla alias dolore necessitatibus debitis suscipit nisi repellendus nisi cum quis placeat accusamus nam.,medium,open,EMP000040,2025-12-26T22:42:00,,,phone,,2025-12-26T22:42:00
TKT001960,CUST000728,fraud_report,Fraud Report Issue,Aliquam provident tempora praesentium consequuntur quo itaque dolorum reiciendis quae dolorem enim hic provident mollitia incidunt.,medium,resolved,EMP000084,2024-07-22T15:18:22,2025-05-27T01:38:14,Aperiam cumque aperiam earum in.,email,2,2024-07-22T15:18:22
TKT001961,CUST000436,complaint,Complaint Issue,Cum voluptates odio placeat minus iusto repellat sed.,medium,open,EMP000039,2026-02-06T19:21:49,,,phone,,2026-02-06T19:21:49
TKT001962,CUST000795,query,Query Issue,Eum itaque doloremque nostrum a iste molestias quisquam eligendi aspernatur aut blanditiis dolores in.,medium,open,EMP000044,2024-01-11T12:18:11,,,chat,,2024-01-11T12:18:11
TKT001963,CUST000837,request,Request Issue,Voluptatibus consequuntur modi nostrum eius mollitia ea iure consequatur vitae quos rerum.,medium,in_progress,EMP000013,2026-05-27T22:38:06,,,chat,,2026-05-27T22:38:06
TKT001964,CUST000477,fraud_report,Fraud Report Issue,Perferendis nobis nulla eum dolor adipisci veritatis id maiores cumque consequatur omnis.,medium,resolved,EMP000011,2025-08-19T22:18:04,2025-10-31T03:24:20,Autem dolor dolore.,email,5,2025-08-19T22:18:04
TKT001965,CUST000285,card_issue,Card Issue Issue,Sapiente quisquam quasi soluta ut fugit rerum doloribus iste ad iure quisquam.,high,closed,EMP000059,2025-06-19T15:26:40,2025-11-30T13:47:06,Impedit accusamus consectetur inventore officiis earum laboriosam.,chat,3,2025-06-19T15:26:40
TKT001966,CUST000487,complaint,Complaint Issue,Praesentium placeat fuga architecto numquam eum sint magnam rem similique asperiores mollitia.,low,resolved,EMP000094,2026-02-08T16:22:45,2026-03-07T04:00:12,Esse dolores et vero.,phone,5,2026-02-08T16:22:45
TKT001967,CUST000506,complaint,Complaint Issue,Aperiam adipisci voluptatum consequatur facilis magnam expedita alias.,high,resolved,EMP000037,2024-05-31T18:19:03,2025-07-12T02:40:23,Tenetur neque quas quam fugit commodi.,chat,3,2024-05-31T18:19:03
TKT001968,CUST000432,card_issue,Card Issue Issue,Aliquid quisquam nihil ex repudiandae aut blanditiis vitae officiis blanditiis totam ex dolorum consectetur dignissimos.,low,in_progress,EMP000077,2026-03-02T00:22:36,,,branch,,2026-03-02T00:22:36
TKT001969,CUST000184,fraud_report,Fraud Report Issue,Accusamus ea veritatis ipsum molestiae fuga fugit officia quasi vero odit ipsam mollitia excepturi.,high,open,EMP000077,2025-04-21T09:59:36,,,branch,,2025-04-21T09:59:36
TKT001970,CUST000009,request,Request Issue,Animi beatae culpa veritatis recusandae at est vitae ea repudiandae assumenda.,medium,open,EMP000034,2024-01-23T04:59:39,,,branch,,2024-01-23T04:59:39
TKT001971,CUST000463,request,Request Issue,Atque perferendis laudantium nam debitis cupiditate voluptate perspiciatis optio illum quod accusantium iusto reprehenderit.,medium,in_progress,EMP000031,2025-03-18T16:13:12,,,email,,2025-03-18T16:13:12
TKT001972,CUST000331,loan_issue,Loan Issue Issue,Nobis nihil sed dolorem vero eius tenetur fugit cumque.,critical,in_progress,EMP000071,2024-09-22T05:57:46,,,chat,,2024-09-22T05:57:46
TKT001973,CUST000336,query,Query Issue,Molestiae atque aliquid harum repellendus nesciunt reprehenderit iste repellat unde accusantium cum molestiae quidem reiciendis voluptas.,high,in_progress,EMP000042,2025-04-20T03:25:11,,,email,,2025-04-20T03:25:11
TKT001974,CUST000393,card_issue,Card Issue Issue,Itaque cum nemo veniam eum maxime praesentium voluptas in nemo molestiae non reprehenderit distinctio.,medium,closed,EMP000073,2024-05-08T09:40:08,2025-06-09T17:28:08,Quos quisquam reiciendis nostrum.,chat,1,2024-05-08T09:40:08
TKT001975,CUST000333,account_issue,Account Issue Issue,Eum molestiae mollitia necessitatibus deleniti tempora est temporibus praesentium nam.,high,resolved,EMP000024,2026-07-24T18:17:21,2026-08-11T03:27:08,Necessitatibus libero doloribus vitae.,phone,3,2026-07-24T18:17:21
TKT001976,CUST000179,request,Request Issue,At autem autem qui iure illum reiciendis quam molestiae nulla dolor animi voluptatem dolor magnam.,medium,in_progress,EMP000045,2025-03-23T11:12:15,,,email,,2025-03-23T11:12:15
TKT001977,CUST000113,loan_issue,Loan Issue Issue,Consectetur hic consequatur ducimus modi quasi rerum dolorem excepturi suscipit.,medium,open,EMP000076,2024-04-15T22:39:57,,,phone,,2024-04-15T22:39:57
TKT001978,CUST000673,loan_issue,Loan Issue Issue,Excepturi porro deleniti quisquam tenetur accusantium consequatur eos nihil ipsum sapiente libero modi consequuntur.,critical,in_progress,EMP000043,2024-02-05T11:46:32,,,branch,,2024-02-05T11:46:32
TKT001979,CUST000308,query,Query Issue,Facere eligendi temporibus quos voluptas assumenda praesentium sapiente impedit minus soluta molestiae mollitia beatae laudantium aliquid.,medium,open,EMP000076,2024-05-14T12:19:07,,,branch,,2024-05-14T12:19:07
TKT001980,CUST000264,request,Request Issue,Enim accusantium animi earum inventore sapiente nostrum saepe et possimus enim.,high,closed,EMP000002,2026-01-27T06:28:36,2026-06-17T17:47:21,Non molestiae sed asperiores distinctio natus rem.,branch,4,2026-01-27T06:28:36
TKT001981,CUST000297,loan_issue,Loan Issue Issue,Aliquam fugit accusantium et explicabo ducimus magni.,low,resolved,EMP000076,2024-07-06T20:26:06,2025-02-08T03:03:02,Non quisquam dolorem nulla.,branch,5,2024-07-06T20:26:06
TKT001982,CUST000817,loan_issue,Loan Issue Issue,Facilis id esse aspernatur dolorem eos exercitationem laudantium in ex.,critical,resolved,EMP000021,2026-06-25T21:56:33,2026-08-25T07:05:58,Exercitationem numquam libero accusantium ipsam.,email,5,2026-06-25T21:56:33
TKT001983,CUST000906,loan_issue,Loan Issue Issue,Ratione est nostrum distinctio labore aliquam deleniti autem provident cumque adipisci ipsum.,high,closed,EMP000077,2025-05-16T16:25:12,2026-06-10T22:33:29,Dolorum enim nulla delectus.,phone,3,2025-05-16T16:25:12
TKT001984,CUST000893,query,Query Issue,Hic corporis ducimus repellendus repellat architecto commodi.,high,open,EMP000100,2026-03-13T13:36:10,,,phone,,2026-03-13T13:36:10
TKT001985,CUST000681,fraud_report,Fraud Report Issue,Sapiente facilis quas officiis tempora voluptatem debitis minima vero similique facilis labore.,medium,in_progress,EMP000020,2026-04-03T10:51:08,,,chat,,2026-04-03T10:51:08
TKT001986,CUST000427,fraud_report,Fraud Report Issue,Labore vel dolore harum architecto cumque libero cum.,high,closed,EMP000038,2025-08-06T22:41:08,2025-10-24T08:35:37,A fugit delectus quibusdam.,phone,2,2025-08-06T22:41:08
TKT001987,CUST000412,loan_issue,Loan Issue Issue,Aliquam quis unde enim ipsam enim repudiandae sequi placeat eaque debitis.,low,resolved,EMP000097,2024-10-31T06:06:13,2025-01-23T03:12:19,Asperiores corrupti quo quaerat possimus veritatis.,branch,2,2024-10-31T06:06:13
TKT001988,CUST000139,query,Query Issue,Itaque architecto sed omnis quo debitis quo recusandae doloribus at animi blanditiis libero dolorum animi molestias.,medium,closed,EMP000050,2024-09-01T15:08:39,2024-09-15T13:42:05,Aliquam suscipit soluta quisquam neque voluptatibus.,phone,5,2024-09-01T15:08:39
TKT001989,CUST000632,loan_issue,Loan Issue Issue,Minima quis quo reiciendis illum vel maiores temporibus laudantium repellat culpa et odit.,low,in_progress,EMP000010,2025-06-26T21:09:59,,,email,,2025-06-26T21:09:59
TKT001990,CUST000361,fraud_report,Fraud Report Issue,Vel nulla soluta in neque laborum inventore.,low,resolved,EMP000008,2026-07-22T03:23:10,2026-08-04T02:10:52,Magnam excepturi necessitatibus delectus iusto beatae.,email,2,2026-07-22T03:23:10
TKT001991,CUST000340,query,Query Issue,Blanditiis explicabo facilis cumque modi veritatis sed veniam.,medium,in_progress,EMP000025,2024-11-11T21:33:35,,,phone,,2024-11-11T21:33:35
TKT001992,CUST000608,card_issue,Card Issue Issue,Esse et omnis tempora vero optio impedit.,high,open,EMP000009,2025-03-10T18:19:24,,,branch,,2025-03-10T18:19:24
TKT001993,CUST000528,fraud_report,Fraud Report Issue,Nulla minus eligendi incidunt doloribus cumque fuga sed.,high,in_progress,EMP000041,2025-07-04T09:21:43,,,branch,,2025-07-04T09:21:43
TKT001994,CUST000175,fraud_report,Fraud Report Issue,Eaque modi reiciendis debitis necessitatibus hic odio sed unde.,low,open,EMP000044,2025-06-22T09:26:37,,,phone,,2025-06-22T09:26:37
TKT001995,CUST000528,request,Request Issue,Illum eius saepe ratione praesentium eaque ducimus omnis deleniti et esse temporibus error.,medium,closed,EMP000042,2026-02-20T00:57:55,2026-03-22T18:18:48,Exercitationem distinctio cupiditate voluptate.,email,1,2026-02-20T00:57:55
TKT001996,CUST000641,query,Query Issue,Ipsam possimus consectetur necessitatibus architecto libero sint.,high,in_progress,EMP000005,2024-06-04T18:54:11,,,phone,,2024-06-04T18:54:11
TKT001997,CUST000841,card_issue,Card Issue Issue,Quod et modi architecto facere ut ut omnis voluptatem reprehenderit quam labore quas amet.,medium,resolved,EMP000015,2024-10-11T20:01:51,2025-01-21T21:15:15,Delectus nisi animi placeat modi.,chat,3,2024-10-11T20:01:51
TKT001998,CUST000083,request,Request Issue,Consequuntur sed eligendi aspernatur pariatur inventore fugiat eum quos voluptatibus reiciendis pariatur.,high,in_progress,EMP000077,2026-03-12T07:46:45,,,phone,,2026-03-12T07:46:45
TKT001999,CUST000040,request,Request Issue,Tenetur quae itaque possimus dolor sit repudiandae accusantium veniam in commodi.,medium,resolved,EMP000006,2024-12-06T12:38:48,2026-05-03T20:49:09,Quia modi deleniti doloribus magnam ullam.,email,5,2024-12-06T12:38:48
TKT002000,CUST000997,loan_issue,Loan Issue Issue,Exercitationem ab dolorem mollitia porro aspernatur minima error.,low,in_progress,EMP000078,2024-12-18T14:52:16,,,email,,2024-12-18T14:52:16
